source_center,destination_center,volume,unique_trips,median_delay_ratio,breach_rate,median_actual_minutes,median_osrm_minutes,median_distance_km,excess_minutes,median_dwell_proxy,path_cost,breached_legs,breached_trips,sla_breach_contribution_pct,is_chronic_delay,source_name,destination_name,corridor,corridor_score
IND000000ACB,IND562132AAA,66,66,1.658670520231214,1.0,2861.5,1731.5,2278.8662,76332.0,193.0,0.12309149097933272,66,66,2.9120524453274856,True,Gurgaon_Bilaspur_HB (Haryana),Bangalore_Nelmngla_H (Karnataka),IND000000ACB → IND562132AAA,0.834632333399774
IND000000ACB,IND712311AAA,48,48,1.8436002130303568,1.0,2059.0,1106.5,1557.78415,49856.0,226.5,0.14433756729740646,48,48,1.9019976774386513,True,Gurgaon_Bilaspur_HB (Haryana),Kolkata_Dankuni_HB (West Bengal),IND000000ACB → IND712311AAA,0.6096943980170391
IND562132AAA,IND000000ACB,44,44,1.5691081905863369,1.0,2786.0,1793.0,2318.90485,44531.0,311.5,0.15075567228888181,44,44,1.6988498590745464,True,Bangalore_Nelmngla_H (Karnataka),Gurgaon_Bilaspur_HB (Haryana),IND562132AAA → IND000000ACB,0.5518560409446917
IND000000ACB,IND501359AAE,29,29,1.7863599013968776,1.0,2229.0,1258.0,1691.1569,29767.0,247.0,0.18569533817705186,29,29,1.135605842111608,True,Gurgaon_Bilaspur_HB (Haryana),Hyderabad_Shamshbd_H (Telangana),IND000000ACB → IND501359AAE,0.4242329736489621
IND000000ACB,IND421302AAG,33,33,1.7536496350364963,1.0,1858.0,1059.0,1393.77,27724.0,256.0,0.17407765595569785,33,33,1.0576657495448725,True,Gurgaon_Bilaspur_HB (Haryana),Bhiwandi_Mankoli_HB (Maharashtra),IND000000ACB → IND421302AAG,0.4122385784487306
IND781018AAB,IND110037AAM,17,17,2.0,1.0,3347.0,1684.0,2313.7947,28774.0,169.0,0.24253562503633297,17,17,1.09772306584202,True,Guwahati_Hub (Assam),Delhi_Airport_H (Delhi),IND781018AAB → IND110037AAM,0.408715359581646
IND562132AAA,IND560300AAA,151,151,1.7142857142857142,0.9271523178807947,83.0,51.0,42.6567,5551.0,83.0,0.08137884587711594,140,140,0.2117696788242529,True,Bangalore_Nelmngla_H (Karnataka),Bengaluru_KGAirprt_HB (Karnataka),IND562132AAA → IND560300AAA,0.38647146105772834
IND000000ACB,IND160002AAC,58,58,2.1404506650784194,1.0,467.5,218.5,293.31785,17797.0,354.5,0.13130643285972254,58,58,0.678952436324127,True,Gurgaon_Bilaspur_HB (Haryana),Chandigarh_Mehmdpur_H (Punjab),IND000000ACB → IND160002AAC,0.3825469402210361
IND411033AAA,IND421302AAG,107,107,1.7241379310344827,1.0,201.0,116.0,133.5104,11063.0,98.0,0.09667364890456635,107,107,0.42205151447175465,True,Pune_Tathawde_H (Maharashtra),Bhiwandi_Mankoli_HB (Maharashtra),IND411033AAA → IND421302AAG,0.37879828165377816
IND421302AAG,IND000000ACB,26,26,1.829527100215266,1.0,1935.5,1042.0,1413.37685,23713.0,220.0,0.19611613513818404,26,26,0.9046468012897694,True,Bhiwandi_Mankoli_HB (Maharashtra),Gurgaon_Bilaspur_HB (Haryana),IND421302AAG → IND000000ACB,0.3743207058459396
IND160002AAC,IND000000ACB,66,66,1.9289927574105876,1.0,421.0,218.0,293.52405,15266.0,236.5,0.12309149097933272,66,66,0.5823952291354793,True,Chandigarh_Mehmdpur_H (Punjab),Gurgaon_Bilaspur_HB (Haryana),IND160002AAC → IND000000ACB,0.36511582775131957
IND400072AAD,IND421302AAG,99,99,2.608695652173913,1.0,54.0,21.0,26.2466,5601.0,120.0,0.10050378152592121,99,99,0.21367717007649803,True,Mumbai_Chndivli_PC (Maharashtra),Bhiwandi_Mankoli_HB (Maharashtra),IND400072AAD → IND421302AAG,0.35951285314739273
IND421302AAG,IND400072AAB,105,105,2.5789473684210527,1.0,54.0,21.0,27.3465,4103.0,101.0,0.09759000729485333,105,105,0.1565287321592343,True,Bhiwandi_Mankoli_HB (Maharashtra),Mumbai Hub (Maharashtra),IND421302AAG → IND400072AAB,0.3545839467345486
IND560099AAB,IND560300AAA,121,121,1.7222222222222223,0.8842975206611571,110.0,64.0,61.269000000000005,6235.0,62.0,0.09090909090909091,107,107,0.23786415915496611,True,Bengaluru_Bomsndra_HB (Karnataka),Bengaluru_KGAirprt_HB (Karnataka),IND560099AAB → IND560300AAA,0.34787037623603045
IND562132AAA,IND560099AAB,127,127,1.5357142857142858,0.8976377952755905,85.0,54.0,52.2289,4711.0,170.0,0.08873565094161139,114,114,0.17972382578653492,True,Bangalore_Nelmngla_H (Karnataka),Bengaluru_Bomsndra_HB (Karnataka),IND562132AAA → IND560099AAB,0.3379899334767708
IND847226AAA,IND842001AAA,21,21,9.195121951219512,1.0,754.0,82.0,118.7312,13906.0,35.0,0.2182178902359924,21,21,0.530511467074412,True,Jaynagar_Wardno6_D (Bihar),Muzaffrpur_Bbganj_I (Bihar),IND847226AAA → IND842001AAA,0.3359733794476759
IND421302AAG,IND110037AAM,19,19,1.90633608815427,1.0,2098.0,1114.0,1474.1167,19128.0,168.0,0.22941573387056174,19,19,0.7297298534588921,True,Bhiwandi_Mankoli_HB (Maharashtra),Delhi_Airport_H (Delhi),IND421302AAG → IND110037AAM,0.3319271006989954
IND421302AAG,IND562132AAA,30,30,1.734394736842105,1.0,1321.0,760.5,981.8785499999999,17451.0,245.5,0.18257418583505536,30,30,0.6657525968585908,True,Bhiwandi_Mankoli_HB (Maharashtra),Bangalore_Nelmngla_H (Karnataka),IND421302AAG → IND562132AAA,0.3267417390971792
IND421302AAG,IND401104AAA,78,78,2.755928853754941,1.0,63.5,25.0,28.986250000000002,4266.0,93.5,0.11322770341445956,78,78,0.1627471536415534,True,Bhiwandi_Mankoli_HB (Maharashtra),Mumbai_MiraRd_IP (Maharashtra),IND421302AAG → IND401104AAA,0.32673085289078607
IND212402AAA,IND211002AAB,13,13,10.0,1.0,1049.0,38.0,51.792500000000004,13154.0,77.0,0.2773500981126146,13,13,0.5018227986406454,True,Phulpur_Shekhpur_D (Uttar Pradesh),Allahabad_Central_H_1 (Uttar Pradesh),IND212402AAA → IND211002AAB,0.31939569250117905
IND400072AAB,IND421302AAG,63,63,3.0869565217391304,1.0,66.0,22.0,28.077399999999997,4365.0,108.0,0.1259881576697424,63,63,0.1665239863209987,True,Mumbai Hub (Maharashtra),Bhiwandi_Mankoli_HB (Maharashtra),IND400072AAB → IND421302AAG,0.31697730964733006
IND000000ACB,IND600056AAB,14,14,1.665252355830126,1.0,2995.5,1761.5,2348.629,18925.0,250.5,0.2672612419124244,14,14,0.7219854389747768,True,Gurgaon_Bilaspur_HB (Haryana),MAA_Poonamallee_HB (Tamil Nadu),IND000000ACB → IND600056AAB,0.31431238680499984
IND400072AAB,IND401104AAA,72,72,3.033333333333333,1.0,48.0,16.0,20.7678,2474.0,43.5,0.11785113019775793,72,72,0.0943826671610884,True,Mumbai Hub (Maharashtra),Mumbai_MiraRd_IP (Maharashtra),IND400072AAB → IND401104AAA,0.3141132945553634
IND421302AAG,IND411033AAA,72,72,1.8616427432216907,1.0,211.0,114.0,131.65305,7873.0,140.0,0.11785113019775793,72,72,0.30035357257851614,True,Bhiwandi_Mankoli_HB (Maharashtra),Pune_Tathawde_H (Maharashtra),IND421302AAG → IND411033AAA,0.31239117959749685
IND425405AAA,IND424006AAA,14,14,10.0,1.0,1035.0,48.0,64.5275,12008.0,14.5,0.2672612419124244,14,14,0.4581030991391874,True,Shirpur_KrantiNgr_D (Maharashtra),Dhule_MIDCAvdn_I (Maharashtra),IND425405AAA → IND424006AAA,0.31172100822721793
IND562132AAA,IND751002AAB,15,15,2.0009225092250924,1.0,2169.0,1099.0,1528.4059,16751.0,380.0,0.2581988897471611,15,15,0.6390477193271592,True,Bangalore_Nelmngla_H (Karnataka),Bhubaneshwar_Hub (Orissa),IND562132AAA → IND751002AAB,0.31157889902727154
IND416606AAA,IND416510AAA,10,10,10.0,1.0,1207.0,44.0,47.8016,12326.0,89.0,0.31622776601683794,10,10,0.4702347435034663,True,Malvan_BllvMarg_D (Maharashtra),Sawantwadi_LaxmiNgr_D (Maharashtra),IND416606AAA → IND416510AAA,0.30888728187391923
IND751002AAB,IND562132AAA,13,13,2.0964066608238388,1.0,2396.0,1138.0,1573.2754,16219.0,58.0,0.2773500981126146,13,13,0.6187520124032712,True,Bhubaneshwar_Hub (Orissa),Bangalore_Nelmngla_H (Karnataka),IND751002AAB → IND562132AAA,0.3084346264992383
IND110037AAM,IND421302AAG,18,18,1.7824311318868111,1.0,1985.5,1104.0,1454.74775,16770.0,321.5,0.23570226039551587,18,18,0.6397725660030124,True,Delhi_Airport_H (Delhi),Bhiwandi_Mankoli_HB (Maharashtra),IND110037AAM → IND421302AAG,0.30725228801048865
IND176310AAA,IND145001AAA,13,13,6.2298850574712645,1.0,1065.0,171.0,124.2268,11476.0,30.0,0.2773500981126146,13,13,0.43780739221529935,True,Chamba_Bangotu_D (Himachal Pradesh),Pathankot_DC (Punjab),IND176310AAA → IND145001AAA,0.30620594246187705
IND560300AAA,IND560099AAB,86,86,1.9712215320910973,0.8604651162790697,136.0,70.0,72.47649999999999,5858.0,59.0,0.10783277320343841,74,74,0.22348167511303793,True,Bengaluru_KGAirprt_HB (Karnataka),Bengaluru_Bomsndra_HB (Karnataka),IND560300AAA → IND560099AAB,0.30551655457822424
IND847404AAB,IND842001AAA,18,18,8.232800982800983,1.0,633.0,76.0,108.03855,10070.0,55.0,0.23570226039551587,18,18,0.38416873820216657,True,Jhanjharpur_Nagar_D (Bihar),Muzaffrpur_Bbganj_I (Bihar),IND847404AAB → IND842001AAA,0.3018208877010952
IND712311AAA,IND781018AAB,8,8,2.889958210331417,1.0,2184.5,733.5,1033.5122499999998,12306.0,531.5,0.35355339059327373,8,8,0.4694717470025683,True,Kolkata_Dankuni_HB (West Bengal),Guwahati_Hub (Assam),IND712311AAA → IND781018AAB,0.3017945446908401
IND175015AAA,IND174001AAA,13,13,7.1231884057971016,1.0,966.0,138.0,117.8793,10832.0,42.0,0.2773500981126146,13,13,0.4132389048863822,True,JognderNgr_Dhelu_D (Himachal Pradesh),BilaspurHP_Indsarea_D (Himachal Pradesh),IND175015AAA → IND174001AAA,0.3011438453073416
IND421302AAG,IND400102AAC,62,62,2.6566666666666667,0.9838709677419355,77.5,28.0,33.0236,4222.0,120.0,0.1270001270001905,61,61,0.1610685613395777,True,Bhiwandi_Mankoli_HB (Maharashtra),Mumbai_Jogshwri_I (Maharashtra),IND421302AAG → IND400102AAC,0.29958807046986424
IND400072AAB,IND400015AAA,60,60,3.176470588235294,1.0,53.5,17.0,19.986600000000003,2638.0,60.0,0.12909944487358055,60,60,0.10063923846845238,True,Mumbai Hub (Maharashtra),Mumbai_CottonGreen_DPC (Maharashtra),IND400072AAB → IND400015AAA,0.2994024000419221
IND000000ACA,IND160002AAC,71,71,2.1159420289855073,1.0,131.0,61.0,88.8839,5097.0,107.0,0.11867816581938533,71,71,0.19444965825386726,True,Ludhiana_MilrGanj_HB (Punjab),Chandigarh_Mehmdpur_H (Punjab),IND000000ACA → IND160002AAC,0.2991024362838232
IND560099AAB,IND562132AAA,102,102,1.5779352226720649,0.8627450980392157,84.5,54.5,52.99135,4195.0,147.0,0.09901475429766744,88,88,0.16003851606336533,True,Bengaluru_Bomsndra_HB (Karnataka),Bangalore_Nelmngla_H (Karnataka),IND560099AAB → IND562132AAA,0.2987492455518113
IND560300AAA,IND562132AAA,108,108,1.5113801452784503,0.7407407407407407,91.0,66.0,52.1894,4532.0,68.5,0.09622504486493763,80,80,0.17289500710349742,True,Bengaluru_KGAirprt_HB (Karnataka),Bangalore_Nelmngla_H (Karnataka),IND560300AAA → IND562132AAA,0.2946158863865173
IND400072AAB,IND000000AFT,67,67,2.5555555555555554,1.0,48.0,19.0,22.4665,2415.0,46.0,0.12216944435630522,67,67,0.09213182748343916,True,Mumbai Hub (Maharashtra),Mumbai_Sanpada_I (Maharashtra),IND400072AAB → IND000000AFT,0.28974148501916314
IND562132AAA,IND302014AAA,14,14,1.705335482163473,1.0,2636.0,1541.5,2009.2582000000002,15477.0,411.5,0.2672612419124244,14,14,0.5904448422199535,True,Bangalore_Nelmngla_H (Karnataka),Jaipur_Hub (Rajasthan),IND562132AAA → IND302014AAA,0.28876467885641355
IND845305AAA,IND842001AAA,20,20,4.21959872767311,1.0,560.5,123.0,177.0716,7888.0,79.5,0.22360679774997896,20,20,0.30092581995418966,True,Raxaul_KairiyaT_D (Bihar),Muzaffrpur_Bbganj_I (Bihar),IND845305AAA → IND842001AAA,0.2873361630770843
IND847223AAA,IND842001AAA,15,15,9.953846153846154,1.0,659.0,65.0,85.9415,8601.0,46.0,0.2581988897471611,15,15,0.32812664521120505,True,Benipatti_WardNo1_D (Bihar),Muzaffrpur_Bbganj_I (Bihar),IND847223AAA → IND842001AAA,0.2862739611172248
IND395023AAA,IND562132AAA,20,20,1.7142865941601269,1.0,1679.0,965.0,1252.96745,14061.0,175.5,0.22360679774997896,20,20,0.5364246899563718,True,Surat_HUB (Gujarat),Bangalore_Nelmngla_H (Karnataka),IND395023AAA → IND562132AAA,0.2859815948495455
IND152026AAA,IND000000ACA,19,19,4.0,1.0,548.0,138.0,183.2283,7782.0,75.0,0.22941573387056174,19,19,0.29688193849943006,True,Muktsar_DPC (Punjab),Ludhiana_MilrGanj_HB (Punjab),IND152026AAA → IND000000ACA,0.2851696274170728
IND110064AAA,IND000000ACB,39,39,2.0,0.8205128205128205,108.0,53.0,58.225899999999996,11452.0,30.0,0.16012815380508713,32,32,0.43689179641422166,True,Delhi_Mayapuri_PC (Delhi),Gurgaon_Bilaspur_HB (Haryana),IND110064AAA → IND000000ACB,0.28394213814815106
IND421302AAG,IND444005AAB,20,20,2.335479797979798,1.0,937.0,395.5,568.5761,10730.0,345.5,0.22360679774997896,20,20,0.40934762273180214,True,Bhiwandi_Mankoli_HB (Maharashtra),Akola_Gaurkshn_I (Maharashtra),IND421302AAG → IND444005AAB,0.28389661697079105
IND501359AAE,IND462022AAA,20,20,1.920331790123457,1.0,1290.5,650.5,938.415,12652.0,198.0,0.22360679774997896,20,20,0.48267158646810443,True,Hyderabad_Shamshbd_H (Telangana),Bhopal_Trnsport_H (Madhya Pradesh),IND501359AAE → IND462022AAA,0.28289942482619784
IND854326AAB,IND000000ACB,18,18,1.6365799900068752,1.0,2032.5,1247.5,1690.9243000000001,14204.0,154.0,0.23570226039551587,18,18,0.541880114937793,True,Purnia_Central_H_2 (Bihar),Gurgaon_Bilaspur_HB (Haryana),IND854326AAB → IND000000ACB,0.2814244849504322
IND000000ACB,IND411033AAA,22,22,1.5551732745096087,1.0,1785.5,1144.0,1409.15625,13907.0,158.0,0.21320071635561041,22,22,0.5305496168994569,True,Gurgaon_Bilaspur_HB (Haryana),Pune_Tathawde_H (Maharashtra),IND000000ACB → IND411033AAA,0.2812652605535351
IND342301AAA,IND342005AAD,14,14,5.697958669354838,1.0,750.0,125.0,166.2538,7899.0,22.0,0.2672612419124244,14,14,0.30134546802968365,True,Phalodi_PalikDPP_D (Rajasthan),Jodhpur_Basni_I (Rajasthan),IND342301AAA → IND342005AAD,0.27942262746947544
IND844505AAB,IND842001AAA,14,14,10.0,1.0,606.5,52.0,73.67435,7879.0,52.0,0.2672612419124244,14,14,0.3005824715287856,True,HazratJandaha_HajiprRD_D (Bihar),Muzaffrpur_Bbganj_I (Bihar),IND844505AAB → IND842001AAA,0.27926541948330974
IND751002AAB,IND712311AAA,25,25,2.096875,1.0,658.0,316.0,434.0732,10371.0,114.0,0.2,25,25,0.39565183554068223,True,Bhubaneshwar_Hub (Orissa),Kolkata_Dankuni_HB (West Bengal),IND751002AAB → IND712311AAA,0.27848517967449815
IND721102AAA,IND712311AAA,13,13,7.9,1.0,711.0,92.0,125.3268,7870.0,58.0,0.2773500981126146,13,13,0.30023912310338147,True,Midnapore_Talkui_D (West Bengal),Kolkata_Dankuni_HB (West Bengal),IND721102AAA → IND712311AAA,0.2778613425562019
IND110044AAB,IND000000ACB,76,76,1.6528688524590165,0.9868421052631579,104.5,62.0,66.65395000000001,3837.0,77.0,0.11470786693528087,75,75,0.1463808786972903,True,Del_Okhla_PC (Delhi),Gurgaon_Bilaspur_HB (Haryana),IND110044AAB → IND000000ACB,0.27658516470725286
IND444005AAB,IND421302AAG,20,20,2.2866076015990173,1.0,905.5,397.0,571.33115,10024.0,83.0,0.22360679774997896,20,20,0.3824138462501011,True,Akola_Gaurkshn_I (Maharashtra),Bhiwandi_Mankoli_HB (Maharashtra),IND444005AAB → IND421302AAG,0.2764512708891978
IND208012AAA,IND209304AAA,13,13,10.0,1.0,666.0,19.0,22.862299999999998,7679.0,487.0,0.2773500981126146,13,13,0.2929525065198051,True,Kanpur_Central_D_7 (Uttar Pradesh),Kanpur_Central_H_6 (Uttar Pradesh),IND208012AAA → IND209304AAA,0.27636000628831947
IND000000ACB,IND842001AAA,19,19,1.7777777777777777,1.0,1509.0,843.0,1178.6136,12667.0,187.0,0.22941573387056174,19,19,0.483243833843778,True,Gurgaon_Bilaspur_HB (Haryana),Muzaffrpur_Bbganj_I (Bihar),IND000000ACB → IND842001AAA,0.27615388493459603
IND421302AAG,IND000000AFT,54,54,2.451127819548872,1.0,50.0,20.0,22.75725,3113.0,139.0,0.13608276348795434,54,54,0.118760405364781,True,Bhiwandi_Mankoli_HB (Maharashtra),Mumbai_Sanpada_I (Maharashtra),IND421302AAG → IND000000AFT,0.2738436344372361
IND713205AAB,IND712311AAA,12,12,7.698340874811463,1.0,793.0,102.5,148.62515000000002,7505.0,282.5,0.2886751345948129,12,12,0.2863144369619921,True,Durgapur_Central_I_1 (West Bengal),Kolkata_Dankuni_HB (West Bengal),IND713205AAB → IND712311AAA,0.2736589634753446
IND562132AAA,IND462022AAA,13,13,1.872300469483568,1.0,1994.0,1065.0,1484.4129,12672.0,242.0,0.2773500981126146,13,13,0.48343458296900255,True,Bangalore_Nelmngla_H (Karnataka),Bhopal_Trnsport_H (Madhya Pradesh),IND562132AAA → IND462022AAA,0.2718600154886897
IND421302AAG,IND400015AAA,49,49,2.5714285714285716,1.0,78.0,31.0,43.0608,3078.0,91.0,0.14285714285714285,49,49,0.1174251614882094,True,Bhiwandi_Mankoli_HB (Maharashtra),Mumbai_CottonGreen_DPC (Maharashtra),IND421302AAG → IND400015AAA,0.271568693307354
IND177033AAA,IND160002AAC,18,18,2.894484678293428,1.0,583.0,200.5,213.9098,6724.0,90.0,0.23570226039551587,18,18,0.25651942360192337,True,Nadaun_Ward6_D (Himachal Pradesh),Chandigarh_Mehmdpur_H (Punjab),IND177033AAA → IND160002AAC,0.27142672482523295
IND781018AAB,IND712311AAA,6,6,2.8363250446435626,1.0,2043.0,723.5,1025.17015,8986.0,387.0,0.4082482904638631,6,6,0.3428143278534925,True,Guwahati_Hub (Assam),Kolkata_Dankuni_HB (West Bengal),IND781018AAB → IND712311AAA,0.2709507553758802
IND400011AAA,IND400072AAD,53,53,2.7222222222222223,0.9811320754716981,48.0,18.0,19.723,1754.0,40.0,0.13736056394868904,52,52,0.06691479312875871,True,LowerParel_CP (Maharashtra),Mumbai_Chndivli_PC (Maharashtra),IND400011AAA → IND400072AAD,0.27045781919826933
IND395023AAA,IND110037AAM,18,18,1.736656001028649,1.0,1543.5,892.5,1181.7478999999998,12101.0,412.5,0.23570226039551587,18,18,0.46165103286836323,True,Surat_HUB (Gujarat),Delhi_Airport_H (Delhi),IND395023AAA → IND110037AAM,0.26877632425336767
IND462022AAA,IND209304AAA,25,25,1.9133489461358313,1.0,822.0,430.0,590.3931,10001.0,191.0,0.2,25,25,0.3815364002740683,True,Bhopal_Trnsport_H (Madhya Pradesh),Kanpur_Central_H_6 (Uttar Pradesh),IND462022AAA → IND209304AAA,0.2684572867374262
IND421302AAG,IND131028AAB,14,14,1.8046209088768541,1.0,1986.5,1097.5,1485.7233,12224.0,197.5,0.2672612419124244,14,14,0.4663434613488862,True,Bhiwandi_Mankoli_HB (Maharashtra),Sonipat_Kundli_H (Haryana),IND421302AAG → IND131028AAB,0.2670463897359613
IND382430AAB,IND000000ACB,17,17,1.829153605015674,1.0,1169.0,643.0,903.754,11480.0,341.0,0.24253562503633297,17,17,0.43795999151547893,True,Ahmedabad_East_H_1 (Gujarat),Gurgaon_Bilaspur_HB (Haryana),IND382430AAB → IND000000ACB,0.2661499520697757
IND134109AAA,IND160002AAC,15,15,10.0,1.0,475.0,36.0,35.230599999999995,5995.0,82.0,0.2581988897471611,15,15,0.22870820114418955,True,Chandigarh_Panchkula (Chandigarh),Chandigarh_Mehmdpur_H (Punjab),IND134109AAA → IND160002AAC,0.2657897605198344
IND712311AAA,IND700088AAA,30,30,3.5476190476190474,1.0,103.0,31.0,30.5781,3333.0,181.0,0.18257418583505536,30,30,0.1271533668746595,True,Kolkata_Dankuni_HB (West Bengal),Kolkata_TrtllaRD_L (West Bengal),IND712311AAA → IND700088AAA,0.2648653775611801
IND110037AAM,IND209304AAA,25,25,1.9748603351955307,1.0,707.0,362.0,492.04,9185.0,291.0,0.2,25,25,0.350406143037428,True,Delhi_Airport_H (Delhi),Kanpur_Central_H_6 (Uttar Pradesh),IND110037AAM → IND209304AAA,0.26442941858090585
IND000000ACB,IND121002AAB,57,57,1.90625,1.0,122.0,65.0,70.6197,4032.0,116.0,0.13245323570650439,57,57,0.15382009458104626,True,Gurgaon_Bilaspur_HB (Haryana),Faridabad_Mthurard_L (Haryana),IND000000ACB → IND121002AAB,0.2639298397811195
IND811399AAA,IND110044AAB,40,40,2.861111111111111,1.0,52.5,16.0,14.4427,2162.0,170.5,0.15811388300841897,40,40,0.08247992174707887,True,Noida_Sector02_C (Uttar Pradesh),Del_Okhla_PC (Delhi),IND811399AAA → IND110044AAB,0.26360625227002915
IND473331AAA,IND473226AAA,17,17,2.1125,1.0,169.0,81.0,77.2146,9734.0,928.0,0.24253562503633297,17,17,0.37135039698707945,True,Ashokngr_Bypassrd_D (Madhya Pradesh),Guna_Raghogrh_D (Madhya Pradesh),IND473331AAA → IND473226AAA,0.26341758088983336
IND722151AAA,IND723130AAA,8,8,10.0,1.0,1054.0,70.0,89.35215,6879.0,24.0,0.35355339059327373,8,8,0.2624326464838832,True,Simlapal_Central_D_1 (West Bengal),Hura_Central_D_1 (West Bengal),IND722151AAA → IND723130AAA,0.2634050201750249
IND411033AAA,IND411014AAA,43,43,2.6785714285714284,1.0,75.0,28.0,26.087500000000002,2524.0,76.0,0.15249857033260467,43,43,0.09629015841333352,True,Pune_Tathawde_H (Maharashtra),PNQ Vadgaon Sheri DPC (Maharashtra),IND411033AAA → IND411014AAA,0.2633704360314509
IND792121AAB,IND786181AAC,11,11,10.0,1.0,896.0,29.0,42.0052,6138.0,14.0,0.30151134457776363,11,11,0.2341636261256106,True,Jairampur_Mdiclcly_D (Arunachal Pradesh),Margherita_CivilHPL_D (Assam),IND792121AAB → IND786181AAC,0.26158046428758586
IND600032AAB,IND600056AAB,64,64,1.8873015873015873,1.0,61.5,33.0,38.776849999999996,2583.0,46.0,0.125,64,64,0.09854099809098275,True,Chennai_Hub (Tamil Nadu),MAA_Poonamallee_HB (Tamil Nadu),IND600032AAB → IND600056AAB,0.2611383867827579
IND600056AAB,IND600008AAC,32,32,3.182981090100111,1.0,100.5,33.0,43.611000000000004,2502.0,74.5,0.17677669529663687,32,32,0.09545086226234567,True,MAA_Poonamallee_HB (Tamil Nadu),Chennai_Egmore_DPC (Tamil Nadu),IND600056AAB → IND600008AAC,0.2610000524026621
IND000000ACT,IND000000ACB,100,100,1.3281794425087108,0.72,57.0,42.0,43.71255,2710.0,150.0,0.1,72,72,0.10338602587168534,True,Delhi_Gateway_HB (Delhi),Gurgaon_Bilaspur_HB (Haryana),IND000000ACT → IND000000ACB,0.2604465742917382
IND400102AAC,IND421302AAG,28,28,3.0343915343915344,1.0,93.5,28.5,33.02295,2995.0,88.5,0.1889822365046136,28,28,0.11425872600948253,True,Mumbai_Jogshwri_I (Maharashtra),Bhiwandi_Mankoli_HB (Maharashtra),IND400102AAC → IND421302AAG,0.25954189592831317
IND421302AAG,IND501359AAE,24,24,1.6108081675890515,1.0,1107.5,681.0,842.86905,10390.0,339.0,0.20412414523193154,24,24,0.3963766822165354,True,Bhiwandi_Mankoli_HB (Maharashtra),Hyderabad_Shamshbd_H (Telangana),IND421302AAG → IND501359AAE,0.25844515301552856
IND851127AAA,IND842001AAA,16,16,4.3556469298245615,1.0,416.0,95.0,111.10435000000001,4866.0,44.0,0.25,16,16,0.1856370486684948,True,Manjhaul_Purbari_D (Bihar),Muzaffrpur_Bbganj_I (Bihar),IND851127AAA → IND842001AAA,0.2582487030341142
IND834002AAB,IND827013AAA,17,17,3.0725806451612905,1.0,390.0,124.0,137.6455,4627.0,163.0,0.24253562503633297,17,17,0.17651924048276316,True,Ranchi_Hub (Jharkhand),Bokaro_KSClny_DC (Jharkhand),IND834002AAB → IND827013AAA,0.2577034009327674
IND585307AAB,IND585104AAA,17,17,4.430769230769231,1.0,297.0,67.0,73.6761,4591.0,197.0,0.24253562503633297,17,17,0.17514584678114667,True,Chincholi_Mainroad_D (Karnataka),Gulbarga_Nehrugnj_I (Karnataka),IND585307AAB → IND585104AAA,0.25742042655766917
IND249201AAA,IND249407AAA,17,17,7.88,1.0,197.0,27.0,21.7934,4528.0,348.0,0.24253562503633297,17,17,0.17274240780331782,True,Rishikesh_DC (Uttarakhand),Haridwar (Uttarakhand),IND249201AAA → IND249407AAA,0.2569252214012472
IND000000ACB,IND821115AAB,18,18,1.764427507975895,1.0,1326.5,741.5,1052.1834,10244.0,183.0,0.23570226039551587,18,18,0.3908068077599796,True,Gurgaon_Bilaspur_HB (Haryana),Sasaram_Central_I_2 (Bihar),IND000000ACB → IND821115AAB,0.2552569056798017
IND249407AAA,IND131028AAB,18,18,2.6666567128523653,1.0,488.0,182.0,178.05235,5691.0,34.5,0.23570226039551587,18,18,0.21711065433053922,True,Haridwar (Uttarakhand),Sonipat_Kundli_H (Haryana),IND249407AAA → IND131028AAB,0.2544687785080093
IND600056AAB,IND600032AAB,52,52,2.2115749525616697,1.0,78.0,32.5,37.9987,2142.0,48.0,0.1386750490563073,52,52,0.08171692524618082,True,MAA_Poonamallee_HB (Tamil Nadu),Chennai_Hub (Tamil Nadu),IND600056AAB → IND600032AAB,0.25425152089185926
IND401104AAA,IND400072AAB,31,31,3.0625,1.0,46.0,16.0,20.272599999999997,1751.0,64.0,0.1796053020267749,31,31,0.066800343653624,True,Mumbai_MiraRd_IP (Maharashtra),Mumbai Hub (Maharashtra),IND401104AAA → IND400072AAB,0.2537635591888068
IND700065AAA,IND712311AAA,24,24,3.0769230769230766,1.0,78.5,23.5,27.86375,2900.0,139.5,0.20412414523193154,24,24,0.1106344926302168,True,CCU_Beliaghata_DPC (West Bengal),Kolkata_Dankuni_HB (West Bengal),IND700065AAA → IND712311AAA,0.2534618246606928
IND110037AAK,IND000000ACB,43,43,2.057142857142857,1.0,81.0,38.0,40.692099999999996,4293.0,159.0,0.15249857033260467,43,43,0.16377719891776576,True,Delhi_Kapshera_L (Delhi),Gurgaon_Bilaspur_HB (Haryana),IND110037AAK → IND000000ACB,0.253168339550664
IND852139AAB,IND854326AAB,21,21,3.2465753424657535,1.0,241.0,73.0,106.4102,3367.0,113.0,0.2182178902359924,21,21,0.1284504609261862,True,Triveninganj_Central_D_1 (Bihar),Purnia_Central_H_2 (Bihar),IND852139AAB → IND854326AAB,0.2531326311376618
IND802212AAA,IND821115AAB,7,7,10.0,1.0,962.0,41.0,44.767900000000004,5679.0,69.0,0.3779644730092272,7,7,0.21665285643000043,True,Bikramgang_Dehrird_D (Bihar),Sasaram_Central_I_2 (Bihar),IND802212AAA → IND821115AAB,0.25263920767174974
IND852111AAA,IND854326AAB,17,17,3.43,1.0,339.0,98.0,137.5554,3914.0,98.0,0.24253562503633297,17,17,0.14931841522574776,True,Simrahi_Bazar_D (Bihar),Purnia_Central_H_2 (Bihar),IND852111AAA → IND854326AAB,0.25209893622596025
IND712311AAA,IND700065AAA,29,29,3.3636363636363638,1.0,74.0,22.0,21.2211,1827.0,64.0,0.18569533817705186,29,29,0.06969973035703658,True,Kolkata_Dankuni_HB (West Bengal),CCU_Beliaghata_DPC (West Bengal),IND712311AAA → IND700065AAA,0.2516942828695698
IND421302AAG,IND400072AAJ,38,38,2.704545454545454,1.0,59.5,22.0,27.4615,1758.0,103.0,0.16222142113076254,38,38,0.06706739242893832,True,Bhiwandi_Mankoli_HB (Maharashtra),Mumbai_Tejpal_I (Maharashtra),IND421302AAG → IND400072AAJ,0.2516903165712166
IND712311AAA,IND751002AAB,27,27,1.6904109589041096,1.0,595.0,367.0,518.8482,8626.0,163.0,0.19245008972987526,27,27,0.3290803908373276,True,Kolkata_Dankuni_HB (West Bengal),Bhubaneshwar_Hub (Orissa),IND712311AAA → IND751002AAB,0.2516674479539706
IND712310AAE,IND712124AAA,30,30,3.7309941520467835,1.0,69.0,19.0,19.1286,1626.0,49.0,0.18257418583505536,30,30,0.06203161552301121,True,Kolkata_North_I_4 (West Bengal),Hooghly_DC (West Bengal),IND712310AAE → IND712124AAA,0.25144767594193784
IND000000ACB,IND834002AAB,16,16,1.7084148819339653,1.0,1604.5,960.5,1330.1145999999999,10356.0,205.5,0.25,16,16,0.3950795881650087,True,Gurgaon_Bilaspur_HB (Haryana),Ranchi_Hub (Jharkhand),IND000000ACB → IND834002AAB,0.25129770013920877
IND501359AAE,IND411033AAA,20,20,1.8965735552038328,1.0,914.0,483.0,656.79115,8713.0,165.0,0.22360679774997896,20,20,0.3323994256162341,True,Hyderabad_Shamshbd_H (Telangana),Pune_Tathawde_H (Maharashtra),IND501359AAE → IND411033AAA,0.25101565628587835
IND713364AAB,IND712311AAA,12,12,4.424325434871935,1.0,655.0,147.0,207.83890000000002,4583.0,63.0,0.2886751345948129,12,12,0.17484064818078746,True,Rupnarayanpur_Salanpur_D (West Bengal),Kolkata_Dankuni_HB (West Bengal),IND713364AAB → IND712311AAA,0.2506908766965362
IND500010AAB,IND501359AAE,39,39,2.3684210526315788,1.0,125.0,52.0,62.603100000000005,3100.0,166.0,0.16012815380508713,39,39,0.11826445763919727,True,Hyderabad_Alwal_L (Telangana),Hyderabad_Shamshbd_H (Telangana),IND500010AAB → IND501359AAE,0.25053299708133336
IND462001AAA,IND462022AAA,28,28,4.181818181818182,1.0,48.0,13.0,14.6035,1720.0,28.0,0.1889822365046136,28,28,0.06561769907723203,True,Bhopal_Old City (Madhya Pradesh),Bhopal_Trnsport_H (Madhya Pradesh),IND462001AAA → IND462022AAA,0.24951988681024997
IND781018AAB,IND788026AAC,12,12,2.7546081432474243,1.0,679.0,246.0,341.154,5571.0,255.0,0.2886751345948129,12,12,0.21253267532515097,True,Guwahati_Hub (Assam),Silchar_Sirikona_H (Assam),IND781018AAB → IND788026AAC,0.2489374395287545
IND401209AAA,IND401104AAA,23,23,6.2727272727272725,1.0,142.0,21.0,28.8923,2457.0,28.0,0.20851441405707477,23,23,0.09373412013532506,True,Mumbai_Virar_DC (Maharashtra),Mumbai_MiraRd_IP (Maharashtra),IND401209AAA → IND401104AAA,0.24864633443378925
IND400015AAA,IND400072AAB,36,36,2.7279411764705883,1.0,48.0,17.0,17.82595,1568.0,81.0,0.16666666666666666,36,36,0.05981892567040688,True,Mumbai_CottonGreen_DPC (Maharashtra),Mumbai Hub (Maharashtra),IND400015AAA → IND400072AAB,0.24843776669686465
IND788026AAC,IND781018AAB,18,18,2.4085511890706695,1.0,576.5,242.0,337.66705,6191.0,159.0,0.23570226039551587,18,18,0.23618556685299041,True,Silchar_Sirikona_H (Assam),Guwahati_Hub (Assam),IND788026AAC → IND781018AAB,0.24838626387751697
IND743270AAA,IND712311AAA,5,5,10.0,1.0,1136.0,73.0,98.5604,5299.0,42.0,0.4472135954999579,5,5,0.20215592291293752,True,Helencha_ColnyDPP_D (West Bengal),Kolkata_Dankuni_HB (West Bengal),IND743270AAA → IND712311AAA,0.24698558926793482
IND401602AAA,IND401501AAA,17,17,7.12,1.0,194.0,27.0,28.738,3145.0,60.0,0.24253562503633297,17,17,0.11998119976621786,True,Dahanu_KetyDPP_D (Maharashtra),Boisar_OstwlEmp_D (Maharashtra),IND401602AAA → IND401501AAA,0.24605428915788924
IND411033AAA,IND000000ACB,18,18,1.4972426483942631,1.0,1746.5,1190.5,1458.8642,10302.0,190.0,0.23570226039551587,18,18,0.393019497612584,True,Pune_Tathawde_H (Maharashtra),Gurgaon_Bilaspur_HB (Haryana),IND411033AAA → IND000000ACB,0.2453478789421189
IND400015AAB,IND421302AAG,23,23,3.2857142857142856,1.0,92.0,31.0,43.0666,1935.0,100.0,0.20851441405707477,23,23,0.07381991146188603,True,Mumbai_CotnGren_M (Maharashtra),Bhiwandi_Mankoli_HB (Maharashtra),IND400015AAB → IND421302AAG,0.24454320599486454
IND829121AAA,IND834002AAB,11,11,5.90625,1.0,452.0,74.0,71.1044,3944.0,19.0,0.30151134457776363,11,11,0.15046290997709483,True,Peterbar_GagiDPP_D (Jharkhand),Ranchi_Hub (Jharkhand),IND829121AAA → IND834002AAB,0.24433474820520884
IND000000ACB,IND382430AAB,17,17,1.7880690737833596,1.0,1176.0,637.0,882.4261,8903.0,174.0,0.24253562503633297,17,17,0.33964789237476556,True,Gurgaon_Bilaspur_HB (Haryana),Ahmedabad_East_H_1 (Gujarat),IND000000ACB → IND382430AAB,0.2442999065821065
IND110037AAM,IND121004AAB,46,46,2.17741935483871,1.0,63.5,28.0,29.22475,2000.0,61.5,0.14744195615489714,46,46,0.07629965008980469,True,Delhi_Airport_H (Delhi),FBD_Balabhgarh_DPC (Haryana),IND110037AAM → IND121004AAB,0.2438103425542783
IND712103AAA,IND712310AAE,23,23,3.2333333333333334,1.0,106.0,32.0,34.4346,1734.0,29.0,0.20851441405707477,23,23,0.06615179662786067,True,Hoogly_Bandel_D (West Bengal),Kolkata_North_I_4 (West Bengal),IND712103AAA → IND712310AAE,0.2429632657338993
IND700136AAG,IND712310AAA,23,23,4.2631578947368425,1.0,81.0,19.0,23.5903,1683.0,64.0,0.20851441405707477,23,23,0.06420615555057065,True,Kolkata_Narynpur_C (West Bengal),Kolkata_Dankuni_P (West Bengal),IND700136AAG → IND712310AAA,0.24256238536917676
IND411033AAA,IND403726AAA,20,20,1.8842063907805133,1.0,798.0,415.5,511.51675,7678.0,206.5,0.22360679774997896,20,20,0.2929143566947602,True,Pune_Tathawde_H (Maharashtra),Goa_Hub (Goa),IND411033AAA → IND403726AAA,0.24240038231296784
IND121004AAB,IND110037AAM,37,37,2.5217391304347827,1.0,65.0,25.0,28.6533,1626.0,30.0,0.1643989873053573,37,37,0.06203161552301121,True,FBD_Balabhgarh_DPC (Haryana),Delhi_Airport_H (Delhi),IND121004AAB → IND110037AAM,0.24222778588696536
IND000000ACB,IND521225AAB,11,11,1.5974884335756774,1.0,2501.0,1576.0,2028.0777,10532.0,341.0,0.30151134457776363,11,11,0.40179395737291146,True,Gurgaon_Bilaspur_HB (Haryana),Vijayawada_Rynapadu_H (Andhra Pradesh),IND000000ACB → IND521225AAB,0.24171128256448732
IND421302AAR,IND421004AAA,27,27,3.4,1.0,36.0,11.0,14.0768,839.0,63.0,0.19245008972987526,27,27,0.032007703212673065,True,Mumbai_East_I_21 (Maharashtra),Mumbai_Ulhasngr_DC (Maharashtra),IND421302AAR → IND421004AAA,0.24126154168631767
IND147105AAA,IND160002AAC,7,7,8.511904761904763,1.0,715.0,83.0,105.6493,4104.0,238.0,0.3779644730092272,7,7,0.15656688198427923,True,Patran_MheshNGR_D (Punjab),Chandigarh_Mehmdpur_H (Punjab),IND147105AAA → IND160002AAC,0.2402590787612011
IND421302AAG,IND462022AAA,12,12,2.10337509211496,1.0,1214.5,570.0,810.8851999999999,7627.0,254.0,0.2886751345948129,12,12,0.2909687156174702,True,Bhiwandi_Mankoli_HB (Maharashtra),Bhopal_Trnsport_H (Madhya Pradesh),IND421302AAG → IND462022AAA,0.23983506938507013
IND421302AAG,IND382430AAB,18,18,2.042121549789938,1.0,740.5,372.5,519.75275,6862.0,173.0,0.23570226039551587,18,18,0.26178409945811987,True,Bhiwandi_Mankoli_HB (Maharashtra),Ahmedabad_East_H_1 (Gujarat),IND421302AAG → IND382430AAB,0.23944564891024428
IND401104AAA,IND401208AAA,37,37,2.5555555555555554,1.0,46.0,17.0,23.518300000000004,1099.0,63.0,0.1643989873053573,37,37,0.04192665772434768,True,Mumbai_MiraRd_IP (Maharashtra),Nalasopara (Maharashtra),IND401104AAA → IND401208AAA,0.23939719952946023
IND688009AAA,IND686028AAB,16,16,3.235294117647059,1.0,163.5,50.0,48.9559,2450.0,646.0,0.25,16,16,0.09346707136001074,True,Alappuzha_Pazhvedu_D (Kerala),Kottayam_Central_H_1 (Kerala),IND688009AAA → IND686028AAB,0.2392579783052979
IND712311AAA,IND700028AAB,23,23,3.526315789473684,1.0,67.0,18.0,18.9277,1236.0,54.0,0.20851441405707477,23,23,0.047153183755499296,True,Kolkata_Dankuni_HB (West Bengal),CCU_DumDum_DPC (West Bengal),IND712311AAA → IND700028AAB,0.23904878687837344
IND380006AAB,IND382430AAB,27,27,2.9444444444444446,1.0,43.0,15.0,18.749299999999998,806.0,20.0,0.19245008972987526,27,27,0.03074875898619129,True,Ahmedabad_Mithakal_D (Gujarat),Ahmedabad_East_H_1 (Gujarat),IND380006AAB → IND382430AAB,0.2388469760953512
IND000000ACB,IND751002AAB,15,15,1.3706943685073811,0.9333333333333333,2379.0,1808.0,2276.8759,11433.0,154.0,0.2581988897471611,14,14,0.4361669497383685,True,Gurgaon_Bilaspur_HB (Haryana),Bhubaneshwar_Hub (Orissa),IND000000ACB → IND751002AAB,0.23866212338026924
IND401104AAB,IND421302AAG,23,23,2.8461538461538463,1.0,71.0,25.0,28.4979,1855.0,136.0,0.20851441405707477,23,23,0.07076792545829386,True,Mumbai_MiraRoad_M (Maharashtra),Bhiwandi_Mankoli_HB (Maharashtra),IND401104AAB → IND421302AAG,0.23794620428892854
IND712311AAA,IND700026AAC,29,29,2.6176470588235294,1.0,90.0,35.0,33.6686,1961.0,69.0,0.18569533817705186,29,29,0.07481180691305349,True,Kolkata_Dankuni_HB (West Bengal),CCU_Lake Avenue_DPC (West Bengal),IND712311AAA → IND700026AAC,0.2379149191760686
IND832109AAB,IND834002AAB,22,22,2.5647840531561465,1.0,219.5,85.5,120.2328,3373.0,69.0,0.21320071635561041,22,22,0.1286793598764556,True,Jamshedpur_Central_I_3 (Jharkhand),Ranchi_Hub (Jharkhand),IND832109AAB → IND834002AAB,0.2376297496185919
IND000000ACK,IND501359AAF,32,32,2.5946969696969697,1.0,71.0,27.0,28.1124,1511.0,67.0,0.17677669529663687,32,32,0.05764438564284744,True,Hyderabad_Chikdply_C (Telangana),Hyderabad_Shamshbd_P (Telangana),IND000000ACK → IND501359AAF,0.23748743430570662
IND585314AAA,IND585104AAA,16,16,4.808494208494208,1.0,173.0,36.0,41.095699999999994,2210.0,219.5,0.25,16,16,0.08431111334923418,True,Aland_RazaviRd_D (Karnataka),Gulbarga_Nehrugnj_I (Karnataka),IND585314AAA → IND585104AAA,0.23737148247130954
IND395009AAA,IND395023AAD,16,16,9.583333333333332,1.0,155.5,17.0,17.523899999999998,2190.0,62.0,0.25,16,16,0.08354811684833614,True,Surat_Central_D_12 (Gujarat),Surat_Central_I_4 (Gujarat),IND395009AAA → IND395023AAD,0.23721427448514384
IND560064AAD,IND560043AAC,41,41,2.4,1.0,36.0,15.0,14.8073,905.0,47.0,0.15617376188860607,41,41,0.03452559166563662,True,Bengaluru_Bagaluru_D (Karnataka),HBR Layout PC (Karnataka),IND560064AAD → IND560043AAC,0.23717113263836564
IND505122AAA,IND506002AAA,16,16,3.2673992673992673,1.0,133.0,39.0,48.40615,2027.0,605.5,0.25,16,16,0.07732969536601705,True,Jammikunta_ConduDPP_D (Telangana),Warangal_HunterRd_I (Telangana),IND505122AAA → IND506002AAA,0.23593302939789343
IND125001AAA,IND110037AAM,11,11,2.820809248554913,1.0,488.0,172.0,177.2008,3675.0,93.0,0.30151134457776363,11,11,0.1402006070400161,True,Hisar_ModelTwn_P (Haryana),Delhi_Airport_H (Delhi),IND125001AAA → IND110037AAM,0.23526893543349667
IND573201AAB,IND575004AAB,14,14,2.7473907371167643,1.0,400.5,137.0,195.23265,3526.0,34.5,0.2672612419124244,14,14,0.13451628310832567,True,Hassan_Pandrnga_I (Karnataka),Mangalore_Kuntikna_H (Karnataka),IND573201AAB → IND575004AAB,0.2352496040273237
IND500039AAC,IND501359AAE,15,15,3.15625,1.0,126.0,32.0,37.1575,2099.0,122.0,0.2581988897471611,15,15,0.08007648276925002,True,Hyderabad_Uppal_I (Telangana),Hyderabad_Shamshbd_H (Telangana),IND500039AAC → IND501359AAE,0.2351656448147566
IND306401AAB,IND305001AAC,20,20,2.3925809822361543,1.0,357.0,141.0,202.72015,4208.0,42.5,0.22360679774997896,20,20,0.16053446378894906,True,Pali_Nayagaon_I (Rajasthan),Ajmer_FoySGRRD_I (Rajasthan),IND306401AAB → IND305001AAC,0.2348462248300331
IND785690AAB,IND785682AAA,16,16,3.2311594202898553,1.0,144.5,49.5,56.36750000000001,1878.0,35.5,0.25,16,16,0.0716453714343266,True,Sonari_Central_DPP_1 (Assam),Sivasagar_Babupaty_D (Assam),IND785690AAB → IND785682AAA,0.23476182990095898
IND582101AAB,IND580028AAA,18,18,2.967391304347826,1.0,135.0,45.0,62.0634,1667.0,133.5,0.23570226039551587,18,18,0.0635957583498522,True,Gadag_Cdosclrd_D (Karnataka),Hubli_Adargchi_IP (Karnataka),IND582101AAB → IND580028AAA,0.2345049598098294
IND477001AAB,IND474003AAA,11,11,4.811320754716981,1.0,255.0,54.0,76.7885,2654.0,361.0,0.30151134457776363,11,11,0.10124963566917082,True,Bhind_EtwahDPP_D (Madhya Pradesh),Gwalior_HrihrNgr_I (Madhya Pradesh),IND477001AAB → IND474003AAA,0.23419483309752137
IND486661AAA,IND211002AAB,5,5,3.6180257510729614,1.0,843.0,231.0,317.58489999999995,3665.0,303.0,0.4472135954999579,5,5,0.1398191087895671,True,Sidhi_Padra_D (Madhya Pradesh),Allahabad_Central_H_1 (Uttar Pradesh),IND486661AAA → IND211002AAB,0.23414169679819735
IND506314AAA,IND506002AAA,16,16,3.703804347826087,1.0,87.0,24.0,34.20485,1775.0,601.5,0.25,16,16,0.06771593945470165,True,Rayaparthi_Perkadrd_D (Telangana),Warangal_HunterRd_I (Telangana),IND506314AAA → IND506002AAA,0.23395220877220566
IND742303AAB,IND741165AAB,18,18,3.2882882882882885,1.0,119.5,36.0,53.01935,1418.0,42.0,0.23570226039551587,18,18,0.05409645191367153,True,Domkal_Central_D_2 (West Bengal),Nazirpur_Central_D_1 (West Bengal),IND742303AAB → IND741165AAB,0.2338127128858146
IND274301AAB,IND273014AAB,16,16,2.9267106089139987,1.0,173.5,59.0,72.7038,2105.0,173.5,0.25,16,16,0.08030538171951943,True,Kaptanganj_Subshngr_D (Uttar Pradesh),Gorakhpur_Matriprm_IP (Uttar Pradesh),IND274301AAB → IND273014AAB,0.23370301761387927
IND410206AAB,IND000000AFT,36,36,2.4375,1.0,40.0,16.0,20.51415,1093.0,63.0,0.16666666666666666,36,36,0.04169775877407826,True,Mumbai_Panvel_D (Maharashtra),Mumbai_Sanpada_I (Maharashtra),IND410206AAB → IND000000AFT,0.23343696242096687
IND210427AAA,IND209304AAA,9,9,3.043103448275862,1.0,360.0,117.0,164.19,2870.0,36.0,0.3333333333333333,9,9,0.10948999787886973,True,Mahoba_Mlkpura_D (Uttar Pradesh),Kanpur_Central_H_6 (Uttar Pradesh),IND210427AAA → IND209304AAA,0.23322601268144424
IND422011AAD,IND421302AAG,21,21,2.3333333333333335,1.0,212.0,95.0,136.2988,4114.0,262.0,0.2182178902359924,21,21,0.15694838023472824,True,Nashik_TgrniaRD_I (Maharashtra),Bhiwandi_Mankoli_HB (Maharashtra),IND422011AAD → IND421302AAG,0.23314228045543336
IND560078AAC,IND560099AAB,20,20,3.0744827586206895,1.0,77.5,25.0,22.405299999999997,983.0,33.0,0.22360679774997896,20,20,0.037501278019139,True,BLR_JPNagar_Pc (Karnataka),Bengaluru_Bomsndra_HB (Karnataka),IND560078AAC → IND560099AAB,0.23306010585337736
IND382430AAB,IND380015AAB,35,35,2.5,1.0,28.0,12.0,15.3936,878.0,107.0,0.1690308509457033,35,35,0.03349554638942426,True,Ahmedabad_East_H_1 (Gujarat),AMD_Satellite (Gujarat),IND382430AAB → IND380015AAB,0.2328382122018695
IND812002AAA,IND813203AAA,18,18,3.210909090909091,1.0,87.5,26.0,33.2907,1261.0,61.5,0.23570226039551587,18,18,0.04810692938162186,True,Bhagalpur_Pbroad_DC (Bihar),Kahalgaon_NdiaTola_D (Bihar),IND812002AAA → IND813203AAA,0.23257863019441388
IND421302AAG,IND400102AAB,33,33,2.4,1.0,65.0,28.0,33.021300000000004,1672.0,222.0,0.17407765595569785,33,33,0.06378650747507672,True,Bhiwandi_Mankoli_HB (Maharashtra),Mumbai_Jogeshwri_L (Maharashtra),IND421302AAG → IND400102AAB,0.23253339224115344
IND462042AAA,IND462022AAA,17,17,4.869565217391305,1.0,98.0,20.0,19.5416,1420.0,19.0,0.24253562503633297,17,17,0.054172751563761334,True,Bhopal_Kolar Mandakni (Madhya Pradesh),Bhopal_Trnsport_H (Madhya Pradesh),IND462042AAA → IND462022AAA,0.23249510035109786
IND712124AAA,IND712103AAA,25,25,2.9,1.0,30.0,10.0,11.6432,517.0,25.0,0.2,25,25,0.01972345954821451,True,Hooghly_DC (West Bengal),Hoogly_Bandel_D (West Bengal),IND712124AAA → IND712103AAA,0.2321845160975557
IND302014AAB,IND302026AAA,19,19,4.333333333333333,1.0,80.0,19.0,20.9893,958.0,50.0,0.22941573387056174,19,19,0.036547532393016446,True,Jaipur_Central_I_7 (Rajasthan),Jaipur_Bhankrot_DC (Rajasthan),IND302014AAB → IND302026AAA,0.2315302625373369
IND209304AAA,IND208019AAA,18,18,4.80625,1.0,78.5,15.5,16.28935,1109.0,78.0,0.23570226039551587,18,18,0.0423081559747967,True,Kanpur_Central_H_6 (Uttar Pradesh),Kanpur_Rawatpur_D (Uttar Pradesh),IND209304AAA → IND208019AAA,0.2313838494995546
IND382421AAA,IND382430AAB,15,15,3.5365853658536586,1.0,145.0,41.0,51.8137,1562.0,32.0,0.2581988897471611,15,15,0.05959002672013747,True,Gandhinagar_DC (Gujarat),Ahmedabad_East_H_1 (Gujarat),IND382421AAA → IND382430AAB,0.23094461038620764
IND411033AAA,IND431603AAA,15,15,2.0830945558739256,1.0,729.0,356.0,477.60179999999997,6077.0,175.0,0.2581988897471611,15,15,0.23183648679787155,True,Pune_Tathawde_H (Maharashtra),Nanded_Aswningr_I (Maharashtra),IND411033AAA → IND431603AAA,0.23086470551684363
IND395001AAA,IND395023AAD,14,14,10.0,1.0,139.5,14.0,14.4162,1699.0,38.0,0.2672612419124244,14,14,0.06481655275128909,True,Surat_Central_D_9 (Gujarat),Surat_Central_I_4 (Gujarat),IND395001AAA → IND395023AAD,0.23068815175810933
IND382430AAB,IND395023AAA,30,30,1.8013943785682915,1.0,372.5,207.5,282.85715,4891.0,352.0,0.18257418583505536,30,30,0.18659079429461736,True,Ahmedabad_East_H_1 (Gujarat),Surat_HUB (Gujarat),IND382430AAB → IND395023AAA,0.2306142478176027
IND302020AAA,IND302014AAB,19,19,5.75,1.0,68.0,11.0,12.4657,829.0,18.0,0.22941573387056174,19,19,0.03162620496222404,True,Jaipur_VarunCly_DC (Rajasthan),Jaipur_Central_I_7 (Rajasthan),IND302020AAA → IND302014AAB,0.23051627102656816
IND395023AAA,IND411033AAA,11,11,2.3525835866261398,1.0,780.0,329.0,414.1674,5350.0,164.0,0.30151134457776363,11,11,0.20410156399022755,True,Surat_HUB (Gujarat),Pune_Tathawde_H (Maharashtra),IND395023AAA → IND411033AAA,0.23027117773453346
IND421601AAB,IND421302AAG,14,14,3.773041474654378,1.0,120.5,29.0,42.58345,1632.0,43.0,0.2672612419124244,14,14,0.062260514473280626,True,Asangaon_Shahapur_D (Maharashtra),Bhiwandi_Mankoli_HB (Maharashtra),IND421601AAB → IND421302AAG,0.23016150500445423
IND209304AAA,IND000000ACB,35,35,1.3771929824561404,0.9142857142857143,643.0,466.0,575.2955000000001,7166.0,193.0,0.1690308509457033,32,32,0.2733816462717702,True,Kanpur_Central_H_6 (Uttar Pradesh),Gurgaon_Bilaspur_HB (Haryana),IND209304AAA → IND000000ACB,0.23013580569690711
IND700065AAB,IND712310AAA,15,15,5.416666666666667,1.0,129.0,22.0,22.2548,1440.0,70.0,0.2581988897471611,15,15,0.05493574806465938,True,CCU_Beleghta_CP (West Bengal),Kolkata_Dankuni_P (West Bengal),IND700065AAB → IND712310AAA,0.22998564167059687
IND563125AAB,IND560300AAB,12,12,4.358320251177394,1.0,219.5,49.0,54.1846,1933.0,376.5,0.2886751345948129,12,12,0.07374361181179623,True,Chintamani_Central_D_2 (Karnataka),Bangalore_East_I_20 (Karnataka),IND563125AAB → IND560300AAB,0.22986081852958132
IND500008AAF,IND500039AAC,19,19,3.0555555555555554,1.0,54.0,18.0,18.8886,743.0,61.0,0.22941573387056174,19,19,0.02834532000836244,True,Hyderabad_South_D_4 (Telangana),Hyderabad_Uppal_I (Telangana),IND500008AAF → IND500039AAC,0.22984027668605567
IND751002AAB,IND754103AAA,7,7,10.0,1.0,415.0,41.0,58.5252,2746.0,85.0,0.3779644730092272,7,7,0.10475941957330183,True,Bhubaneshwar_Hub (Orissa),Jagatsghpr_Markndpr_D (Orissa),IND751002AAB → IND754103AAA,0.22958465650055024
IND741201AAC,IND712311AAA,4,4,10.0,1.0,870.5,57.0,80.20495,3233.0,66.0,0.5,4,4,0.12333838437016927,True,Ranaghat_ArickDPP_D (West Bengal),Kolkata_Dankuni_HB (West Bengal),IND741201AAC → IND712311AAA,0.22941267096368498
IND262802AAA,IND262723AAB,21,21,2.573529411764706,1.0,175.0,68.0,92.4517,2356.0,39.0,0.2182178902359924,21,21,0.08988098780578993,True,Gola_BkgnRoad_D (Uttar Pradesh),Dhaurahara_TahsilRD_D (Uttar Pradesh),IND262802AAA → IND262723AAB,0.228641649789927
IND600032AAB,IND600076AAB,42,42,2.2113970588235294,0.9761904761904762,35.0,16.0,16.837649999999996,854.0,30.5,0.1543033499620919,41,41,0.032579950588346604,True,Chennai_Hub (Tamil Nadu),Chennai_Madhavaram_DPC (Tamil Nadu),IND600032AAB → IND600076AAB,0.22840613981831612
IND472001AAA,IND485001AAC,16,16,2.375690607734807,1.0,430.5,182.0,242.31275,4142.0,213.5,0.25,16,16,0.1580165753359855,True,Tikamgarh_MndiRoad_D (Madhya Pradesh),Satna_Central_I_2 (Madhya Pradesh),IND472001AAA → IND485001AAC,0.22833887509704204
IND852201AAA,IND852113AAA,17,17,3.75,1.0,60.0,17.0,22.6556,832.0,28.0,0.24253562503633297,17,17,0.03174065443735875,True,Saharsa_Gangjala_D (Bihar),Madhepura_Krishnpr_D (Bihar),IND852201AAA → IND852113AAA,0.22787318555782635
IND000000ABG,IND501359AAF,11,11,5.470588235294118,1.0,189.0,34.0,34.516400000000004,1848.0,51.0,0.30151134457776363,11,11,0.07050087668297954,True,Hyderabad_Bownplly_C (Telangana),Hyderabad_Shamshbd_P (Telangana),IND000000ABG → IND501359AAF,0.22785935125504378
IND000000ACB,IND209304AAA,15,15,2.0955223880597016,1.0,732.0,367.0,512.1734,5606.0,193.0,0.2581988897471611,15,15,0.21386791920172254,True,Gurgaon_Bilaspur_HB (Haryana),Kanpur_Central_H_6 (Uttar Pradesh),IND000000ACB → IND209304AAA,0.2276445716222621
IND421302AAG,IND712311AAA,9,9,1.5446381405176968,1.0,2924.0,1893.0,2584.1211,9308.0,273.0,0.3333333333333333,9,9,0.35509857151795104,True,Bhiwandi_Mankoli_HB (Maharashtra),Kolkata_Dankuni_HB (West Bengal),IND421302AAG → IND712311AAA,0.22737326025861004
IND501401AAC,IND500010AAA,14,14,8.904166666666667,1.0,128.5,13.5,14.09615,1272.0,30.5,0.2672612419124244,14,14,0.048526577457115784,True,Medchal_MROoffce_D (Telangana),Hyderabad_Alwal_I (Telangana),IND501401AAC → IND500010AAA,0.22733176125347168
IND421502AAA,IND421302AAR,17,17,3.5,1.0,56.0,16.0,19.533900000000003,735.0,24.0,0.24253562503633297,17,17,0.028040121408003223,True,Mumbai_Ambernath_Dc (Maharashtra),Mumbai_East_I_21 (Maharashtra),IND421502AAA → IND421302AAR,0.22711072682492273
IND562132AAA,IND560058AAD,57,57,1.7,0.8947368421052632,34.0,20.0,15.8004,1697.0,217.0,0.13245323570650439,51,51,0.06474025310119928,True,Bangalore_Nelmngla_H (Karnataka),Bengaluru_Peenya_L (Karnataka),IND562132AAA → IND560058AAD,0.22704841402059378
IND834002AAB,IND826004AAA,21,21,2.253731343283582,1.0,305.0,136.0,153.855,3727.0,236.0,0.2182178902359924,21,21,0.14218439794235102,True,Ranchi_Hub (Jharkhand),Dhanbad_Kalynpur_I (Jharkhand),IND834002AAB → IND826004AAA,0.22701229768843847
IND224141AAB,IND224122AAA,17,17,3.0555555555555554,1.0,55.0,18.0,27.4148,715.0,36.0,0.24253562503633297,17,17,0.027277124907105176,True,Gosainganj_Pakrela_D (Uttar Pradesh),Akbarpur_Auliyapr_D (Uttar Pradesh),IND224141AAB → IND224122AAA,0.22695351883875703
IND400701AAB,IND421302AAG,26,26,2.605263157894737,1.0,49.5,21.0,22.9427,1135.0,133.0,0.19611613513818404,26,26,0.04330005142596416,True,Mumbai_Pawane_L (Maharashtra),Bhiwandi_Mankoli_HB (Maharashtra),IND400701AAB → IND421302AAG,0.22694181939760144
IND431001AAB,IND431136AAC,18,18,3.0454545454545454,1.0,37.5,12.0,15.11125,525.0,72.0,0.23570226039551587,18,18,0.02002865814857373,True,Aurangabad_Pratpngr_D (Maharashtra),Aurangabad_Central_H_1 (Maharashtra),IND431001AAB → IND431136AAC,0.22679337630351623
IND431517AAB,IND411033AAA,12,12,2.4096628924343797,1.0,639.5,274.0,360.2194,4443.0,39.0,0.2886751345948129,12,12,0.1694996726745011,True,Ambajogai_BnsllNgr_D (Maharashtra),Pune_Tathawde_H (Maharashtra),IND431517AAB → IND411033AAA,0.22668941231022727
IND583101AAA,IND583201AAA,18,18,2.808080808080808,1.0,125.0,45.0,64.4048,1458.0,5.5,0.23570226039551587,18,18,0.05562244491546761,True,Bellary_Dc (Karnataka),Hospet (Karnataka),IND583101AAA → IND583201AAA,0.2266819877923153
IND211008AAA,IND211002AAB,6,6,9.03125,1.0,148.5,18.0,23.2875,2546.0,63.0,0.4082482904638631,6,6,0.09712945456432137,True,Allahabad_Central_D_3 (Uttar Pradesh),Allahabad_Central_H_1 (Uttar Pradesh),IND211008AAA → IND211002AAB,0.22667924330555994
IND411036AAA,IND411033AAA,33,33,2.2758620689655173,1.0,66.0,29.0,26.8761,1537.0,138.0,0.17407765595569785,33,33,0.0586362810940149,True,Pune_Mundhawa_L (Maharashtra),Pune_Tathawde_H (Maharashtra),IND411036AAA → IND411033AAA,0.22665654273405939
IND400072AAC,IND400011AAA,17,17,3.0454545454545454,1.0,56.0,19.0,21.9665,677.0,64.0,0.24253562503633297,17,17,0.025827431555398888,True,BOM_Sakinaka_RP (Maharashtra),LowerParel_CP (Maharashtra),IND400072AAC → IND400011AAA,0.2266548236650422
IND271001AAA,IND271201AAA,5,5,3.764705882352941,1.0,128.0,30.0,43.4185,2708.0,794.0,0.4472135954999579,5,5,0.10330972622159555,True,Gonda_KotwaliN_D (Uttar Pradesh),Balrampur_PBRDDPP_D (Uttar Pradesh),IND271001AAA → IND271201AAA,0.22661929466016875
IND382430AAB,IND380054AAA,40,40,2.1143790849673203,1.0,37.5,19.0,21.291700000000002,1135.0,102.0,0.15811388300841897,40,40,0.04330005142596416,True,Ahmedabad_East_H_1 (Gujarat),AMD_Memnagar (Gujarat),IND382430AAB → IND380054AAA,0.22656556944208384
IND380021AAA,IND382430AAB,32,32,2.3125,1.0,38.0,16.0,18.83605,1505.0,33.5,0.17677669529663687,32,32,0.05741548669257803,True,AMD_Rakhial (Gujarat),Ahmedabad_East_H_1 (Gujarat),IND380021AAA → IND382430AAB,0.22649297567161242
IND271210AAA,IND271001AAA,12,12,3.246212121212121,1.0,144.5,44.0,66.93985,1474.0,174.5,0.2886751345948129,12,12,0.05623284211618605,True,Tulsipur_Central_DPP_1 (Uttar Pradesh),Gonda_KotwaliN_D (Uttar Pradesh),IND271210AAA → IND271001AAA,0.22625289524707856
IND421302AAR,IND421301AAA,17,17,4.2,1.0,43.0,10.0,12.8431,621.0,69.0,0.24253562503633297,17,17,0.023691041352884357,True,Mumbai_East_I_21 (Maharashtra),Mumbai_Kalyan West _Dc (Maharashtra),IND421302AAR → IND421301AAA,0.22621464130377825
IND421302AAG,IND400072AAA,29,29,2.473684210526316,1.0,52.0,22.0,27.6126,1173.0,198.0,0.18569533817705186,29,29,0.04474974477767045,True,Bhiwandi_Mankoli_HB (Maharashtra),Mumbai_Tejpal_M (Maharashtra),IND421302AAG → IND400072AAA,0.22613615885443789
IND401209AAB,IND401104AAA,12,12,7.815476190476191,1.0,171.0,21.5,28.762050000000002,1443.0,14.0,0.2886751345948129,12,12,0.05505019753979408,True,Mumbai_Vasai_CP (Maharashtra),Mumbai_MiraRd_IP (Maharashtra),IND401209AAB → IND401104AAA,0.22600922286852174
IND416012AAA,IND415612AAA,10,10,2.9365061590145576,1.0,277.5,95.0,134.23605,2073.0,125.5,0.31622776601683794,10,10,0.07908458731808256,True,Kolhapur_Shivaji_I (Maharashtra),Ratnagiri_MjgaonRd_D (Maharashtra),IND416012AAA → IND415612AAA,0.22583148462439787
IND533106AAA,IND533308AAB,14,14,3.636904761904762,1.0,102.0,27.5,33.004149999999996,1068.0,75.0,0.2672612419124244,14,14,0.0407440131479557,True,Rajamundry_AtoNgrRd_I (Andhra Pradesh),Mandapeta_Mainrd_D (Andhra Pradesh),IND533106AAA → IND533308AAB,0.2257282397945816
IND400064AAB,IND400072AAD,17,17,3.0,1.0,40.0,13.0,13.2407,539.0,45.0,0.24253562503633297,17,17,0.020562755699202365,True,Mumbai_MaladWest_CP (Maharashtra),Mumbai_Chndivli_PC (Maharashtra),IND400064AAB → IND400072AAD,0.2255700885604989
IND821109AAA,IND802213AAB,11,11,5.290322580645161,1.0,170.0,32.0,45.2398,1550.0,31.0,0.30151134457776363,11,11,0.059132228819598634,True,Mohania_Bhabua_D (Bihar),Dinara_Wardno7_D (Bihar),IND821109AAA → IND802213AAB,0.22551695226117488
IND792130AAB,IND786001AAB,10,10,3.0246913580246915,1.0,245.0,81.0,105.71235,1713.0,39.0,0.31622776601683794,10,10,0.06535065030191772,True,Khonsa_Central_D_1 (Arunachal Pradesh),Dibrugarh_Bokule_H (Assam),IND792130AAB → IND786001AAB,0.22546486401509197
IND742148AAA,IND742225AAA,16,16,3.6318681318681323,1.0,49.0,14.0,20.6788,670.0,23.0,0.25,16,16,0.02556038278008457,True,Lalgola_KrsprDPP_D (West Bengal),Ragunthgnj_GopalDPP_D (West Bengal),IND742148AAA → IND742225AAA,0.22526646753655086
IND848101AAA,IND844505AAB,16,16,3.052631578947368,1.0,58.0,18.5,26.05425,670.0,39.0,0.25,16,16,0.02556038278008457,True,Samastipur_Haripur_D (Bihar),HazratJandaha_HajiprRD_D (Bihar),IND848101AAA → IND844505AAB,0.22526646753655086
IND501359AAE,IND500010AAB,33,33,1.9166666666666667,1.0,114.0,50.0,72.8458,3067.0,183.0,0.17407765595569785,33,33,0.11700551341271548,True,Hyderabad_Shamshbd_H (Telangana),Hyderabad_Alwal_L (Telangana),IND501359AAE → IND500010AAB,0.22474864927621083
IND209801AAA,IND209304AAA,5,5,10.0,1.0,685.0,45.0,54.9381,2469.0,101.0,0.4472135954999579,5,5,0.09419191803586388,True,Unnao_VikasRam_D (Uttar Pradesh),Kanpur_Central_H_6 (Uttar Pradesh),IND209801AAA → IND209304AAA,0.22474065922548866
IND321606AAA,IND301001AAB,6,6,4.455357142857142,1.0,503.5,112.5,129.9799,2299.0,164.0,0.4082482904638631,6,6,0.08770644777823049,True,Kherli_GodamDPP_D (Rajasthan),Alwar_Central_I_1 (Rajasthan),IND321606AAA → IND301001AAB,0.22473772467641356
IND121004AAB,IND121102AAA,41,41,2.0,1.0,58.0,28.0,40.7359,1287.0,30.0,0.15617376188860607,41,41,0.04909882483278931,True,FBD_Balabhgarh_DPC (Haryana),Palwal (Haryana),IND121004AAB → IND121102AAA,0.22465656379482007
IND000000AEM,IND110037AAB,11,11,3.8181818181818183,1.0,168.0,44.0,47.9107,1401.0,123.0,0.30151134457776363,11,11,0.05344790488790818,True,Gurgaon_Bilaspur_RP (Haryana),Del_B_RPC (Delhi),IND000000AEM → IND110037AAB,0.22434575276424043
IND731237AAB,IND731224AAA,15,15,3.1578947368421053,1.0,60.0,19.0,28.0434,692.0,20.0,0.2581988897471611,15,15,0.02639967893107242,True,Morgram_Kntgorya_D (West Bengal),Rampurhat_SrifoDPP_D (West Bengal),IND731237AAB → IND731224AAA,0.2241060629879998
IND742225AAA,IND742223AAA,16,16,4.666666666666667,1.0,42.0,9.0,13.9083,512.0,20.0,0.25,16,16,0.01953271042299,True,Ragunthgnj_GopalDPP_D (West Bengal),Jangipur_Central_D_1 (West Bengal),IND742225AAA → IND742223AAA,0.22402452444584187
IND401209AAB,IND421302AAH,19,19,2.764705882352941,1.0,87.0,33.0,35.5823,1164.0,67.0,0.22941573387056174,19,19,0.04440639635226633,True,Mumbai_Vasai_CP (Maharashtra),Bhiwandi_Mankoli_GW (Maharashtra),IND401209AAB → IND421302AAH,0.22402171574819044
IND431136AAC,IND431001AAA,20,20,2.7222222222222223,1.0,28.0,11.0,15.0402,1195.0,422.0,0.22360679774997896,20,20,0.0455890409286583,True,Aurangabad_Central_H_1 (Maharashtra),Aurangabad (Maharashtra),IND431136AAC → IND431001AAA,0.22395064843776824
IND485001AAC,IND486771AAA,5,5,3.816993464052288,1.0,589.0,156.0,161.69400000000002,2357.0,305.0,0.4472135954999579,5,5,0.08991913763083483,True,Satna_Central_I_2 (Madhya Pradesh),Churhat_Central_DPP_1 (Madhya Pradesh),IND485001AAC → IND486771AAA,0.22386029450296074
IND741156AAA,IND742102AAB,13,13,3.3333333333333335,1.0,110.0,31.0,44.5177,999.0,41.0,0.2773500981126146,13,13,0.03811167521985744,True,Plassey_BtaiRoad_D (West Bengal),Berhampore_Central_I_2 (West Bengal),IND741156AAA → IND742102AAB,0.22385253890897658
IND500050AAA,IND501359AAE,21,21,2.533333333333333,1.0,75.0,31.0,36.9655,1943.0,171.0,0.2182178902359924,21,21,0.07412511006224526,True,Patancheru_Ameenpur_I (Telangana),Hyderabad_Shamshbd_H (Telangana),IND500050AAA → IND501359AAE,0.2238359742468021
IND221706AAA,IND273014AAB,11,11,2.7704918032786887,1.0,338.0,121.0,151.3043,2466.0,23.0,0.30151134457776363,11,11,0.09407746856072918,True,Ratanpura_MubarDPP_D (Uttar Pradesh),Gorakhpur_Matriprm_IP (Uttar Pradesh),IND221706AAA → IND273014AAB,0.22381374280992672
IND742121AAB,IND742121AAA,16,16,3.4166666666666665,1.0,42.0,12.0,14.4418,481.0,32.0,0.25,16,16,0.018350065846598027,True,Nowda_ArhamDPP_D (West Bengal),Nowda_AmtlaDPP_D (West Bengal),IND742121AAB → IND742121AAA,0.22378085206728504
IND431112AAB,IND431136AAC,11,11,3.2666666666666666,1.0,180.0,52.0,75.6488,1292.0,9.0,0.30151134457776363,11,11,0.049289573958013824,True,Sillod_ZebaTWR_D (Maharashtra),Aurangabad_Central_H_1 (Maharashtra),IND431112AAB → IND431136AAC,0.2234889692396374
IND421302AAG,IND400015AAB,31,31,2.2758620689655173,1.0,71.0,30.0,43.007,1465.0,210.0,0.1796053020267749,31,31,0.05588949369078193,True,Bhiwandi_Mankoli_HB (Maharashtra),Mumbai_CotnGren_M (Maharashtra),IND421302AAG → IND400015AAB,0.22342392731719618
IND852113AAA,IND852139AAB,19,19,2.7916666666666665,1.0,67.0,24.0,35.2712,950.0,42.0,0.22941573387056174,19,19,0.036242333792657226,True,Madhepura_Krishnpr_D (Bihar),Triveninganj_Central_D_1 (Bihar),IND852113AAA → IND852139AAB,0.22338548279114648
IND452001AAC,IND425201AAA,9,9,2.823529411764706,1.0,47.0,16.0,23.2461,2486.0,31.0,0.3333333333333333,9,9,0.09484046506162723,True,Jalgaon_DC (Maharashtra),Bhusawal_Samarth_D (Maharashtra),IND452001AAC → IND425201AAA,0.223361777562073
IND796321AAB,IND796009AAA,3,3,4.038461538461538,1.0,525.0,130.0,185.7921,2629.0,62.0,0.5773502691896258,3,3,0.10029589004304826,True,Champhai_AwmpiVng_D (Mizoram),Aizawl_HunthrVg_I (Mizoram),IND796321AAB → IND796009AAA,0.22333165644814756
IND415408AAC,IND416012AAA,9,9,4.36734693877551,1.0,214.0,49.0,54.7734,1607.0,218.0,0.3333333333333333,9,9,0.061306768847158064,True,Shirala_Central_DPP_3 (Maharashtra),Kolhapur_Shivaji_I (Maharashtra),IND415408AAC → IND416012AAA,0.22329832835508046
IND211011AAA,IND212501AAA,13,13,3.7142857142857144,1.0,83.0,23.0,30.4702,910.0,28.0,0.2773500981126146,13,13,0.03471634079086113,True,Allahabad_Central_D_5 (Uttar Pradesh),Soraon_BypassRD_D (Uttar Pradesh),IND211011AAA → IND212501AAA,0.22315296337053925
IND571124AAA,IND570020AAA,11,11,4.137931034482759,1.0,120.0,30.0,38.699600000000004,1242.0,219.0,0.30151134457776363,11,11,0.04738208270576871,True,Tirumakudalu_Narasipr_D (Karnataka),Mysore_Yadvgiri_IP (Karnataka),IND571124AAA → IND570020AAA,0.22309594927422316
IND121102AAA,IND121004AAB,12,12,3.250487329434698,1.0,115.0,32.5,43.695049999999995,1044.0,50.0,0.2886751345948129,12,12,0.039828417346878045,True,Palwal (Haryana),FBD_Balabhgarh_DPC (Haryana),IND121102AAA → IND121004AAB,0.22287292354451607
IND700028AAB,IND712311AAA,11,11,4.2631578947368425,1.0,81.0,17.0,22.7545,1213.0,61.0,0.30151134457776363,11,11,0.046275737779466544,True,CCU_DumDum_DPC (West Bengal),Kolkata_Dankuni_HB (West Bengal),IND700028AAB → IND712311AAA,0.2228679976942829
IND842001AAA,IND843105AAB,20,20,2.8125,1.0,45.0,16.0,23.18675,576.0,55.5,0.22360679774997896,20,20,0.02197429922586375,True,Muzaffrpur_Bbganj_I (Bihar),Dholi_WardNo4_D (Bihar),IND842001AAA → IND843105AAB,0.22258721643835372
IND764071AAB,IND530012AAA,2,2,6.171052631578947,1.0,1582.0,238.5,339.94045,2687.0,2690.5,0.7071067811865475,2,2,0.1025085798956526,True,Pappadahandi_Central_DPP_2 (Orissa),Visakhapatnam_Gajuwaka_IP (Andhra Pradesh),IND764071AAB → IND530012AAA,0.22245422627469474
IND421301AAA,IND421302AAR,15,15,3.8,1.0,36.0,9.0,11.84,458.0,79.0,0.2581988897471611,15,15,0.017472619870565274,True,Mumbai_Kalyan West _Dc (Maharashtra),Mumbai_East_I_21 (Maharashtra),IND421301AAA → IND421302AAR,0.22226672954986115
IND000000AFT,IND410209AAA,40,40,2.142857142857143,0.975,32.0,15.0,18.27915,755.0,21.0,0.15811388300841897,39,39,0.028803117908901273,True,Mumbai_Sanpada_I (Maharashtra),Mumbai_Khandeshwar_Dc (Maharashtra),IND000000AFT → IND410209AAA,0.22218336995066146
IND842001AAA,IND843109AAB,15,15,3.7,1.0,36.0,10.0,14.638300000000001,406.0,71.0,0.2581988897471611,15,15,0.015488828968230351,True,Muzaffrpur_Bbganj_I (Bihar),Kanti_Central_DPP_2 (Bihar),IND842001AAA → IND843109AAB,0.22185798878583035
IND742149AAA,IND742148AAA,14,14,3.0044117647058823,1.0,54.0,20.5,29.18155,566.0,42.0,0.2672612419124244,14,14,0.021592800975414727,True,Murshidabad_Sirjudol_D (West Bengal),Lalgola_KrsprDPP_D (West Bengal),IND742149AAA → IND742148AAA,0.22178231934182258
IND224001AAA,IND224141AAB,13,13,3.3157894736842106,1.0,78.0,24.0,33.9283,733.0,16.0,0.2773500981126146,13,13,0.02796382175791342,True,Faizabad_TrnspNgr_D (Uttar Pradesh),Gosainganj_Pakrela_D (Uttar Pradesh),IND224001AAA → IND224141AAB,0.2217616726929728
IND501359AAE,IND751002AAB,8,8,2.037969517057372,1.0,1487.5,731.5,1056.5466999999999,6321.0,186.0,0.35355339059327373,8,8,0.24114504410882773,True,Hyderabad_Shamshbd_H (Telangana),Bhubaneshwar_Hub (Orissa),IND501359AAE → IND751002AAB,0.22169876931581378
IND175018AAA,IND175001AAA,16,16,2.9333333333333336,1.0,43.5,15.0,22.1319,510.0,20.0,0.25,16,16,0.019456410772900196,True,SundarNgr_Bhogpur_D (Himachal Pradesh),Mandi_PlaceCol_D (Himachal Pradesh),IND175018AAA → IND175001AAA,0.22142259675067358
IND845455AAB,IND842001AAA,17,17,2.3495934959349594,1.0,289.0,123.0,170.0623,3207.0,159.0,0.24253562503633297,17,17,0.12234648891900181,True,Narktiganj_Central_DPP_2 (Bihar),Muzaffrpur_Bbganj_I (Bihar),IND845455AAB → IND842001AAA,0.2213103471193763
IND416404AAA,IND416012AAA,6,6,4.81,1.0,481.0,100.0,138.3589,1855.0,118.5,0.4082482904638631,6,6,0.07076792545829386,True,Jath_Shivprsad_D (Maharashtra),Kolhapur_Shivaji_I (Maharashtra),IND416404AAA → IND416012AAA,0.2212477073835351
IND845401AAA,IND845305AAA,22,22,2.5714285714285716,1.0,90.5,35.0,49.12295,1255.0,42.5,0.21320071635561041,22,22,0.04787803043135244,True,Motihari_RajaBzr_D (Bihar),Raxaul_KairiyaT_D (Bihar),IND845401AAA → IND845305AAA,0.22123918536835072
IND210001AAA,IND210427AAA,10,10,3.921959459459459,1.0,152.0,39.0,54.86675,1161.0,45.5,0.31622776601683794,10,10,0.04429194687713162,True,Banda_GayatriN_D (Uttar Pradesh),Mahoba_Mlkpura_D (Uttar Pradesh),IND210001AAA → IND210427AAA,0.22112592359691874
IND825409AAA,IND000000ACB,14,14,1.534347195515432,1.0,1496.5,970.5,1303.43995,7708.0,58.5,0.2672612419124244,14,14,0.29405885144610727,True,JhumriTlya_RadhaCpx_D (Jharkhand),Gurgaon_Bilaspur_HB (Haryana),IND825409AAA → IND000000ACB,0.22106407033796757
IND796009AAA,IND796321AAB,4,4,5.006857483601669,1.0,648.5,130.0,186.14965,2163.0,259.0,0.5,4,4,0.08251807157212378,True,Aizawl_HunthrVg_I (Mizoram),Champhai_AwmpiVng_D (Mizoram),IND796009AAA → IND796321AAB,0.22100204370382015
IND425508AAB,IND450331AAA,16,16,2.911184210526316,1.0,51.0,16.0,24.0006,545.0,8.5,0.25,16,16,0.020791654649471778,True,Raver_Truptingr_D (Maharashtra),Burhanpur_StRoad_D (Madhya Pradesh),IND425508AAB → IND450331AAA,0.22083847751412233
IND742121AAA,IND742102AAB,12,12,4.023809523809524,1.0,84.5,21.5,25.3622,774.0,28.5,0.2886751345948129,12,12,0.029527964584754415,True,Nowda_AmtlaDPP_D (West Bengal),Berhampore_Central_I_2 (West Bengal),IND742121AAA → IND742102AAB,0.22075061573127916
IND560300AAA,IND560078AAC,16,16,2.7837209302325583,1.0,116.5,42.0,41.1382,1134.0,37.5,0.25,16,16,0.04326190160091926,True,Bengaluru_KGAirprt_HB (Karnataka),BLR_JPNagar_Pc (Karnataka),IND560300AAA → IND560078AAC,0.2205235564884098
IND786181AAC,IND792120AAB,9,9,5.0,1.0,160.0,32.0,47.567,1248.0,29.0,0.3333333333333333,9,9,0.04761098165603813,True,Margherita_CivilHPL_D (Assam),Changlang_Central_D_1 (Arunachal Pradesh),IND786181AAC → IND792120AAB,0.22047644500340619
IND210501AAB,IND209304AAA,16,16,2.589681903234429,1.0,224.0,87.0,115.73825,2069.0,38.5,0.25,16,16,0.07893198801790295,True,Bewar_BndhuTRH_D (Uttar Pradesh),Kanpur_Central_H_6 (Uttar Pradesh),IND210501AAB → IND209304AAA,0.22034565379431492
IND712311AAA,IND712410AAC,9,9,4.51063829787234,1.0,184.0,45.0,48.1983,1229.0,41.0,0.3333333333333333,9,9,0.04688613498018498,True,Kolkata_Dankuni_HB (West Bengal),Tarkeshwar_Naraynpr_D (West Bengal),IND712311AAA → IND712410AAC,0.22032709741654877
IND786181AAC,IND792121AAB,11,11,3.5714285714285716,1.0,100.0,28.0,42.2058,874.0,20.0,0.30151134457776363,11,11,0.03334294708924465,True,Margherita_CivilHPL_D (Assam),Jairampur_Mdiclcly_D (Arunachal Pradesh),IND786181AAC → IND792121AAB,0.22020332232877432
IND412105AAC,IND411017AAA,33,33,2.2666666666666666,1.0,36.0,16.0,18.1881,755.0,27.0,0.17407765595569785,33,33,0.028803117908901273,True,Pune_North_D_3 (Maharashtra),PNQ Rahatani DPC (Maharashtra),IND412105AAC → IND411017AAA,0.2201529922823528
IND798601AAA,IND785001AAA,5,5,3.4347826086956523,1.0,298.0,92.0,134.2265,1879.0,290.0,0.4472135954999579,5,5,0.07168352125937151,True,Mokokchung_Central_D_1 (Nagaland),Jorhat_RicMilRd_D (Assam),IND798601AAA → IND785001AAA,0.2201030236336006
IND635601AAB,IND635802AAB,10,10,3.3495934959349594,1.0,147.5,41.0,47.783500000000004,1021.0,21.0,0.31622776601683794,10,10,0.03895097137084529,True,Tiruppattur_KoilStrt_D (Tamil Nadu),Ambur_Central_D_2 (Tamil Nadu),IND635601AAB → IND635802AAB,0.22002546769375886
IND203390AAA,IND201301AAF,20,20,2.123478701825558,1.0,249.5,116.5,105.1933,3641.0,188.0,0.22360679774997896,20,20,0.13890351298848944,True,Anupshahar_DcntCLY_D (Uttar Pradesh),Noida_Sec 02_DPC (Uttar Pradesh),IND203390AAA → IND201301AAF,0.21995006582010035
IND462022AAA,IND462011AAA,30,30,2.390151515151515,1.0,28.0,12.0,12.7386,624.0,42.0,0.18257418583505536,30,30,0.023805490828019065,True,Bhopal_Trnsport_H (Madhya Pradesh),Bhopal MP Nagar (Madhya Pradesh),IND462022AAA → IND462011AAA,0.21991364047453485
IND583119AAA,IND583101AAA,9,9,4.232558139534884,1.0,182.0,43.0,53.5761,1172.0,54.0,0.3333333333333333,9,9,0.04471159495262555,True,Sandur_WrdN1DPP_D (Karnataka),Bellary_Dc (Karnataka),IND583119AAA → IND583101AAA,0.21987905465597654
IND302006AAA,IND302014AAB,13,13,3.3333333333333335,1.0,54.0,12.0,14.0235,472.0,20.0,0.2773500981126146,13,13,0.018006717421193908,True,Jaipur (Rajasthan),Jaipur_Central_I_7 (Rajasthan),IND302006AAA → IND302014AAB,0.21971010847351047
IND271001AAA,IND271210AAA,1,1,10.0,1.0,2536.0,47.0,70.6945,2489.0,23.0,1.0,1,1,0.09495491453676194,True,Gonda_KotwaliN_D (Uttar Pradesh),Tulsipur_Central_DPP_1 (Uttar Pradesh),IND271001AAA → IND271210AAA,0.21956453387832103
IND712311AAA,IND700053AAA,15,15,2.8,1.0,84.0,29.0,29.5051,1098.0,62.0,0.2581988897471611,15,15,0.041888507899302777,True,Kolkata_Dankuni_HB (West Bengal),CCU_New Alipore_DPC (West Bengal),IND712311AAA → IND700053AAA,0.21953876441750828
IND828111AAA,IND826004AAA,9,9,10.0,1.0,111.0,11.0,13.8589,1124.0,56.0,0.3333333333333333,9,9,0.042880403350470234,True,Dhanbad_Jharia_DC (Jharkhand),Dhanbad_Kalynpur_I (Jharkhand),IND828111AAA → IND826004AAA,0.21950175548917886
IND000000ACB,IND131028AAB,92,92,1.0604998476074368,0.358695652173913,200.0,187.0,132.05444999999997,4773.0,171.5,0.10425720702853739,33,33,0.1820891149393189,False,Gurgaon_Bilaspur_HB (Haryana),Sonipat_Kundli_H (Haryana),IND000000ACB → IND131028AAB,0.2194813543994568
IND603203AAA,IND600044AAD,13,13,3.0,1.0,47.0,17.0,20.6873,429.0,22.0,0.2773500981126146,13,13,0.016366274944263105,True,Chennai_Potheri (Tamil Nadu),Chennai_Chrompet_DPC (Tamil Nadu),IND603203AAA → IND600044AAD,0.2193721113032542
IND000000ACB,IND110037AAK,39,39,1.75,1.0,69.0,38.0,39.2915,2185.0,125.0,0.16012815380508713,39,39,0.08335736772311163,True,Gurgaon_Bilaspur_HB (Haryana),Delhi_Kapshera_L (Delhi),IND000000ACB → IND110037AAK,0.2193502598449243
IND507303AAA,IND507002AAA,18,18,2.5377358490566038,1.0,134.5,53.0,77.7592,1848.0,246.0,0.23570226039551587,18,18,0.07050087668297954,True,Sathupally_VidyaNGR_D (Telangana),Khammam_NSTRoad_I (Telangana),IND507303AAA → IND507002AAA,0.2192600235604005
IND571114AAA,IND570020AAA,8,8,4.1764705882352935,1.0,213.0,51.0,56.667350000000006,1238.0,224.0,0.35355339059327373,8,8,0.04722948340558911,True,HDKote_BegurRD_D (Karnataka),Mysore_Yadvgiri_IP (Karnataka),IND571114AAA → IND570020AAA,0.21906450767699
IND400037AAA,IND400072AAJ,13,13,3.3076923076923075,1.0,42.0,13.0,12.7883,376.0,57.0,0.2773500981126146,13,13,0.01434433421688328,True,Mumbai Antop Hill (Maharashtra),Mumbai_Tejpal_I (Maharashtra),IND400037AAA → IND400072AAJ,0.21895551013991513
IND000000ACT,IND160002AAC,21,21,1.9790575916230366,1.0,383.0,196.0,237.4183,4045.0,78.0,0.2182178902359924,21,21,0.15431604230662999,True,Delhi_Gateway_HB (Delhi),Chandigarh_Mehmdpur_H (Punjab),IND000000ACT → IND160002AAC,0.2188564574057795
IND313001AAB,IND327001AAB,8,8,2.816326530612245,1.0,414.0,148.5,213.24079999999998,2110.0,199.0,0.35355339059327373,8,8,0.08049613084474394,True,Udaipur_Mangri_I (Rajasthan),Banswara_KhandDPP_D (Rajasthan),IND313001AAB → IND327001AAB,0.21879351197515148
IND400016AAB,IND400072AAD,15,15,2.9166666666666665,1.0,35.0,13.0,14.7584,420.0,57.0,0.2581988897471611,15,15,0.016022926518858983,True,Mumbai_MhimWest_C (Maharashtra),Mumbai_Chndivli_PC (Maharashtra),IND400016AAB → IND400072AAD,0.21873527575545665
IND000000ACB,IND122001AAA,57,57,1.59375,0.8596491228070176,59.0,34.0,35.83,1609.0,66.0,0.13245323570650439,49,49,0.06138306849724787,True,Gurgaon_Bilaspur_HB (Haryana),GGN_DPC (Haryana),IND000000ACB → IND122001AAA,0.21872615971026085
IND382430AAB,IND382345AAA,34,34,2.138095238095238,1.0,34.0,16.0,20.05315,1037.0,91.5,0.17149858514250882,34,34,0.03956136857156373,True,Ahmedabad_East_H_1 (Gujarat),Amdavad_East (Gujarat),IND382430AAB → IND382345AAA,0.2187152734915584
IND400705AAA,IND421302AAH,12,12,2.9282407407407405,1.0,76.0,28.5,29.510550000000002,864.0,98.0,0.2886751345948129,12,12,0.03296144883879563,True,Mumbai_Sanpada_CP (Maharashtra),Bhiwandi_Mankoli_GW (Maharashtra),IND400705AAA → IND421302AAH,0.2186742873012087
IND441912AAA,IND441107AAB,11,11,2.8142857142857145,1.0,200.0,77.0,104.156,1588.0,30.0,0.30151134457776363,11,11,0.060581922171304925,True,Bhandara_KaremDPP_D (Maharashtra),Savner_Wagodha_D (Maharashtra),IND441912AAA → IND441107AAB,0.21861121393735278
IND221313AAA,IND211002AAB,6,6,3.2482750862456875,1.0,375.0,113.0,162.8988,1514.0,477.5,0.4082482904638631,6,6,0.05775883511798215,True,Varanasi_Central_H_4 (Uttar Pradesh),Allahabad_Central_H_1 (Uttar Pradesh),IND221313AAA → IND211002AAB,0.21856731121940995
IND211002AAB,IND211011AAA,13,13,4.428571428571429,1.0,31.0,7.0,10.0319,325.0,65.0,0.2773500981126146,13,13,0.012398693139593263,True,Allahabad_Central_H_1 (Uttar Pradesh),Allahabad_Central_D_5 (Uttar Pradesh),IND211002AAB → IND211011AAA,0.21855462977519258
IND580028AAA,IND403726AAA,13,13,2.5073529411764706,1.0,341.0,138.0,183.3701,2755.0,232.0,0.2773500981126146,13,13,0.10510276799870596,True,Hubli_Adargchi_IP (Karnataka),Goa_Hub (Goa),IND580028AAA → IND403726AAA,0.2185440917778948
IND501359AAE,IND533106AAA,12,12,2.215724751439037,1.0,663.5,295.5,427.23815,4357.0,216.5,0.2886751345948129,12,12,0.1662187877206395,True,Hyderabad_Shamshbd_H (Telangana),Rajamundry_AtoNgrRd_I (Andhra Pradesh),IND501359AAE → IND533106AAA,0.2184899556035161
IND243503AAB,IND244901AAB,11,11,2.769230769230769,1.0,183.0,65.0,94.0075,1775.0,379.0,0.30151134457776363,11,11,0.06771593945470165,True,Faridpur_ShjnprRD_D (Uttar Pradesh),Rampur_RoshnBgh_I (Uttar Pradesh),IND243503AAB → IND244901AAB,0.21833328746362915
IND580028AAA,IND580002AAA,9,9,3.4285714285714284,1.0,72.0,21.0,26.3126,972.0,750.0,0.3333333333333333,9,9,0.03708162994364508,True,Hubli_Adargchi_IP (Karnataka),Dharwad_Dc (Karnataka),IND580028AAA → IND580002AAA,0.21830697479431957
IND535001AAA,IND530012AAA,10,10,2.8903225806451616,1.0,190.5,63.5,71.6772,1343.0,62.0,0.31622776601683794,10,10,0.05123521503530385,True,Vizianagaram_NcsRd_DC (Andhra Pradesh),Visakhapatnam_Gajuwaka_IP (Andhra Pradesh),IND535001AAA → IND530012AAA,0.21830178879605439
IND431515AAA,IND431517AAB,14,14,2.933333333333333,1.0,44.0,15.0,21.55975,429.0,25.0,0.2672612419124244,14,14,0.016366274944263105,True,Parli_JirgeNgr_D (Maharashtra),Ambajogai_BnsllNgr_D (Maharashtra),IND431515AAA → IND431517AAB,0.21811923774003583
IND000000ACB,IND302014AAA,30,30,1.6880708294501399,1.0,319.5,186.5,236.00885,3815.0,209.0,0.18257418583505536,30,30,0.14554158254630245,True,Gurgaon_Bilaspur_HB (Haryana),Jaipur_Hub (Rajasthan),IND000000ACB → IND302014AAA,0.21776028599782196
IND144001AAB,IND000000ACA,23,23,2.3620689655172415,1.0,122.0,52.0,75.6466,1673.0,18.0,0.20851441405707477,23,23,0.06382465730012163,True,Jalandhar_DPC (Punjab),Ludhiana_MilrGanj_HB (Punjab),IND144001AAB → IND000000ACA,0.2177364567625386
IND211002AAB,IND485001AAC,13,13,2.511627906976744,1.0,329.0,131.0,185.414,2631.0,121.0,0.2773500981126146,13,13,0.10037218969313808,True,Allahabad_Central_H_1 (Uttar Pradesh),Satna_Central_I_2 (Madhya Pradesh),IND211002AAB → IND485001AAC,0.21773524145419532
IND641011AAA,IND641062AAD,9,9,4.0,1.0,150.0,35.0,33.6853,884.0,30.0,0.3333333333333333,9,9,0.033724445339693675,True,Cjb_West_Dc (Tamil Nadu),Coimbatore_Karayam_H (Tamil Nadu),IND641011AAA → IND641062AAD,0.2176152596551905
IND804420AAA,IND803101AAA,11,11,2.918918918918919,1.0,108.0,38.0,55.2678,923.0,44.0,0.30151134457776363,11,11,0.03521228851644487,True,Jehanabad_Madarpur_D (Bihar),BiharSarif_Soghra_D (Bihar),IND804420AAA → IND803101AAA,0.21744309512880383
IND411033AAA,IND000000AAL,17,17,2.7037037037037037,1.0,71.0,28.0,26.2768,963.0,55.0,0.24253562503633297,17,17,0.036738281518240955,True,Pune_Tathawde_H (Maharashtra),Pune_PC (Maharashtra),IND411033AAA → IND000000AAL,0.21740864499364843
IND600056AAB,IND600116AAB,22,22,2.4537037037037037,1.0,63.5,26.0,31.01705,1322.0,67.0,0.21320071635561041,22,22,0.050434068709360895,True,MAA_Poonamallee_HB (Tamil Nadu),Chennai_Porur_DPC (Tamil Nadu),IND600056AAB → IND600116AAB,0.21719891914992043
IND500008AAC,IND501359AAE,13,13,2.689655172413793,1.0,78.0,22.0,24.6676,1654.0,54.0,0.2773500981126146,13,13,0.06309981062426848,True,Hyderabad_Tolichwk_I (Telangana),Hyderabad_Shamshbd_H (Telangana),IND500008AAC → IND501359AAE,0.2169618614547141
IND515201AAA,IND515301AAA,14,14,2.8797619047619047,1.0,59.0,21.0,31.11125,535.0,19.5,0.2672612419124244,14,14,0.020410156399022755,True,Hindupur_Parigi_D (Andhra Pradesh),Madakasira_RTCStand_D (Andhra Pradesh),IND515201AAA → IND515301AAA,0.21687423809627068
IND208017AAA,IND209304AAA,6,6,10.0,1.0,242.0,21.5,25.592750000000002,1285.0,231.5,0.4082482904638631,6,6,0.049022525182699506,True,Kanpur_Central_D_5 (Uttar Pradesh),Kanpur_Central_H_6 (Uttar Pradesh),IND208017AAA → IND209304AAA,0.21676727977781274
IND713148AAA,IND713128AAB,17,17,2.6666666666666665,1.0,95.0,35.0,40.8599,1048.0,18.0,0.24253562503633297,17,17,0.03998101664705766,True,Panagarh_Central_D_1 (West Bengal),Guskhara_Itachnda_D (West Bengal),IND713148AAA → IND713128AAB,0.21663999732565725
IND121004AAB,IND000000ACB,34,34,1.8152096659559347,1.0,118.5,63.0,65.1463,2327.0,23.5,0.17149858514250882,34,34,0.08877464287948776,True,FBD_Balabhgarh_DPC (Haryana),Gurgaon_Bilaspur_HB (Haryana),IND121004AAB → IND000000ACB,0.21632945519729013
IND609602AAA,IND611001AAA,11,11,3.111111111111111,1.0,51.0,16.0,21.607,374.0,11.0,0.30151134457776363,11,11,0.014268034566793477,True,Karaikal_Thalthru_DC (Pondicherry),Nagapttinm_Sttyapar_D (Tamil Nadu),IND609602AAA → IND611001AAA,0.2162731226746319
IND742102AAB,IND731237AAB,11,11,2.933333333333333,1.0,87.0,29.0,42.227199999999996,689.0,60.0,0.30151134457776363,11,11,0.026285229455937715,True,Berhampore_Central_I_2 (West Bengal),Morgram_Kntgorya_D (West Bengal),IND742102AAB → IND731237AAB,0.2161629415601899
IND713205AAB,IND722143AAB,9,9,3.5714285714285716,1.0,93.0,25.0,32.4446,698.0,57.0,0.3333333333333333,9,9,0.026628577881341837,True,Durgapur_Central_I_1 (West Bengal),Mejia_Central_D_1 (West Bengal),IND713205AAB → IND722143AAB,0.2161532253838495
IND000000ACB,IND462022AAA,18,18,1.512555210921724,1.0,1090.5,720.0,772.1985500000001,6495.0,167.0,0.23570226039551587,18,18,0.24778311366664071,True,Gurgaon_Bilaspur_HB (Haryana),Bhopal_Trnsport_H (Madhya Pradesh),IND000000ACB → IND462022AAA,0.2160173605976644
IND221313AAA,IND232101AAB,3,3,10.0,1.0,632.0,40.0,45.8171,1694.0,78.0,0.5773502691896258,3,3,0.06462580362606457,True,Varanasi_Central_H_4 (Uttar Pradesh),MughalSarai_Central_D_2 (Uttar Pradesh),IND221313AAA → IND232101AAB,0.21598218309490125
IND110037AAM,IND110020AAB,9,9,3.4615384615384617,1.0,90.0,25.0,26.8073,674.0,88.0,0.3333333333333333,9,9,0.025712982080264183,True,Delhi_Airport_H (Delhi),OK_RPC (Delhi),IND110037AAM → IND110020AAB,0.21596457580045067
IND396232AAA,IND396191AAC,15,15,2.8333333333333335,1.0,49.0,18.0,24.859900000000003,470.0,20.0,0.2581988897471611,15,15,0.0179304177711041,True,Silvassa_Samrvrni_D (Dadra and Nagar Haveli),Vapi_IndEstat_I (Gujarat),IND396232AAA → IND396191AAC,0.21589553710018125
IND110037AAM,IND110035AAC,36,36,2.1979949874686717,0.8888888888888888,46.0,21.0,19.8427,1447.0,96.5,0.16666666666666666,32,32,0.055202796839973686,True,Delhi_Airport_H (Delhi),Delhi_North_R_8 (Delhi),IND110037AAM → IND110035AAC,0.21581728993748017
IND732202AAA,IND732204AAB,11,11,3.066666666666667,1.0,43.0,14.0,20.4319,315.0,25.0,0.30151134457776363,11,11,0.01201719488914424,True,Manikchak_Enayetpr_D (West Bengal),Paranpur_Nijgan_D (West Bengal),IND732202AAA → IND732204AAB,0.21580935911544308
IND713128AAB,IND731204AAB,13,13,2.888888888888889,1.0,56.0,18.0,24.96,518.0,30.0,0.2773500981126146,13,13,0.019761609373259416,True,Guskhara_Itachnda_D (West Bengal),Bolpur_WebelDPP_D (West Bengal),IND713128AAB → IND731204AAB,0.21576134201410535
IND560067AAC,IND562114AAA,20,20,2.675,1.0,26.0,10.5,12.903099999999998,370.0,25.5,0.22360679774997896,20,20,0.014115435266613867,True,Bengaluru_Kadugodi_D (Karnataka),Hoskote_DC (Karnataka),IND560067AAC → IND562114AAA,0.2156339224567091
IND181201AAB,IND181152AAB,8,8,4.524193548387097,1.0,122.0,23.0,30.96545,797.0,96.0,0.35355339059327373,8,8,0.030405410560787167,True,Akhnoor_ThthiCwk_D (Jammu & Kashmir),Jammu_Central_I_1 (Jammu & Kashmir),IND181201AAB → IND181152AAB,0.21559807158203637
IND110030AAD,IND000000ACB,7,7,3.0638297872340425,1.0,146.0,47.0,50.3414,949.0,27.0,0.3779644730092272,7,7,0.036204183967612324,True,Delhi_Kishangarh_DPC (Delhi),Gurgaon_Bilaspur_HB (Haryana),IND110030AAD → IND000000ACB,0.21545951894356236
IND221010AAB,IND233001AAA,3,3,10.0,1.0,628.0,56.0,79.3323,1614.0,133.0,0.5773502691896258,3,3,0.06157381762247238,True,Varanasi_MahmurGj_IP (Uttar Pradesh),Ghazipur_Kaithwal_D (Uttar Pradesh),IND221010AAB → IND233001AAA,0.21535335115023846
IND110014AAA,IND110024AAA,11,11,3.272727272727273,1.0,29.0,11.0,11.5411,248.0,33.0,0.30151134457776363,11,11,0.009461156611135781,True,Delhi_Bhogal (Delhi),Delhi_Lajpat_IP (Delhi),IND110014AAA → IND110024AAA,0.21528271236178798
IND000000AAL,IND411033AAA,18,18,2.5968169761273208,1.0,74.5,28.5,28.4661,1045.0,87.5,0.23570226039551587,18,18,0.03986656717192295,True,Pune_PC (Maharashtra),Pune_Tathawde_H (Maharashtra),IND000000AAL → IND411033AAA,0.21524006319014283
IND424304AAC,IND424006AAA,2,2,10.0,1.0,926.0,41.5,56.7526,1769.0,13.5,0.7071067811865475,2,2,0.06748704050443224,True,Sakri_DhuleRoad_D (Maharashtra),Dhule_MIDCAvdn_I (Maharashtra),IND424304AAC → IND424006AAA,0.21523837970968926
IND273014AAB,IND274001AAA,16,16,2.6316489361702127,1.0,125.0,47.0,56.463849999999994,1211.0,72.5,0.25,16,16,0.046199438129376734,True,Gorakhpur_Matriprm_IP (Uttar Pradesh),Deoria_CCRoad_D (Uttar Pradesh),IND273014AAB → IND274001AAA,0.21522946263790158
IND843301AAA,IND843320AAA,20,20,2.6,1.0,64.5,25.0,28.1194,678.0,49.5,0.22360679774997896,20,20,0.02586558138044379,True,Sitamari_Durma_D (Bihar),Pupri_SngihiRD_D (Bihar),IND843301AAA → IND843320AAA,0.21514544268504013
IND700088AAA,IND712311AAA,9,9,3.5555555555555554,1.0,96.0,28.0,29.6182,562.0,253.0,0.3333333333333333,9,9,0.021440201675235117,True,Kolkata_TrtllaRD_L (West Bengal),Kolkata_Dankuni_HB (West Bengal),IND700088AAA → IND712311AAA,0.21508421107792278
IND841424AAA,IND841428AAA,6,6,3.7093240093240096,1.0,244.0,67.5,97.31195,1060.0,34.0,0.4082482904638631,6,6,0.040438814547596486,True,Chhapra_Prbhunth_D (Bihar),Gopalganj_GopalDPP_D (Bihar),IND841424AAA → IND841428AAA,0.21499868993344862
IND788806AAA,IND788026AAC,9,9,3.75,1.0,63.0,16.0,23.4921,538.0,118.0,0.3333333333333333,9,9,0.020524605874157463,True,Badarpur_Konapara_D (Assam),Silchar_Sirikona_H (Assam),IND788806AAA → IND788026AAC,0.21489556149452393
IND331304AAA,IND332001AAB,4,4,4.104020979020979,1.0,441.0,112.0,142.7347,1374.0,46.5,0.5,4,4,0.05241785961169582,True,Taranagar_RajRdDPP_D (Rajasthan),Sikar_FatehpRd_I (Rajasthan),IND331304AAA → IND332001AAB,0.21480018864958342
IND641062AAD,IND643231AAA,15,15,2.611111111111111,1.0,146.0,57.0,70.32820000000001,1417.0,103.0,0.2581988897471611,15,15,0.05405830208862662,True,Coimbatore_Karayam_H (Tamil Nadu),Coonoor_Fairybnk_D (Tamil Nadu),IND641062AAD → IND643231AAA,0.21471864558995457
IND208019AAA,IND209304AAA,6,6,8.358455882352942,1.0,187.0,17.0,17.978099999999998,1022.0,35.5,0.4082482904638631,6,6,0.038989121195890195,True,Kanpur_Rawatpur_D (Uttar Pradesh),Kanpur_Central_H_6 (Uttar Pradesh),IND208019AAA → IND209304AAA,0.2146999947597338
IND825301AAA,IND825409AAA,14,14,2.735237483953787,1.0,109.5,40.0,58.414,969.0,64.0,0.2672612419124244,14,14,0.03696718046851037,True,Hazaribag_BodomBzr_DC (Jharkhand),JhumriTlya_RadhaCpx_D (Jharkhand),IND825301AAA → IND825409AAA,0.21467910058885487
IND000000AFT,IND410210AAA,13,13,2.875,1.0,46.0,16.0,17.6222,420.0,31.0,0.2773500981126146,13,13,0.016022926518858983,True,Mumbai_Sanpada_I (Maharashtra),Mumbai_Kharghar_D (Maharashtra),IND000000AFT → IND410210AAA,0.21445222977844516
IND421302AAG,IND400701AAB,22,22,2.450657894736842,1.0,52.0,21.0,22.76595,985.0,278.5,0.21320071635561041,22,22,0.037577577669228805,True,Bhiwandi_Mankoli_HB (Maharashtra),Mumbai_Pawane_L (Maharashtra),IND421302AAG → IND400701AAB,0.21443180820069327
IND370001AAA,IND370110AAA,5,4,6.033333333333333,1.0,181.0,28.0,40.453900000000004,1157.0,22.0,0.4472135954999579,5,4,0.04413934757695201,True,Bhuj_DC (Gujarat),Anjar_DC (Gujarat),IND370001AAA → IND370110AAA,0.2144278153330189
IND000000ACB,IND474003AAA,2,2,4.109434237386994,1.0,1134.5,316.0,354.3193,1637.0,236.5,0.7071067811865475,2,2,0.062451263598505134,True,Gurgaon_Bilaspur_HB (Haryana),Gwalior_HrihrNgr_I (Madhya Pradesh),IND000000ACB → IND474003AAA,0.21420080700099567
IND421302AAF,IND421302AAR,12,12,2.9444444444444446,1.0,26.5,9.0,11.6787,214.0,76.0,0.2886751345948129,12,12,0.008164062559609102,True,Mumbai_Kalyan (Maharashtra),Mumbai_East_I_21 (Maharashtra),IND421302AAF → IND421302AAR,0.21419361970484654
IND700053AAA,IND712311AAA,6,6,7.261853448275862,1.0,219.0,29.0,29.3951,952.0,87.5,0.4082482904638631,6,6,0.03631863344274703,True,CCU_New Alipore_DPC (West Bengal),Kolkata_Dankuni_HB (West Bengal),IND700053AAA → IND712311AAA,0.21414976680815387
IND562132AAA,IND560083AAB,50,50,1.4535714285714285,0.94,60.0,40.0,39.628299999999996,1855.0,192.0,0.1414213562373095,47,47,0.07076792545829386,True,Bangalore_Nelmngla_H (Karnataka),Bengaluru_Bnnrghta_L (Karnataka),IND562132AAA → IND560083AAB,0.21392361050340375
IND283122AAB,IND282005AAA,3,3,10.0,1.0,401.0,23.0,29.502,1432.0,838.0,0.5773502691896258,3,3,0.054630549464300154,True,Kirauli_AchneraRD_D (Uttar Pradesh),Agra (Uttar Pradesh),IND283122AAB → IND282005AAA,0.2139227584761306
IND743347AAA,IND700053AAA,6,6,3.130701754385965,1.0,224.5,77.0,87.1148,923.0,43.0,0.4082482904638631,6,6,0.03521228851644487,True,Kakdwip_KlngrDPP_D (West Bengal),CCU_New Alipore_DPC (West Bengal),IND743347AAA → IND700053AAA,0.2139218152282136
IND532001AAB,IND532421AAA,20,20,2.5681818181818183,1.0,54.0,20.0,28.3382,679.0,27.5,0.22360679774997896,20,20,0.02590373120548869,True,Srikakulam_Kuslpram_I (Andhra Pradesh),Narasnpeta_HudcoDPP_D (Andhra Pradesh),IND532001AAB → IND532421AAA,0.21391897706553967
IND785634AAA,IND785001AAA,3,3,10.0,1.0,468.0,16.0,19.7611,1415.0,364.0,0.5773502691896258,3,3,0.05398200243853682,True,Mariani_Mainroad_D (Assam),Jorhat_RicMilRd_D (Assam),IND785634AAA → IND785001AAA,0.21378913168788977
IND321001AAA,IND301001AAB,3,3,4.45925925925926,1.0,602.0,135.0,173.1166,1413.0,191.0,0.5773502691896258,3,3,0.053905702788447016,True,Bharatpur_DC (Rajasthan),Alwar_Central_I_1 (Rajasthan),IND321001AAA → IND301001AAB,0.21377341088927318
IND562114AAA,IND560048AAB,9,9,3.0,1.0,49.0,19.0,21.514599999999998,393.0,9.0,0.3333333333333333,9,9,0.014992881242646621,True,Hoskote_DC (Karnataka),Bengaluru_Hoodi_IP (Karnataka),IND562114AAA → IND560048AAB,0.21375580359482263
IND712311AAA,IND421302AAG,5,5,1.7412823397075365,1.0,3096.0,1778.0,2407.3086,7282.0,521.0,0.4472135954999579,5,5,0.27780702597697887,True,Kolkata_Dankuni_HB (West Bengal),Bhiwandi_Mankoli_HB (Maharashtra),IND712311AAA → IND421302AAG,0.2137431966883664
IND134102AAA,IND174103AAA,16,16,2.75,1.0,38.5,14.0,19.85415,437.0,33.0,0.25,16,16,0.016671473544622326,True,Kalka_Pinjore_DC (Haryana),Baddi_ByePass_D (Himachal Pradesh),IND134102AAA → IND174103AAA,0.21373671863565152
IND382430AAB,IND380005AAA,36,36,1.9284802043422733,1.0,51.0,23.0,27.595,1075.0,69.0,0.16666666666666666,36,36,0.04101106192327002,True,Ahmedabad_East_H_1 (Gujarat),Amd_Chandkheda_Dc (Gujarat),IND382430AAB → IND380005AAA,0.2135490176432473
IND321022AAA,IND121004AAB,9,9,2.7710843373493974,1.0,264.0,84.0,110.2855,1482.0,31.0,0.3333333333333333,9,9,0.05653804071654527,True,Kaman_BsstdDPP_D (Rajasthan),FBD_Balabhgarh_DPC (Haryana),IND321022AAA → IND121004AAB,0.2134354294594094
IND600044AAD,IND600048AAA,14,14,3.171794871794872,0.9285714285714286,45.0,13.0,13.343499999999999,399.0,34.5,0.2672612419124244,13,13,0.015221780192916035,True,Chennai_Chrompet_DPC (Tamil Nadu),Chennai_Vandalur_Dc (Tamil Nadu),IND600044AAD → IND600048AAA,0.21332677551448187
IND209304AAA,IND209101AAA,16,16,3.0,0.875,56.0,14.0,20.87515,730.0,80.0,0.25,14,14,0.027849372282778707,True,Kanpur_Central_H_6 (Uttar Pradesh),Akbarpur_NehruNGR_D (Uttar Pradesh),IND209304AAA → IND209101AAA,0.21323809149504797
IND501359AAG,IND000000ACN,11,11,2.8947368421052633,1.0,55.0,19.0,23.5479,500.0,83.0,0.30151134457776363,11,11,0.019074912522451172,True,Hyderabad_South_R_11 (Telangana),Hyderabad_Mhdiptnm_C (Telangana),IND501359AAG → IND000000ACN,0.21318004841397306
IND249407AAA,IND246149AAA,18,18,2.4140804597701147,1.0,142.5,58.5,75.96039999999999,1680.0,38.0,0.23570226039551587,18,18,0.06409170607543593,True,Haridwar (Uttarakhand),Kotdwara_Nzbadrd_D (Uttarakhand),IND249407AAA → IND246149AAA,0.21314250016808106
IND741126AAB,IND741156AAA,20,20,2.583333333333333,1.0,40.0,16.0,23.7068,503.0,26.5,0.22360679774997896,20,20,0.01918936199758588,True,Nakashipara_MaxDPP_D (West Bengal),Plassey_BtaiRoad_D (West Bengal),IND741126AAB → IND741156AAA,0.21312332108195234
IND732103AAB,IND732202AAA,8,8,4.352941176470588,1.0,75.0,17.0,23.7833,480.0,37.0,0.35355339059327373,8,8,0.018311916021553125,True,Malda_Central_I_3 (West Bengal),Manikchak_Enayetpr_D (West Bengal),IND732103AAB → IND732202AAA,0.21310632500131008
IND411014AAA,IND411043AAA,7,7,4.1,1.0,82.0,17.0,16.8461,632.0,30.0,0.3779644730092272,7,7,0.024110689428378282,True,PNQ Vadgaon Sheri DPC (Maharashtra),Pune Balaji Nagar (Maharashtra),IND411014AAA → IND411043AAA,0.21296777236283604
IND842001AAA,IND854326AAB,19,19,1.949748743718593,1.0,388.0,201.0,293.43,3773.0,102.0,0.22941573387056174,19,19,0.14393928989441654,True,Muzaffrpur_Bbganj_I (Bihar),Purnia_Central_H_2 (Bihar),IND842001AAA → IND854326AAB,0.21291478095855249
IND532001AAB,IND530012AAA,22,22,2.1462144875799494,1.0,175.5,81.0,115.92325,2266.0,136.0,0.21320071635561041,22,22,0.08644750355174871,True,Srikakulam_Kuslpram_I (Andhra Pradesh),Visakhapatnam_Gajuwaka_IP (Andhra Pradesh),IND532001AAB → IND530012AAA,0.21269067512662326
IND781124AAA,IND781018AAB,6,6,4.938172043010753,1.0,150.5,30.0,32.3827,765.0,26.0,0.4082482904638631,6,6,0.02918461615935029,True,Chhaygaon_GwhRDDPP_D (Assam),Guwahati_Hub (Assam),IND781124AAA → IND781018AAB,0.2126798721375046
IND632006AAA,IND632402AAA,8,8,2.9523809523809526,1.0,62.0,21.5,23.6773,657.0,222.0,0.35355339059327373,8,8,0.02506443505450084,True,Vellore_GndhiNgr_IP (Tamil Nadu),Ranipet_MBTRd_DC (Tamil Nadu),IND632006AAA → IND632402AAA,0.2126503250384824
IND221313AAA,IND276128AAA,2,2,7.360596546310832,1.0,831.0,114.0,128.3955,1434.0,66.5,0.7071067811865475,2,2,0.05470684911438996,True,Varanasi_Central_H_4 (Uttar Pradesh),Azamgarh_ChtwrDPP_D (Uttar Pradesh),IND221313AAA → IND276128AAA,0.21260514594141383
IND530012AAA,IND501359AAE,10,10,2.0757142857142856,1.0,877.0,427.5,608.0269499999999,4634.0,71.0,0.31622776601683794,10,10,0.17678628925807746,True,Visakhapatnam_Gajuwaka_IP (Andhra Pradesh),Hyderabad_Shamshbd_H (Telangana),IND530012AAA → IND501359AAE,0.2125691790645428
IND389151AAA,IND457661AAA,11,11,2.8484848484848486,1.0,92.0,32.0,43.518699999999995,638.0,30.0,0.30151134457776363,11,11,0.024339588378647695,True,Dahod_DC (Gujarat),Jhabua_Ward11_D (Madhya Pradesh),IND389151AAA → IND457661AAA,0.21247052514531062
IND631501AAA,IND600056AAB,1,1,10.0,1.0,1649.0,74.0,95.9113,1575.0,638.0,1.0,1,1,0.060085974445721196,True,Kanchipuram_DC (Tamil Nadu),MAA_Poonamallee_HB (Tamil Nadu),IND631501AAA → IND600056AAB,0.21238012891054867
IND411014AAA,IND411048AAA,6,6,7.6,1.0,118.0,17.0,15.2861,724.0,47.5,0.4082482904638631,6,6,0.027620473332509297,True,PNQ Vadgaon Sheri DPC (Maharashtra),Pune_East_D_8 (Maharashtra),IND411014AAA → IND411048AAA,0.2123575957658649
IND311301AAA,IND305624AAA,6,6,4.495989304812834,1.0,150.5,32.5,46.2675,706.0,19.5,0.4082482904638631,6,6,0.026933776481701054,True,Asind_BsStdDPP_D (Rajasthan),Bijainagar_Central_DPP_1 (Rajasthan),IND311301AAA → IND305624AAA,0.2122161085783158
IND000000ACB,IND110064AAA,48,48,1.5705049261083743,0.8958333333333334,95.5,60.0,59.407650000000004,1955.0,106.5,0.14433756729740646,43,43,0.07458290796278408,True,Gurgaon_Bilaspur_HB (Haryana),Delhi_Mayapuri_PC (Delhi),IND000000ACB → IND110064AAA,0.21216253036741833
IND842001AAA,IND847212AAA,22,22,2.167449139280125,1.0,160.0,71.0,96.6565,2091.0,91.5,0.21320071635561041,22,22,0.0797712841688908,True,Muzaffrpur_Bbganj_I (Bihar),Madhubani_Bardivan_D (Bihar),IND842001AAA → IND847212AAA,0.21213886328776643
IND802101AAA,IND802119AAA,14,14,2.7916666666666665,1.0,34.0,13.0,18.3401,355.0,31.0,0.2672612419124244,14,14,0.013543187890940334,True,Buxar_Sarswati_D (Bihar),Dumraon_Nishangr_D (Bihar),IND802101AAA → IND802119AAA,0.21204187853605033
IND400102AAC,IND400052AAA,8,8,4.007142857142857,1.0,47.0,11.0,11.0486,337.0,45.0,0.35355339059327373,8,8,0.012856491040132091,True,Mumbai_Jogshwri_I (Maharashtra),Mumbai_Khar West _Dc (Maharashtra),IND400102AAC → IND400052AAA,0.21198228790022533
IND301019AAA,IND301705AAA,6,6,3.3478260869565215,1.0,156.0,46.0,55.1344,665.0,32.5,0.4082482904638631,6,6,0.02536963365486006,True,Bhiwadi DC (Rajasthan),Neemrana_Rcocmplx_D (Rajasthan),IND301019AAA → IND301705AAA,0.21189383220667612
IND421401AAC,IND421601AAB,11,11,2.888888888888889,1.0,48.0,17.0,26.2065,359.0,27.0,0.30151134457776363,11,11,0.01369578719111994,True,Murbad_SnkunDPP_D (Maharashtra),Asangaon_Shahapur_D (Maharashtra),IND421401AAC → IND421601AAB,0.2118448718574214
IND843329AAB,IND843301AAA,13,13,2.789473684210526,1.0,53.0,19.0,26.5904,508.0,26.0,0.2773500981126146,13,13,0.019380111122810392,True,Sheohar_Ward9DPP_D (Bihar),Sitamari_Durma_D (Bihar),IND843329AAB → IND843301AAA,0.21182611370160326
IND132103AAB,IND131028AAB,6,6,3.160858585858586,1.0,141.0,44.5,58.9859,656.0,137.5,0.4082482904638631,6,6,0.025026285229455936,True,Panipat_PC (Haryana),Sonipat_Kundli_H (Haryana),IND132103AAB → IND131028AAB,0.21182308861290156
IND570020AAA,IND571301AAA,9,9,2.95,1.0,62.0,25.0,28.3681,383.0,62.0,0.3333333333333333,9,9,0.014611382992197596,True,Mysore_Yadvgiri_IP (Karnataka),Nanjangud_RPRoad_D (Karnataka),IND570020AAA → IND571301AAA,0.211737544429326
IND211002AAB,IND211013AAA,7,7,5.428571428571429,1.0,74.0,14.0,20.5758,448.0,61.0,0.3779644730092272,7,7,0.01709112162011625,True,Allahabad_Central_H_1 (Uttar Pradesh),Allahabad_Phaphamu_DC (Uttar Pradesh),IND211002AAB → IND211013AAA,0.21152145889011165
IND562114AAA,IND560067AAC,8,8,3.6222222222222222,1.0,35.5,10.0,11.4293,273.0,56.0,0.35355339059327373,8,8,0.01041490223725834,True,Hoskote_DC (Karnataka),Bengaluru_Kadugodi_D (Karnataka),IND562114AAA → IND560067AAC,0.21147922234449512
IND245304AAA,IND201007AAA,13,13,2.727272727272727,1.0,90.0,34.0,31.938299999999998,753.0,30.0,0.2773500981126146,13,13,0.028726818258811463,True,Pilkhuwa_HapurRD_D (Uttar Pradesh),GZB_Mohan_Nagar_DPC (Uttar Pradesh),IND245304AAA → IND201007AAA,0.21133894337506326
IND788713AAA,IND788806AAA,10,10,2.9230769230769234,1.0,38.0,13.0,19.651049999999998,277.0,50.0,0.31622776601683794,10,10,0.01056750153743795,True,Karimganj_Alngjuri_D (Assam),Badarpur_Konapara_D (Assam),IND788713AAA → IND788806AAA,0.21119324572775833
IND122004AAA,IND122413AAE,43,43,1.7027027027027026,0.9534883720930233,60.0,35.0,37.0934,1284.0,41.0,0.15249857033260467,41,41,0.04898437535765461,True,Gurgaon_Begumpur_CP (Haryana),Gurgaon_Bilaspur_P (Haryana),IND122004AAA → IND122413AAE,0.21111540166391735
IND631501AAA,IND631003AAA,10,10,2.88,1.0,70.5,25.0,28.60865,475.0,42.5,0.31622776601683794,10,10,0.018121166896328613,True,Kanchipuram_DC (Tamil Nadu),Arakkonam_HousngBd_D (Tamil Nadu),IND631501AAA → IND631003AAA,0.2110785172576422
IND842001AAA,IND846004AAA,22,22,2.25765306122449,1.0,109.0,49.0,68.38300000000001,1507.0,119.5,0.21320071635561041,22,22,0.057491786342667835,True,Muzaffrpur_Bbganj_I (Bihar),Darbhanga (Bihar),IND842001AAA → IND846004AAA,0.21104768016715603
IND403726AAA,IND411033AAA,14,14,1.7982693407221708,1.0,757.0,414.5,515.5548,5127.0,92.5,0.2672612419124244,14,14,0.19559415300521432,True,Goa_Hub (Goa),Pune_Tathawde_H (Maharashtra),IND403726AAA → IND411033AAA,0.21101473880458024
IND691551AAA,IND691001AAB,20,20,2.179365079365079,1.0,97.0,44.0,43.9059,2226.0,620.5,0.22360679774997896,20,20,0.08492151054995262,True,Adoor_Town_D (Kerala),Kollam_Central_H_1 (Kerala),IND691551AAA → IND691001AAB,0.2109956068241173
IND842003AAB,IND482002AAA,4,4,10.0,1.0,185.5,8.0,10.4497,881.0,257.0,0.5,4,4,0.03360999586455896,True,Jabalpur_Adhartal_IP (Madhya Pradesh),Jabalpur (Madhya Pradesh),IND842003AAB → IND482002AAA,0.21092501179059897
IND516101AAA,IND516115AAA,18,18,2.5445134575569357,1.0,63.0,24.0,36.10415,750.0,17.0,0.23570226039551587,18,18,0.028612368783676758,True,Koduru_MGRoad_D (Andhra Pradesh),Rajampet_RSRoad_D (Andhra Pradesh),IND516101AAA → IND516115AAA,0.21089222958758905
IND246149AAA,IND249407AAA,15,15,2.4761904761904763,1.0,155.0,62.0,65.8732,1582.0,458.0,0.2581988897471611,15,15,0.060353023221035515,True,Kotdwara_Nzbadrd_D (Uttarakhand),Haridwar (Uttarakhand),IND246149AAA → IND249407AAA,0.21078162132803835
IND742121AAA,IND742101AAC,6,6,3.6818181818181817,1.0,73.5,21.5,25.13555,521.0,27.0,0.4082482904638631,6,6,0.01987605884839412,True,Nowda_AmtlaDPP_D (West Bengal),Baharampur_Chuanpur_I (West Bengal),IND742121AAA → IND742101AAC,0.21076193470628307
IND741123AAB,IND741126AAB,18,18,2.5161290322580645,1.0,78.0,31.0,43.6723,872.0,23.5,0.23570226039551587,18,18,0.03326664743915485,True,Chapra_NagarDPP_D (West Bengal),Nakashipara_MaxDPP_D (West Bengal),IND741123AAB → IND741126AAB,0.2107500783562608
IND508207AAB,IND507002AAA,5,5,3.046875,1.0,195.0,64.0,88.8681,688.0,418.0,0.4472135954999579,5,5,0.026247079630892813,True,Miryalguda_Ragvendr_D (Telangana),Khammam_NSTRoad_I (Telangana),IND508207AAB → IND507002AAA,0.21074128805743333
IND500055AAC,IND501401AAC,17,17,2.6666666666666665,1.0,27.0,10.0,15.667100000000001,293.0,30.0,0.24253562503633297,17,17,0.011177898738156387,True,Hyderabad_North_D_2 (Telangana),Medchal_MROoffce_D (Telangana),IND500055AAC → IND501401AAC,0.21070539584790218
IND411033AAA,IND413002AAA,27,27,1.597457627118644,1.0,375.0,234.0,309.3804,3871.0,128.0,0.19245008972987526,27,27,0.14767797274881697,True,Pune_Tathawde_H (Maharashtra),Solapur_Central_I_2 (Maharashtra),IND411033AAA → IND413002AAA,0.21068530102726063
IND492001AAB,IND492007AAA,8,8,3.0,1.0,32.0,10.0,11.08955,171.0,225.0,0.35355339059327373,8,8,0.0065236200826783,True,Raipur_Katora_IP (Chhattisgarh),Raipur_Central_D_5 (Chhattisgarh),IND492001AAB → IND492007AAA,0.21067746161505005
IND395006AAA,IND395023AAD,3,3,9.733333333333333,1.0,146.0,15.0,14.9404,984.0,49.0,0.5773502691896258,3,3,0.037539427844183904,True,Surat_Varachha_DC (Gujarat),Surat_Central_I_4 (Gujarat),IND395006AAA → IND395023AAD,0.210401299586019
IND403401AAA,IND403726AAB,3,3,7.862068965517241,1.0,361.0,31.0,27.1171,970.0,213.0,0.5773502691896258,3,3,0.03700533029355527,True,Goa_Ponda_Dc (Goa),Goa_ZuariNgr_IP (Goa),IND403401AAA → IND403726AAB,0.21029125399570298
IND110044AAB,IND131028AAB,40,40,1.6602564102564101,0.975,86.0,55.0,49.42755,1622.0,90.5,0.15811388300841897,39,39,0.061879016222831595,True,Del_Okhla_PC (Delhi),Sonipat_Kundli_H (Haryana),IND110044AAB → IND131028AAB,0.2102767560069505
IND421302AAG,IND395023AAA,11,11,2.308108108108108,1.0,428.0,185.0,253.5541,2996.0,152.0,0.30151134457776363,11,11,0.11429687583452743,True,Bhiwandi_Mankoli_HB (Maharashtra),Surat_HUB (Gujarat),IND421302AAG → IND395023AAA,0.2100424559237693
IND671315AAA,IND575004AAB,2,2,8.01923076923077,1.0,625.5,78.0,80.5539,1095.0,199.0,0.7071067811865475,2,2,0.04177405842416807,True,Kanhangad_Arangadi_D (Kerala),Mangalore_Kuntikna_H (Karnataka),IND671315AAA → IND575004AAB,0.20994047057590526
IND786125AAA,IND786190AAA,7,7,3.090909090909091,1.0,49.0,15.0,23.5942,240.0,14.0,0.3779644730092272,7,7,0.009155958010776562,True,Tinusukia_Chrwpaty_D (Assam),DoomDooma_Pthrgoan_D (Assam),IND786125AAA → IND786190AAA,0.20988649583398838
IND722140AAA,IND723130AAA,1,1,10.0,1.0,1320.0,69.0,77.2476,1251.0,16.0,1.0,1,1,0.047725431131172835,True,Khatra_KoralDPP_D (West Bengal),Hura_Central_D_1 (West Bengal),IND722140AAA → IND723130AAA,0.20983335953466437
IND382721AAA,IND382430AAB,15,15,2.5714285714285716,1.0,109.0,43.0,54.006600000000006,977.0,24.0,0.2581988897471611,15,15,0.037272379068869585,True,Gandhinagar_Kalol_DC (Gujarat),Ahmedabad_East_H_1 (Gujarat),IND382721AAA → IND382430AAB,0.20972066102731418
IND500050AAA,IND501218AAC,5,5,4.911764705882353,1.0,167.0,33.0,36.0721,556.0,76.0,0.4472135954999579,5,5,0.021211302724965703,True,Patancheru_Ameenpur_I (Telangana),Shamshabad_Lngrguda_D (Telangana),IND500050AAA → IND501218AAC,0.20970371534873972
IND226004AAA,IND226016AAA,6,6,3.675,1.0,91.0,25.5,33.78775,385.0,13.5,0.4082482904638631,6,6,0.014687682642287403,True,Lucknow_Hub (Uttar Pradesh),Lucknow_Indira Nagar (Uttar Pradesh),IND226004AAA → IND226016AAA,0.20969292040035636
IND842003AAB,IND483501AAA,11,11,2.6842105263157894,1.0,153.0,56.0,80.4201,1093.0,37.0,0.30151134457776363,11,11,0.04169775877407826,True,Jabalpur_Adhartal_IP (Madhya Pradesh),Katni_Bargawan_DC (Madhya Pradesh),IND842003AAB → IND483501AAA,0.2096742960567805
IND204215AAA,IND207001AAA,6,6,3.2824675324675323,1.0,70.5,21.0,32.19655,377.0,39.0,0.4082482904638631,6,6,0.014382484041928182,True,SikandraRao_JydevNGR_D (Uttar Pradesh),Etah_CivlLine_D (Uttar Pradesh),IND204215AAA → IND207001AAA,0.20963003720589007
IND516115AAA,IND517501AAB,17,17,2.360655737704918,1.0,149.0,63.0,90.1459,1653.0,46.0,0.24253562503633297,17,17,0.06306166079922357,True,Rajampet_RSRoad_D (Andhra Pradesh),Tirupati_Balajicly_I (Andhra Pradesh),IND516115AAA → IND517501AAB,0.20952442528365348
IND600056AAA,IND602105AAB,7,7,3.25,1.0,39.0,11.0,16.0989,179.0,20.0,0.3779644730092272,7,7,0.006828818683037519,True,Chennai_Poonamallee (Tamil Nadu),Chennai_Sriperumbudur_Dc (Tamil Nadu),IND600056AAA → IND602105AAB,0.209407011476183
IND521333AAA,IND521225AAB,14,14,2.4561972744970797,1.0,167.0,68.0,80.28045,1675.0,267.0,0.2672612419124244,14,14,0.06390095695021143,True,Kaikaluru_Atapaka_D (Andhra Pradesh),Vijayawada_Rynapadu_H (Andhra Pradesh),IND521333AAA → IND521225AAB,0.20940370678882134
IND641006AAD,IND641062AAD,5,5,3.586206896551724,1.0,104.0,27.0,26.599600000000002,517.0,39.0,0.4472135954999579,5,5,0.01972345954821451,True,Coimbatore_ElngoNgr_C (Tamil Nadu),Coimbatore_Karayam_H (Tamil Nadu),IND641006AAD → IND641062AAD,0.2093971597757166
IND232101AAB,IND232104AAB,7,7,3.230769230769231,1.0,42.0,11.0,14.0639,169.0,36.0,0.3779644730092272,7,7,0.006447320432588497,True,MughalSarai_Central_D_2 (Uttar Pradesh),Chandauli_ShubsNGR_D (Uttar Pradesh),IND232101AAB → IND232104AAB,0.20932840748310017
IND713303AAA,IND713364AAB,6,6,4.166666666666666,1.0,75.0,18.0,23.33255,308.0,22.5,0.4082482904638631,6,6,0.011750146113829922,True,Asansol_DC (West Bengal),Rupnarayanpur_Salanpur_D (West Bengal),IND713303AAA → IND713364AAB,0.2090876696536184
IND400015AAB,IND400072AAB,6,6,4.1,1.0,76.5,18.0,22.0432,307.0,54.0,0.4082482904638631,6,6,0.011711996288785019,True,Mumbai_CotnGren_M (Maharashtra),Mumbai Hub (Maharashtra),IND400015AAB → IND400072AAB,0.20907980925431013
IND121004AAC,IND121004AAB,6,6,3.083333333333333,1.0,61.5,13.0,17.0184,297.0,18.0,0.4082482904638631,6,6,0.011330498038335997,True,Faridabad_MohnVRTL_D (Haryana),FBD_Balabhgarh_DPC (Haryana),IND121004AAC → IND121004AAB,0.20900120526122729
IND110020AAB,IND110037AAM,4,4,3.937747035573123,1.0,88.0,24.0,27.263550000000002,629.0,470.0,0.5,4,4,0.023996239953243573,True,OK_RPC (Delhi),Delhi_Airport_H (Delhi),IND110020AAB → IND110037AAM,0.2089441911649112
IND274304AAA,IND274304AAB,6,6,5.038461538461538,1.0,63.0,13.0,19.2075,287.0,27.5,0.4082482904638631,6,6,0.010948999787886972,True,Kushinagar_KasyaDPP_D (Uttar Pradesh),Padrauna_BawliDPPP_D (Uttar Pradesh),IND274304AAA → IND274304AAB,0.20892260126814444
IND712311AAA,IND742101AAC,8,8,2.5385878489326767,1.0,443.0,172.5,246.368,2221.0,117.0,0.35355339059327373,8,8,0.0847307614247281,True,Kolkata_Dankuni_HB (West Bengal),Baharampur_Chuanpur_I (West Bengal),IND712311AAA → IND742101AAC,0.20889167088838784
IND411033AAA,IND411036AAA,32,32,1.8914431673052363,1.0,49.0,28.0,25.9418,1340.0,154.0,0.17677669529663687,32,32,0.05112076556016914,True,Pune_Tathawde_H (Maharashtra),Pune_Mundhawa_L (Maharashtra),IND411033AAA → IND411036AAA,0.20886190851741404
IND413002AAA,IND421302AAG,9,9,2.2,1.0,728.0,326.0,427.0432,3717.0,75.0,0.3333333333333333,9,9,0.14180289969190202,True,Solapur_Central_I_2 (Maharashtra),Bhiwandi_Mankoli_HB (Maharashtra),IND413002AAA → IND421302AAG,0.2088492881369408
IND643212AAA,IND641062AAD,3,3,3.443396226415094,1.0,365.0,106.0,138.5511,780.0,12.0,0.5773502691896258,3,3,0.02975686353502383,True,Gudalur_kalmpuza_D (Tamil Nadu),Coimbatore_Karayam_H (Tamil Nadu),IND643212AAA → IND641062AAD,0.20879777812712885
IND416012AAA,IND395023AAA,15,15,1.691683569979716,1.0,845.0,514.0,655.3035,5185.0,52.0,0.2581988897471611,15,15,0.1978068428578187,True,Kolhapur_Shivaji_I (Maharashtra),Surat_HUB (Gujarat),IND416012AAA → IND395023AAA,0.20866918246726782
IND743395AAA,IND700053AAA,4,4,3.008040935672515,1.0,190.0,64.0,62.51745,589.0,150.5,0.5,4,4,0.022470246951447483,True,Jaynagar_MjlprDPP_D (West Bengal),CCU_New Alipore_DPC (West Bengal),IND743395AAA → IND700053AAA,0.2086297751925798
IND131028AAB,IND160002AAC,30,30,1.6478582300500109,1.0,230.5,135.0,192.7711,2844.0,150.0,0.18257418583505536,30,30,0.10849810242770228,True,Sonipat_Kundli_H (Haryana),Chandigarh_Mehmdpur_H (Punjab),IND131028AAB → IND160002AAC,0.20856786674102407
IND530012AAA,IND764001AAC,3,3,2.9316770186335406,1.0,472.0,161.0,231.3504,1087.0,73.0,0.5773502691896258,3,3,0.04146885982380885,True,Visakhapatnam_Gajuwaka_IP (Andhra Pradesh),Jeypore_Kelasahi_D (Orissa),IND530012AAA → IND764001AAC,0.20856046023072863
IND700026AAC,IND712311AAA,4,4,4.175716440422323,1.0,186.5,41.5,40.7503,579.0,95.0,0.5,4,4,0.02208874870099846,True,CCU_Lake Avenue_DPC (West Bengal),Kolkata_Dankuni_HB (West Bengal),IND700026AAC → IND712311AAA,0.20855117119949695
IND515401AAB,IND515801AAA,18,18,2.5,1.0,51.5,21.0,30.448050000000002,652.0,15.5,0.23570226039551587,18,18,0.02487368592927633,True,Gooty_StatonRd_D (Andhra Pradesh),Guntakal_Verpatem_D (Andhra Pradesh),IND515401AAB → IND515801AAA,0.20839509529153047
IND641607AAA,IND641062AAD,20,20,2.377992277992278,1.0,85.5,34.0,38.1914,909.0,42.0,0.22360679774997896,20,20,0.03467819096581623,True,Tirupur_Koliplm_I (Tamil Nadu),Coimbatore_Karayam_H (Tamil Nadu),IND641607AAA → IND641062AAD,0.2083488263990923
IND370615AAB,IND370001AAA,3,3,6.0625,1.0,291.0,46.0,50.0038,707.0,30.0,0.5773502691896258,3,3,0.026971926306745955,True,Nakhatrana_ClgRDDPP_D (Gujarat),Bhuj_DC (Gujarat),IND370615AAB → IND370001AAA,0.20822396897762407
IND518002AAA,IND518206AAA,1,1,10.0,1.0,1128.0,85.0,93.8271,1043.0,1518.0,1.0,1,1,0.03979026752183314,True,Kurnool_AbbasNgr_I (Andhra Pradesh),Betamcherla_CmtNgRod_D (Andhra Pradesh),IND518002AAA → IND518206AAA,0.2081983964785411
IND000000ACB,IND121004AAB,31,31,1.8032786885245902,1.0,114.0,63.0,64.8236,1849.0,71.0,0.1796053020267749,31,31,0.07053902650802443,True,Gurgaon_Bilaspur_HB (Haryana),FBD_Balabhgarh_DPC (Haryana),IND000000ACB → IND121004AAB,0.2081093446861968
IND533106AAA,IND501359AAE,8,8,2.2673643345429992,1.0,653.0,289.0,419.76779999999997,3457.0,97.5,0.35355339059327373,8,8,0.1318839451802274,True,Rajamundry_AtoNgrRd_I (Andhra Pradesh),Hyderabad_Shamshbd_H (Telangana),IND533106AAA → IND501359AAE,0.20808552258210428
IND302014AAB,IND302023AAA,19,19,2.44,1.0,61.0,24.0,29.101,735.0,36.0,0.22941573387056174,19,19,0.028040121408003223,True,Jaipur_Central_I_7 (Rajasthan),Ambabadi_DC (Rajasthan),IND302014AAB → IND302023AAA,0.2080532555605549
IND000000ACB,IND390022AAA,11,11,1.7142857142857142,1.0,1239.0,731.0,960.941,5666.0,156.0,0.30151134457776363,11,11,0.2161569087044167,True,Gurgaon_Bilaspur_HB (Haryana),Vadodara_Karelibaug_DPC (Gujarat),IND000000ACB → IND390022AAA,0.20799350852343496
IND425412AAA,IND424006AAA,1,1,10.0,1.0,1093.0,79.0,109.1615,1014.0,45.0,1.0,1,1,0.03868392259553098,True,Nandurbar_DhuleRd_D (Maharashtra),Dhule_MIDCAvdn_I (Maharashtra),IND425412AAA → IND424006AAA,0.20797044489860086
IND788151AAA,IND788713AAA,12,12,2.6875,1.0,86.0,32.0,46.5072,687.0,49.0,0.2886751345948129,12,12,0.02620892980584791,True,Hailakandi_kalibari_D (Assam),Karimganj_Alngjuri_D (Assam),IND788151AAA → IND788713AAA,0.20794391616387217
IND485001AAC,IND486001AAA,2,2,6.311594202898551,1.0,489.5,69.5,89.15925,840.0,326.0,0.7071067811865475,2,2,0.03204585303771797,True,Satna_Central_I_2 (Madhya Pradesh),Rewa_Dc (Madhya Pradesh),IND485001AAC → IND486001AAA,0.20793606875229265
IND421302AAN,IND400072AAB,16,16,2.583333333333333,1.0,53.0,21.0,27.849450000000004,516.0,65.0,0.25,16,16,0.01968530972316961,True,GreaterThane_Anjur_C (Maharashtra),Mumbai Hub (Maharashtra),IND421302AAN → IND400072AAB,0.20789217293962672
IND560058AAD,IND562132AAA,36,36,1.7673160173160172,0.9444444444444444,39.5,22.0,15.11115,1853.0,134.0,0.16666666666666666,34,34,0.07069162580820405,True,Bengaluru_Peenya_L (Karnataka),Bangalore_Nelmngla_H (Karnataka),IND560058AAD → IND562132AAA,0.20785679377007052
IND560002AAA,IND560099AAB,18,18,2.625,0.9444444444444444,56.5,21.0,18.2782,667.0,82.5,0.23570226039551587,17,17,0.025445933304949864,True,Bengaluru_KHRoad_I (Karnataka),Bengaluru_Bomsndra_HB (Karnataka),IND560002AAA → IND560099AAB,0.20780658365663368
IND848210AAA,IND842001AAA,3,3,4.088235294117647,1.0,278.0,68.0,86.961,648.0,245.0,0.5773502691896258,3,3,0.024721086629096715,True,Rusera_Wardno4_D (Bihar),Muzaffrpur_Bbganj_I (Bihar),IND848210AAA → IND842001AAA,0.20776020541843526
IND173212AAA,IND173220AAA,5,5,3.3076923076923075,1.0,86.0,28.0,36.8201,304.0,46.0,0.4472135954999579,5,5,0.011597546813650312,True,Solan_MohanPrk_D (Himachal Pradesh),Parwanoo_Central_D_1 (Himachal Pradesh),IND173212AAA → IND173220AAA,0.20772289472305194
IND842001AAA,IND848114AAA,20,20,2.2872340425531914,1.0,106.5,47.0,68.79645,1263.0,57.5,0.22360679774997896,20,20,0.04818322903171166,True,Muzaffrpur_Bbganj_I (Bihar),DalsinghSarai_Wardno13_D (Bihar),IND842001AAA → IND848114AAA,0.20761061413805368
IND151103AAA,IND151001AAA,2,2,10.0,1.0,416.0,26.5,28.80985,779.0,48.5,0.7071067811865475,2,2,0.029718713709978927,True,RampuraPhul_DC (Punjab),Bhatinda_DPC (Punjab),IND151103AAA → IND151001AAA,0.20745658439448725
IND411014AAA,IND411033AAA,15,15,2.3666666666666667,1.0,71.0,33.0,29.44,1694.0,49.0,0.2581988897471611,15,15,0.06462580362606457,True,PNQ Vadgaon Sheri DPC (Maharashtra),Pune_Tathawde_H (Maharashtra),IND411014AAA → IND411033AAA,0.20741321757765985
IND311302AAA,IND305624AAA,3,3,7.3125,1.0,234.0,33.0,46.476699999999994,599.0,15.0,0.5773502691896258,3,3,0.022851745201896503,True,Badnaur_BhmrdDPP_D (Rajasthan),Bijainagar_Central_DPP_1 (Rajasthan),IND311302AAA → IND305624AAA,0.2073750458523293
IND507159AAA,IND507002AAA,10,10,2.5555555555555554,1.0,65.5,17.5,24.5024,1605.0,621.5,0.31622776601683794,10,10,0.06123046919706826,True,Kusumnchi_SKRoad_D (Telangana),Khammam_NSTRoad_I (Telangana),IND507159AAA → IND507002AAA,0.2073745615794524
IND110037AAM,IND202001AAB,26,26,1.7520497596833473,1.0,232.5,132.0,146.6355,2856.0,255.5,0.19611613513818404,26,26,0.1089559003282411,True,Delhi_Airport_H (Delhi),Aligarh_KhirByps_I (Uttar Pradesh),IND110037AAM → IND202001AAB,0.20737077098689025
IND132001AAA,IND132103AAB,3,3,4.0588235294117645,1.0,138.0,34.0,42.4541,593.0,285.0,0.5773502691896258,3,3,0.02262284625162709,True,Karnal (Haryana),Panipat_PC (Haryana),IND132001AAA → IND132103AAB,0.2073278834564796
IND723202AAA,IND713205AAB,14,14,2.2344827586206897,1.0,326.0,145.5,175.02030000000002,2503.0,34.5,0.2672612419124244,14,14,0.09548901208739057,True,Jhalda_GMukrDPP_D (West Bengal),Durgapur_Central_I_1 (West Bengal),IND723202AAA → IND713205AAB,0.207311123265704
IND507002AAA,IND507167AAA,9,9,2.84,1.0,64.0,21.0,30.775499999999997,359.0,37.0,0.3333333333333333,9,9,0.01369578719111994,True,Khammam_NSTRoad_I (Telangana),Tallada_PtrlBunk_D (Telangana),IND507002AAA → IND507167AAA,0.2072816534666168
IND000000AFT,IND421302AAG,15,15,2.5238095238095237,1.0,53.0,21.0,23.830199999999998,889.0,86.0,0.2581988897471611,15,15,0.03391519446491818,True,Mumbai_Sanpada_I (Maharashtra),Bhiwandi_Mankoli_HB (Maharashtra),IND000000AFT → IND421302AAG,0.20718165524779103
IND431717AAA,IND431603AAA,2,2,6.078431372549019,1.0,420.5,52.0,76.6057,737.0,335.5,0.7071067811865475,2,2,0.028116421058093026,True,Degloor_Busstand_D (Maharashtra),Nanded_Aswningr_I (Maharashtra),IND431717AAA → IND431603AAA,0.20712644762353927
IND600056AAB,IND600110AAA,28,28,1.96875,1.0,95.0,48.0,51.8767,1414.0,143.5,0.1889822365046136,28,28,0.05394385261349191,True,MAA_Poonamallee_HB (Tamil Nadu),Chennai_Madhavaram_L (Tamil Nadu),IND600056AAB → IND600110AAA,0.20710921669088028
IND580028AAA,IND590016AAA,13,13,2.232876712328767,1.0,161.0,72.0,102.9982,2654.0,646.0,0.2773500981126146,13,13,0.10124963566917082,True,Hubli_Adargchi_IP (Karnataka),Belgaum_Dc (Karnataka),IND580028AAA → IND590016AAA,0.20710240670797642
IND302026AAA,IND302014AAB,3,3,10.0,1.0,184.0,18.0,22.7356,563.0,24.0,0.5773502691896258,3,3,0.02147835150028002,True,Jaipur_Bhankrot_DC (Rajasthan),Jaipur_Central_I_7 (Rajasthan),IND302026AAA → IND302014AAB,0.20709207147723105
IND395004AAB,IND395023AAD,4,4,6.3808823529411764,1.0,115.0,17.0,18.506349999999998,393.0,18.0,0.5,4,4,0.014992881242646621,True,Surat_Central_D_3 (Gujarat),Surat_Central_I_4 (Gujarat),IND395004AAB → IND395023AAD,0.20708913692815595
IND413401AAA,IND411033AAA,19,19,1.8677248677248677,1.0,374.0,194.0,264.8,3434.0,60.0,0.22941573387056174,19,19,0.13100649920419466,True,Barshi_Kurduwdi_D (Maharashtra),Pune_Tathawde_H (Maharashtra),IND413401AAA → IND411033AAA,0.20706814488639078
IND802213AAB,IND802212AAA,5,5,3.5,1.0,59.0,17.0,19.7494,218.0,4.0,0.4472135954999579,5,5,0.008316661859788712,True,Dinara_Wardno7_D (Bihar),Bikramgang_Dehrird_D (Bihar),IND802213AAB → IND802212AAA,0.20704690038253945
IND787001AAA,IND787057AAA,8,8,2.800798580301686,1.0,132.5,46.0,66.45665,678.0,32.0,0.35355339059327373,8,8,0.02586558138044379,True,LakhimpurN_SashPhkn_D (Assam),Dhemaji_WardNo3_D (Assam),IND787001AAA → IND787057AAA,0.20693504278295038
IND756032AAA,IND712311AAA,9,9,2.4285714285714284,1.0,323.0,135.0,189.598,2337.0,88.0,0.3333333333333333,9,9,0.08915614112993678,True,Jaleswar_NaturDPP_D (Orissa),Kolkata_Dankuni_HB (West Bengal),IND756032AAA → IND712311AAA,0.20686893216539934
IND442001AAA,IND442101AAB,5,5,3.7142857142857144,1.0,52.0,14.0,18.009900000000002,178.0,15.0,0.4472135954999579,5,5,0.006790668857992618,True,Wardha_RamaNgr_D (Maharashtra),Deoli_Central_DPP_2 (Maharashtra),IND442001AAA → IND442101AAB,0.20673248441020806
IND485001AAC,IND485771AAA,3,3,3.0606060606060606,1.0,101.0,33.0,43.3326,514.0,340.0,0.5773502691896258,3,3,0.019609010073079806,True,Satna_Central_I_2 (Madhya Pradesh),Maihar_MngalDPP_D (Madhya Pradesh),IND485001AAC → IND485771AAA,0.2067069119111251
IND577002AAA,IND581115AAC,19,19,2.388888888888889,1.0,66.0,28.0,37.8329,812.0,57.0,0.22941573387056174,19,19,0.030977657936460703,True,Davangere_Central_I_1 (Karnataka),Ranebennur_SriRmNGR_D (Karnataka),IND577002AAA → IND581115AAC,0.20667574768660318
IND741156AAA,IND742101AAC,8,8,2.82258064516129,1.0,86.0,31.0,44.96575,537.0,53.0,0.35355339059327373,8,8,0.020486456049112558,True,Plassey_BtaiRoad_D (West Bengal),Baharampur_Chuanpur_I (West Bengal),IND741156AAA → IND742101AAC,0.20667172037589787
IND444602AAA,IND444005AAB,21,21,2.1095890410958904,1.0,155.0,73.0,96.8424,1848.0,64.0,0.2182178902359924,21,21,0.07050087668297954,True,Amravati_DC (Maharashtra),Akola_Gaurkshn_I (Maharashtra),IND444602AAA → IND444005AAB,0.20665088014813143
IND562132AAA,IND712311AAA,3,3,2.113888888888889,1.0,3044.0,1405.0,1964.4609,4878.0,497.0,0.5773502691896258,3,3,0.18609484656903363,True,Bangalore_Nelmngla_H (Karnataka),Kolkata_Dankuni_HB (West Bengal),IND562132AAA → IND712311AAA,0.20663469449248023
IND410505AAB,IND410501AAF,5,5,4.1,1.0,41.0,10.0,15.523300000000003,155.0,28.0,0.4472135954999579,5,5,0.005913222881959864,True,Rajgurunagar_Chakan_D (Maharashtra),Talegaon_Central_DPP_4 (Maharashtra),IND410505AAB → IND410501AAF,0.2065516952261175
IND203001AAA,IND203131AAA,5,5,3.6153846153846154,1.0,45.0,12.0,17.2807,153.0,1.0,0.4472135954999579,5,5,0.005836923231870059,True,Bulndshahr_Ymunpurm_D (Uttar Pradesh),Khurja_Pnjbiyon_D (Uttar Pradesh),IND203001AAA → IND203131AAA,0.20653597442750093
IND208006AAA,IND209304AAA,3,3,5.515151515151516,1.0,190.0,33.0,34.0321,491.0,65.0,0.5773502691896258,3,3,0.01873156409704705,True,Kanpur_GovndNgr_DC (Uttar Pradesh),Kanpur_Central_H_6 (Uttar Pradesh),IND208006AAA → IND209304AAA,0.20652612272703455
IND391110AAD,IND390020AAA,4,4,3.291176470588235,1.0,105.5,32.0,35.74005,317.0,58.0,0.5,4,4,0.012093494539234043,True,Dabhoi_Central_DPP_3 (Gujarat),Vadodara (Gujarat),IND391110AAD → IND390020AAA,0.20649174658072633
IND521165AAA,IND521225AAB,3,3,8.615384615384615,1.0,224.0,26.0,34.3613,485.0,145.0,0.5773502691896258,3,3,0.018502665146777637,True,Vuyyuru_BhogdDPP_D (Andhra Pradesh),Vijayawada_Rynapadu_H (Andhra Pradesh),IND521165AAA → IND521225AAB,0.20647896033118485
IND212601AAA,IND210001AAA,16,16,2.37468671679198,1.0,142.5,59.5,84.96754999999999,1364.0,27.0,0.25,16,16,0.05203636136124679,True,Fatehpur_Kotwali_D (Uttar Pradesh),Banda_GayatriN_D (Uttar Pradesh),IND212601AAA → IND210001AAA,0.2064637417734308
IND751014AAA,IND751002AAB,5,5,3.0,1.0,21.0,7.0,10.7171,143.0,39.0,0.4472135954999579,5,5,0.005455424981421035,True,Bhubaneswar_BjbNgr_DC (Orissa),Bhubaneshwar_Hub (Orissa),IND751014AAA → IND751002AAB,0.20645737043441809
IND425409AAA,IND424006AAA,1,1,10.0,1.0,894.0,74.0,94.5602,820.0,6.0,1.0,1,1,0.03128285653681992,True,Shahada_Nandrbar_D (Maharashtra),Dhule_MIDCAvdn_I (Maharashtra),IND425409AAA → IND424006AAA,0.2064455274327936
IND679303AAA,IND679531AAA,14,14,2.64375,1.0,44.5,15.0,16.73805,372.0,13.0,0.2672612419124244,14,14,0.014191734916703672,True,Sankaramangalam_Central_D_1 (Kerala),Shoranur_KdrShrRd_D (Kerala),IND679303AAA → IND679531AAA,0.20643735877256703
IND493445AAB,IND490023AAA,1,1,10.0,1.0,879.0,61.0,86.438,818.0,23.0,1.0,1,1,0.031206556886730116,True,Mahasamund_RajpurRD_D (Chhattisgarh),Durg_Bhilai_DC (Chhattisgarh),IND493445AAB → IND490023AAA,0.20642980663417704
IND201001AAA,IND201007AAA,5,5,3.076923076923077,1.0,40.0,13.0,10.5612,135.0,24.0,0.4472135954999579,5,5,0.005150226381061817,True,Ghaziabad_Patel Nagar (Uttar Pradesh),GZB_Mohan_Nagar_DPC (Uttar Pradesh),IND201001AAA → IND201007AAA,0.2063944872399518
IND804452AAA,IND804420AAA,6,6,2.962121212121212,1.0,34.0,11.5,16.881999999999998,152.0,18.5,0.4082482904638631,6,6,0.005798773406825156,True,Masaurhi_Blockrd_D (Bihar),Jehanabad_Madarpur_D (Bihar),IND804452AAA → IND804420AAA,0.20639201162484885
IND462022AAA,IND000000ACB,26,26,1.32902995522657,0.7692307692307693,1113.0,855.0,853.0571,7749.0,146.0,0.19611613513818404,20,20,0.29562299427294825,True,Bhopal_Trnsport_H (Madhya Pradesh),Gurgaon_Bilaspur_HB (Haryana),IND462022AAA → IND000000ACB,0.2063445306904438
IND712311AAA,IND732103AAB,3,3,2.8537735849056602,1.0,605.0,213.0,308.122,1189.0,174.0,0.5773502691896258,3,3,0.04536014197838889,True,Kolkata_Dankuni_HB (West Bengal),Malda_Central_I_3 (West Bengal),IND712311AAA → IND732103AAB,0.20634010499659214
IND586128AAA,IND585104AAA,4,4,2.9414035087719297,1.0,222.0,77.0,97.84895,583.0,250.0,0.5,4,4,0.02224134800117807,True,Sindagi_KalyanNg_D (Karnataka),Gulbarga_Nehrugnj_I (Karnataka),IND586128AAA → IND585104AAA,0.20630947305081357
IND242221AAA,IND207247AAB,5,5,2.8585858585858586,1.0,283.0,99.0,97.9639,813.0,24.0,0.4472135954999579,5,5,0.031015807761505605,True,Jalalabad_farukngr_D (Uttar Pradesh),Aliganj_KaimgnjRD_D (Uttar Pradesh),IND242221AAA → IND207247AAB,0.20623794455404104
IND402107AAA,IND402109AAA,18,18,2.425646551724138,1.0,68.5,28.5,40.20695,743.0,20.0,0.23570226039551587,18,18,0.02834532000836244,True,Pen_BljiMrkt_D (Maharashtra),Roha_DataSagr_D (Maharashtra),IND402107AAA → IND402109AAA,0.20622599061788288
IND563125AAB,IND560300AAA,3,3,3.849056603773585,1.0,204.0,53.0,59.1122,450.0,23.0,0.5773502691896258,3,3,0.017167421270206054,True,Chintamani_Central_D_2 (Karnataka),Bengaluru_KGAirprt_HB (Karnataka),IND563125AAB → IND560300AAA,0.20620384635539485
IND441206AAB,IND442605AAA,7,7,2.8444444444444446,1.0,123.0,45.0,67.8504,529.0,17.0,0.3779644730092272,7,7,0.020181257448753338,True,Brahmapuri_DhnliRth_D (Maharashtra),Gadchiroli_Central_DPP_1 (Maharashtra),IND441206AAB → IND442605AAA,0.206123668475462
IND110078AAA,IND110043AAA,14,14,2.595833333333333,1.0,60.0,24.0,18.940549999999998,567.0,46.0,0.2672612419124244,14,14,0.02163095080045963,True,Janakpuri (Delhi),Delhi_Nangli_IP (Delhi),IND110078AAA → IND110043AAA,0.20611130043078602
IND431131AAB,IND431603AAA,1,1,6.946153846153846,1.0,903.0,130.0,156.6903,773.0,59.0,1.0,1,1,0.02948981475970951,True,Majalgaon_SmbjiCwk_D (Maharashtra),Nanded_Aswningr_I (Maharashtra),IND431131AAB → IND431603AAA,0.2060760886653042
IND562132AAA,IND411033AAA,13,13,1.6517719568567026,1.0,1069.0,636.0,844.6168,5378.0,191.0,0.2773500981126146,13,13,0.20516975909148483,True,Bangalore_Nelmngla_H (Karnataka),Pune_Tathawde_H (Maharashtra),IND562132AAA → IND411033AAA,0.2059712775304315
IND673027AAB,IND673305AAA,2,2,8.242682926829268,1.0,333.5,40.5,41.0099,586.0,48.5,0.7071067811865475,2,2,0.022355797476312774,True,Kozhikode_Feroke_H (Kerala),Koyilandy_Pshrikvu_D (Kerala),IND673027AAB → IND673305AAA,0.20593952732798826
IND313001AAB,IND306401AAB,17,17,2.0785714285714287,1.0,287.0,138.0,189.1848,2587.0,46.0,0.24253562503633297,17,17,0.09869359739116236,True,Udaipur_Mangri_I (Rajasthan),Pali_Nayagaon_I (Rajasthan),IND313001AAB → IND306401AAB,0.20592311245224065
IND533401AAA,IND533106AAA,17,17,2.3055555555555554,1.0,158.0,69.0,95.9237,1465.0,43.0,0.24253562503633297,17,17,0.05588949369078193,True,Tuni_Eaglvari_D (Andhra Pradesh),Rajamundry_AtoNgrRd_I (Andhra Pradesh),IND533401AAA → IND533106AAA,0.20590916314755686
IND852131AAA,IND852201AAA,8,8,2.8181818181818183,1.0,93.0,33.0,36.0287,459.0,20.0,0.35355339059327373,8,8,0.017510769695610176,True,Supaul_SadrHsptl_D (Bihar),Saharsa_Gangjala_D (Bihar),IND852131AAA → IND852201AAA,0.20588796507978596
IND176061AAA,IND160002AAC,2,2,2.893527999435068,1.0,841.0,291.5,291.48545,1099.0,32.0,0.7071067811865475,2,2,0.04192665772434768,True,Palampur_Cnsrvila_D (Himachal Pradesh),Chandigarh_Mehmdpur_H (Punjab),IND176061AAA → IND160002AAC,0.20584153284087814
IND700053AAA,IND743513AAA,4,4,3.0666666666666664,1.0,78.0,26.0,31.33,234.0,35.0,0.5,4,4,0.008927059060507149,True,CCU_New Alipore_DPC (West Bengal),Fatepur_NH117_D (West Bengal),IND700053AAA → IND743513AAA,0.20583933343813865
IND517501AAB,IND517644AAA,16,16,2.4833333333333334,1.0,77.5,31.0,39.909000000000006,744.0,27.0,0.25,16,16,0.028383469833407345,True,Tirupati_Balajicly_I (Andhra Pradesh),Sriklahsti_SDKNgr_D (Andhra Pradesh),IND517501AAB → IND517644AAA,0.20580503363708808
IND713205AAB,IND722202AAA,4,4,3.211988304093567,1.0,59.0,18.5,17.4869,229.0,50.0,0.5,4,4,0.008736309935282637,True,Durgapur_Central_I_1 (West Bengal),Barjora_Central_DPP_1 (West Bengal),IND713205AAB → IND722202AAA,0.20580003144159725
IND790001AAB,IND784001AAA,1,1,7.293103448275862,1.0,846.0,116.0,153.897,730.0,63.0,1.0,1,1,0.027849372282778707,True,Bomdila_CTRoad_D (Arunachal Pradesh),Tezpur_Mhbhirab_D (Assam),IND790001AAB → IND784001AAA,0.20573809149504796
IND160102AAC,IND160002AAC,28,28,2.0135135135135136,1.0,70.5,35.0,36.1682,1010.0,104.5,0.1889822365046136,28,28,0.03853132329535137,True,Chandigarh_Raiprvlg_L (Chandigarh),Chandigarh_Mehmdpur_H (Punjab),IND160102AAC → IND160002AAC,0.20567013098077125
IND788121AAA,IND796081AAA,3,3,3.5686274509803924,1.0,182.0,49.0,71.14580000000001,381.0,11.0,0.5773502691896258,3,3,0.014535083342107792,True,Kabuganj_Jantaclg_D (Assam),Kolasib_Diakkawn_D (Mizoram),IND788121AAA → IND796081AAA,0.20566147880312322
IND410501AAF,IND411033AAA,4,4,3.060185185185185,1.0,78.5,25.5,23.97865,208.0,42.5,0.5,4,4,0.007935163609339687,True,Talegaon_Central_DPP_4 (Maharashtra),Pune_Tathawde_H (Maharashtra),IND410501AAF → IND411033AAA,0.20563496305612328
IND362265AAA,IND362720AAA,16,16,2.4583333333333335,1.0,85.5,34.5,50.894850000000005,845.0,17.5,0.25,16,16,0.03223660216294248,True,Veraval_DC (Gujarat),Kodinar_NCplxDPP_D (Gujarat),IND362265AAA → IND362720AAA,0.205629106381018
IND785112AAC,IND785001AAA,2,2,10.0,1.0,292.0,19.5,28.3002,545.0,313.0,0.7071067811865475,2,2,0.020791654649471778,True,Teok_Wardno3_D (Assam),Jorhat_RicMilRd_D (Assam),IND785112AAC → IND785001AAA,0.20561725095634859
IND331701AAA,IND125001AAA,2,2,4.333333333333333,1.0,351.0,81.0,71.9054,540.0,178.5,0.7071067811865475,2,2,0.020600905524247266,True,Sidhmukh_MnbzrDPP_D (Rajasthan),Hisar_ModelTwn_P (Haryana),IND331701AAA → IND125001AAA,0.2055779489598072
IND834002AAB,IND825102AAA,3,3,2.9611650485436893,1.0,305.0,103.0,108.4973,555.0,126.0,0.5773502691896258,3,3,0.0211731528999208,True,Ranchi_Hub (Jharkhand),Phusro_RhmgjDPP_D (Jharkhand),IND834002AAB → IND825102AAA,0.20552265999351133
IND262405AAA,IND263153AAB,2,2,6.097560975609756,1.0,307.0,41.0,41.5601,532.0,459.0,0.7071067811865475,2,2,0.020295706923888046,True,Sitarganj_SidculRd_D (Uttarakhand),Rudrapur_UdhamNgr_H (Uttarakhand),IND262405AAA → IND263153AAB,0.2055150657653409
IND415605AAA,IND415709AAA,16,16,2.520833333333333,1.0,59.5,24.0,33.86665000000001,518.0,20.0,0.25,16,16,0.019761609373259416,True,Chiplun_LxmiNiws_D (Maharashtra),Khed_Mahad_D (Maharashtra),IND415605AAA → IND415709AAA,0.20548332477272604
IND174101AAB,IND160002AAC,11,11,2.539473684210526,1.0,193.0,76.0,84.7638,1273.0,34.0,0.30151134457776363,11,11,0.048564727282160686,True,Nalagarh_Central_DPP_2 (Himachal Pradesh),Chandigarh_Mehmdpur_H (Punjab),IND174101AAB → IND160002AAC,0.20547437664370555
IND221313AAA,IND222136AAA,1,1,10.0,1.0,734.0,41.0,57.0002,693.0,92.0,1.0,1,1,0.026437828756117325,True,Varanasi_Central_H_4 (Uttar Pradesh),Jalalpur_Mhimapur_D (Uttar Pradesh),IND221313AAA → IND222136AAA,0.2054472567206414
IND202001AAC,IND204215AAA,4,4,3.050595238095238,1.0,68.5,22.0,34.2207,183.0,8.5,0.5,4,4,0.006981417983217129,True,Aligarh_Central_D_2 (Uttar Pradesh),SikandraRao_JydevNGR_D (Uttar Pradesh),IND202001AAC → IND204215AAA,0.20543845307341613
IND500018AAA,IND500080AAB,4,4,3.041666666666667,1.0,51.5,16.0,14.5286,180.0,49.5,0.5,4,4,0.006866968508082423,True,Hyderabad_PndrgNgr_DC (Telangana),Hyderabad_Chikdply_I (Telangana),IND500018AAA → IND500080AAB,0.2054148718754913
IND530012AAA,IND530043AAA,13,13,2.625,1.0,52.0,19.0,22.3014,503.0,37.0,0.2773500981126146,13,13,0.01918936199758588,True,Visakhapatnam_Gajuwaka_IP (Andhra Pradesh),Visakhapatnam_VislkNgr_DC (Andhra Pradesh),IND530012AAA → IND530043AAA,0.20540636705896384
IND600056AAB,IND600016AAC,13,13,2.6,1.0,79.0,32.0,37.147400000000005,616.0,148.0,0.2773500981126146,13,13,0.023500292227659845,True,MAA_Poonamallee_HB (Tamil Nadu),Chennai_Perungudi_DPC (Tamil Nadu),IND600056AAB → IND600016AAC,0.20532476459459315
IND110037AAM,IND201301AAD,3,3,4.5675675675675675,1.0,169.0,36.0,35.0513,338.0,88.0,0.5773502691896258,3,3,0.012894640865176993,True,Delhi_Airport_H (Delhi),NOI_RPC (Delhi),IND110037AAM → IND201301AAD,0.20532348163286696
IND275503AAA,IND275303AAA,4,4,4.26923076923077,1.0,55.5,13.0,18.88785,168.0,26.5,0.5,4,4,0.006409170607543593,True,Ghosi_Jamalpur_D (Uttar Pradesh),Dohrighat_AzmrdDPP_D (Uttar Pradesh),IND275503AAA → IND275303AAA,0.20532054708379188
IND700144AAA,IND743395AAA,4,4,3.0476190476190474,1.0,61.0,20.0,22.008850000000002,165.0,86.0,0.5,4,4,0.0062947211324088865,True,Baruipur_Bnsibtla_D (West Bengal),Jaynagar_MjlprDPP_D (West Bengal),IND700144AAA → IND743395AAA,0.20529696588586702
IND121002AAB,IND000000ACB,29,29,1.7882352941176471,0.9310344827586207,134.0,66.0,71.7813,2781.0,75.0,0.18569533817705186,27,27,0.10609466344987342,True,Faridabad_Mthurard_L (Haryana),Gurgaon_Bilaspur_HB (Haryana),IND121002AAB → IND000000ACB,0.20528843849527192
IND641001AAA,IND641062AAD,3,3,4.46875,1.0,143.0,35.0,34.2831,333.0,9.0,0.5773502691896258,3,3,0.012703891739952481,True,Coimbatore_Ukkadam_D (Tamil Nadu),Coimbatore_Karayam_H (Tamil Nadu),IND641001AAA → IND641062AAD,0.20528417963632553
IND713128AAB,IND731301AAA,3,3,4.0285714285714285,1.0,141.0,35.0,40.8526,331.0,30.0,0.5773502691896258,3,3,0.012627592089862676,True,Guskhara_Itachnda_D (West Bengal),Nanoor_Central_DPP_1 (West Bengal),IND713128AAB → IND731301AAA,0.20526845883770897
IND174001AAA,IND175018AAA,15,15,2.5185185185185186,1.0,68.0,26.0,37.6677,667.0,44.0,0.2581988897471611,15,15,0.025445933304949864,True,BilaspurHP_Indsarea_D (Himachal Pradesh),SundarNgr_Bhogpur_D (Himachal Pradesh),IND174001AAA → IND175018AAA,0.20523139208575247
IND742202AAA,IND712311AAA,2,2,2.9600667693888036,1.0,522.5,176.5,254.8811,692.0,153.0,0.7071067811865475,2,2,0.02639967893107242,True,Dhulian_RatanDPP_D (West Bengal),Kolkata_Dankuni_HB (West Bengal),IND742202AAA → IND712311AAA,0.20522359570854248
IND415612AAA,IND415408AAC,8,8,2.656454141625294,1.0,234.0,89.0,117.1987,1167.0,27.5,0.35355339059327373,8,8,0.04452084582740104,True,Ratnagiri_MjgaonRd_D (Maharashtra),Shirala_Central_DPP_3 (Maharashtra),IND415612AAA → IND415408AAC,0.2051792093029451
IND482002AAA,IND842003AAB,3,3,10.0,1.0,117.0,8.0,10.4681,319.0,337.0,0.5773502691896258,3,3,0.012169794189323848,True,Jabalpur (Madhya Pradesh),Jabalpur_Adhartal_IP (Madhya Pradesh),IND482002AAA → IND842003AAB,0.20517413404600954
IND742101AAC,IND712311AAA,7,7,2.526627218934911,1.0,453.0,187.0,265.7674,1974.0,189.0,0.3779644730092272,7,7,0.07530775463863722,True,Baharampur_Chuanpur_I (West Bengal),Kolkata_Dankuni_HB (West Bengal),IND742101AAC → IND712311AAA,0.2051528289690983
IND431136AAC,IND431203AAA,15,15,2.44,1.0,122.0,52.0,75.1324,1035.0,238.0,0.2581988897471611,15,15,0.03948506892147392,True,Aurangabad_Central_H_1 (Maharashtra),Jalna_BhgyaNgr_D (Maharashtra),IND431136AAC → IND431203AAA,0.20507804201970703
IND204101AAA,IND282002AAD,2,2,3.9200542005420056,1.0,319.5,81.5,106.3404,476.0,31.0,0.7071067811865475,2,2,0.018159316721373515,True,Hathras (Uttar Pradesh),IND282002AAD,IND204101AAA → IND282002AAD,0.20507488340407692
IND602001AAA,IND600116AAB,3,3,3.6666666666666665,1.0,110.0,29.0,36.2722,303.0,369.0,0.5773502691896258,3,3,0.01155939698860541,True,Chennai_Thiruvlr_DC (Tamil Nadu),Chennai_Porur_DPC (Tamil Nadu),IND602001AAA → IND600116AAB,0.20504836765707699
IND424201AAA,IND424006AAA,1,1,10.0,1.0,707.0,67.0,85.721,640.0,14.0,1.0,1,1,0.024415888028737502,True,Pachora_PcrrdDPP_D (Maharashtra),Dhule_MIDCAvdn_I (Maharashtra),IND424201AAA → IND424006AAA,0.20503065555730232
IND395023AAD,IND395009AAA,4,4,3.0270833333333336,1.0,44.5,14.5,16.0908,106.0,49.0,0.5,4,4,0.004043881454759648,True,Surat_Central_I_4 (Gujarat),Surat_Central_D_12 (Gujarat),IND395023AAD → IND395009AAA,0.2048332023266782
IND400064AAB,IND400072AAB,4,4,3.083916083916084,1.0,37.5,12.5,12.6353,100.0,34.5,0.5,4,4,0.003814982504490234,True,Mumbai_MaladWest_CP (Maharashtra),Mumbai Hub (Maharashtra),IND400064AAB → IND400072AAB,0.2047860399308285
IND152026AAA,IND160002AAC,1,1,3.9950738916256157,1.0,811.0,203.0,256.9996,608.0,164.0,1.0,1,1,0.023195093627300625,True,Muktsar_DPC (Punjab),Chandigarh_Mehmdpur_H (Punjab),IND152026AAA → IND160002AAC,0.20477912277943722
IND712124AAA,IND712310AAE,3,3,5.0476190476190474,1.0,106.0,19.0,19.676000000000002,267.0,41.0,0.5773502691896258,3,3,0.010186003286988925,True,Hooghly_DC (West Bengal),Kolkata_North_I_4 (West Bengal),IND712124AAA → IND712310AAE,0.20476539328197874
IND583231AAA,IND583201AAA,15,15,2.5238095238095237,1.0,53.0,21.0,30.2553,579.0,28.0,0.2581988897471611,15,15,0.02208874870099846,True,Koppal_Banikatt_D (Karnataka),Hospet (Karnataka),IND583231AAA → IND583201AAA,0.20474493146222272
IND68004AAA,IND678683AAA,14,14,2.454511278195489,1.0,89.5,36.5,32.89785,1090.0,31.0,0.2672612419124244,14,14,0.041583309298943556,True,Thrissur_Poothole_D (Kerala),Vadakkencherry_Robinson_D (Kerala),IND68004AAA → IND678683AAA,0.20473996816453366
IND828401AAB,IND826004AAA,7,7,2.857142857142857,1.0,60.0,21.0,29.562200000000004,289.0,239.0,0.3779644730092272,7,7,0.011025299437976777,True,Gomoh_KhsmiDPP_D (Jharkhand),Dhanbad_Kalynpur_I (Jharkhand),IND828401AAB → IND826004AAA,0.20472978347891208
IND306401AAB,IND302014AAA,17,17,1.8888888888888888,1.0,425.0,222.0,316.7772,3371.0,82.0,0.24253562503633297,17,17,0.1286030602263658,True,Pali_Nayagaon_I (Rajasthan),Jaipur_Hub (Rajasthan),IND306401AAB → IND302014AAA,0.20472729112569954
IND712311AAA,IND742102AAB,3,3,2.8620689655172415,1.0,498.0,172.0,247.1535,939.0,124.0,0.5773502691896258,3,3,0.0358226857171633,True,Kolkata_Dankuni_HB (West Bengal),Berhampore_Central_I_2 (West Bengal),IND712311AAA → IND742102AAB,0.20469680872772883
IND244901AAB,IND243002AAA,16,16,2.4035353535353536,1.0,107.0,44.0,60.4559,993.0,388.5,0.25,16,16,0.037882776269588025,True,Rampur_RoshnBgh_I (Uttar Pradesh),Bareilly (Uttar Pradesh),IND244901AAB → IND243002AAA,0.20466666177958456
IND126116AAA,IND131301AAA,5,5,2.8666666666666667,1.0,172.0,60.0,83.2686,569.0,59.0,0.4472135954999579,5,5,0.021707250450549432,True,IND126116AAA,Gohana_DvlalDPP_D (Haryana),IND126116AAA → IND131301AAA,0.204633486746644
IND131028AAB,IND250611AAA,3,3,3.3142857142857145,1.0,116.0,35.0,38.9892,244.0,94.0,0.5773502691896258,3,3,0.00930855731095617,True,Sonipat_Kundli_H (Haryana),Baraut_SrnprHwy_D (Uttar Pradesh),IND131028AAB → IND250611AAA,0.2045846040978882
IND132001AAA,IND131028AAB,2,2,3.676140350877193,1.0,278.5,75.5,95.78705,406.0,134.0,0.7071067811865475,2,2,0.015488828968230351,True,Karnal (Haryana),Sonipat_Kundli_H (Haryana),IND132001AAA → IND131028AAB,0.20452465545249698
IND131028AAB,IND132103AAA,2,2,4.530165912518854,1.0,256.0,53.5,69.37095000000001,405.0,194.0,0.7071067811865475,2,2,0.015450679143185448,True,Sonipat_Kundli_H (Haryana),Panipat (Haryana),IND131028AAB → IND132103AAA,0.2045167950531887
IND734214AAB,IND000000AFF,3,3,3.1794871794871793,1.0,118.0,36.0,40.4697,235.0,14.0,0.5773502691896258,3,3,0.00896520888555205,True,Mirik_WardNo3_D (West Bengal),Darjeeling_Hillcard_DC (West Bengal),IND734214AAB → IND000000AFF,0.20451386050411363
IND110037AAM,IND110024AAA,14,14,2.560897435897436,1.0,63.5,24.5,25.69815,533.0,143.5,0.2672612419124244,14,14,0.020333856748932948,True,Delhi_Airport_H (Delhi),Delhi_Lajpat_IP (Delhi),IND110037AAM → IND110024AAA,0.20448877497101525
IND131028AAB,IND000000ACB,86,86,1.070971149402522,0.313953488372093,184.5,172.0,132.481,4397.0,144.0,0.10783277320343841,27,27,0.1677447807224356,False,Sonipat_Kundli_H (Haryana),Gurgaon_Bilaspur_HB (Haryana),IND131028AAB → IND000000ACB,0.20445784217313454
IND843126AAA,IND842001AAA,11,11,2.625,1.0,42.0,16.0,24.9602,714.0,486.0,0.30151134457776363,11,11,0.027238975082060274,True,Saraiya_Wardno4_D (Bihar),Muzaffrpur_Bbganj_I (Bihar),IND843126AAA → IND842001AAA,0.2043982446463453
IND781003AAA,IND781018AAB,3,3,3.108108108108108,1.0,115.0,37.0,28.2132,219.0,37.0,0.5773502691896258,3,3,0.008354811684833614,True,Guwahati_Chandmari (Assam),Guwahati_Hub (Assam),IND781003AAA → IND781018AAB,0.20438809411518105
IND233001AAA,IND275101AAA,3,3,3.5714285714285716,1.0,100.0,28.0,41.6421,215.0,38.0,0.5773502691896258,3,3,0.008202212384654003,True,Ghazipur_Kaithwal_D (Uttar Pradesh),Mau_BaliaMod_D (Uttar Pradesh),IND233001AAA → IND275101AAA,0.20435665251794793
IND842001AAA,IND843126AAA,3,3,3.176470588235294,1.0,54.0,17.0,26.2573,214.0,67.0,0.5773502691896258,3,3,0.008164062559609102,True,Muzaffrpur_Bbganj_I (Bihar),Saraiya_Wardno4_D (Bihar),IND842001AAA → IND843126AAA,0.20434879211863965
IND125121AAA,IND125001AAA,3,3,4.0344827586206895,1.0,117.0,29.0,36.9482,211.0,375.0,0.5773502691896258,3,3,0.008049613084474395,True,Barwala_Central_DPP_1 (Haryana),Hisar_ModelTwn_P (Haryana),IND125121AAA → IND125001AAA,0.2043252109207148
IND221313AAA,IND221401AAA,1,1,10.0,1.0,585.0,35.0,47.8665,550.0,89.0,1.0,1,1,0.02098240377469629,True,Varanasi_Central_H_4 (Uttar Pradesh),Bhadohi_Rajpura_D (Uttar Pradesh),IND221313AAA → IND221401AAA,0.20432321961955668
IND144001AAB,IND160002AAC,1,1,5.349206349206349,1.0,674.0,126.0,179.25220000000002,548.0,191.0,1.0,1,1,0.020906104124606487,True,Jalandhar_DPC (Punjab),Chandigarh_Mehmdpur_H (Punjab),IND144001AAB → IND160002AAC,0.20430749882094013
IND517583AAA,IND516101AAA,19,19,2.2666666666666666,1.0,102.0,44.0,68.0068,1112.0,14.0,0.22941573387056174,19,19,0.04242260544993141,True,Puttur_Artmclny_D (Andhra Pradesh),Koduru_MGRoad_D (Andhra Pradesh),IND517583AAA → IND516101AAA,0.2042924881687438
IND854326AAB,IND854105AAB,11,11,2.65,1.0,53.0,20.0,29.4944,577.0,178.0,0.30151134457776363,11,11,0.022012449050908652,True,Purnia_Central_H_2 (Bihar),Katihar_Central_D_2 (Bihar),IND854326AAB → IND854105AAB,0.20429119752731717
IND000000AFF,IND734203AAA,3,3,4.842105263157895,1.0,92.0,19.0,27.8663,205.0,24.0,0.5773502691896258,3,3,0.00782071413420498,True,Darjeeling_Hillcard_DC (West Bengal),Kurseong_ABPath_D (West Bengal),IND000000AFF → IND734203AAA,0.20427804852486509
IND451666AAA,IND424006AAA,8,8,2.6564306922956713,1.0,212.5,77.5,112.04945000000001,1045.0,34.5,0.35355339059327373,8,8,0.03986656717192295,True,Sendhwa_VishnuVhr_D (Madhya Pradesh),Dhule_MIDCAvdn_I (Maharashtra),IND451666AAA → IND424006AAA,0.20421933091506447
IND624601AAA,IND624001AAA,2,2,4.467948717948718,1.0,236.5,53.0,56.6268,367.0,167.5,0.7071067811865475,2,2,0.01400098579147916,True,Palani_RjndraRd_D (Tamil Nadu),Dindigul_Central_D_1 (Tamil Nadu),IND624601AAA → IND624001AAA,0.20421809987947387
IND792120AAB,IND786181AAC,3,3,3.088235294117647,1.0,105.0,34.0,48.745200000000004,196.0,19.0,0.5773502691896258,3,3,0.00747736570880086,True,Changlang_Central_D_1 (Arunachal Pradesh),Margherita_CivilHPL_D (Assam),IND792120AAB → IND786181AAC,0.20420730493109052
IND571213AAA,IND570020AAA,1,1,8.47887323943662,1.0,602.0,71.0,85.0601,531.0,20.0,1.0,1,1,0.020257557098843144,True,Gonikoppal_Thomas_D (Karnataka),Mysore_Yadvgiri_IP (Karnataka),IND571213AAA → IND570020AAA,0.20417387203269927
IND854105AAB,IND853204AAA,5,5,2.8653846153846154,1.0,149.0,52.0,74.7606,512.0,29.0,0.4472135954999579,5,5,0.01953271042299,True,Katihar_Central_D_2 (Bihar),Naugchia_Vijayght_D (Bihar),IND854105AAB → IND853204AAA,0.20413570923806112
IND251201AAA,IND131028AAB,1,1,6.36734693877551,1.0,624.0,98.0,108.0489,526.0,38.0,1.0,1,1,0.020066807973618633,True,Khatauli_TilakNgr_D (Uttar Pradesh),Sonipat_Kundli_H (Haryana),IND251201AAA → IND131028AAB,0.20413457003615784
IND600004AAA,IND600008AAC,3,3,5.5,1.0,77.0,14.0,12.831,186.0,144.0,0.5773502691896258,3,3,0.007095867458351836,True,Chennai_Mylapore (Tamil Nadu),Chennai_Egmore_DPC (Tamil Nadu),IND600004AAA → IND600008AAC,0.20412870093800767
IND713205AAB,IND713148AAA,3,3,4.444444444444445,1.0,80.0,18.0,22.3882,185.0,63.0,0.5773502691896258,3,3,0.007057717633306934,True,Durgapur_Central_I_1 (West Bengal),Panagarh_Central_D_1 (West Bengal),IND713205AAB → IND713148AAA,0.2041208405386994
IND834002AAB,IND781018AAB,1,1,2.803874092009685,1.0,2316.0,826.0,1181.2762,1490.0,283.0,1.0,1,1,0.0568432393169045,True,Ranchi_Hub (Jharkhand),Guwahati_Hub (Assam),IND834002AAB → IND781018AAB,0.20410366233178914
IND600076AAB,IND600032AAB,16,16,2.5,1.0,46.5,18.0,19.588350000000002,445.0,15.0,0.25,16,16,0.016976672144981542,True,Chennai_Madhavaram_DPC (Tamil Nadu),Chennai_Hub (Tamil Nadu),IND600076AAB → IND600032AAB,0.20410132596804886
IND273304AAA,IND273014AAB,14,14,2.5395604395604394,0.8571428571428571,247.0,98.0,111.4927,2398.0,364.5,0.2672612419124244,12,12,0.09148328045767581,True,Nichlaul_Wardno13_D (Uttar Pradesh),Gorakhpur_Matriprm_IP (Uttar Pradesh),IND273304AAA → IND273014AAB,0.20403497708907561
IND742101AAC,IND731237AAB,7,7,2.8214285714285716,1.0,79.0,28.0,42.0136,374.0,43.0,0.3779644730092272,7,7,0.014268034566793477,True,Baharampur_Chuanpur_I (West Bengal),Morgram_Kntgorya_D (West Bengal),IND742101AAC → IND731237AAB,0.20401244943982072
IND834002AAB,IND832109AAB,14,14,2.325626959247649,1.0,202.0,88.0,119.89905,1632.0,150.0,0.2672612419124244,14,14,0.062260514473280626,True,Ranchi_Hub (Jharkhand),Jamshedpur_Central_I_3 (Jharkhand),IND834002AAB → IND832109AAB,0.2040004818718199
IND201007AAB,IND201301AAF,5,5,2.933333333333333,1.0,44.0,16.0,13.0087,158.0,61.0,0.4472135954999579,5,5,0.0060276723570945705,True,Ghaziabad_MohanNgr_C (Uttar Pradesh),Noida_Sec 02_DPC (Uttar Pradesh),IND201007AAB → IND201301AAF,0.20398906952749063
IND530012AAA,IND764020AAC,1,1,4.531468531468532,1.0,648.0,143.0,211.1522,505.0,70.0,1.0,1,1,0.019265661647675684,True,Visakhapatnam_Gajuwaka_IP (Andhra Pradesh),Koraput_GhtimDPP_D (Orissa),IND530012AAA → IND764020AAC,0.20396950165068387
IND160002AAC,IND174001AAA,16,16,2.0652173913043477,1.0,285.0,138.0,155.88479999999998,2569.0,81.0,0.25,16,16,0.09800690054035412,True,Chandigarh_Mehmdpur_H (Punjab),BilaspurHP_Indsarea_D (Himachal Pradesh),IND160002AAC → IND174001AAA,0.2039302473822042
IND400102AAB,IND421302AAG,20,20,2.1153846153846154,1.0,59.5,29.0,33.3096,1642.0,92.0,0.22360679774997896,20,20,0.06264201272372964,True,Mumbai_Jogeshwri_L (Maharashtra),Bhiwandi_Mankoli_HB (Maharashtra),IND400102AAB → IND421302AAG,0.20392313287021613
IND786001AAB,IND785675AAA,3,3,3.3333333333333335,1.0,90.0,28.0,40.2528,157.0,108.0,0.5773502691896258,3,3,0.005989522532049668,True,Dibrugarh_Bokule_H (Assam),Moranhat_TiloiDPP_D (Assam),IND786001AAB → IND785675AAA,0.2039007493580674
IND132103AAA,IND131028AAB,3,3,2.9649122807017543,1.0,169.0,48.0,64.461,327.0,119.0,0.5773502691896258,3,3,0.012474992789683066,True,Panipat (Haryana),Sonipat_Kundli_H (Haryana),IND132103AAA → IND131028AAB,0.2038758557159749
IND523201AAA,IND523002AAA,2,2,6.242456896551724,1.0,192.0,30.5,37.216300000000004,323.0,57.0,0.7071067811865475,2,2,0.012322393489503456,True,Addanki_Oilmilrd_D (Andhra Pradesh),Ongole_SubhVRTL_I (Andhra Pradesh),IND523201AAA → IND523002AAA,0.20387224230990936
IND160002AAC,IND173212AAA,18,18,2.1432229429839538,1.0,188.5,88.0,95.81655,1836.0,148.0,0.23570226039551587,18,18,0.0700430787824407,True,Chandigarh_Mehmdpur_H (Punjab),Solan_MohanPrk_D (Himachal Pradesh),IND160002AAC → IND173212AAA,0.20386131879174485
IND144001AAB,IND144601AAA,3,3,3.375,1.0,59.0,16.0,19.5231,148.0,43.0,0.5773502691896258,3,3,0.005646174106645547,True,Jalandhar_DPC (Punjab),Kapurthala_DC (Punjab),IND144001AAB → IND144601AAA,0.20383000576429283
IND110039AAA,IND110085AAB,3,3,3.5,1.0,56.0,16.0,14.0919,144.0,81.0,0.5773502691896258,3,3,0.005493574806465938,True,Delhi_Barwala (Delhi),Delhi_Rohini_DPC (Delhi),IND110039AAA → IND110085AAB,0.20379856416705971
IND390022AAA,IND390020AAA,3,3,4.416666666666667,1.0,53.0,12.0,11.9891,143.0,58.0,0.5773502691896258,3,3,0.005455424981421035,True,Vadodara_Karelibaug_DPC (Gujarat),Vadodara (Gujarat),IND390022AAA → IND390020AAA,0.2037907037677514
IND411043AAA,IND411014AAA,3,3,3.4,1.0,68.0,15.0,15.9171,138.0,31.0,0.5773502691896258,3,3,0.005264675856196523,True,Pune Balaji Nagar (Maharashtra),PNQ Vadgaon Sheri DPC (Maharashtra),IND411043AAA → IND411014AAA,0.20375140177120998
IND201301AAD,IND110037AAM,2,2,5.367224880382775,1.0,188.5,35.5,36.03705,306.0,41.5,0.7071067811865475,2,2,0.011673846463740117,True,NOI_RPC (Delhi),Delhi_Airport_H (Delhi),IND201301AAD → IND110037AAM,0.2037386155216685
IND421302AAG,IND421401AAC,10,10,2.6841133004926108,1.0,78.5,29.0,42.908150000000006,506.0,41.5,0.31622776601683794,10,10,0.019303811472720585,True,Bhiwandi_Mankoli_HB (Maharashtra),Murbad_SnkunDPP_D (Maharashtra),IND421302AAG → IND421401AAC,0.20372313663806757
IND231205AAA,IND231216AAA,3,3,3.3,1.0,66.0,21.0,22.9972,130.0,18.0,0.5773502691896258,3,3,0.004959477255837305,True,Chopan_PreetDPP_D (Uttar Pradesh),Robertsganj_ArtoDPP_D (Uttar Pradesh),IND231205AAA → IND231216AAA,0.2036885185767437
IND110085AAB,IND110083AAA,3,3,4.0,1.0,56.0,15.0,11.9201,119.0,12.0,0.5773502691896258,3,3,0.004539829180343379,True,Delhi_Rohini_DPC (Delhi),Delhi_Mangol_DC (Delhi),IND110085AAB → IND110083AAA,0.20360205418435257
IND695012AAB,IND695012AAA,3,3,3.3,1.0,62.0,14.0,13.8356,118.0,271.0,0.5773502691896258,3,3,0.004501679355298477,True,Trivandrum_Mnanthla_D (Kerala),Trivandrum_Mnanthla_H (Kerala),IND695012AAB → IND695012AAA,0.2035941937850443
IND272207AAB,IND272153AAC,3,3,3.25,1.0,52.0,16.0,22.9428,105.0,9.0,0.5773502691896258,3,3,0.004005731629714746,True,Naugarh_Central_D_1 (Uttar Pradesh),Bansi_GangDPP_D (Uttar Pradesh),IND272207AAB → IND272153AAC,0.2034920085940366
IND333031AAA,IND331023AAA,5,5,2.896551724137931,1.0,84.0,28.0,39.9622,274.0,31.0,0.4472135954999579,5,5,0.010453052062303243,True,Pilani (Rajasthan),Rajgarh_SadulDPP_D (Rajasthan),IND333031AAA → IND331023AAA,0.20347400307674038
IND431603AAA,IND413531AAA,4,4,2.851308569016463,1.0,268.0,90.5,134.17714999999998,666.0,61.5,0.5,4,4,0.025407783479904963,True,Nanded_Aswningr_I (Maharashtra),Latur_Srnwsngr_D (Maharashtra),IND431603AAA → IND413531AAA,0.20346682387530118
IND122001AAA,IND122001AAD,3,3,3.1538461538461537,1.0,41.0,13.0,12.7244,71.0,21.0,0.5773502691896258,3,3,0.0027086375781880663,True,GGN_DPC (Haryana),Gurgaon_Kadipur (Haryana),IND122001AAA → IND122001AAD,0.2032247550175549
IND781102AAA,IND781018AAB,2,2,4.345588235294118,1.0,154.5,35.0,38.87455,239.0,571.5,0.7071067811865475,2,2,0.00911780818573166,True,Hajo_Sardala_D (Assam),Guwahati_Hub (Assam),IND781102AAA → IND781018AAB,0.20321196876801342
IND328001AAA,IND282002AAD,7,7,2.71875,1.0,174.0,61.0,61.463300000000004,776.0,45.0,0.3779644730092272,7,7,0.02960426423484422,True,Dholpur_GtRoad_D (Rajasthan),IND282002AAD,IND328001AAA → IND282002AAD,0.20318910951840147
IND209111AAA,IND285001AAD,21,21,2.2,1.0,77.0,35.0,49.9361,957.0,21.0,0.2182178902359924,21,21,0.036509382567971545,True,Pukhrayan_Arulimod_D (Uttar Pradesh),Orai_Ajnari_D (Uttar Pradesh),IND209111AAA → IND285001AAD,0.20315458604607461
IND801103AAA,IND802301AAA,11,11,2.6666666666666665,1.0,42.0,16.0,22.882900000000003,349.0,53.0,0.30151134457776363,11,11,0.013314288940670918,True,Bihta_ShivNgar_D (Bihar),Arrah_Katira_D (Bihar),IND801103AAA → IND802301AAA,0.20314557820916612
IND202001AAB,IND205001AAB,8,8,2.566482128982129,1.0,264.5,102.5,138.30545,1345.0,71.5,0.35355339059327373,8,8,0.051311514685393654,True,Aligarh_KhirByps_I (Uttar Pradesh),Mainpuri_Agraroad_I (Uttar Pradesh),IND202001AAB → IND205001AAB,0.2030880667859039
IND321408AAB,IND301001AAB,1,1,3.742857142857143,1.0,524.0,140.0,154.8737,384.0,202.0,1.0,1,1,0.014649532817242501,True,Weir_BsstdDPP_D (Rajasthan),Alwar_Central_I_1 (Rajasthan),IND321408AAB → IND301001AAB,0.2030183933343814
IND583201AAA,IND583101AAA,2,2,3.3181818181818183,1.0,146.0,44.0,62.214650000000006,204.0,555.5,0.7071067811865475,2,2,0.007782564309160078,True,Hospet (Karnataka),Bellary_Dc (Karnataka),IND583201AAA → IND583101AAA,0.20293685479222345
IND416602AAC,IND411033AAA,7,7,2.2822299651567945,1.0,655.0,291.0,360.8444,2898.0,50.0,0.3779644730092272,7,7,0.11055819298012698,True,Kankavali_NrdawDPP_D (Maharashtra),Pune_Tathawde_H (Maharashtra),IND416602AAC → IND411033AAA,0.20293490998166447
IND756100AAC,IND758034AAA,13,13,2.019607843137255,1.0,378.0,204.0,269.514,3169.0,72.0,0.2773500981126146,13,13,0.12089679556729553,True,Bhadrak_Central_I_2 (Orissa),Joda_Central_D_1 (Orissa),IND756100AAC → IND758034AAA,0.20287715104689993
IND207123AAA,IND202001AAB,1,1,8.098039215686274,1.0,413.0,51.0,70.0116,362.0,66.0,1.0,1,1,0.013810236666254649,True,Kasganj_BnkrGate_D (Uttar Pradesh),Aligarh_KhirByps_I (Uttar Pradesh),IND207123AAA → IND202001AAB,0.20284546454959912
IND400072AAJ,IND400037AAA,2,2,9.0,1.0,108.0,12.0,13.96195,192.0,79.0,0.7071067811865475,2,2,0.0073247664086212505,True,Mumbai_Tejpal_I (Maharashtra),Mumbai Antop Hill (Maharashtra),IND400072AAJ → IND400037AAA,0.20284253000052405
IND722154AAA,IND712311AAA,1,1,5.223529411764706,1.0,444.0,85.0,93.1421,359.0,337.0,1.0,1,1,0.01369578719111994,True,MirzapurWB_VidyaDPP_D (West Bengal),Kolkata_Dankuni_HB (West Bengal),IND722154AAA → IND712311AAA,0.20282188335167428
IND173212AAA,IND134102AAA,2,2,3.8484848484848486,1.0,127.0,33.0,43.25705000000001,188.0,39.5,0.7071067811865475,2,2,0.00717216710844164,True,Solan_MohanPrk_D (Himachal Pradesh),Kalka_Pinjore_DC (Haryana),IND173212AAA → IND134102AAA,0.2028110884032909
IND485771AAA,IND486771AAA,1,1,3.8174603174603177,1.0,481.0,126.0,119.49210000000001,355.0,0.0,1.0,1,1,0.013543187890940334,True,Maihar_MngalDPP_D (Madhya Pradesh),Churhat_Central_DPP_1 (Madhya Pradesh),IND485771AAA → IND486771AAA,0.20279044175444114
IND401104AAA,IND421302AAG,14,14,2.4823717948717947,1.0,59.0,24.0,28.06475,704.0,96.5,0.2672612419124244,14,14,0.02685747683161125,True,Mumbai_MiraRd_IP (Maharashtra),Bhiwandi_Mankoli_HB (Maharashtra),IND401104AAA → IND421302AAG,0.20278664993708206
IND580002AAA,IND580028AAA,2,2,4.979166666666666,1.0,112.5,20.5,23.8393,184.0,63.0,0.7071067811865475,2,2,0.007019567808262031,True,Dharwad_Dc (Karnataka),Hubli_Adargchi_IP (Karnataka),IND580002AAA → IND580028AAA,0.20277964680605776
IND733129AAA,IND732103AAB,4,4,2.875058275058275,1.0,179.5,65.5,68.5416,460.0,35.5,0.5,4,4,0.017548919520655078,True,Kaliyaganj_FatprDPP_D (West Bengal),Malda_Central_I_3 (West Bengal),IND733129AAA → IND732103AAB,0.20276890642114068
IND147101AAA,IND160002AAC,1,1,7.140350877192983,1.0,407.0,57.0,76.0523,350.0,22.0,1.0,1,1,0.013352438765715822,True,Samana_PODPP_D (Punjab),Chandigarh_Mehmdpur_H (Punjab),IND147101AAA → IND160002AAC,0.2027511397578997
IND341510AAB,IND305001AAC,14,14,2.394781144781145,1.0,130.5,54.0,73.6772,1125.0,193.0,0.2672612419124244,14,14,0.042918553175515135,True,Merta_Central_DPP_1 (Rajasthan),Ajmer_FoySGRRD_I (Rajasthan),IND341510AAB → IND305001AAC,0.20269796489580166
IND110037AAM,IND110064AAA,2,2,5.39375,1.0,103.5,18.0,14.17905,171.0,114.0,0.7071067811865475,2,2,0.0065236200826783,True,Delhi_Airport_H (Delhi),Delhi_Mayapuri_PC (Delhi),IND110037AAM → IND110064AAA,0.20267746161505007
IND400072AAB,IND421302AAS,2,2,4.630434782608695,1.0,106.5,23.0,29.1896,167.0,184.0,0.7071067811865475,2,2,0.0063710207824986915,True,Mumbai Hub (Maharashtra),Mumbai_East_L_23 (Maharashtra),IND400072AAB → IND421302AAS,0.2026460200178169
IND131028AAB,IND250002AAC,1,1,5.625,1.0,405.0,72.0,89.7878,333.0,273.0,1.0,1,1,0.012703891739952481,True,Sonipat_Kundli_H (Haryana),IND250002AAC,IND131028AAB → IND250002AAC,0.20261751296965885
IND143001AAA,IND144001AAB,19,19,2.1311475409836067,1.0,140.0,63.0,86.0358,1567.0,75.0,0.22941573387056174,19,19,0.05978077584536197,True,Amritsar_DPC (Punjab),Jalandhar_DPC (Punjab),IND143001AAA → IND144001AAB,0.2026117623921706
IND131301AAA,IND131028AAB,2,2,3.0736842105263156,1.0,120.0,39.0,55.265699999999995,162.0,245.5,0.7071067811865475,2,2,0.006180271657274179,True,Gohana_DvlalDPP_D (Haryana),Sonipat_Kundli_H (Haryana),IND131301AAA → IND131028AAB,0.2026067180212755
IND413517AAA,IND431717AAA,2,2,3.069736842105263,1.0,120.0,39.0,59.18795,162.0,35.0,0.7071067811865475,2,2,0.006180271657274179,True,Udgir_NlgaonRd_D (Maharashtra),Degloor_Busstand_D (Maharashtra),IND413517AAA → IND431717AAA,0.2026067180212755
IND852201AAA,IND854326AAB,1,1,3.805084745762712,1.0,449.0,118.0,165.7582,331.0,73.0,1.0,1,1,0.012627592089862676,True,Saharsa_Gangjala_D (Bihar),Purnia_Central_H_2 (Bihar),IND852201AAA → IND854326AAB,0.2026017921710423
IND788713AAA,IND788026AAC,1,1,10.0,1.0,361.0,30.0,43.217,331.0,384.0,1.0,1,1,0.012627592089862676,True,Karimganj_Alngjuri_D (Assam),Silchar_Sirikona_H (Assam),IND788713AAA → IND788026AAC,0.2026017921710423
IND500039AAC,IND500035AAD,8,8,2.7848484848484847,1.0,36.5,13.5,13.795,205.0,31.0,0.35355339059327373,8,8,0.00782071413420498,True,Hyderabad_Uppal_I (Telangana),Hyderabad_South_D_12 (Telangana),IND500039AAC → IND500035AAD,0.20259832020720572
IND395023AAD,IND395004AAB,17,17,2.4285714285714284,1.0,38.0,15.0,15.855699999999999,436.0,49.0,0.24253562503633297,17,17,0.016633323719577424,True,Surat_Central_I_4 (Gujarat),Surat_Central_D_3 (Gujarat),IND395023AAD → IND395004AAB,0.20259297974701648
IND131021AAA,IND131028AAA,58,58,1.5634920634920635,0.7931034482758621,16.0,11.0,13.07395,378.0,26.0,0.13130643285972254,46,46,0.014420633866973087,True,Sonipat_AmzonDev_V (Haryana),Sonipat_Kundli_P (Haryana),IND131021AAA → IND131028AAA,0.20255497478089624
IND302004AAA,IND302014AAB,8,8,2.758928571428571,1.0,41.5,15.5,17.6772,323.0,126.0,0.35355339059327373,8,8,0.012322393489503456,True,Jaipur_NgrNigam_DC (Rajasthan),Jaipur_Central_I_7 (Rajasthan),IND302004AAA → IND302014AAB,0.20252033344291426
IND788026AAC,IND788151AAA,13,13,2.5454545454545454,1.0,56.0,22.0,29.8793,521.0,288.0,0.2773500981126146,13,13,0.01987605884839412,True,Silchar_Sirikona_H (Assam),Hailakandi_kalibari_D (Assam),IND788026AAC → IND788151AAA,0.20246203919949105
IND000000AAQ,IND700028AAB,2,2,6.071428571428571,1.0,85.0,14.0,13.9007,142.0,302.0,0.7071067811865475,2,2,0.005417275156376133,True,Barasat_KrshnNgr_D (West Bengal),CCU_DumDum_DPC (West Bengal),IND000000AAQ → IND700028AAB,0.2024495100351098
IND500008AAD,IND501359AAE,6,6,2.782608695652174,1.0,69.0,23.5,24.7667,529.0,262.5,0.4082482904638631,6,6,0.020181257448753338,True,Hyderabad_Tolichwk_L (Telangana),Hyderabad_Shamshbd_H (Telangana),IND500008AAD → IND501359AAE,0.20239153454242853
IND785112AAC,IND785634AAA,2,2,3.2583333333333333,1.0,95.5,29.0,40.6903,133.0,8.5,0.7071067811865475,2,2,0.0050739267309720115,True,Teok_Wardno3_D (Assam),Mariani_Mainroad_D (Assam),IND785112AAC → IND785634AAA,0.20237876644133523
IND302014AAB,IND302006AAC,22,22,2.1944444444444446,1.0,43.0,21.0,22.9998,712.0,32.5,0.21320071635561041,22,22,0.02716267543197047,True,Jaipur_Central_I_7 (Rajasthan),Jaipur_Central_D_10 (Rajasthan),IND302014AAB → IND302006AAC,0.20234660430749885
IND204101AAA,IND202001AAB,2,2,3.0580357142857144,1.0,94.0,30.0,40.386300000000006,128.0,50.5,0.7071067811865475,2,2,0.0048831776057475,True,Hathras (Uttar Pradesh),Aligarh_KhirByps_I (Uttar Pradesh),IND204101AAA → IND202001AAB,0.2023394644447938
IND410503AAA,IND410505AAB,2,2,4.0613636363636365,1.0,83.5,21.0,31.991149999999998,125.0,24.5,0.7071067811865475,2,2,0.004768728130612793,True,Ambegaon_Manchar_D (Maharashtra),Rajgurunagar_Chakan_D (Maharashtra),IND410503AAA → IND410505AAB,0.20231588324686894
IND788026AAC,IND788121AAA,2,2,4.05,1.0,81.0,20.0,28.34085,122.0,374.0,0.7071067811865475,2,2,0.004654278655478085,True,Silchar_Sirikona_H (Assam),Kabuganj_Jantaclg_D (Assam),IND788026AAC → IND788121AAA,0.2022923020489441
IND784168AAB,IND791111AAC,2,2,3.4400000000000004,1.0,86.0,25.0,36.0466,122.0,19.0,0.7071067811865475,2,2,0.004654278655478085,True,Gohpur_Central_D_1 (Assam),Itanagar_WageDPP_D (Arunachal Pradesh),IND784168AAB → IND791111AAC,0.2022923020489441
IND411048AAA,IND411014AAA,2,2,4.555555555555555,1.0,77.0,17.0,17.3489,120.0,47.5,0.7071067811865475,2,2,0.004577979005388281,True,Pune_East_D_8 (Maharashtra),PNQ Vadgaon Sheri DPC (Maharashtra),IND411048AAA → IND411014AAA,0.20227658125032755
IND673027AAB,IND673104AAA,1,1,5.128571428571429,1.0,359.0,70.0,69.5878,289.0,8.0,1.0,1,1,0.011025299437976777,True,Kozhikode_Feroke_H (Kerala),Vadakara_Mandodi_D (Kerala),IND673027AAB → IND673104AAA,0.20227165540009434
IND000000AFT,IND410206AAA,2,2,3.1011513157894735,1.0,83.5,25.5,26.7707,116.0,35.0,0.7071067811865475,2,2,0.004425379705208672,True,Mumbai_Sanpada_I (Maharashtra),Jasai_JNPT_D (Maharashtra),IND000000AFT → IND410206AAA,0.20224513965309437
IND794101AAA,IND781018AAB,9,9,2.37888198757764,1.0,383.0,163.0,213.1223,1993.0,147.0,0.3333333333333333,9,9,0.07603260131449037,True,Tura_Sracmplx_D (Meghalaya),Guwahati_Hub (Assam),IND794101AAA → IND781018AAB,0.2022373471785903
IND563101AAB,IND560300AAB,1,1,6.163636363636364,1.0,339.0,55.0,63.8641,284.0,279.0,1.0,1,1,0.010834550312752265,True,Kolar_Ambedkar_D (Karnataka),Bangalore_East_I_20 (Karnataka),IND563101AAB → IND560300AAB,0.20223235340355292
IND712602AAA,IND722154AAA,2,2,3.142857142857143,1.0,83.5,26.5,29.11665,114.0,2.0,0.7071067811865475,2,2,0.004349080055118867,True,Arambag_BalibDPP_D (West Bengal),MirzapurWB_VidyaDPP_D (West Bengal),IND712602AAA → IND722154AAA,0.20222941885447782
IND262122AAB,IND244901AAB,4,4,2.7948232323232323,1.0,277.5,102.5,144.23035,786.0,166.5,0.5,4,4,0.029985762485293242,True,Puranpur_MdothdRD_D (Uttar Pradesh),Rampur_RoshnBgh_I (Uttar Pradesh),IND262122AAB → IND244901AAB,0.2022188302826442
IND244901AAB,IND243503AAB,1,1,5.390625,1.0,345.0,64.0,93.31400000000001,281.0,583.0,1.0,1,1,0.010720100837617558,True,Rampur_RoshnBgh_I (Uttar Pradesh),Faridpur_ShjnprRD_D (Uttar Pradesh),IND244901AAB → IND243503AAB,0.20220877220562805
IND390020AAA,IND390022AAA,2,2,4.770588235294118,1.0,68.5,13.5,13.320599999999999,110.0,14.5,0.7071067811865475,2,2,0.004196480754939258,True,Vadodara (Gujarat),Vadodara_Karelibaug_DPC (Gujarat),IND390020AAA → IND390022AAA,0.2021979772572447
IND302014AAA,IND305001AAC,14,14,2.1904761904761907,1.0,269.5,124.0,156.60595,2069.0,206.0,0.2672612419124244,14,14,0.07893198801790295,True,Jaipur_Hub (Rajasthan),Ajmer_FoySGRRD_I (Rajasthan),IND302014AAA → IND305001AAC,0.20219255861547522
IND263153AAB,IND131028AAB,17,17,1.812720848056537,1.0,460.0,259.0,303.79200000000003,3423.0,174.0,0.24253562503633297,17,17,0.13058685112870072,True,Rudrapur_UdhamNgr_H (Uttarakhand),Sonipat_Kundli_H (Haryana),IND263153AAB → IND131028AAB,0.2021812372022684
IND462022AAA,IND462042AAA,2,2,3.5666666666666664,1.0,73.5,20.5,20.461750000000002,106.0,9.5,0.7071067811865475,2,2,0.004043881454759648,True,Bhopal_Trnsport_H (Madhya Pradesh),Bhopal_Kolar Mandakni (Madhya Pradesh),IND462022AAA → IND462042AAA,0.20216653566001153
IND712311AAA,IND000000ACB,11,11,1.3506224066390042,1.0,1986.0,1467.0,1917.843,6711.0,212.0,0.30151134457776363,11,11,0.25602347587633967,True,Kolkata_Dankuni_HB (West Bengal),Gurgaon_Bilaspur_HB (Haryana),IND712311AAA → IND000000ACB,0.20209999748671165
IND395023AAA,IND394221AAA,2,2,4.0133689839572195,1.0,62.5,14.0,14.55975,97.0,526.0,0.7071067811865475,2,2,0.0037005330293555273,True,Surat_HUB (Gujarat),Surat_Pandesra_Gateway (Gujarat),IND395023AAA → IND394221AAA,0.20209579206623696
IND581110AAE,IND577002AAA,4,4,2.8363636363636364,1.0,156.0,55.0,70.69409999999999,563.0,70.5,0.5,4,4,0.02147835150028002,True,Haveri_GuttalRD_D (Karnataka),Davangere_Central_I_1 (Karnataka),IND581110AAE → IND577002AAA,0.20207744242811926
IND400072AAB,IND400011AAA,2,2,3.7058823529411766,1.0,63.0,17.0,21.7556,92.0,59.0,0.7071067811865475,2,2,0.0035097839041310155,True,Mumbai Hub (Maharashtra),LowerParel_CP (Maharashtra),IND400072AAB → IND400011AAA,0.20205649006969556
IND444005AAB,IND000000AAZ,1,1,3.0232558139534884,1.0,390.0,129.0,181.1889,261.0,276.0,1.0,1,1,0.009957104336719511,True,Akola_Gaurkshn_I (Maharashtra),Buldhana_Thsil3PL_D (Maharashtra),IND444005AAB → IND000000AAZ,0.20205156421946235
IND600044AAD,IND603203AAA,2,2,3.908333333333333,1.0,60.5,15.5,19.01405,90.0,19.0,0.7071067811865475,2,2,0.0034334842540412113,True,Chennai_Chrompet_DPC (Tamil Nadu),Chennai_Potheri (Tamil Nadu),IND600044AAD → IND603203AAA,0.202040769271079
IND788026AAC,IND799250AAA,1,1,4.2,1.0,336.0,80.0,114.7827,256.0,255.0,1.0,1,1,0.009766355211495,True,Silchar_Sirikona_H (Assam),Dharmanagr_Ranakant_D (Tripura),IND788026AAC → IND799250AAA,0.20201226222292093
IND201007AAB,IND201007AAA,2,2,4.035714285714286,1.0,56.5,14.0,11.77685,85.0,28.0,0.7071067811865475,2,2,0.003242735128816699,True,Ghaziabad_MohanNgr_C (Uttar Pradesh),GZB_Mohan_Nagar_DPC (Uttar Pradesh),IND201007AAB → IND201007AAA,0.20200146727453755
IND000000AFT,IND400706AAA,2,2,3.511111111111111,1.0,56.0,14.0,14.15335,84.0,22.5,0.7071067811865475,2,2,0.0032045853037717966,True,Mumbai_Sanpada_I (Maharashtra),Mumbai_Nerul_D (Maharashtra),IND000000AFT → IND400706AAA,0.20199360687522927
IND410206AAA,IND000000AFT,13,13,2.533333333333333,1.0,34.0,14.0,18.941200000000002,521.0,31.0,0.2773500981126146,13,13,0.01987605884839412,True,Jasai_JNPT_D (Maharashtra),Mumbai_Sanpada_I (Maharashtra),IND410206AAA → IND000000AFT,0.20199181976375435
IND380005AAA,IND382721AAA,2,2,3.139473684210526,1.0,61.0,19.5,19.3363,83.0,43.5,0.7071067811865475,2,2,0.003166435478726895,True,Amd_Chandkheda_Dc (Gujarat),Gandhinagar_Kalol_DC (Gujarat),IND380005AAA → IND382721AAA,0.201985746475921
IND600008AAC,IND600013AAA,2,2,4.55,1.0,50.5,11.0,12.08535,79.0,57.5,0.7071067811865475,2,2,0.0030138361785472852,True,Chennai_Egmore_DPC (Tamil Nadu),Chennai_Royapuram (Tamil Nadu),IND600008AAC → IND600013AAA,0.20195430487868785
IND400706AAA,IND000000AFT,2,2,4.712121212121212,1.0,47.5,10.0,10.32765,75.0,34.5,0.7071067811865475,2,2,0.002861236878367676,True,Mumbai_Nerul_D (Maharashtra),Mumbai_Sanpada_I (Maharashtra),IND400706AAA → IND000000AFT,0.2019228632814547
IND712602AAA,IND712311AAA,1,1,5.206896551724138,1.0,302.0,58.0,61.4109,244.0,565.0,1.0,1,1,0.00930855731095617,True,Arambag_BalibDPP_D (West Bengal),Kolkata_Dankuni_HB (West Bengal),IND712602AAA → IND712311AAA,0.20191793743122152
IND370001AAA,IND370201AAA,1,1,6.627906976744186,1.0,285.0,43.0,53.6108,242.0,47.0,1.0,1,1,0.009232257660866367,True,Bhuj_DC (Gujarat),Gandhidham_Sector1A_IP (Gujarat),IND370001AAA → IND370201AAA,0.20190221663260494
IND275101AAA,IND275503AAA,2,2,4.136363636363637,1.0,45.5,11.0,15.9229,69.0,36.0,0.7071067811865475,2,2,0.0026323379280982617,True,Mau_BaliaMod_D (Uttar Pradesh),Ghosi_Jamalpur_D (Uttar Pradesh),IND275101AAA → IND275503AAA,0.201875700885605
IND785001AAA,IND798601AAA,1,1,4.25,1.0,306.0,72.0,103.5959,234.0,123.0,1.0,1,1,0.008927059060507149,True,Jorhat_RicMilRd_D (Assam),Mokokchung_Central_D_1 (Nagaland),IND785001AAA → IND798601AAA,0.20183933343813867
IND781354AAA,IND781335AAA,2,2,3.1333333333333333,1.0,47.0,15.0,19.553350000000002,64.0,6.5,0.7071067811865475,2,2,0.00244158880287375,True,Rangia_HosptlRd_D (Assam),Nalbari_Bhgtpura_D (Assam),IND781354AAA → IND781335AAA,0.20183639888906357
IND713205AAB,IND722101AAB,1,1,5.62,1.0,281.0,50.0,52.231300000000005,231.0,22.0,1.0,1,1,0.008812609585372442,True,Durgapur_Central_I_1 (West Bengal),Bankura_NapitDPP_D (West Bengal),IND713205AAB → IND722101AAB,0.2018157522402138
IND501301AAC,IND500039AAC,2,2,3.416666666666667,1.0,41.0,12.0,14.886050000000001,58.0,20.5,0.7071067811865475,2,2,0.002212689852604336,True,Ghatkesar_Central_D_1 (Telangana),Hyderabad_Uppal_I (Telangana),IND501301AAC → IND500039AAC,0.20178923649321387
IND174103AAA,IND160002AAC,6,6,2.7384615384615385,1.0,178.0,65.0,68.58755000000001,669.0,36.0,0.4082482904638631,6,6,0.025522232955039668,True,Baddi_ByePass_D (Himachal Pradesh),Chandigarh_Mehmdpur_H (Punjab),IND174103AAA → IND160002AAC,0.2017793852097448
IND444303AAA,IND444203AAA,2,2,3.242424242424242,1.0,37.0,11.5,16.9471,51.0,35.5,0.7071067811865475,2,2,0.0019456410772900196,True,Khamgaon_WamanDPP_D (Maharashtra),Shegaon_SChwkDPP_D (Maharashtra),IND444303AAA → IND444203AAA,0.2017342136980559
IND221313AAA,IND221010AAA,2,2,4.517857142857142,1.0,32.5,7.5,10.71855,50.0,70.5,0.7071067811865475,2,2,0.001907491252245117,True,Varanasi_Central_H_4 (Uttar Pradesh),Varanasi (Uttar Pradesh),IND221313AAA → IND221010AAA,0.2017263532987476
IND695101AAB,IND695012AAA,1,1,4.573770491803279,1.0,279.0,61.0,60.655300000000004,218.0,27.0,1.0,1,1,0.008316661859788712,True,Attingal_Central_D_2 (Kerala),Trivandrum_Mnanthla_H (Kerala),IND695101AAB → IND695012AAA,0.20171356704920612
IND505001AAB,IND505209AAA,7,7,2.7083333333333335,1.0,130.0,45.0,63.497299999999996,639.0,55.0,0.3779644730092272,7,7,0.024377738203692597,True,Karimnagar_KamnHbRD_I (Telangana),Ramagundam_Pdmavati_D (Telangana),IND505001AAB → IND505209AAA,0.20170813998558024
IND121002AAA,IND121004AAB,1,1,10.0,1.0,229.0,12.0,11.2338,217.0,36.0,1.0,1,1,0.008278512034743809,True,Faridabad_Old (Haryana),FBD_Balabhgarh_DPC (Haryana),IND121002AAA → IND121004AAB,0.20170570664989784
IND205001AAB,IND283203AAA,1,1,4.689655172413793,1.0,272.0,58.0,66.034,214.0,105.0,1.0,1,1,0.008164062559609102,True,Mainpuri_Agraroad_I (Uttar Pradesh),Firozabad_Sudmpuri_D (Uttar Pradesh),IND205001AAB → IND283203AAA,0.20168212545197298
IND000000AAZ,IND444203AAA,1,1,3.7532467532467533,1.0,289.0,77.0,109.3067,212.0,33.0,1.0,1,1,0.008087762909519297,True,Buldhana_Thsil3PL_D (Maharashtra),Shegaon_SChwkDPP_D (Maharashtra),IND000000AAZ → IND444203AAA,0.2016664046533564
IND842001AAA,IND843320AAA,1,1,3.0927835051546393,1.0,300.0,97.0,111.5779,203.0,39.0,1.0,1,1,0.007744414484115176,True,Muzaffrpur_Bbganj_I (Bihar),Pupri_SngihiRD_D (Bihar),IND842001AAA → IND843320AAA,0.20159566105958182
IND505326AAB,IND505001AAB,1,1,4.389830508474576,1.0,259.0,59.0,63.4686,200.0,44.0,1.0,1,1,0.007629965008980468,True,IND505326AAB,Karimnagar_KamnHbRD_I (Telangana),IND505326AAB → IND505001AAB,0.20157207986165698
IND462022AAA,IND466001AAA,14,14,2.384159719175077,1.0,122.5,53.0,57.6321,1034.0,47.0,0.2672612419124244,14,14,0.03944691909642902,True,Bhopal_Trnsport_H (Madhya Pradesh),Sehore_Mangalam_D (Madhya Pradesh),IND462022AAA → IND466001AAA,0.20157063049644341
IND533106AAA,IND534260AAC,5,5,2.7837837837837838,1.0,206.0,74.0,67.05350000000001,585.0,45.0,0.4472135954999579,5,5,0.022317647651267872,True,Rajamundry_AtoNgrRd_I (Andhra Pradesh),Palakollu_CroadDPP_D (Andhra Pradesh),IND533106AAA → IND534260AAC,0.20154396888580953
IND274001AAA,IND273014AAB,1,1,5.780487804878049,1.0,237.0,41.0,58.34310000000001,196.0,78.0,1.0,1,1,0.00747736570880086,True,Deoria_CCRoad_D (Uttar Pradesh),Gorakhpur_Matriprm_IP (Uttar Pradesh),IND274001AAA → IND273014AAB,0.20154063826442384
IND600008AAC,IND600056AAB,15,15,2.3513513513513513,1.0,87.0,37.0,45.189800000000005,1017.0,25.0,0.2581988897471611,15,15,0.038798372070665686,True,Chennai_Egmore_DPC (Tamil Nadu),MAA_Poonamallee_HB (Tamil Nadu),IND600008AAC → IND600056AAB,0.201497598634581
IND713130AAA,IND741126AAB,1,1,3.6666666666666665,1.0,253.0,69.0,81.7059,184.0,52.0,1.0,1,1,0.007019567808262031,True,Katwa_BSarani_D (West Bengal),Nakashipara_MaxDPP_D (West Bengal),IND713130AAA → IND741126AAB,0.20144631347272443
IND854311AAA,IND854326AAB,1,1,6.548387096774194,1.0,203.0,31.0,45.025999999999996,172.0,50.0,1.0,1,1,0.006561769907723203,True,Araria_Wardn13_D (Bihar),Purnia_Central_H_2 (Bihar),IND854311AAA → IND854326AAB,0.201351988681025
IND562132AAA,IND560002AAA,25,25,2.2093023255813953,0.92,75.0,27.0,25.897100000000002,1021.0,68.0,0.2,23,23,0.03895097137084529,True,Bangalore_Nelmngla_H (Karnataka),Bengaluru_KHRoad_I (Karnataka),IND562132AAA → IND560002AAA,0.20135185101372677
IND571105AAA,IND571114AAA,1,1,7.576923076923077,1.0,197.0,26.0,29.8354,171.0,12.0,1.0,1,1,0.0065236200826783,True,Hunsur_RatnaDPP_D (Karnataka),HDKote_BegurRD_D (Karnataka),IND571105AAA → IND571114AAA,0.20134412828171672
IND785682AAA,IND785690AAB,2,2,2.968070652173913,1.0,117.5,39.0,53.92775,157.0,42.0,0.7071067811865475,2,2,0.005989522532049668,True,Sivasagar_Babupaty_D (Assam),Sonari_Central_DPP_1 (Assam),IND785682AAA → IND785690AAB,0.2013287775314807
IND313001AAB,IND382430AAB,14,14,1.9822042730588847,1.0,405.0,205.0,294.2271,2986.0,84.5,0.2672612419124244,14,14,0.1139153775840784,True,Udaipur_Mangri_I (Rajasthan),Ahmedabad_East_H_1 (Gujarat),IND313001AAB → IND382430AAB,0.2013210307434321
IND531001AAA,IND530012AAA,1,1,8.636363636363637,1.0,190.0,22.0,24.7421,168.0,15.0,1.0,1,1,0.006409170607543593,True,Anakapalle_Kothuru_D (Andhra Pradesh),Visakhapatnam_Gajuwaka_IP (Andhra Pradesh),IND531001AAA → IND530012AAA,0.20132054708379188
IND813102AAA,IND813203AAA,1,1,3.515151515151515,1.0,232.0,66.0,77.41900000000001,166.0,28.0,1.0,1,1,0.00633287095745379,True,Banka_Wardno6_D (Bihar),Kahalgaon_NdiaTola_D (Bihar),IND813102AAA → IND813203AAA,0.2013048262851753
IND431603AAA,IND431401AAA,1,1,4.333333333333333,1.0,208.0,48.0,60.0424,160.0,2.0,1.0,1,1,0.0061039720071843755,True,Nanded_Aswningr_I (Maharashtra),Parbhani_Rjndrngr_D (Maharashtra),IND431603AAA → IND431401AAA,0.2012576638893256
IND521225AAB,IND521165AAA,1,1,3.532258064516129,1.0,219.0,62.0,85.5972,157.0,1000.0,1.0,1,1,0.005989522532049668,True,Vijayawada_Rynapadu_H (Andhra Pradesh),Vuyyuru_BhogdDPP_D (Andhra Pradesh),IND521225AAB → IND521165AAA,0.20123408269140075
IND000000ACB,IND301705AAA,1,1,3.75,1.0,210.0,56.0,62.9226,154.0,207.0,1.0,1,1,0.005875073056914961,True,Gurgaon_Bilaspur_HB (Haryana),Neemrana_Rcocmplx_D (Rajasthan),IND000000ACB → IND301705AAA,0.20121050149347589
IND712310AAE,IND711303AAA,18,18,2.224747474747475,1.0,97.5,45.0,57.670700000000004,1090.0,56.5,0.23570226039551587,18,18,0.041583309298943556,True,Kolkata_North_I_4 (West Bengal),Bagnan_Harop_D (West Bengal),IND712310AAE → IND711303AAA,0.20116005050203886
IND562125AAA,IND000000ACS,1,1,7.125,1.0,171.0,24.0,16.7946,147.0,57.0,1.0,1,1,0.005608024281600644,True,Bengaluru_Sarjapur_D (Karnataka),BLR_HSR_Layout_PC (Karnataka),IND562125AAA → IND000000ACS,0.2011554786983179
IND263153AAB,IND244713AAA,1,1,3.8076923076923075,1.0,198.0,52.0,55.512100000000004,146.0,39.0,1.0,1,1,0.005569874456555743,True,Rudrapur_UdhamNgr_H (Uttarakhand),Kashipur_Vaishali_D (Uttarakhand),IND263153AAB → IND244713AAA,0.2011476182990096
IND635207AAA,IND635802AAB,1,1,3.5272727272727273,1.0,194.0,55.0,70.8822,139.0,16.0,1.0,1,1,0.005302825681241426,True,Uthangarai_RgstrOFC_D (Tamil Nadu),Ambur_Central_D_2 (Tamil Nadu),IND635207AAA → IND635802AAB,0.2010925955038516
IND396191AAC,IND421302AAG,8,8,2.471082621082621,1.0,327.5,135.5,158.7472,1558.0,74.5,0.35355339059327373,8,8,0.059437427419957854,True,Vapi_IndEstat_I (Gujarat),Bhiwandi_Mankoli_HB (Maharashtra),IND396191AAC → IND421302AAG,0.20106148885970837
IND742202AAA,IND732103AAA,1,1,4.722222222222222,1.0,170.0,36.0,51.188500000000005,134.0,50.0,1.0,1,1,0.005112076556016914,True,Dhulian_RatanDPP_D (West Bengal),Malda_krshnPly_DC (West Bengal),IND742202AAA → IND732103AAA,0.2010532935073102
IND573116AAA,IND571426AAA,1,1,5.586206896551724,1.0,162.0,29.0,32.2457,133.0,33.0,1.0,1,1,0.0050739267309720115,True,Channaraya_patna_D (Karnataka),Krishnarajpet_MuruPost_D (Karnataka),IND573116AAA → IND571426AAA,0.20104543310800188
IND477001AAA,IND474003AAA,1,1,3.490566037735849,1.0,185.0,53.0,76.084,132.0,493.0,1.0,1,1,0.005035776905927109,True,Bhind_BhrolDPP_D (Madhya Pradesh),Gwalior_HrihrNgr_I (Madhya Pradesh),IND477001AAA → IND474003AAA,0.2010375727086936
IND621112AAA,IND620012AAA,1,1,6.458333333333333,1.0,155.0,24.0,22.6467,131.0,12.0,1.0,1,1,0.004997627080882207,True,Tiruchi_Samyaprm_D (Tamil Nadu),Tiruchi_Manikndm_H (Tamil Nadu),IND621112AAA → IND620012AAA,0.20102971230938532
IND509124AAA,IND518002AAA,1,1,3.064516129032258,1.0,190.0,62.0,83.5384,128.0,217.0,1.0,1,1,0.0048831776057475,True,JoguGadwal_ColctrOf_D (Telangana),Kurnool_AbbasNgr_I (Andhra Pradesh),IND509124AAA → IND518002AAA,0.20100613111146048
IND742149AAA,IND742225AAA,1,1,4.315789473684211,1.0,164.0,38.0,54.9441,126.0,53.0,1.0,1,1,0.0048068779556576955,True,Murshidabad_Sirjudol_D (West Bengal),Ragunthgnj_GopalDPP_D (West Bengal),IND742149AAA → IND742225AAA,0.2009904103128439
IND854326AAB,IND854334AAA,1,1,3.6382978723404253,1.0,171.0,47.0,67.3786,124.0,165.0,1.0,1,1,0.0047305783055678905,True,Purnia_Central_H_2 (Bihar),Raniganj_Central_DPP_1 (Bihar),IND854326AAB → IND854334AAA,0.20097468951422734
IND754142AAA,IND754211AAA,2,2,2.9696296296296296,1.0,76.5,26.0,37.515950000000004,101.0,29.5,0.7071067811865475,2,2,0.0038531323295351366,True,Paradip_Udyabata_D (Orissa),Kendrpara_Kapleswr_D (Orissa),IND754142AAA → IND754211AAA,0.20094907274392987
IND700136AAB,IND712311AAA,1,1,4.428571428571429,1.0,155.0,35.0,31.7085,120.0,187.0,1.0,1,1,0.004577979005388281,True,CCU_Hub (West Bengal),Kolkata_Dankuni_HB (West Bengal),IND700136AAB → IND712311AAA,0.2009432479169942
IND632301AAA,IND632006AAA,1,1,4.636363636363637,1.0,153.0,33.0,41.1081,120.0,383.0,1.0,1,1,0.004577979005388281,True,Arani_KrthiKyn_D (Tamil Nadu),Vellore_GndhiNgr_IP (Tamil Nadu),IND632301AAA → IND632006AAA,0.2009432479169942
IND641062AAD,IND641001AAA,3,3,2.9166666666666665,1.0,105.0,36.0,38.433099999999996,192.0,96.0,0.5773502691896258,3,3,0.0073247664086212505,True,Coimbatore_Karayam_H (Tamil Nadu),Coimbatore_Ukkadam_D (Tamil Nadu),IND641062AAD → IND641001AAA,0.20094310471316773
IND173212AAA,IND174103AAA,1,1,3.375,1.0,162.0,48.0,58.7798,114.0,34.0,1.0,1,1,0.004349080055118867,True,Solan_MohanPrk_D (Himachal Pradesh),Baddi_ByePass_D (Himachal Pradesh),IND173212AAA → IND174103AAA,0.2008960855211445
IND122001AAA,IND122050AAA,1,1,4.892857142857143,1.0,137.0,28.0,25.4459,109.0,126.0,1.0,1,1,0.004158330929894356,True,GGN_DPC (Haryana),Gurgaon_Manesar (Haryana),IND122001AAA → IND122050AAA,0.20085678352460307
IND842001AAA,IND848101AAA,1,1,4.114285714285714,1.0,144.0,35.0,52.4093,109.0,58.0,1.0,1,1,0.004158330929894356,True,Muzaffrpur_Bbganj_I (Bihar),Samastipur_Haripur_D (Bihar),IND842001AAA → IND848101AAA,0.20085678352460307
IND424006AAA,IND423105AAA,1,1,4.205882352941177,1.0,143.0,34.0,47.7911,109.0,5.0,1.0,1,1,0.004158330929894356,True,Dhule_MIDCAvdn_I (Maharashtra),Malegaon_Rawlgaon_D (Maharashtra),IND424006AAA → IND423105AAA,0.20085678352460307
IND110037AAM,IND125001AAA,1,1,2.9502762430939224,1.0,534.0,181.0,200.4773,353.0,306.0,1.0,1,1,0.013466888240850527,True,Delhi_Airport_H (Delhi),Hisar_ModelTwn_P (Haryana),IND110037AAM → IND125001AAA,0.20084578211033016
IND686028AAB,IND686632AAA,1,1,6.095238095238095,1.0,128.0,21.0,21.2599,107.0,271.0,1.0,1,1,0.004082031279804551,True,Kottayam_Central_H_1 (Kerala),Kothanalloor_Majoor_D (Kerala),IND686028AAB → IND686632AAA,0.2008410627259865
IND233001AAA,IND275503AAA,1,1,3.5365853658536586,1.0,145.0,41.0,59.8165,104.0,39.0,1.0,1,1,0.003967581804669843,True,Ghazipur_Kaithwal_D (Uttar Pradesh),Ghosi_Jamalpur_D (Uttar Pradesh),IND233001AAA → IND275503AAA,0.20081748152806164
IND530043AAA,IND530012AAA,1,1,5.681818181818182,1.0,125.0,22.0,25.097700000000003,103.0,45.0,1.0,1,1,0.003929431979624941,True,Visakhapatnam_VislkNgr_DC (Andhra Pradesh),Visakhapatnam_Gajuwaka_IP (Andhra Pradesh),IND530043AAA → IND530012AAA,0.20080962112875334
IND400072AAI,IND000000AFS,1,1,9.416666666666666,1.0,113.0,12.0,14.7276,101.0,1280.0,1.0,1,1,0.0038531323295351366,True,Mumbai_Chndivli_D (Maharashtra),Mumbai_Skynet_INT (Maharashtra),IND400072AAI → IND000000AFS,0.20079390033013678
IND768201AAA,IND770001AAA,1,1,4.333333333333333,1.0,130.0,30.0,32.3288,100.0,22.0,1.0,1,1,0.003814982504490234,True,Jharsuguda_MbRoad_D (Orissa),Sundargarh_DiyoDPP_D (Orissa),IND768201AAA → IND770001AAA,0.2007860399308285
IND784001AAA,IND784101AAA,1,1,7.6,1.0,114.0,15.0,21.655,99.0,34.0,1.0,1,1,0.0037768326794453324,True,Tezpur_Mhbhirab_D (Assam),Balipara_EragnDPP_D (Assam),IND784001AAA → IND784101AAA,0.20077817953152022
IND391110AAD,IND390022AAA,1,1,3.7714285714285714,1.0,132.0,35.0,38.4242,97.0,230.0,1.0,1,1,0.0037005330293555273,True,Dabhoi_Central_DPP_3 (Gujarat),Vadodara_Karelibaug_DPC (Gujarat),IND391110AAD → IND390022AAA,0.20076245873290366
IND501359AAE,IND501218AAC,1,1,4.518518518518518,1.0,122.0,27.0,33.4538,95.0,272.0,1.0,1,1,0.0036242333792657227,True,Hyderabad_Shamshbd_H (Telangana),Shamshabad_Lngrguda_D (Telangana),IND501359AAE → IND501218AAC,0.20074673793428707
IND721306AAA,IND721253AAC,1,1,3.317073170731707,1.0,136.0,41.0,53.026399999999995,95.0,32.0,1.0,1,1,0.0036242333792657227,True,Kharagpur_DC (West Bengal),ChandroknaRD_Central_DPP_3 (West Bengal),IND721306AAA → IND721253AAC,0.20074673793428707
IND802158AAB,IND821115AAB,11,11,2.442857142857143,1.0,166.0,70.0,86.5476,1145.0,25.0,0.30151134457776363,11,11,0.04368154967641318,True,Jagdishpur_Wardno13_D (Bihar),Sasaram_Central_I_2 (Bihar),IND802158AAB → IND821115AAB,0.20072019004870867
IND673592AAA,IND670645AAB,1,1,3.1666666666666665,1.0,133.0,42.0,46.009100000000004,91.0,17.0,1.0,1,1,0.003471634079086113,True,SultnBthry_Kollgpra_D (Kerala),Mananthavady_Central_D_1 (Kerala),IND673592AAA → IND670645AAB,0.20071529633705393
IND742121AAB,IND742101AAC,1,1,3.588235294117647,1.0,122.0,34.0,40.99570000000001,88.0,23.0,1.0,1,1,0.0033571846039514063,True,Nowda_ArhamDPP_D (West Bengal),Baharampur_Chuanpur_I (West Bengal),IND742121AAB → IND742101AAC,0.2006917151391291
IND791109AAA,IND787001AAA,1,1,3.6875,1.0,118.0,32.0,46.8909,86.0,44.0,1.0,1,1,0.0032808849538616017,True,Nirjuli_BageDPP_D (Arunachal Pradesh),LakhimpurN_SashPhkn_D (Assam),IND791109AAA → IND787001AAA,0.2006759943405125
IND574117AAA,IND576201AAA,1,1,3.097560975609756,1.0,127.0,41.0,53.2047,86.0,1.0,1.0,1,1,0.0032808849538616017,True,Uchila_Busstand_D (Karnataka),Kundapura_DC (Karnataka),IND574117AAA → IND576201AAA,0.2006759943405125
IND791110AAA,IND787001AAA,1,1,3.5294117647058822,1.0,120.0,34.0,48.9821,86.0,37.0,1.0,1,1,0.0032808849538616017,True,Naharlagun_JmpuCntr_D (Arunachal Pradesh),LakhimpurN_SashPhkn_D (Assam),IND791110AAA → IND787001AAA,0.2006759943405125
IND411033AAA,IND431136AAC,12,12,2.1516557867537056,1.0,376.0,172.0,244.1986,2406.0,218.0,0.2886751345948129,12,12,0.09178847905803504,True,Pune_Tathawde_H (Maharashtra),Aurangabad_Central_H_1 (Maharashtra),IND411033AAA → IND431136AAC,0.20066888257819032
IND443201AAA,IND000000AAZ,1,1,6.25,1.0,100.0,16.0,23.79,84.0,36.0,1.0,1,1,0.0032045853037717966,True,Chikhli_KKndrDPP_D (Maharashtra),Buldhana_Thsil3PL_D (Maharashtra),IND443201AAA → IND000000AAZ,0.20066027354189594
IND852118AAA,IND852111AAA,1,1,3.8275862068965516,1.0,111.0,29.0,42.0783,82.0,38.0,1.0,1,1,0.003128285653681992,True,Forbesganj_JhumanCk_D (Bihar),Simrahi_Bazar_D (Bihar),IND852118AAA → IND852111AAA,0.20064455274327936
IND201007AAA,IND201007AAB,1,1,5.1,1.0,102.0,20.0,15.2666,82.0,13.0,1.0,1,1,0.003128285653681992,True,GZB_Mohan_Nagar_DPC (Uttar Pradesh),Ghaziabad_MohanNgr_C (Uttar Pradesh),IND201007AAA → IND201007AAB,0.20064455274327936
IND173220AAA,IND173212AAA,1,1,3.53125,1.0,113.0,32.0,41.0419,81.0,14.0,1.0,1,1,0.0030901358286370894,True,Parwanoo_Central_D_1 (Himachal Pradesh),Solan_MohanPrk_D (Himachal Pradesh),IND173220AAA → IND173212AAA,0.20063669234397108
IND400015AAA,IND421302AAG,1,1,3.7586206896551726,1.0,109.0,29.0,40.5513,80.0,60.0,1.0,1,1,0.0030519860035921878,True,Mumbai_CottonGreen_DPC (Maharashtra),Bhiwandi_Mankoli_HB (Maharashtra),IND400015AAA → IND421302AAG,0.2006288319446628
IND854326AAB,IND852201AAA,6,6,2.5952380952380953,1.0,327.0,127.0,170.6884,1229.0,100.5,0.4082482904638631,6,6,0.04688613498018498,True,Purnia_Central_H_2 (Bihar),Saharsa_Gangjala_D (Bihar),IND854326AAB → IND852201AAA,0.200625126973199
IND712310AAE,IND712103AAA,1,1,3.6551724137931036,1.0,106.0,29.0,31.854,77.0,32.0,1.0,1,1,0.0029375365284574806,True,Kolkata_North_I_4 (West Bengal),Hoogly_Bandel_D (West Bengal),IND712310AAE → IND712103AAA,0.20060525074673796
IND132001AAA,IND132103AAA,1,1,3.1470588235294117,1.0,107.0,34.0,38.0852,73.0,199.0,1.0,1,1,0.0027849372282778713,True,Karnal (Haryana),Panipat (Haryana),IND132001AAA → IND132103AAA,0.2005738091495048
IND754202AAA,IND751002AAB,1,1,3.3666666666666667,1.0,101.0,30.0,38.6596,71.0,33.0,1.0,1,1,0.0027086375781880663,True,Cuttack_SliprDPP_DC (Orissa),Bhubaneshwar_Hub (Orissa),IND754202AAA → IND751002AAB,0.20055808835088823
IND274402AAA,IND274301AAB,1,1,3.3333333333333335,1.0,100.0,30.0,43.1058,70.0,10.0,1.0,1,1,0.002670487753143164,True,Kushinagar_JiswlDPP_D (Uttar Pradesh),Kaptanganj_Subshngr_D (Uttar Pradesh),IND274402AAA → IND274301AAB,0.20055022795157995
IND600016AAB,IND600044AAC,22,22,2.0909926470588234,1.0,70.0,33.0,38.49875,994.0,41.5,0.21320071635561041,22,22,0.03792092609463293,True,Chennai_Alandur_C (Tamil Nadu),Chennai_Chrompet_PC (Tamil Nadu),IND600016AAB → IND600044AAC,0.2005500206345447
IND606801AAB,IND632006AAA,13,13,2.3773584905660377,1.0,130.0,55.0,64.5626,1106.0,18.0,0.2773500981126146,13,13,0.042193706499662,True,Chetpet_Blmrgnst_D (Tamil Nadu),Vellore_GndhiNgr_IP (Tamil Nadu),IND606801AAB → IND632006AAA,0.20053940514830074
IND242001AAA,IND242307AAB,1,1,6.230769230769231,1.0,81.0,13.0,19.7927,68.0,10.0,1.0,1,1,0.0025941881030533596,True,Shahjhnpur_NavdaCln_D (Uttar Pradesh),Tilhar_SingCLNY_D (Uttar Pradesh),IND242001AAA → IND242307AAB,0.2005345071529634
IND462021AAA,IND462001AAA,1,1,6.7272727272727275,1.0,74.0,11.0,11.7024,63.0,6.0,1.0,1,1,0.0024034389778288478,True,Bhopal_Indrapri_DC (Madhya Pradesh),Bhopal_Old City (Madhya Pradesh),IND462021AAA → IND462001AAA,0.20049520515642194
IND400072AAA,IND421302AAG,1,1,4.0,1.0,84.0,21.0,27.613599999999998,63.0,218.0,1.0,1,1,0.0024034389778288478,True,Mumbai_Tejpal_M (Maharashtra),Bhiwandi_Mankoli_HB (Maharashtra),IND400072AAA → IND421302AAG,0.20049520515642194
IND713205AAB,IND722101AAA,2,2,2.9426877470355732,1.0,133.0,45.0,51.705299999999994,176.0,161.0,0.7071067811865475,2,2,0.006714369207902813,True,Durgapur_Central_I_1 (West Bengal),Bankura_KeranDPP_D (West Bengal),IND713205AAB → IND722101AAA,0.20049344345348874
IND411033AAB,IND411057AAF,1,1,4.388888888888889,1.0,79.0,18.0,20.3805,61.0,79.0,1.0,1,1,0.0023271393277390427,True,Pune_Chinchwad DC (Maharashtra),Pune_East_D_7 (Maharashtra),IND411033AAB → IND411057AAF,0.20047948435780538
IND000000ADM,IND683511AAA,1,1,3.3076923076923075,1.0,86.0,26.0,24.4495,60.0,29.0,1.0,1,1,0.0022889895026941406,True,Cochin_Kdvantra_D (Kerala),Aluva_Peedika_H (Kerala),IND000000ADM → IND683511AAA,0.2004716239584971
IND273155AAA,IND273014AAB,1,1,3.0344827586206895,1.0,88.0,29.0,44.3367,59.0,415.0,1.0,1,1,0.0022508396776492385,True,Anandnagar_LohiaDPP_D (Uttar Pradesh),Gorakhpur_Matriprm_IP (Uttar Pradesh),IND273155AAA → IND273014AAB,0.20046376355918882
IND421302AAR,IND421302AAF,1,1,4.235294117647059,1.0,72.0,17.0,20.5132,55.0,59.0,1.0,1,1,0.002098240377469629,True,Mumbai_East_I_21 (Maharashtra),Mumbai_Kalyan (Maharashtra),IND421302AAR → IND421302AAF,0.20043232196195568
IND461001AAA,IND461111AAA,1,1,4.785714285714286,1.0,67.0,14.0,21.1863,53.0,6.0,1.0,1,1,0.002021940727379824,True,Hoshangabad_MnRDDPP_D (Madhya Pradesh),Itarsi_DivrsnRd_D (Madhya Pradesh),IND461001AAA → IND461111AAA,0.2004166011633391
IND126112AAA,IND131028AAB,16,16,2.308336505519604,0.9375,163.0,70.5,89.51384999999999,1715.0,154.5,0.25,15,15,0.06542694995200753,True,Safidon_HatRDDPP_D (Haryana),Sonipat_Kundli_H (Haryana),IND126112AAA → IND131028AAB,0.20039881132093457
IND757037AAA,IND756100AAC,12,12,2.1760112310257087,1.0,331.0,174.5,205.6581,2251.0,224.5,0.2886751345948129,12,12,0.08587525617607518,True,Karanjia_Sarubali_D (Orissa),Bhadrak_Central_I_2 (Orissa),IND757037AAA → IND756100AAC,0.20039534395457875
IND852131AAA,IND852139AAB,1,1,3.380952380952381,1.0,71.0,21.0,29.7371,50.0,7.0,1.0,1,1,0.001907491252245117,True,Supaul_SadrHsptl_D (Bihar),Triveninganj_Central_D_1 (Bihar),IND852131AAA → IND852139AAB,0.20039301996541425
IND484661AAE,IND484551AAA,1,1,3.5,1.0,70.0,20.0,30.4302,50.0,18.0,1.0,1,1,0.001907491252245117,True,Umaria_Central_DPP_3 (Madhya Pradesh),PaliBirsighpr_CtyLgDPP_D (Madhya Pradesh),IND484661AAE → IND484551AAA,0.20039301996541425
IND852113AAA,IND852201AAA,1,1,3.9411764705882355,1.0,67.0,17.0,22.5405,50.0,40.0,1.0,1,1,0.001907491252245117,True,Madhepura_Krishnpr_D (Bihar),Saharsa_Gangjala_D (Bihar),IND852113AAA → IND852201AAA,0.20039301996541425
IND636005AAA,IND636005AAC,1,1,5.083333333333333,1.0,61.0,12.0,15.441,49.0,220.0,1.0,1,1,0.001869341427200215,True,Salem_Kadtmpty_H (Tamil Nadu),Salem_Kadtmpty_D (Tamil Nadu),IND636005AAA → IND636005AAC,0.20038515956610597
IND400016AAB,IND400072AAB,1,1,5.0,1.0,60.0,12.0,11.184,48.0,21.0,1.0,1,1,0.0018311916021553126,True,Mumbai_MhimWest_C (Maharashtra),Mumbai Hub (Maharashtra),IND400016AAB → IND400072AAB,0.2003772991667977
IND302006AAC,IND302014AAB,1,1,3.5,1.0,63.0,18.0,20.2082,45.0,2.0,1.0,1,1,0.0017167421270206057,True,Jaipur_Central_D_10 (Rajasthan),Jaipur_Central_I_7 (Rajasthan),IND302006AAC → IND302014AAB,0.20035371796887283
IND602024AAA,IND602001AAA,9,9,2.7,1.0,29.0,11.0,16.4018,167.0,23.0,0.3333333333333333,9,9,0.0063710207824986915,True,Chennai_Vepmpttu_DC (Tamil Nadu),Chennai_Thiruvlr_DC (Tamil Nadu),IND602024AAA → IND602001AAA,0.20034142231666752
IND122001AAA,IND110037AAM,1,1,3.8666666666666667,1.0,58.0,15.0,13.2356,43.0,33.0,1.0,1,1,0.0016404424769308008,True,GGN_DPC (Haryana),Delhi_Airport_H (Delhi),IND122001AAA → IND110037AAM,0.20033799717025624
IND500010AAA,IND501401AAC,1,1,3.8,1.0,57.0,15.0,20.0311,42.0,25.0,1.0,1,1,0.0016022926518858983,True,Hyderabad_Alwal_I (Telangana),Medchal_MROoffce_D (Telangana),IND500010AAA → IND501401AAC,0.20033013677094796
IND788806AAA,IND788713AAA,1,1,4.230769230769231,1.0,55.0,13.0,19.7019,42.0,44.0,1.0,1,1,0.0016022926518858983,True,Badarpur_Konapara_D (Assam),Karimganj_Alngjuri_D (Assam),IND788806AAA → IND788713AAA,0.20033013677094796
IND302014AAA,IND000000ACB,23,23,1.6850828729281768,1.0,316.0,181.0,237.6801,2799.0,186.0,0.20851441405707477,23,23,0.10678136030068167,True,Jaipur_Hub (Rajasthan),Gurgaon_Bilaspur_HB (Haryana),IND302014AAA → IND000000ACB,0.20032487486081574
IND110093AAA,IND110092AAC,1,1,3.2222222222222223,1.0,58.0,18.0,15.547,40.0,30.0,1.0,1,1,0.0015259930017960939,True,Delhi_Shahdara (Delhi),Delhi_Patparganj_DPC (Delhi),IND110093AAA → IND110092AAC,0.2003144159723314
IND600032AAB,IND600008AAC,1,1,6.0,1.0,48.0,8.0,10.0476,40.0,2.0,1.0,1,1,0.0015259930017960939,True,Chennai_Hub (Tamil Nadu),Chennai_Egmore_DPC (Tamil Nadu),IND600032AAB → IND600008AAC,0.2003144159723314
IND400701AAA,IND400705AAA,1,1,3.6666666666666665,1.0,55.0,15.0,18.925,40.0,134.0,1.0,1,1,0.0015259930017960939,True,Mumbai_Ghansoli_DC (Maharashtra),Mumbai_Sanpada_CP (Maharashtra),IND400701AAA → IND400705AAA,0.2003144159723314
IND388320AAA,IND388121AAA,1,1,4.25,1.0,51.0,12.0,10.2572,39.0,32.0,1.0,1,1,0.0014878431767511916,True,Anand_Vaghasi_IP (Gujarat),Anand_VUNagar_DC (Gujarat),IND388320AAA → IND388121AAA,0.20030655557302313
IND221010AAA,IND221005A1A,1,1,4.166666666666667,1.0,50.0,12.0,13.1201,38.0,2303.0,1.0,1,1,0.001449693351706289,True,Varanasi (Uttar Pradesh),IND221005A1A,IND221010AAA → IND221005A1A,0.20029869517371485
IND000000AFT,IND400701AAA,1,1,3.111111111111111,1.0,56.0,18.0,25.0439,38.0,458.0,1.0,1,1,0.001449693351706289,True,Mumbai_Sanpada_I (Maharashtra),Mumbai_Ghansoli_DC (Maharashtra),IND000000AFT → IND400701AAA,0.20029869517371485
IND400072AAB,IND401104AAB,1,1,3.7142857142857144,1.0,52.0,14.0,19.5201,38.0,55.0,1.0,1,1,0.001449693351706289,True,Mumbai Hub (Maharashtra),Mumbai_MiraRoad_M (Maharashtra),IND400072AAB → IND401104AAB,0.20029869517371485
IND110092AAC,IND110093AAA,1,1,3.25,1.0,52.0,16.0,12.8317,36.0,47.0,1.0,1,1,0.0013733937016164844,True,Delhi_Patparganj_DPC (Delhi),Delhi_Shahdara (Delhi),IND110092AAC → IND110093AAA,0.20028297437509826
IND635601AAB,IND635207AAA,1,1,3.125,1.0,50.0,16.0,23.8405,34.0,30.0,1.0,1,1,0.0012970940515266798,True,Tiruppattur_KoilStrt_D (Tamil Nadu),Uthangarai_RgstrOFC_D (Tamil Nadu),IND635601AAB → IND635207AAA,0.2002672535764817
IND250221AAA,IND251201AAA,1,1,3.125,1.0,50.0,16.0,19.9858,34.0,1.0,1.0,1,1,0.0012970940515266798,True,Daurala_Sardhnrd_D (Uttar Pradesh),Khatauli_TilakNgr_D (Uttar Pradesh),IND250221AAA → IND251201AAA,0.2002672535764817
IND396191AAC,IND396210AAA,1,1,3.909090909090909,1.0,43.0,11.0,10.2921,32.0,13.0,1.0,1,1,0.001220794401436875,True,Vapi_IndEstat_I (Gujarat),Daman_DC (Daman & Diu),IND396191AAC → IND396210AAA,0.20025153277786512
IND201005AAA,IND201007AAA,1,1,3.2857142857142856,1.0,46.0,14.0,10.9884,32.0,19.0,1.0,1,1,0.001220794401436875,True,Ghaziabad_RjndrNgr_DC (Uttar Pradesh),GZB_Mohan_Nagar_DPC (Uttar Pradesh),IND201005AAA → IND201007AAA,0.20025153277786512
IND695541AAA,IND695012AAA,1,1,3.1333333333333333,1.0,47.0,15.0,14.8704,32.0,27.0,1.0,1,1,0.001220794401436875,True,Nedumangad_Arsprmbu_D (Kerala),Trivandrum_Mnanthla_H (Kerala),IND695541AAA → IND695012AAA,0.20025153277786512
IND110064AAA,IND110046AAA,1,1,3.0,1.0,45.0,15.0,13.586200000000002,30.0,92.0,1.0,1,1,0.0011444947513470703,True,Delhi_Mayapuri_PC (Delhi),Delhi_Lajwanti (Delhi),IND110064AAA → IND110046AAA,0.20023581197924856
IND570020AAA,IND571430AAA,1,1,2.9827586206896552,1.0,173.0,58.0,67.8181,115.0,24.0,1.0,1,1,0.004387229880163769,True,Mysore_Yadvgiri_IP (Karnataka),Malavalli_SulthnRd_D (Karnataka),IND570020AAA → IND571430AAA,0.2002350993092756
IND505425AAA,IND504215AAA,1,1,3.4166666666666665,1.0,41.0,12.0,18.1203,29.0,4.0,1.0,1,1,0.001106344926302168,True,DhrmpuriTS_HanumDPP_D (Telangana),Luxettipet_ShivaDPP_D (Telangana),IND505425AAA → IND504215AAA,0.20022795157994028
IND530018AAA,IND531162AAA,1,1,4.375,1.0,35.0,8.0,12.2135,27.0,196.0,1.0,1,1,0.0010300452762123634,True,Vizag _NAD (Andhra Pradesh),Vishakhapatnam (Andhra Pradesh),IND530018AAA → IND531162AAA,0.20021223078132372
IND390020AAA,IND390018AAB,1,1,3.3636363636363638,1.0,37.0,11.0,11.3636,26.0,11.0,1.0,1,1,0.0009918954511674608,True,Vadodara (Gujarat),Vadodara_Karelibaug_DC (Gujarat),IND390020AAA → IND390018AAB,0.2002043703820154
IND751021AAA,IND751002AAB,1,1,3.2,1.0,32.0,10.0,14.1166,22.0,542.0,1.0,1,1,0.0008392961509878516,True,Bhubaneswar_Patia (Orissa),Bhubaneshwar_Hub (Orissa),IND751021AAA → IND751002AAB,0.20017292878478227
IND764001AAC,IND764059AAA,7,7,2.7142857142857144,1.0,76.0,29.0,44.0106,414.0,13.0,0.3779644730092272,7,7,0.01579402756858957,True,Jeypore_Kelasahi_D (Orissa),Nabarangpr_PhdofDPP_D (Orissa),IND764001AAC → IND764059AAA,0.20017046147126544
IND211010AAB,IND211002AAB,1,1,4.0,1.0,24.0,6.0,9.8043,18.0,965.0,1.0,1,1,0.0006866968508082422,True,Allahabad_Mirapati_L (Uttar Pradesh),Allahabad_Central_H_1 (Uttar Pradesh),IND211010AAB → IND211002AAB,0.20014148718754915
IND400072AAB,IND421302AAR,21,21,2.1363636363636362,1.0,47.0,24.0,29.1188,884.0,62.0,0.2182178902359924,21,21,0.033724445339693675,True,Mumbai Hub (Maharashtra),Mumbai_East_I_21 (Maharashtra),IND400072AAB → IND421302AAR,0.20011212485895224
IND533106AAA,IND533003AAA,2,2,2.9062716562716564,1.0,220.5,76.0,81.14865,289.0,34.0,0.7071067811865475,2,2,0.011025299437976777,True,Rajamundry_AtoNgrRd_I (Andhra Pradesh),Kakinada_DC (Andhra Pradesh),IND533106AAA → IND533003AAA,0.1999689753991385
IND721253AAC,IND721306AAA,11,11,2.515151515151515,1.0,94.0,40.0,52.5072,687.0,53.0,0.30151134457776363,11,11,0.02620892980584791,True,ChandroknaRD_Central_DPP_3 (West Bengal),Kharagpur_DC (West Bengal),IND721253AAC → IND721306AAA,0.19992465022865796
IND411033AAA,IND562132AAA,10,10,1.6822593167701863,1.0,1102.0,648.0,856.31895,4965.0,341.0,0.31622776601683794,10,10,0.18941388134794013,True,Pune_Tathawde_H (Maharashtra),Bangalore_Nelmngla_H (Karnataka),IND411033AAA → IND562132AAA,0.19990763192309846
IND834002AAB,IND829122AAA,14,14,2.428427419354839,1.0,76.5,31.0,43.87765,589.0,220.5,0.2672612419124244,14,14,0.022470246951447483,True,Ranchi_Hub (Jharkhand),Ramgarh_HotelPrk_D (Jharkhand),IND834002AAB → IND829122AAA,0.1997900342767474
IND560083AAB,IND562132AAA,31,31,1.7380952380952381,0.967741935483871,72.0,42.0,41.2667,1521.0,97.0,0.1796053020267749,30,30,0.05802588389329646,True,Bengaluru_Bnnrghta_L (Karnataka),Bangalore_Nelmngla_H (Karnataka),IND560083AAB → IND562132AAA,0.19977665892584506
IND732103AAA,IND732138AAA,2,2,2.9305555555555554,1.0,105.5,36.0,40.13805,139.0,29.0,0.7071067811865475,2,2,0.005302825681241426,True,Malda_krshnPly_DC (West Bengal),Bamangola_Central_D_1 (West Bengal),IND732103AAA → IND732138AAA,0.19973196331994353
IND721133AAA,IND721434AAB,2,2,2.9147633234028465,1.0,159.5,55.0,55.6613,209.0,18.5,0.7071067811865475,2,2,0.00797331343438459,True,Keshiary_MdnprDPP_D (West Bengal),Manglamaro_Bypassrd_D (West Bengal),IND721133AAA → IND721434AAB,0.1996695615759443
IND395023AAA,IND382430AAB,21,21,1.693121693121693,1.0,336.0,195.0,271.5415,3015.0,132.0,0.2182178902359924,21,21,0.11502172251038056,True,Surat_HUB (Gujarat),Ahmedabad_East_H_1 (Gujarat),IND395023AAA → IND382430AAB,0.19966790522810776
IND638701AAA,IND641607AAA,17,17,2.3333333333333335,1.0,49.0,22.0,25.323800000000002,527.0,342.0,0.24253562503633297,17,17,0.020104957798663534,True,Kangayam_Thvlrsrt_D (Tamil Nadu),Tirupur_Koliplm_I (Tamil Nadu),IND638701AAA → IND641607AAA,0.19961369480328223
IND560043AAC,IND560064AAA,39,39,1.588235294117647,1.0,28.0,18.0,13.5139,464.0,22.0,0.16012815380508713,39,39,0.017701518820834688,True,HBR Layout PC (Karnataka),Bengaluru_NwYlhnka_DC (Karnataka),IND560043AAC → IND560064AAA,0.19954715766579198
IND160002AAC,IND144001AAB,13,13,2.1818181818181817,1.0,243.0,117.0,160.7878,1937.0,339.0,0.2773500981126146,13,13,0.07389621111197583,True,Chandigarh_Mehmdpur_H (Punjab),Jalandhar_DPC (Punjab),IND160002AAC → IND144001AAB,0.19948578154792207
IND713130AAA,IND741123AAB,17,17,2.161290322580645,1.0,134.0,62.0,73.1617,1325.0,40.0,0.24253562503633297,17,17,0.05054851818449561,True,Katwa_BSarani_D (West Bengal),Chapra_NagarDPP_D (West Bengal),IND713130AAA → IND741123AAB,0.19921221113761167
IND834002AAB,IND000000ACB,10,10,1.5216879388134243,1.0,1670.5,1118.5,1482.1254,5666.0,120.0,0.31622776601683794,10,10,0.2161569087044167,True,Ranchi_Hub (Jharkhand),Gurgaon_Bilaspur_HB (Haryana),IND834002AAB → IND000000ACB,0.19918870976229727
IND144001AAC,IND160002AAC,15,15,2.0134228187919465,1.0,285.0,133.0,192.7265,2389.0,121.0,0.2581988897471611,15,15,0.0911399320322717,True,Jalandhar_Sodal Road (Punjab),Chandigarh_Mehmdpur_H (Punjab),IND144001AAC → IND160002AAC,0.19917276996384678
IND600044AAE,IND600056AAB,29,29,1.8857142857142857,0.9655172413793104,71.0,38.0,40.2948,1083.0,98.0,0.18569533817705186,28,28,0.041316260523629245,True,Chennai_Chrompet_L (Tamil Nadu),MAA_Poonamallee_HB (Tamil Nadu),IND600044AAE → IND600056AAB,0.1991712689369152
IND584101AAA,IND518002AAA,1,1,2.9322033898305087,1.0,346.0,118.0,135.4971,228.0,42.0,1.0,1,1,0.008698160110237734,True,Raichur_LSRoad_DC (Karnataka),Kurnool_AbbasNgr_I (Andhra Pradesh),IND584101AAA → IND518002AAA,0.19916213013054146
IND500039AAC,IND500035AAA,2,2,2.9333333333333336,1.0,38.5,12.5,13.51755,52.0,65.5,0.7071067811865475,2,2,0.0019837909023349217,True,Hyderabad_Uppal_I (Telangana),Hyd_LB-Nagar_Dc (Telangana),IND500039AAC → IND500035AAA,0.19915586720081244
IND691305AAA,IND689645AAA,15,15,2.3846153846153846,1.0,60.0,25.0,29.132600000000004,543.0,17.0,0.2581988897471611,15,15,0.020715354999381975,True,Punalur_PostofJN_D (Kerala),Pthnmthitt_Klskhrpt_D (Kerala),IND691305AAA → IND689645AAA,0.1990621844459725
IND608001AAA,IND609110AAA,7,7,2.7333333333333334,1.0,41.0,16.0,21.1767,170.0,4.0,0.3779644730092272,7,7,0.006485470257633398,True,Chidambaram_ARBNorth_DC (Tamil Nadu),Sirkazhi_Pngktgudi_D (Tamil Nadu),IND608001AAA → IND609110AAA,0.19899144029620155
IND515004AAA,IND501359AAE,17,17,1.7740585774058577,1.0,424.0,238.0,339.2617,3206.0,82.0,0.24253562503633297,17,17,0.12230833909395691,True,Anantapur_KamaStrt_I (Andhra Pradesh),Hyderabad_Shamshbd_H (Telangana),IND515004AAA → IND501359AAE,0.19897570108747356
IND273014AAB,IND277303AAC,18,18,2.0101010101010104,1.0,198.0,99.0,129.62470000000002,1863.0,55.5,0.23570226039551587,18,18,0.07107312405865307,True,Gorakhpur_Matriprm_IP (Uttar Pradesh),Sikandarpur_Central_D_3 (Uttar Pradesh),IND273014AAB → IND277303AAC,0.19890933665950608
IND533106AAA,IND533262AAA,6,6,2.702127659574468,1.0,127.0,46.5,53.218650000000004,476.0,64.5,0.4082482904638631,6,6,0.018159316721373515,True,Rajamundry_AtoNgrRd_I (Andhra Pradesh),Draksharamam_Anaipeta_D (Andhra Pradesh),IND533106AAA → IND533262AAA,0.19885282422090256
IND380054AAA,IND382430AAB,24,24,2.06875,1.0,39.0,19.0,21.926000000000002,542.0,25.5,0.20412414523193154,24,24,0.020677205174337073,True,AMD_Memnagar (Gujarat),Ahmedabad_East_H_1 (Gujarat),IND380054AAA → IND382430AAB,0.19880092550555017
IND431603AAA,IND413517AAA,1,1,2.9375,1.0,235.0,80.0,107.42060000000001,155.0,165.0,1.0,1,1,0.005913222881959864,True,Nanded_Aswningr_I (Maharashtra),Udgir_NlgaonRd_D (Maharashtra),IND431603AAA → IND413517AAA,0.19879379292726693
IND842003AAB,IND483225AAA,3,3,2.875,1.0,63.0,24.0,34.9097,124.0,69.0,0.5773502691896258,3,3,0.0047305783055678905,True,Jabalpur_Adhartal_IP (Madhya Pradesh),Sihora_KtnRdDPP_D (Madhya Pradesh),IND842003AAB → IND483225AAA,0.19879221824985951
IND517501AAB,IND517583AAA,19,19,2.230769230769231,1.0,56.0,25.0,34.5526,582.0,20.0,0.22941573387056174,19,19,0.022203198176133164,True,Tirupati_Balajicly_I (Andhra Pradesh),Puttur_Artmclny_D (Andhra Pradesh),IND517501AAB → IND517583AAA,0.19873390359105575
IND262701AAA,IND262802AAA,20,20,2.1875,1.0,51.0,23.0,32.92005,623.0,30.0,0.22360679774997896,20,20,0.02376734100297416,True,Lakhimpur_Maheva_D (Uttar Pradesh),Gola_BkgnRoad_D (Uttar Pradesh),IND262701AAA → IND262802AAA,0.19871096555067067
IND742101AAC,IND742303AAB,7,7,2.6923076923076925,1.0,70.0,27.0,38.2739,328.0,85.0,0.3779644730092272,7,7,0.012513142614727968,True,Baharampur_Chuanpur_I (West Bengal),Domkal_Central_D_2 (West Bengal),IND742101AAC → IND742303AAB,0.19864187145057105
IND276129AAA,IND221010AAB,1,1,2.9263157894736844,1.0,278.0,95.0,87.4046,183.0,867.0,1.0,1,1,0.006981417983217129,True,Chiraiyakot_KamalDPP_D (Uttar Pradesh),Varanasi_MahmurGj_IP (Uttar Pradesh),IND276129AAA → IND221010AAB,0.19858001387196422
IND131028AAB,IND250609AAA,1,1,2.9545454545454546,1.0,65.0,22.0,24.9115,43.0,123.0,1.0,1,1,0.0016404424769308008,True,Sonipat_Kundli_H (Haryana),Baghpat_Barout_D (Uttar Pradesh),IND131028AAB → IND250609AAA,0.1985746742862437
IND603301AAA,IND600044AAD,14,14,2.285093896713615,1.0,135.5,61.0,79.44810000000001,1134.0,40.5,0.2672612419124244,14,14,0.04326190160091926,True,Malemruvathur_Achipkam_D (Tamil Nadu),Chennai_Chrompet_DPC (Tamil Nadu),IND603301AAA → IND600044AAD,0.19851359972833588
IND382430AAB,IND313001AAB,14,14,1.9643340622722065,1.0,387.5,193.5,275.7378,2712.0,222.0,0.2672612419124244,14,14,0.10346232552177516,True,Ahmedabad_East_H_1 (Gujarat),Udaipur_Mangri_I (Rajasthan),IND382430AAB → IND313001AAB,0.19847404039727196
IND783370AAC,IND783301AAA,8,8,2.583786231884058,1.0,127.5,46.5,67.64965,672.0,26.0,0.35355339059327373,8,8,0.025636682430174373,True,Kokrajhar_PigonDPP_D (Assam),Dhubri_Tetultol_D (Assam),IND783370AAC → IND783301AAA,0.1984692979053823
IND424006AAA,IND452001AAC,1,1,2.9315068493150687,1.0,214.0,73.0,107.4153,141.0,13.0,1.0,1,1,0.00537912533133123,True,Dhule_MIDCAvdn_I (Maharashtra),Jalgaon_DC (Maharashtra),IND424006AAA → IND452001AAC,0.1984512544224493
IND274402AAA,IND274304AAB,4,4,2.833333333333333,1.0,34.0,12.5,17.829,110.0,18.5,0.5,4,4,0.004196480754939258,True,Kushinagar_JiswlDPP_D (Uttar Pradesh),Padrauna_BawliDPPP_D (Uttar Pradesh),IND274402AAA → IND274304AAB,0.198399126682532
IND713205AAB,IND713303AAA,5,5,2.76,1.0,69.0,26.0,36.3498,298.0,43.0,0.4472135954999579,5,5,0.011368647863380899,True,Durgapur_Central_I_1 (West Bengal),Asansol_DC (West Bengal),IND713205AAB → IND713303AAA,0.19836538749961602
IND305001AAC,IND306401AAB,15,15,2.0578512396694215,1.0,249.0,120.0,166.7956,2067.0,50.0,0.2581988897471611,15,15,0.07885568836781315,True,Ajmer_FoySGRRD_I (Rajasthan),Pali_Nayagaon_I (Rajasthan),IND305001AAC → IND306401AAB,0.19836523771372247
IND110044AAB,IND201007AAA,11,11,2.5217391304347827,1.0,58.0,23.0,20.3799,452.0,94.0,0.30151134457776363,11,11,0.017243720920295857,True,Del_Okhla_PC (Delhi),GZB_Mohan_Nagar_DPC (Uttar Pradesh),IND110044AAB → IND201007AAA,0.19833301043237228
IND131028AAB,IND136118AAA,17,17,2.032608695652174,1.0,187.0,94.0,128.9991,1828.0,216.0,0.24253562503633297,17,17,0.06973788018208149,True,Sonipat_Kundli_H (Haryana),Kurukshetra_DC (Haryana),IND131028AAB → IND136118AAA,0.19817403232435032
IND000000AFT,IND410206AAB,1,1,2.9444444444444446,1.0,53.0,18.0,20.576999999999998,35.0,15.0,1.0,1,1,0.001335243876571582,True,Mumbai_Sanpada_I (Maharashtra),Mumbai_Panvel_D (Maharashtra),IND000000AFT → IND410206AAB,0.1981199415619969
IND246763AAA,IND246761AAA,11,11,2.5,1.0,77.0,30.0,43.7156,528.0,14.0,0.30151134457776363,11,11,0.020143107623708436,True,Najibabad_KotdwrRD_D (Uttar Pradesh),Dhampur_NaginaRD_D (Uttar Pradesh),IND246763AAA → IND246761AAA,0.19808707244396984
IND713205AAB,IND722101AAC,5,5,2.717391304347826,1.0,133.0,49.0,53.2499,472.0,49.0,0.4472135954999579,5,5,0.018006717421193908,True,Durgapur_Central_I_1 (West Bengal),Bankura_BhowmDPP_D (West Bengal),IND713205AAB → IND722101AAC,0.19808017344102669
IND450331AAA,IND452001AAC,13,13,2.296875,1.0,156.0,66.0,85.3952,1188.0,18.0,0.2773500981126146,13,13,0.04532199215334399,True,Burhanpur_StRoad_D (Madhya Pradesh),Jalgaon_DC (Maharashtra),IND450331AAA → IND452001AAC,0.19806175351617344
IND400072AAB,IND400015AAB,1,1,2.9411764705882355,1.0,50.0,17.0,21.6253,33.0,78.0,1.0,1,1,0.0012589442264817772,True,Mumbai Hub (Maharashtra),Mumbai_CotnGren_M (Maharashtra),IND400072AAB → IND400015AAB,0.19797744591551014
IND322241AAA,IND322201AAA,15,15,2.380952380952381,1.0,50.0,22.0,32.075199999999995,415.0,27.0,0.2581988897471611,15,15,0.01583217739363447,True,Karauli_HnsChowk_D (Rajasthan),Gangapur_Ward6DPP_D (Rajasthan),IND322241AAA → IND322201AAA,0.19791395405448173
IND380005AAA,IND382421AAA,7,7,2.7,1.0,27.0,9.0,10.6746,197.0,31.0,0.3779644730092272,7,7,0.007515515533845761,True,Amd_Chandkheda_Dc (Gujarat),Gandhinagar_DC (Gujarat),IND380005AAA → IND382421AAA,0.19791056762924936
IND560077AAA,IND560099AAB,1,1,2.923076923076923,1.0,152.0,52.0,49.5145,100.0,114.0,1.0,1,1,0.003814982504490234,True,Bengaluru_ Kothanur_L (Karnataka),Bengaluru_Bomsndra_HB (Karnataka),IND560077AAA → IND560099AAB,0.19780195505019188
IND142001AAB,IND152026AAA,29,29,1.721311475409836,1.0,103.0,60.0,79.54509999999999,1278.0,36.0,0.18569533817705186,29,29,0.048755476407385194,True,Moga_DPC (Punjab),Muktsar_DPC (Punjab),IND142001AAB → IND152026AAA,0.19777462743677193
IND721306AAA,IND721507AAA,13,13,2.3404255319148937,1.0,110.0,43.0,50.4425,931.0,31.0,0.2773500981126146,13,13,0.03551748711680409,True,Kharagpur_DC (West Bengal),Jhargram_UBamdDPP_D (West Bengal),IND721306AAA → IND721507AAA,0.19773109118374615
IND501359AAE,IND413002AAA,11,11,1.9795918367346939,1.0,485.0,245.0,327.5208,3042.0,165.0,0.30151134457776363,11,11,0.11605176778659292,True,Hyderabad_Shamshbd_H (Telangana),Solapur_Central_I_2 (Maharashtra),IND501359AAE → IND413002AAA,0.19765986859211968
IND784001AAA,IND790114AAA,1,1,2.92,1.0,146.0,50.0,60.3534,96.0,77.0,1.0,1,1,0.0036623832043106252,True,Tezpur_Mhbhirab_D (Assam),Bhalukpong_Khenewa_D (Arunachal Pradesh),IND784001AAA → IND790114AAA,0.19765115005773326
IND500055AAA,IND500010AAA,1,1,2.933333333333333,1.0,44.0,15.0,12.4969,29.0,116.0,1.0,1,1,0.001106344926302168,True,Hyd_Trimulgherry_Dc (Telangana),Hyderabad_Alwal_I (Telangana),IND500055AAA → IND500010AAA,0.19764174468338855
IND570020AAA,IND571602AAA,14,14,2.336007702182285,1.0,91.5,36.5,45.16285,766.0,24.0,0.2672612419124244,14,14,0.02922276598439519,True,Mysore_Yadvgiri_IP (Karnataka),Krishnarajngr_JublieRD_D (Karnataka),IND570020AAA → IND571602AAA,0.19759607730537854
IND506167AAB,IND501359AAE,16,16,2.054514353711141,1.0,173.0,82.0,118.8197,1814.0,58.0,0.25,16,16,0.06920378263145285,True,Jangaon_Hanmkond_D (Telangana),Hyderabad_Shamshbd_H (Telangana),IND506167AAB → IND501359AAE,0.19758044185988505
IND530012AAA,IND532001AAB,24,24,1.8089094449853944,1.0,142.5,79.0,112.0469,1668.0,60.5,0.20412414523193154,24,24,0.06363390817489711,True,Visakhapatnam_Gajuwaka_IP (Andhra Pradesh),Srikakulam_Kuslpram_I (Andhra Pradesh),IND530012AAA → IND532001AAB,0.1975717135959399
IND173025AAA,IND160002AAC,11,11,2.2796610169491527,1.0,235.0,99.0,121.6703,1540.0,52.0,0.30151134457776363,11,11,0.05875073056914961,True,PaontSahib_Gurudwar_D (Himachal Pradesh),Chandigarh_Mehmdpur_H (Punjab),IND173025AAA → IND160002AAC,0.19749416358077465
IND365560AAB,IND364290AAA,11,11,2.4827586206896552,1.0,74.0,29.0,39.987700000000004,536.0,22.0,0.30151134457776363,11,11,0.020448306224067656,True,Amreli_Rajula_DC (Gujarat),Bhavnagar_Mahuva_DC (Gujarat),IND365560AAB → IND364290AAA,0.19748110902725893
IND181152AAB,IND181201AAB,7,7,2.6451612903225805,1.0,74.0,28.0,28.7425,393.0,22.0,0.3779644730092272,7,7,0.014992881242646621,True,Jammu_Central_I_1 (Jammu & Kashmir),Akhnoor_ThthiCwk_D (Jammu & Kashmir),IND181152AAB → IND181201AAB,0.1973238421561871
IND846004AAA,IND847404AAB,1,1,2.9130434782608696,1.0,134.0,46.0,47.13290000000001,88.0,75.0,1.0,1,1,0.0033571846039514063,True,Darbhanga (Bihar),Jhanjharpur_Nagar_D (Bihar),IND846004AAA → IND847404AAB,0.19731840179580074
IND721134AAB,IND712310AAE,1,1,2.9074074074074074,1.0,157.0,54.0,68.921,103.0,184.0,1.0,1,1,0.003929431979624941,True,Kolaghat_Central_DPP_2 (West Bengal),Kolkata_North_I_4 (West Bengal),IND721134AAB → IND712310AAE,0.19721766710576483
IND733140AAA,IND732103AAA,1,1,2.9074074074074074,1.0,157.0,54.0,77.8815,103.0,583.0,1.0,1,1,0.003929431979624941,True,Gangarampr_FulbaDPP_D (West Bengal),Malda_krshnPly_DC (West Bengal),IND733140AAA → IND732103AAA,0.19721766710576483
IND580028AAA,IND591123AAC,18,18,1.805399719495091,1.0,167.5,92.5,104.40105,2658.0,358.0,0.23570226039551587,18,18,0.10140223496935043,True,Hubli_Adargchi_IP (Karnataka),Ramdurg_GndhiNGR_D (Karnataka),IND580028AAA → IND591123AAC,0.19721735576712154
IND136128AAA,IND136027AAA,22,22,2.1055555555555556,1.0,42.0,20.0,28.820050000000002,490.0,17.5,0.21320071635561041,22,22,0.01869341427200215,True,Pehowa_WdN14DPP_D (Haryana),Kaithal_DC (Haryana),IND136128AAA → IND136027AAA,0.19715331979899062
IND413517AAA,IND431603AAA,1,1,2.891304347826087,1.0,266.0,92.0,137.81369999999998,174.0,638.0,1.0,1,1,0.0066380695578130075,True,Udgir_NlgaonRd_D (Maharashtra),Nanded_Aswningr_I (Maharashtra),IND413517AAA → IND431603AAA,0.19715106780048117
IND573134AAB,IND573201AAB,14,14,2.3479960899315735,1.0,75.0,31.5,43.6425,641.0,21.0,0.2672612419124244,14,14,0.024454037853782404,True,Sakleshpur_RgvdrDPP_D (Karnataka),Hassan_Pandrnga_I (Karnataka),IND573134AAB → IND573201AAB,0.19707859415797913
IND305901AAA,IND305624AAA,1,1,2.8714285714285714,1.0,402.0,140.0,194.1446,262.0,55.0,1.0,1,1,0.009995254161764415,True,Beawar_DC (Rajasthan),Bijainagar_Central_DPP_1 (Rajasthan),IND305901AAA → IND305624AAA,0.1970717398897066
IND248197AAA,IND248122AAB,16,16,2.2182539682539684,1.0,92.5,45.0,42.60015,929.0,47.0,0.25,16,16,0.03544118746671428,True,Dehradun_Selakui_D (Uttarakhand),Mussoorie_BrlwgDPP_D (Uttarakhand),IND248197AAA → IND248122AAB,0.19697595627759368
IND474003AAA,IND476111AAA,8,8,2.520095187731359,1.0,155.0,61.5,70.56045,793.0,32.5,0.35355339059327373,8,8,0.03025281126060756,True,Gwalior_HrihrNgr_I (Madhya Pradesh),Ambah_MrenTirh_D (Madhya Pradesh),IND474003AAA → IND476111AAA,0.19694963295714044
IND222001AAA,IND222136AAA,1,1,2.9166666666666665,1.0,35.0,12.0,17.665200000000002,23.0,26.0,1.0,1,1,0.0008774459760327539,True,Jaunpur_Katghara_D (Uttar Pradesh),Jalalpur_Mhimapur_D (Uttar Pradesh),IND222001AAA → IND222136AAA,0.1969480305634009
IND416510AAA,IND416602AAC,6,6,2.6625,1.0,106.5,39.5,53.0293,424.0,24.0,0.4082482904638631,6,6,0.016175525819038594,True,Sawantwadi_LaxmiNgr_D (Maharashtra),Kankavali_NrdawDPP_D (Maharashtra),IND416510AAA → IND416602AAC,0.19690680355958634
IND124112AAA,IND125001AAA,2,2,2.8522727272727275,1.0,125.5,44.0,55.89265,163.0,26.5,0.7071067811865475,2,2,0.006218421482319082,True,Meham_GModDPP_D (Haryana),Hisar_ModelTwn_P (Haryana),IND124112AAA → IND125001AAA,0.19688377904754303
IND302014AAA,IND313001AAB,12,12,1.8848345058240112,1.0,547.0,281.5,405.5154,3236.0,292.5,0.2886751345948129,12,12,0.12345283384530398,True,Jaipur_Hub (Rajasthan),Udaipur_Mangri_I (Rajasthan),IND302014AAA → IND313001AAB,0.19684218845075965
IND121004AAA,IND121004AAB,10,10,2.5416666666666665,1.0,33.0,15.0,18.23665,326.0,77.5,0.31622776601683794,10,10,0.012436842964638165,True,Faridabad_Blbgarh_DC (Haryana),FBD_Balabhgarh_DPC (Haryana),IND121004AAA → IND121004AAB,0.19678231776070776
IND110085AAB,IND000000ACB,7,7,2.5,1.0,170.0,63.0,68.3144,1040.0,20.0,0.3779644730092272,7,7,0.03967581804669844,True,Delhi_Rohini_DPC (Delhi),Gurgaon_Bilaspur_HB (Haryana),IND110085AAB → IND000000ACB,0.19677826355647834
IND621802AAA,IND608301AAA,10,10,2.5555555555555554,1.0,44.0,17.0,24.29,256.0,13.5,0.31622776601683794,10,10,0.009766355211495,True,Jayamkondan_Chithbrm_D (Tamil Nadu),Lalpet_PriyrNGR_D (Tamil Nadu),IND621802AAA → IND608301AAA,0.1967708829125761
IND000000ACT,IND131028AAB,39,39,1.5,0.9230769230769231,88.0,57.0,45.3686,1523.0,104.0,0.16012815380508713,36,36,0.058102183543386275,True,Delhi_Gateway_HB (Delhi),Sonipat_Kundli_H (Haryana),IND000000ACT → IND131028AAB,0.19675609194846305
IND209206AAB,IND210301AAA,15,15,2.357142857142857,1.0,33.0,14.0,21.634700000000002,376.0,19.0,0.2581988897471611,15,15,0.01434433421688328,True,Ghatampur_StatinRD_D (Uttar Pradesh),Hamirpur_KanpurRd_D (Uttar Pradesh),IND209206AAB → IND210301AAA,0.19668375316126158
IND731204AAB,IND731301AAA,13,13,2.4285714285714284,1.0,51.0,21.0,19.0581,361.0,30.0,0.2773500981126146,13,13,0.013772086841209747,True,Bolpur_WebelDPP_D (West Bengal),Nanoor_Central_DPP_1 (West Bengal),IND731204AAB → IND731301AAA,0.1966701164655618
IND121004AAB,IND121002AAA,1,1,2.909090909090909,1.0,32.0,11.0,10.3547,21.0,26.0,1.0,1,1,0.0008011463259429491,True,FBD_Balabhgarh_DPC (Haryana),Faridabad_Old (Haryana),IND121004AAB → IND121002AAA,0.1966384226174489
IND274304AAB,IND274304AAA,1,1,2.909090909090909,1.0,32.0,11.0,15.9321,21.0,28.0,1.0,1,1,0.0008011463259429491,True,Padrauna_BawliDPPP_D (Uttar Pradesh),Kushinagar_KasyaDPP_D (Uttar Pradesh),IND274304AAB → IND274304AAA,0.1966384226174489
IND784110AAA,IND784001AAA,2,2,2.8600000000000003,1.0,71.5,25.0,35.4395,93.0,7.0,0.7071067811865475,2,2,0.003547933729175918,True,Dhekiajuli_Wardno5_D (Assam),Tezpur_Mhbhirab_D (Assam),IND784110AAA → IND784001AAA,0.19663331598624523
IND000000ACB,IND000000AEL,23,23,1.8095238095238095,1.0,108.0,62.0,62.2188,1704.0,119.0,0.20851441405707477,23,23,0.0650073018765136,True,Gurgaon_Bilaspur_HB (Haryana),Delhi_PunjabiB_L (Delhi),IND000000ACB → IND000000AEL,0.1965451877447985
IND411033AAA,IND521225AAB,10,10,1.5723237582049747,1.0,1325.0,851.0,1119.07825,5071.0,97.5,0.31622776601683794,10,10,0.19345776280269977,True,Pune_Tathawde_H (Maharashtra),Vijayawada_Rynapadu_H (Andhra Pradesh),IND411033AAA → IND521225AAB,0.19647609275371242
IND302004AAA,IND302033AAB,1,1,2.9,1.0,29.0,10.0,13.0795,19.0,143.0,1.0,1,1,0.0007248466758531445,True,Jaipur_NgrNigam_DC (Rajasthan),Jaipur_Central_D_1 (Rajasthan),IND302004AAA → IND302033AAB,0.19627003724202985
IND574211AAA,IND574216AAA,1,1,2.892857142857143,1.0,81.0,28.0,40.8913,53.0,11.0,1.0,1,1,0.002021940727379824,True,Bantwal_Trmltmpl_D (Karnataka),Dhrmsthala_Beltngdi_D (Karnataka),IND574211AAA → IND574216AAA,0.19626019722245241
IND786184AAA,IND786125AAA,5,5,2.7333333333333334,1.0,41.0,15.0,21.1488,142.0,17.0,0.4472135954999579,5,5,0.005417275156376133,True,Chabua_CollgeRD_D (Assam),Tinusukia_Chrwpaty_D (Assam),IND786184AAA → IND786125AAA,0.1961046824489029
IND335523AAB,IND125001AAA,1,1,2.83974358974359,1.0,443.0,156.0,149.2047,287.0,82.0,1.0,1,1,0.010948999787886972,True,Nohar_Central_DPP_2 (Rajasthan),Hisar_ModelTwn_P (Haryana),IND335523AAB → IND125001AAA,0.1960390911001515
IND731301AAA,IND713205AAB,19,19,1.9714285714285715,1.0,138.0,70.0,76.58070000000001,1504.0,24.0,0.22941573387056174,19,19,0.05737733686753312,True,Nanoor_Central_DPP_1 (West Bengal),Durgapur_Central_I_1 (West Bengal),IND731301AAA → IND713205AAB,0.1959205627271481
IND125111AAA,IND125121AAA,2,2,2.8352201257861633,1.0,103.5,41.5,40.203649999999996,124.0,25.0,0.7071067811865475,2,2,0.0047305783055678905,True,Fatehabad_BhunaDPP_D (Haryana),Barwala_Central_DPP_1 (Haryana),IND125111AAA → IND125121AAA,0.1959157001409894
IND421302AAR,IND400612AAA,14,14,2.4,1.0,27.0,11.0,14.2547,234.0,55.0,0.2672612419124244,14,14,0.008927059060507149,True,Mumbai_East_I_21 (Maharashtra),Mumbai_Mumbra_DC (Maharashtra),IND421302AAR → IND400612AAA,0.19589680470250648
IND530012AAA,IND535001AAA,2,2,2.7949110122358176,1.0,248.0,89.0,111.3806,318.0,48.0,0.7071067811865475,2,2,0.012131644364278946,True,Visakhapatnam_Gajuwaka_IP (Andhra Pradesh),Vizianagaram_NcsRd_DC (Andhra Pradesh),IND530012AAA → IND535001AAA,0.19587690199492983
IND413531AAA,IND413517AAA,4,4,2.729512735326689,1.0,116.0,43.0,65.2305,283.0,12.0,0.5,4,4,0.010796400487707363,True,Latur_Srnwsngr_D (Maharashtra),Udgir_NlgaonRd_D (Maharashtra),IND413531AAA → IND413517AAA,0.19573145256433172
IND221010AAB,IND222001AAA,1,1,2.871794871794872,1.0,112.0,39.0,57.9928,73.0,677.0,1.0,1,1,0.0027849372282778713,True,Varanasi_MahmurGj_IP (Uttar Pradesh),Jaunpur_Katghara_D (Uttar Pradesh),IND221010AAB → IND222001AAA,0.19560033434844382
IND125001AAA,IND335501AAA,1,1,2.8035714285714284,1.0,628.0,224.0,235.8971,404.0,74.0,1.0,1,1,0.015412529318140546,True,Hisar_ModelTwn_P (Haryana),Bhadra_GMndiDPP_D (Rajasthan),IND125001AAA → IND335501AAA,0.19555552742892146
IND466116AAA,IND462022AAA,13,13,2.1219512195121952,1.0,174.0,81.0,99.0196,1705.0,85.0,0.2773500981126146,13,13,0.0650454517015585,True,Ashta_ShantiNg_D (Madhya Pradesh),Bhopal_Trnsport_H (Madhya Pradesh),IND466116AAA → IND462022AAA,0.19533974364652984
IND201304AAA,IND201301AAF,18,18,2.2225274725274726,1.0,29.5,13.0,11.5059,357.0,23.0,0.23570226039551587,18,18,0.013619487541030137,True,Noida_Sec-83_DC (Uttar Pradesh),Noida_Sec 02_DPC (Uttar Pradesh),IND201304AAA → IND201301AAF,0.1953122570332901
IND390022AAA,IND395023AAA,21,21,1.7804878048780488,1.0,216.0,120.0,171.647,2026.0,81.0,0.2182178902359924,21,21,0.07729154554097216,True,Vadodara_Karelibaug_DPC (Gujarat),Surat_HUB (Gujarat),IND390022AAA → IND395023AAA,0.19528317292345196
IND842001AAA,IND845412AAB,15,15,2.264705882352941,1.0,77.0,34.0,49.2868,649.0,49.0,0.2581988897471611,15,15,0.024759236454141617,True,Muzaffrpur_Bbganj_I (Bihar),Chakia_Wardno10_D (Bihar),IND842001AAA → IND845412AAB,0.19524372504695248
IND424006AAA,IND421302AAG,8,8,2.2333333333333334,1.0,454.0,195.5,284.77455,1981.0,58.5,0.35355339059327373,8,8,0.07557480341395154,True,Dhule_MIDCAvdn_I (Maharashtra),Bhiwandi_Mankoli_HB (Maharashtra),IND424006AAA → IND421302AAG,0.1951634050527008
IND000000AET,IND000000AAS,8,8,2.5208333333333335,1.0,119.0,48.0,68.7217,550.0,36.0,0.35355339059327373,8,8,0.02098240377469629,True,Barpeta_ShivBari_D (Assam),Bongaigaon_Chpaguri_D (Assam),IND000000AET → IND000000AAS,0.19506819088392452
IND600056AAB,IND631501AAA,9,9,2.5161290322580645,1.0,78.0,32.0,44.5065,394.0,103.0,0.3333333333333333,9,9,0.015031031067691523,True,MAA_Poonamallee_HB (Tamil Nadu),Kanchipuram_DC (Tamil Nadu),IND600056AAB → IND631501AAA,0.19499280748690065
IND360410AAA,IND360490AAA,2,2,2.8241758241758244,1.0,38.0,13.5,17.15215,49.0,8.0,0.7071067811865475,2,2,0.001869341427200215,True,Dhoraji_JmnvadRd_DC (Gujarat),Upleta_AdrshSt_DC (Gujarat),IND360410AAA → IND360490AAA,0.19489772745798423
IND600044AAD,IND603001AAA,12,12,2.3786764705882355,1.0,78.5,35.0,43.495549999999994,542.0,89.5,0.2886751345948129,12,12,0.020677205174337073,True,Chennai_Chrompet_DPC (Tamil Nadu),Chennai_Chnglptu_DC (Tamil Nadu),IND600044AAD → IND603001AAA,0.1948239351404386
IND110037AAM,IND110085AAB,22,22,1.9782608695652173,1.0,47.5,24.0,22.0883,775.0,166.5,0.21320071635561041,22,22,0.029566114409799317,True,Delhi_Airport_H (Delhi),Delhi_Rohini_DPC (Delhi),IND110037AAM → IND110085AAB,0.19445537767981283
IND441206AAB,IND441603AAA,1,1,2.830769230769231,1.0,184.0,65.0,98.3907,119.0,29.0,1.0,1,1,0.004539829180343379,True,Brahmapuri_DhnliRth_D (Maharashtra),Chamorshi_Central_DPP_1 (Maharashtra),IND441206AAB → IND441603AAA,0.1943704007802854
IND245101AAA,IND245304AAA,15,15,2.2941176470588234,1.0,42.0,17.0,15.1691,380.0,56.0,0.2581988897471611,15,15,0.01449693351706289,True,Hapur_Swargash_D (Uttar Pradesh),Pilkhuwa_HapurRD_D (Uttar Pradesh),IND245101AAA → IND245304AAA,0.19427025126385547
IND135001AAA,IND173025AAA,12,12,2.322222222222222,1.0,103.5,44.5,58.335800000000006,745.0,36.0,0.2886751345948129,12,12,0.02842161965845225,True,YamunaNagar_DC (Haryana),PaontSahib_Gurudwar_D (Himachal Pradesh),IND135001AAA → IND173025AAA,0.19422956070306302
IND585401AAA,IND502286AAB,22,22,1.9084175084175083,1.0,104.0,54.0,57.747,1084.0,13.0,0.21320071635561041,22,22,0.041354410348674146,True,Bidar (Karnataka),Narayankhed_Datatrya_D (Telangana),IND585401AAA → IND502286AAB,0.1941748003318945
IND500080AAB,IND501359AAE,20,20,1.9619155354449471,0.95,61.5,27.5,28.86555,1795.0,109.5,0.22360679774997896,19,19,0.0684789359555997,True,Hyderabad_Chikdply_I (Telangana),Hyderabad_Shamshbd_H (Telangana),IND500080AAB → IND501359AAE,0.19417223207017242
IND686507AAA,IND686513AAA,15,15,2.3333333333333335,1.0,21.0,9.0,12.8175,173.0,22.0,0.2581988897471611,15,15,0.006599919732768105,True,Parakkdavu_KeRoad_D (Kerala),Mundakayam_Central_D_1 (Kerala),IND686507AAA → IND686513AAA,0.19416444678148273
IND843105AAB,IND848101AAA,20,20,2.0763157894736843,1.0,39.5,19.0,27.8423,587.0,38.0,0.22360679774997896,20,20,0.022393947301357676,True,Dholi_WardNo4_D (Bihar),Samastipur_Haripur_D (Bihar),IND843105AAB → IND848101AAA,0.19411481059481017
IND423109AAA,IND423601AAA,12,12,2.428571428571429,1.0,17.5,9.0,12.3906,194.0,22.5,0.2886751345948129,12,12,0.007401066058711055,True,Shirdi_SaiBansi_D (Maharashtra),Kopargaon_NkshtrPz_D (Maharashtra),IND423109AAA → IND423601AAA,0.19402409644774488
IND803213AAA,IND803212AAB,2,2,2.771526586620926,1.0,149.0,54.0,64.84065000000001,190.0,181.5,0.7071067811865475,2,2,0.007248466758531445,True,Barh_Malahi_D (Bihar),Bakhtiarpur_BypassRD_D (Bihar),IND803213AAA → IND803212AAB,0.1939636164415124
IND842001AAA,IND845438AAA,5,5,2.561797752808989,1.0,228.0,89.0,130.9656,708.0,91.0,0.4472135954999579,5,5,0.027010076131790857,True,Muzaffrpur_Bbganj_I (Bihar),Bettiah_BypassRd_D (Bihar),IND842001AAA → IND845438AAA,0.19389927093705117
IND402109AAA,IND402301AAA,20,20,1.9886363636363638,1.0,90.5,45.0,63.324749999999995,991.0,5.5,0.22360679774997896,20,20,0.03780647661949822,True,Roha_DataSagr_D (Maharashtra),Mahad_Govndsgr_D (Maharashtra),IND402109AAA → IND402301AAA,0.19388905487856464
IND423109AAA,IND423701AAB,1,1,2.8333333333333335,1.0,68.0,24.0,37.555099999999996,44.0,39.0,1.0,1,1,0.0016785923019757031,True,Shirdi_SaiBansi_D (Maharashtra),Vaijiapur_YeolaRD_D (Maharashtra),IND423109AAA → IND423701AAB,0.19388034032818524
IND505326AAA,IND505425AAA,1,1,2.8285714285714287,1.0,99.0,35.0,49.2992,64.0,5.0,1.0,1,1,0.00244158880287375,True,Koratla_BhemuDPP_D (Telangana),DhrmpuriTS_HanumDPP_D (Telangana),IND505326AAA → IND505425AAA,0.19385281925031153
IND712311AAA,IND713205AAB,12,12,2.1510643983254654,1.0,223.5,103.0,149.1601,1540.0,144.0,0.2886751345948129,12,12,0.05875073056914961,True,Kolkata_Dankuni_HB (West Bengal),Durgapur_Central_I_1 (West Bengal),IND712311AAA → IND713205AAB,0.1938388349847408
IND791102AAA,IND784168AAB,1,1,2.766990291262136,1.0,570.0,206.0,291.5676,364.0,63.0,1.0,1,1,0.013886536316344452,True,Pasighat_MissonRd_D (Arunachal Pradesh),Gohpur_Central_D_1 (Assam),IND791102AAA → IND784168AAB,0.19382201561269513
IND560099AAB,IND560085AAA,17,17,2.1739130434782608,1.0,50.0,23.0,19.592,553.0,94.0,0.24253562503633297,17,17,0.021096853249831,True,Bengaluru_Bomsndra_HB (Karnataka),Bengaluru_Banshkri_DC (Karnataka),IND560099AAB → IND560085AAA,0.19363365738919566
IND395023AAD,IND395006AAA,27,27,1.8666666666666667,1.0,25.0,13.0,14.904,362.0,44.0,0.19245008972987526,27,27,0.013810236666254649,True,Surat_Central_I_4 (Gujarat),Surat_Varachha_DC (Gujarat),IND395023AAD → IND395006AAA,0.19354661397488648
IND000000ACB,IND125001AAA,15,15,1.9281045751633987,1.0,295.0,153.0,164.4318,2084.0,142.0,0.2581988897471611,15,15,0.07950423539357648,True,Gurgaon_Bilaspur_HB (Haryana),Hisar_ModelTwn_P (Haryana),IND000000ACB → IND125001AAA,0.19346558872371244
IND742226AAA,IND742102AAB,13,13,2.2941176470588234,1.0,78.0,35.0,33.2894,611.0,43.0,0.2773500981126146,13,13,0.02330954310243533,True,Sagardighi_UtBzrDPP_D (West Bengal),Berhampore_Central_I_2 (West Bengal),IND742226AAA → IND742102AAB,0.19341933683740262
IND518102AAA,IND518002AAA,14,14,2.011627906976744,1.0,258.0,129.5,175.9115,1834.0,60.0,0.2672612419124244,14,14,0.0699667791323509,True,Srisailam_Sishumdr_D (Andhra Pradesh),Kurnool_AbbasNgr_I (Andhra Pradesh),IND518102AAA → IND518002AAA,0.1934072848146877
IND411033AAA,IND411021AAA,41,41,1.9230769230769231,0.7317073170731707,24.0,12.0,11.1698,1102.0,55.0,0.15617376188860607,30,30,0.04204110719948238,True,Pune_Tathawde_H (Maharashtra),PNQ Pashan DPC (Maharashtra),IND411033AAA → IND411021AAA,0.19338903674946786
IND385535AAA,IND384205AAA,17,17,2.0,1.0,156.0,78.0,92.3325,1370.0,174.0,0.24253562503633297,17,17,0.052265260311516216,True,Deesa_HawaiPlr_DC (Gujarat),Mehsana_Panchot_IP (Gujarat),IND385535AAA → IND384205AAA,0.19330897693740773
IND421302AAG,IND834002AAB,4,4,1.7811062564462388,1.0,2659.0,1493.0,2056.0364,4646.0,241.5,0.5,4,4,0.1772440871586163,True,Bhiwandi_Mankoli_HB (Maharashtra),Ranchi_Hub (Jharkhand),IND421302AAG → IND834002AAB,0.19323474410015418
IND803116AAA,IND803108AAB,13,13,2.2941176470588234,1.0,78.0,33.0,40.590900000000005,586.0,19.0,0.2773500981126146,13,13,0.022355797476312774,True,Rajgir_PnditNGR_D (Bihar),Chandi_SH78_D (Bihar),IND803116AAA → IND803108AAB,0.1932228268546955
IND458664AAA,IND312403AAA,7,7,2.4901960784313726,1.0,111.0,44.0,53.964,611.0,23.0,0.3779644730092272,7,7,0.02330954310243533,True,Neemuch_KarjuDPP_D (Madhya Pradesh),BariSadri_BhmprDPP_D (Rajasthan),IND458664AAA → IND312403AAA,0.19302582770961357
IND245101AAA,IND201007AAA,2,2,2.7508333333333335,1.0,134.5,49.0,47.39955,171.0,23.5,0.7071067811865475,2,2,0.0065236200826783,True,Hapur_Swargash_D (Uttar Pradesh),GZB_Mohan_Nagar_DPC (Uttar Pradesh),IND245101AAA → IND201007AAA,0.19301151333918798
IND712311AAA,IND743235AAA,5,5,2.586206896551724,1.0,150.0,55.0,79.8169,467.0,37.0,0.4472135954999579,5,5,0.017815968295969396,True,Kolkata_Dankuni_HB (West Bengal),Bongaon_SukntDPP_D (West Bengal),IND712311AAA → IND743235AAA,0.19295182114205028
IND401501AAA,IND401602AAA,17,17,2.1578947368421053,1.0,52.0,25.0,28.0635,543.0,46.0,0.24253562503633297,17,17,0.020715354999381975,True,Boisar_OstwlEmp_D (Maharashtra),Dahanu_KetyDPP_D (Maharashtra),IND401501AAA → IND401602AAA,0.19293365356971023
IND736135AAA,IND736165AAA,5,5,2.6216216216216215,1.0,96.0,36.0,38.810900000000004,288.0,16.0,0.4472135954999579,5,5,0.010987149612931875,True,Dinhata_WrdN4DPP_D (West Bengal),Pundibari_StatonRD_D (West Bengal),IND736135AAA → IND736165AAA,0.19291865675909609
IND282001AAF,IND283122AAB,18,18,2.138888888888889,1.0,41.5,18.0,24.63035,450.0,46.5,0.23570226039551587,18,18,0.017167421270206054,True,Agra_Central_D_3 (Uttar Pradesh),Kirauli_AchneraRD_D (Uttar Pradesh),IND282001AAF → IND283122AAB,0.19279867394160174
IND799250AAA,IND799008AAA,1,1,2.7704918032786887,1.0,338.0,122.0,171.3245,216.0,22.0,1.0,1,1,0.008240362209698907,True,Dharmanagr_Ranakant_D (Tripura),Agartala_Chmpmura_I (Tripura),IND799250AAA → IND799008AAA,0.19279451103295248
IND533106AAA,IND533242AAA,4,4,2.5886884854276158,1.0,237.0,91.0,89.84125,601.0,56.5,0.5,4,4,0.02292804485198631,True,Rajamundry_AtoNgrRd_I (Andhra Pradesh),Razole_Shanthi_D (Andhra Pradesh),IND533106AAA → IND533242AAA,0.19276804985000567
IND248122AAB,IND248001AAA,15,15,2.210526315789474,1.0,74.0,38.0,35.2443,597.0,145.0,0.2581988897471611,15,15,0.0227754455518067,True,Mussoorie_BrlwgDPP_D (Uttarakhand),Dehradun (Uttarakhand),IND248122AAB → IND248001AAA,0.19273319075244233
IND627401AAA,IND627005AAA,13,13,2.2777777777777777,1.0,80.0,36.0,38.2875,600.0,17.0,0.2773500981126146,13,13,0.022889895026941408,True,Ambasamdrm_Solaiprm_D (Tamil Nadu),Tirunelveli_VdkkuSrt_I (Tamil Nadu),IND627401AAA → IND627005AAA,0.19269899820566055
IND532001AAB,IND532127AAA,21,21,1.9655172413793103,1.0,58.0,29.0,34.3162,784.0,26.0,0.2182178902359924,21,21,0.02990946283520344,True,Srikakulam_Kuslpram_I (Andhra Pradesh),Rajam_SamathBv_D (Andhra Pradesh),IND532001AAB → IND532127AAA,0.1926984230537318
IND261001AAA,IND262701AAA,20,20,1.9182899064002026,1.0,111.0,58.0,65.1585,1178.0,28.5,0.22360679774997896,20,20,0.044940493902894965,True,Sitapur_Chowk_D (Uttar Pradesh),Lakhimpur_Maheva_D (Uttar Pradesh),IND261001AAA → IND262701AAA,0.19262999215643178
IND784168AAB,IND784176AAA,6,6,2.560975609756097,1.0,105.0,39.0,58.51415,370.0,34.5,0.4082482904638631,6,6,0.014115435266613867,True,Gohpur_Central_D_1 (Assam),Bishwanath_ChrliDPP_D (Assam),IND784168AAB → IND784176AAA,0.19254389582368414
IND854326AAB,IND852131AAA,10,10,2.232176250584385,1.0,210.5,93.5,134.18245000000002,1313.0,115.5,0.31622776601683794,10,10,0.05009072028395678,True,Purnia_Central_H_2 (Bihar),Supaul_SadrHsptl_D (Bihar),IND854326AAB → IND852131AAA,0.19253443815065502
IND686513AAA,IND686507AAA,1,1,2.8,1.0,28.0,10.0,14.0458,18.0,2.0,1.0,1,1,0.0006866968508082422,True,Mundakayam_Central_D_1 (Kerala),Parakkdavu_KeRoad_D (Kerala),IND686513AAA → IND686507AAA,0.19238286649789393
IND411033AAA,IND410503AAA,3,3,2.6808510638297873,1.0,126.0,52.0,58.2686,259.0,38.0,0.5773502691896258,3,3,0.009880804686629708,True,Pune_Tathawde_H (Maharashtra),Ambegaon_Manchar_D (Maharashtra),IND411033AAA → IND410503AAA,0.19232173239125422
IND396191AAC,IND396232AAA,17,17,2.1875,1.0,36.0,17.0,23.597499999999997,319.0,39.0,0.24253562503633297,17,17,0.012169794189323848,True,Vapi_IndEstat_I (Gujarat),Silvassa_Samrvrni_D (Dadra and Nagar Haveli),IND396191AAC → IND396232AAA,0.19232140416095206
IND461111AAA,IND460001AAA,20,20,1.925,1.0,115.5,60.0,86.03229999999999,1101.0,17.5,0.22360679774997896,20,20,0.04200295737443748,True,Itarsi_DivrsnRd_D (Madhya Pradesh),Betul_PatelWrd_D (Madhya Pradesh),IND461111AAA → IND460001AAA,0.1922850467648584
IND121001AAA,IND121004AAB,27,27,1.9090909090909092,0.9629629629629629,21.0,11.0,12.0389,442.0,16.0,0.19245008972987526,26,26,0.016862222669846837,True,Faridabad (Haryana),FBD_Balabhgarh_DPC (Haryana),IND121001AAA → IND121004AAB,0.19211751024092394
IND607106AAA,IND607801AAA,14,14,2.303030303030303,1.0,25.5,11.0,17.6402,231.0,15.5,0.2672612419124244,14,14,0.008812609585372442,True,Panruti_GandhiRd_D (Tamil Nadu),Neyveli_NJVNgr_D (Tamil Nadu),IND607106AAA → IND607801AAA,0.19211146801868823
IND741121AAA,IND741201AAC,1,1,2.789473684210526,1.0,53.0,19.0,20.7476,34.0,12.0,1.0,1,1,0.0012970940515266798,True,Badkulla_Central_DPP_1 (West Bengal),Ranaghat_ArickDPP_D (West Bengal),IND741121AAA → IND741201AAC,0.19210028442947624
IND620020AAA,IND621112AAA,25,25,1.9090909090909092,1.0,22.0,13.0,15.6177,294.0,24.0,0.2,25,25,0.011216048563201289,True,Tiruchi (Tamil Nadu),Tiruchi_Samyaprm_D (Tamil Nadu),IND620020AAA → IND621112AAA,0.19199120818033483
IND524101AAB,IND517501AAB,16,16,1.9993421052631577,1.0,159.5,78.5,96.1497,1375.0,32.0,0.25,16,16,0.05245600943674072,True,Gudur_Bngisheb_D (Andhra Pradesh),Tirupati_Balajicly_I (Andhra Pradesh),IND524101AAB → IND517501AAB,0.19198942382203144
IND847103AAA,IND847404AAB,19,19,2.0344827586206895,1.0,65.0,32.0,33.2703,692.0,45.0,0.22941573387056174,19,19,0.02639967893107242,True,Benipur_Javahar_D (Bihar),Jhanjharpur_Nagar_D (Bihar),IND847103AAA → IND847404AAB,0.19198398609541162
IND524003AAA,IND501359AAE,14,14,1.650954403153806,1.0,611.5,368.5,474.289,3429.0,49.5,0.2672612419124244,14,14,0.13081575007897012,True,Nellore_DC (Andhra Pradesh),Hyderabad_Shamshbd_H (Telangana),IND524003AAA → IND501359AAE,0.1919529771665467
IND670645AAB,IND673592AAA,6,6,2.510576923076923,1.0,99.0,40.0,40.13115,531.0,1084.0,0.4082482904638631,6,6,0.020257557098843144,True,Mananthavady_Central_D_1 (Kerala),SultnBthry_Kollgpra_D (Kerala),IND670645AAB → IND673592AAA,0.19185429864631554
IND583201AAA,IND583119AAA,9,9,2.423076923076923,1.0,63.0,26.0,29.0712,433.0,26.0,0.3333333333333333,9,9,0.016518874244442715,True,Hospet (Karnataka),Sandur_WrdN1DPP_D (Karnataka),IND583201AAA → IND583119AAA,0.19168958296237948
IND222125AAB,IND222001AAA,1,1,2.7777777777777777,1.0,50.0,18.0,26.3353,32.0,12.0,1.0,1,1,0.001220794401436875,True,Badlapur_Bhaluahi_D (Uttar Pradesh),Jaunpur_Katghara_D (Uttar Pradesh),IND222125AAB → IND222001AAA,0.1916308431226927
IND813102AAA,IND812002AAA,17,17,2.076923076923077,1.0,81.0,40.0,43.492000000000004,774.0,32.0,0.24253562503633297,17,17,0.029527964584754415,True,Banka_Wardno6_D (Bihar),Bhagalpur_Pbroad_DC (Bihar),IND813102AAA → IND812002AAA,0.19160826383030657
IND505001AAB,IND505184AAC,3,3,2.6557377049180326,1.0,162.0,61.0,69.744,291.0,68.0,0.5773502691896258,3,3,0.011101599088066582,True,Karimnagar_KamnHbRD_I (Telangana),Manthani_Chaitnya_D (Telangana),IND505001AAB → IND505184AAC,0.19159904003892195
IND462022AAA,IND461001AAA,5,5,2.549019607843137,1.0,130.0,50.0,72.55340000000001,476.0,85.0,0.4472135954999579,5,5,0.018159316721373515,True,Bhopal_Trnsport_H (Madhya Pradesh),Hoshangabad_MnRDDPP_D (Madhya Pradesh),IND462022AAA → IND461001AAA,0.19157995439799175
IND787059AAB,IND791102AAA,1,1,2.757142857142857,1.0,193.0,70.0,98.5958,123.0,35.0,1.0,1,1,0.004692428480522988,True,Silapathar_Hejunagr_D (Assam),Pasighat_MissonRd_D (Arunachal Pradesh),IND787059AAB → IND791102AAA,0.19154564684890918
IND443301AAA,IND443201AAA,2,2,2.723958333333333,1.0,84.5,31.0,44.5664,107.0,40.5,0.7071067811865475,2,2,0.004082031279804551,True,Mehkar_SagarDPP_D (Maharashtra),Chikhli_KKndrDPP_D (Maharashtra),IND443301AAA → IND443201AAA,0.19146588312828533
IND814112AAA,IND814133AAB,7,7,2.4444444444444446,1.0,132.0,54.0,78.8509,635.0,49.0,0.3779644730092272,7,7,0.02422513890351299,True,Deoghar_Barmasia_D (Jharkhand),Godda_Central_D_2 (Jharkhand),IND814112AAA → IND814133AAB,0.19143962942282988
IND000000ACN,IND501359AAF,16,16,2.1470588235294117,1.0,40.0,18.0,21.6558,562.0,56.5,0.25,16,16,0.021440201675235117,True,Hyderabad_Mhdiptnm_C (Telangana),Hyderabad_Shamshbd_P (Telangana),IND000000ACN → IND501359AAF,0.19132930911713847
IND431136AAC,IND411033AAA,13,13,1.8863636363636365,1.0,330.0,171.0,238.74110000000002,2330.0,248.0,0.2773500981126146,13,13,0.08888909235462247,True,Aurangabad_Central_H_1 (Maharashtra),Pune_Tathawde_H (Maharashtra),IND431136AAC → IND411033AAA,0.1911133197299965
IND854335AAA,IND852111AAA,17,17,2.15,1.0,44.0,20.0,28.4464,350.0,13.0,0.24253562503633297,17,17,0.013352438765715822,True,Narpatganj_Central_DPP_1 (Bihar),Simrahi_Bazar_D (Bihar),IND854335AAA → IND852111AAA,0.19111033516019854
IND160003AAA,IND160002AAC,1,1,2.7567567567567566,1.0,102.0,37.0,37.9311,65.0,382.0,1.0,1,1,0.0024797386279186524,True,Chandigarh (Chandigarh),Chandigarh_Mehmdpur_H (Punjab),IND160003AAA → IND160002AAC,0.19107476565680925
IND421302AAG,IND422011AAD,21,21,1.7578947368421052,1.0,168.0,96.0,137.067,1600.0,238.0,0.2182178902359924,21,21,0.061039720071843745,True,Bhiwandi_Mankoli_HB (Maharashtra),Nashik_TgrniaRD_I (Maharashtra),IND421302AAG → IND422011AAD,0.19105818759259033
IND401104AAA,IND401209AAA,1,1,2.761904761904762,1.0,58.0,21.0,25.3485,37.0,77.0,1.0,1,1,0.0014115435266613867,True,Mumbai_MiraRd_IP (Maharashtra),Mumbai_Virar_DC (Maharashtra),IND401104AAA → IND401209AAA,0.1910543815724361
IND360490AAA,IND362001AAA,10,10,2.343980343980344,1.0,80.5,36.0,43.527,569.0,26.5,0.31622776601683794,10,10,0.021707250450549432,True,Upleta_AdrshSt_DC (Gujarat),Junagadh_DPC (Gujarat),IND360490AAA → IND362001AAA,0.19102352882634122
IND110043AAA,IND000000ACB,5,5,4.229166666666667,0.8,202.0,47.0,48.9673,718.0,43.0,0.4472135954999579,4,4,0.02739157438223988,True,Delhi_Nangli_IP (Delhi),Gurgaon_Bilaspur_HB (Haryana),IND110043AAA → IND000000ACB,0.1909771000366819
IND721212AAA,IND712310AAE,10,10,2.2376294591484465,1.0,176.5,81.0,106.15725,1080.0,19.5,0.31622776601683794,10,10,0.04120181104849453,True,Ghatal_KrshDPP_D (West Bengal),Kolkata_North_I_4 (West Bengal),IND721212AAA → IND712310AAE,0.1909145119957753
IND531163AAA,IND535001AAA,13,13,2.2857142857142856,1.0,47.0,20.0,26.7883,333.0,12.0,0.2773500981126146,13,13,0.012703891739952481,True,Bheemunipatnam_SaiTempl_D (Andhra Pradesh),Vizianagaram_NcsRd_DC (Andhra Pradesh),IND531163AAA → IND535001AAA,0.1909081533637475
IND431136AAC,IND431122AAA,9,9,2.2708333333333335,1.0,218.0,96.0,137.8178,1082.0,162.0,0.3333333333333333,9,9,0.041278110698584336,True,Aurangabad_Central_H_1 (Maharashtra),Beed_JalnaRd_D (Maharashtra),IND431136AAC → IND431122AAA,0.1908849807871964
IND221401AAA,IND221303AAA,2,2,2.71875,1.0,43.5,16.0,17.918,55.0,19.0,0.7071067811865475,2,2,0.002098240377469629,True,Bhadohi_Rajpura_D (Uttar Pradesh),Gopiganj_Wardno13_D (Uttar Pradesh),IND221401AAA → IND221303AAA,0.19085509495046143
IND411017AAA,IND412105AAC,2,2,2.71671826625387,1.0,48.5,18.0,18.26925,61.0,17.5,0.7071067811865475,2,2,0.0023271393277390427,True,PNQ Rahatani DPC (Maharashtra),Pune_North_D_3 (Maharashtra),IND411017AAA → IND412105AAC,0.19082344008891816
IND591102AAA,IND591307AAC,18,18,2.0121951219512195,1.0,83.0,42.0,45.763149999999996,821.0,12.0,0.23570226039551587,18,18,0.03132100636186482,True,Bailhongal_NamoNagr_D (Karnataka),Gokak_Bsavangr_D (Karnataka),IND591102AAA → IND591307AAC,0.19080003767791068
IND362720AAA,IND362560AAA,17,17,2.107142857142857,1.0,54.0,26.0,39.1055,516.0,12.0,0.24253562503633297,17,17,0.01968530972316961,True,Kodinar_NCplxDPP_D (Gujarat),Una_Mamlatdr_DC (Gujarat),IND362720AAA → IND362560AAA,0.19075259986901916
IND444203AAA,IND444005AAB,5,5,2.5641025641025643,1.0,100.0,39.0,50.562799999999996,294.0,332.0,0.4472135954999579,5,5,0.011216048563201289,True,Shegaon_SChwkDPP_D (Maharashtra),Akola_Gaurkshn_I (Maharashtra),IND444203AAA → IND444005AAB,0.19073447640636168
IND643001AAA,IND643212AAA,6,6,2.523219814241486,1.0,86.0,35.0,49.0124,324.0,28.0,0.4082482904638631,6,6,0.012360543314548358,True,Ooty_Davisdle_D (Tamil Nadu),Gudalur_kalmpuza_D (Tamil Nadu),IND643001AAA → IND643212AAA,0.19071765297433274
IND761200AAA,IND532001AAB,12,12,2.23,1.0,111.0,49.0,71.61295,737.0,7.5,0.2886751345948129,12,12,0.028116421058093026,True,Paralakhemundi_Ward14_D (Orissa),Srikakulam_Kuslpram_I (Andhra Pradesh),IND761200AAA → IND532001AAB,0.1905890913017002
IND281121AAB,IND110037AAM,13,13,1.9253731343283582,1.0,254.0,133.0,170.0112,2060.0,28.0,0.2773500981126146,13,13,0.07858863959249883,True,Vrindavan_MathuraRD_D (Uttar Pradesh),Delhi_Airport_H (Delhi),IND281121AAB → IND110037AAM,0.19050431140677035
IND486889AAA,IND231216AAA,3,3,2.5934065934065935,1.0,236.0,90.0,110.3874,455.0,42.0,0.5773502691896258,3,3,0.017358170395430566,True,Singrauli_Ward8DPP_D (Madhya Pradesh),Robertsganj_ArtoDPP_D (Uttar Pradesh),IND486889AAA → IND231216AAA,0.19047012826857138
IND614620AAA,IND630561AAA,16,16,2.0076604554865423,1.0,140.0,70.0,105.31985,1129.0,34.0,0.25,16,16,0.04307115247569474,True,Manamelkudi_TmpleSrt_D (Tamil Nadu),Sivaganga_Wardno3_D (Tamil Nadu),IND614620AAA → IND630561AAA,0.1903784602129281
IND402301AAA,IND402107AAA,13,13,2.125,1.0,129.0,64.0,95.9097,1051.0,27.0,0.2773500981126146,13,13,0.040095466122192364,True,Mahad_Govndsgr_D (Maharashtra),Pen_BljiMrkt_D (Maharashtra),IND402301AAA → IND402107AAA,0.19031731415576603
IND518422AAB,IND518102AAA,14,14,2.072467532467533,1.0,157.5,76.0,108.5009,1137.0,17.0,0.2672612419124244,14,14,0.04337635107605396,True,Atmakur_IndraNgr_D (Andhra Pradesh),Srisailam_Sishumdr_D (Andhra Pradesh),IND518422AAB → IND518102AAA,0.19028874438223164
IND451666AAA,IND421302AAG,2,2,2.5409413281753706,1.0,707.0,278.5,402.30780000000004,857.0,76.0,0.7071067811865475,2,2,0.03269440006348131,True,Sendhwa_VishnuVhr_D (Madhya Pradesh),Bhiwandi_Mankoli_HB (Maharashtra),IND451666AAA → IND421302AAG,0.19026138499561251
IND457226AAA,IND382430AAB,16,16,1.5803508771929824,1.0,526.0,332.5,426.7668,3213.0,41.5,0.25,16,16,0.12257538786927123,True,Jaora_RtlamNka_D (Madhya Pradesh),Ahmedabad_East_H_1 (Gujarat),IND457226AAA → IND382430AAB,0.19018286769621254
IND000000ACB,IND110030AAD,28,28,1.6623626373626372,0.9642857142857143,84.0,49.0,50.8746,1225.0,121.5,0.1889822365046136,27,27,0.04673353568000537,True,Gurgaon_Bilaspur_HB (Haryana),Delhi_Kishangarh_DPC (Delhi),IND000000ACB → IND110030AAD,0.19016645599615026
IND462011AAA,IND462022AAA,11,11,2.3636363636363638,1.0,27.0,12.0,12.7752,190.0,12.0,0.30151134457776363,11,11,0.007248466758531445,True,Bhopal MP Nagar (Madhya Pradesh),Bhopal_Trnsport_H (Madhya Pradesh),IND462011AAA → IND462022AAA,0.19014028882573192
IND683511AAA,IND562132AAA,10,10,1.7141359535790381,1.0,881.5,510.5,557.00215,3561.0,136.0,0.31622776601683794,10,10,0.13585152698489725,True,Aluva_Peedika_H (Kerala),Bangalore_Nelmngla_H (Karnataka),IND683511AAA → IND562132AAA,0.19010822496357543
IND403702AAA,IND575004AAB,8,8,2.042755379964682,1.0,528.0,258.5,302.17920000000004,2258.0,67.0,0.35355339059327373,8,8,0.08614230495138948,True,Canacona_CharRsta_D (Goa),Mangalore_Kuntikna_H (Karnataka),IND403702AAA → IND575004AAB,0.18994762540110494
IND533003AAA,IND533401AAA,18,18,1.9805253623188404,1.0,93.0,47.0,62.6639,864.0,55.0,0.23570226039551587,18,18,0.03296144883879563,True,Kakinada_DC (Andhra Pradesh),Tuni_Eaglvari_D (Andhra Pradesh),IND533003AAA → IND533401AAA,0.18990946658656602
IND400612AAA,IND421302AAR,10,10,2.375,1.0,28.5,12.0,14.38555,267.0,119.5,0.31622776601683794,10,10,0.010186003286988925,True,Mumbai_Mumbra_DC (Maharashtra),Mumbai_East_I_21 (Maharashtra),IND400612AAA → IND421302AAR,0.18985303696013967
IND843320AAA,IND847223AAA,8,8,2.425,1.0,48.5,20.0,23.4075,355.0,30.5,0.35355339059327373,8,8,0.013543187890940334,True,Pupri_SngihiRD_D (Bihar),Benipatti_WardNo1_D (Bihar),IND843320AAA → IND847223AAA,0.18981774060501583
IND731224AAA,IND742147AAA,11,11,2.3076923076923075,1.0,68.0,30.0,29.1167,423.0,23.0,0.30151134457776363,11,11,0.016137375993993692,True,Rampurhat_SrifoDPP_D (West Bengal),Khargram_BoiDPP_D (West Bengal),IND731224AAA → IND742147AAA,0.18980151831500838
IND854326AAB,IND854105AAA,2,2,2.6875,1.0,46.0,17.0,24.7618,58.0,177.0,0.7071067811865475,2,2,0.002212689852604336,True,Purnia_Central_H_2 (Bihar),Katihar_Shyndco_D (Bihar),IND854326AAB → IND854105AAA,0.18966639166562765
IND370110AAA,IND370001AAA,14,14,2.1776470588235295,1.0,67.0,31.0,43.24195,538.0,10.5,0.2672612419124244,14,14,0.020524605874157463,True,Anjar_DC (Gujarat),Bhuj_DC (Gujarat),IND370110AAA → IND370001AAA,0.18966060544313784
IND416012AAA,IND591237AAB,10,10,2.3377609108159394,1.0,72.0,31.0,40.43745,417.0,106.0,0.31622776601683794,10,10,0.01590847704372428,True,Kolhapur_Shivaji_I (Maharashtra),Nipani_AkkolRD_D (Karnataka),IND416012AAA → IND591237AAB,0.18958747701734555
IND631003AAA,IND600056AAB,10,10,2.3072368421052634,1.0,87.0,38.0,42.846450000000004,561.0,123.5,0.31622776601683794,10,10,0.021402051850190215,True,Arakkonam_HousngBd_D (Tamil Nadu),MAA_Poonamallee_HB (Tamil Nadu),IND631003AAA → IND600056AAB,0.18953525116258302
IND207247AAB,IND205001AAB,10,10,2.2893081761006293,1.0,122.5,53.5,51.43945,649.0,98.0,0.31622776601683794,10,10,0.024759236454141617,True,Aliganj_KaimgnjRD_D (Uttar Pradesh),Mainpuri_Agraroad_I (Uttar Pradesh),IND207247AAB → IND205001AAB,0.18953145770670474
IND160002AAC,IND143001AAA,11,11,1.9941520467836258,1.0,354.0,177.0,254.2982,1934.0,416.0,0.30151134457776363,11,11,0.07378176163684114,True,Chandigarh_Mehmdpur_H (Punjab),Amritsar_DPC (Punjab),IND160002AAC → IND143001AAA,0.18951538189319692
IND531116AAA,IND530012AAA,4,4,2.552631578947368,1.0,145.5,57.0,67.6921,363.0,188.0,0.5,4,4,0.01384838649129955,True,Narsiptnm_Wardno8_D (Andhra Pradesh),Visakhapatnam_Gajuwaka_IP (Andhra Pradesh),IND531116AAA → IND530012AAA,0.18949851551152086
IND504215AAA,IND505326AAB,1,1,2.706896551724138,1.0,157.0,58.0,64.6296,99.0,20.0,1.0,1,1,0.0037768326794453324,True,Luxettipet_ShivaDPP_D (Telangana),IND505326AAB,IND504215AAA → IND505326AAB,0.18940778714150833
IND205001AAB,IND209721AAB,10,10,2.3076923076923075,1.0,90.0,40.0,52.995850000000004,541.0,86.5,0.31622776601683794,10,10,0.020639055349292168,True,Mainpuri_Agraroad_I (Uttar Pradesh),Chhibramau_Bhainpura_D (Uttar Pradesh),IND205001AAB → IND209721AAB,0.18939571210005268
IND125047AAB,IND125050AAA,1,1,2.7142857142857144,1.0,95.0,35.0,44.6977,60.0,18.0,1.0,1,1,0.0022889895026941406,True,Hisar_AgrohDPP_D (Haryana),Fatehabad_SirsaDPP_D (Haryana),IND125047AAB → IND125050AAA,0.18938788011613258
IND201306AAA,IND201301AAF,8,8,2.4230769230769234,1.0,62.0,26.0,20.43555,300.0,98.0,0.35355339059327373,8,8,0.011444947513470704,True,Noida_Surajpur_DC (Uttar Pradesh),Noida_Sec 02_DPC (Uttar Pradesh),IND201306AAA → IND201301AAF,0.18931081652104426
IND600008AAA,IND600044AAC,14,14,2.137012012012012,1.0,78.0,36.0,44.216899999999995,687.0,51.5,0.2672612419124244,14,14,0.02620892980584791,True,Chennai_Egmore_C (Tamil Nadu),Chennai_Chrompet_PC (Tamil Nadu),IND600008AAA → IND600044AAC,0.18925544536548755
IND502286AAB,IND502220AAC,22,22,1.7983164983164983,1.0,99.0,56.0,65.0531,997.0,16.5,0.21320071635561041,22,22,0.03803537556976764,True,Narayankhed_Datatrya_D (Telangana),Zahirabad_Mohim_D (Telangana),IND502286AAB → IND502220AAC,0.18921978571746556
IND841226AAB,IND841428AAA,2,2,2.6697722567287787,1.0,58.5,22.0,32.2102,73.0,20.5,0.7071067811865475,2,2,0.0027849372282778713,True,Siwan_HnmntNgr_D (Bihar),Gopalganj_GopalDPP_D (Bihar),IND841226AAB → IND841428AAA,0.18909658347662697
IND560002AAA,IND562132AAA,22,22,1.9344790547798068,0.9545454545454546,76.0,37.0,33.9055,885.0,38.0,0.21320071635561041,21,21,0.033762595164738576,True,Bengaluru_KHRoad_I (Karnataka),Bangalore_Nelmngla_H (Karnataka),IND560002AAA → IND562132AAA,0.18907613458814593
IND508207AAB,IND508206AAA,1,1,2.7058823529411766,1.0,92.0,34.0,49.8549,58.0,24.0,1.0,1,1,0.002212689852604336,True,Miryalguda_Ragvendr_D (Telangana),Kodad_VidyaNgr_D (Telangana),IND508207AAB → IND508206AAA,0.1890461668515641
IND247667AAB,IND249407AAA,2,2,2.659073359073359,1.0,95.5,36.0,30.3938,119.0,22.0,0.7071067811865475,2,2,0.004539829180343379,True,Roorkee_IOTCEncl_L (Uttarakhand),Haridwar (Uttarakhand),IND247667AAB → IND249407AAA,0.18904311840127885
IND712311AAA,IND721306AAA,14,14,1.97167325428195,1.0,211.0,104.0,134.115,1465.0,273.0,0.2672612419124244,14,14,0.05588949369078193,True,Kolkata_Dankuni_HB (West Bengal),Kharagpur_DC (West Bengal),IND712311AAA → IND721306AAA,0.18895683249470147
IND517644AAA,IND524132AAA,15,15,2.1142857142857143,1.0,74.0,34.0,45.097,588.0,25.0,0.2581988897471611,15,15,0.022432097126402577,True,Sriklahsti_SDKNgr_D (Andhra Pradesh),Venktagiri_TirupthiRd_D (Andhra Pradesh),IND517644AAA → IND524132AAA,0.18892897554860813
IND142026AAA,IND000000ACA,1,1,2.7,1.0,108.0,40.0,53.551500000000004,68.0,96.0,1.0,1,1,0.0025941881030533596,True,Jagraon_DC (Punjab),Ludhiana_MilrGanj_HB (Punjab),IND142026AAA → IND000000ACA,0.18889657611848062
IND841101AAA,IND841207AAB,3,3,2.611111111111111,1.0,47.0,15.0,22.268,164.0,39.0,0.5773502691896258,3,3,0.006256571307363984,True,Sonepur_Sabalpur_D (Bihar),Dighwara_SadarHPL_D (Bihar),IND841101AAA → IND841207AAB,0.18886956525667367
IND509103AAB,IND518002AAA,9,9,2.293103448275862,1.0,129.0,57.0,76.4494,715.0,16.0,0.3333333333333333,9,9,0.027277124907105176,True,Wanaparthy_VallaDPP_D (Telangana),Kurnool_AbbasNgr_I (Andhra Pradesh),IND509103AAB → IND518002AAA,0.18886414111382638
IND124001AAB,IND126102AAA,4,4,2.546511627906977,1.0,109.5,43.0,60.50635,309.0,37.0,0.5,4,4,0.011788295938874824,True,Rohtak (Haryana),Jind_DC (Haryana),IND124001AAB → IND126102AAA,0.18883664205506517
IND722202AAA,IND713205AAB,1,1,2.7058823529411766,1.0,46.0,17.0,20.173,29.0,12.0,1.0,1,1,0.001106344926302168,True,Barjora_Central_DPP_1 (West Bengal),Durgapur_Central_I_1 (West Bengal),IND722202AAA → IND713205AAB,0.18881821527162385
IND796081AAA,IND788026AAC,1,1,2.6857142857142855,1.0,188.0,70.0,101.0478,118.0,809.0,1.0,1,1,0.004501679355298477,True,Kolasib_Diakkawn_D (Mizoram),Silchar_Sirikona_H (Assam),IND796081AAA → IND788026AAC,0.18873540889177665
IND781018AAB,IND785612AAB,2,2,2.5527245603015074,1.0,497.0,195.5,267.7325,603.0,261.5,0.7071067811865475,2,2,0.023004344502076113,True,Guwahati_Hub (Assam),Bokakhat_MlnprDPP_D (Assam),IND781018AAB → IND785612AAB,0.18872195171413242
IND610001AAA,IND605010AAB,10,10,2.1219512195121952,1.0,261.0,123.0,149.45915000000002,1368.0,21.5,0.31622776601683794,10,10,0.0521889606614264,True,Thiruvarur_Bypasrd_D (Tamil Nadu),Pondicherry_Vasanthm_I (Pondicherry),IND610001AAA → IND605010AAB,0.18869078907963782
IND504215AAA,IND505001AAB,15,15,2.017543859649123,1.0,115.0,58.0,65.1652,1029.0,85.0,0.2581988897471611,15,15,0.03925616997120451,True,Luxettipet_ShivaDPP_D (Telangana),Karimnagar_KamnHbRD_I (Telangana),IND504215AAA → IND505001AAB,0.1886424948688664
IND274304AAB,IND274301AAB,13,13,2.235294117647059,1.0,38.0,17.0,24.7949,289.0,31.0,0.2773500981126146,13,13,0.011025299437976777,True,Padrauna_BawliDPPP_D (Uttar Pradesh),Kaptanganj_Subshngr_D (Uttar Pradesh),IND274304AAB → IND274301AAB,0.18860634099847162
IND244001AAA,IND263153AAB,16,16,1.905241935483871,1.0,177.0,92.0,96.79495,1397.0,35.5,0.25,16,16,0.053295305587728575,True,Moradabad_DC (Uttar Pradesh),Rudrapur_UdhamNgr_H (Uttarakhand),IND244001AAA → IND263153AAB,0.1885119149860655
IND160002AAC,IND160102AAC,25,25,1.7272727272727273,1.0,60.0,35.0,37.1548,747.0,152.0,0.2,25,25,0.028497919308542053,True,Chandigarh_Mehmdpur_H (Punjab),Chandigarh_Raiprvlg_L (Chandigarh),IND160002AAC → IND160102AAC,0.1884986775309377
IND611001AAA,IND610001AAA,10,10,2.34375,1.0,38.5,17.0,23.65435,247.0,20.5,0.31622776601683794,10,10,0.009423006786090878,True,Nagapttinm_Sttyapar_D (Tamil Nadu),Thiruvarur_Bypasrd_D (Tamil Nadu),IND611001AAA → IND610001AAA,0.18848354449121535
IND131028AAB,IND247667AAB,15,15,1.8503401360544218,1.0,270.0,145.0,146.9132,1831.0,179.0,0.2581988897471611,15,15,0.06985232965721619,True,Sonipat_Kundli_H (Haryana),Roorkee_IOTCEncl_L (Uttarakhand),IND131028AAB → IND247667AAB,0.1884601837677647
IND845418AAB,IND845438AAA,12,12,2.1607142857142856,1.0,121.0,56.0,72.46549999999999,800.0,51.5,0.2886751345948129,12,12,0.030519860035921872,True,Dhaka_PchpkrRD_D (Bihar),Bettiah_BypassRd_D (Bihar),IND845418AAB → IND845438AAA,0.18839648857634872
IND577598AAB,IND573142AAA,17,17,1.9298245614035088,1.0,110.0,55.0,66.35810000000001,1089.0,19.0,0.24253562503633297,17,17,0.041545159473898655,True,Madikeri_MuthpTmp_D (Karnataka),Ramanathapura_Central_D_2 (Karnataka),IND577598AAB → IND573142AAA,0.1883778816827779
IND382430AAB,IND389001AAA,21,21,1.7083333333333333,1.0,166.0,96.0,136.6553,1503.0,354.0,0.2182178902359924,21,21,0.05733918704248823,True,Ahmedabad_East_H_1 (Gujarat),Godhra_DC (Gujarat),IND382430AAB → IND389001AAA,0.18837308820632917
IND400011AAA,IND400072AAB,12,12,2.2666666666666666,1.0,34.0,15.0,16.3912,266.0,37.5,0.2886751345948129,12,12,0.010147853461944023,True,LowerParel_CP (Maharashtra),Mumbai Hub (Maharashtra),IND400011AAA → IND400072AAB,0.18830925702060147
IND160002AAC,IND147101AAA,9,9,2.2758620689655173,1.0,148.0,58.0,76.6226,728.0,94.0,0.3333333333333333,9,9,0.027773072632688904,True,Chandigarh_Mehmdpur_H (Punjab),Samana_PODPP_D (Punjab),IND160002AAC → IND147101AAA,0.1882974796936569
IND231217AAA,IND231225AAB,7,7,2.44,1.0,61.0,25.0,36.3769,257.0,31.0,0.3779644730092272,7,7,0.009804505036539903,True,Renukoot_Govind_D (Uttar Pradesh),Anpara_Parasi_D (Uttar Pradesh),IND231217AAA → IND231225AAB,0.18829598469119474
IND226004AAA,IND226024AAA,1,1,2.6923076923076925,1.0,35.0,13.0,19.077,22.0,97.0,1.0,1,1,0.0008392961509878516,True,Lucknow_Hub (Uttar Pradesh),Lucknow_Aliganj (Uttar Pradesh),IND226004AAA → IND226024AAA,0.18823658926223585
IND110064AAA,IND110005AAA,2,2,2.6538461538461537,1.0,31.5,12.0,11.3041,39.0,57.5,0.7071067811865475,2,2,0.0014878431767511916,True,Delhi_Mayapuri_PC (Delhi),Delhi_Todapur_DC (Delhi),IND110064AAA → IND110005AAA,0.18821150694349173
IND342902A1B,IND302014AAA,9,9,2.0,1.0,431.0,214.0,262.0766,2072.0,77.0,0.3333333333333333,9,9,0.07904643749303766,True,IND342902A1B,Jaipur_Hub (Rajasthan),IND342902A1B → IND302014AAA,0.18816031058515703
IND271201AAA,IND271210AAA,6,6,2.488157894736842,1.0,48.5,19.0,29.7493,171.0,29.0,0.4082482904638631,6,6,0.0065236200826783,True,Balrampur_PBRDDPP_D (Uttar Pradesh),Tulsipur_Central_DPP_1 (Uttar Pradesh),IND271201AAA → IND271210AAA,0.18815485120972641
IND713205AAB,IND722122AAA,1,1,2.671641791044776,1.0,179.0,67.0,80.4068,112.0,91.0,1.0,1,1,0.004272780405029063,True,Durgapur_Central_I_1 (West Bengal),Bishnupur_StnRdDPP_D (West Bengal),IND713205AAB → IND722122AAA,0.18814233075443734
IND803101AAA,IND805110AAD,9,9,2.3636363636363638,1.0,52.0,22.0,32.274100000000004,275.0,49.0,0.3333333333333333,9,9,0.010491201887348145,True,BiharSarif_Soghra_D (Bihar),Nawada_Central_DPP_2 (Bihar),IND803101AAA → IND805110AAD,0.18814175610026945
IND473226AAA,IND474003AAA,10,10,1.7001561936801635,1.0,490.5,289.0,248.7692,3376.0,44.5,0.31622776601683794,10,10,0.12879380935159032,True,Guna_Raghogrh_D (Madhya Pradesh),Gwalior_HrihrNgr_I (Madhya Pradesh),IND473226AAA → IND474003AAA,0.18811173281960364
IND277211AAA,IND277201AAA,5,5,2.5238095238095237,1.0,53.0,21.0,23.5575,155.0,15.0,0.4472135954999579,5,5,0.005913222881959864,True,Sahatwar_PnchmDPP_D (Uttar Pradesh),Bariya_BgnprDPP_D (Uttar Pradesh),IND277211AAA → IND277201AAA,0.1880787888221766
IND382715AAA,IND382430AAB,18,18,1.893796992481203,1.0,108.0,55.5,67.40395000000001,1052.0,13.5,0.23570226039551587,18,18,0.040133615947237265,True,Kadi_KaranNGR_D (Gujarat),Ahmedabad_East_H_1 (Gujarat),IND382715AAA → IND382430AAB,0.1880227590335118
IND843109AAB,IND842001AAA,2,2,2.65,1.0,26.5,10.0,14.5927,33.0,398.5,0.7071067811865475,2,2,0.0012589442264817772,True,Kanti_Central_DPP_2 (Bihar),Muzaffrpur_Bbganj_I (Bihar),IND843109AAB → IND842001AAA,0.1880151403036102
IND591307AAC,IND580028AAA,4,4,2.446182819064175,1.0,287.5,117.5,132.018,694.0,83.5,0.5,4,4,0.026475978581162227,True,Gokak_Bsavangr_D (Karnataka),Hubli_Adargchi_IP (Karnataka),IND591307AAC → IND580028AAA,0.18797082992847375
IND732138AAA,IND733140AAA,2,2,2.6295319709953855,1.0,103.0,39.0,48.24595000000001,128.0,1.5,0.7071067811865475,2,2,0.0048831776057475,True,Bamangola_Central_D_1 (West Bengal),Gangarampr_FulbaDPP_D (West Bengal),IND732138AAA → IND733140AAA,0.18796785987133893
IND767017AAA,IND767001AAA,1,1,2.6774193548387095,1.0,83.0,31.0,48.3972,52.0,43.0,1.0,1,1,0.0019837909023349217,True,Sonepur_BrezeDPP_D (Orissa),Balangir_Rjndpara_D (Orissa),IND767017AAA → IND767001AAA,0.18789483642587732
IND313001AAB,IND312001AAA,13,13,2.051282051282051,1.0,164.0,78.0,108.7835,1087.0,442.0,0.2773500981126146,13,13,0.04146885982380885,True,Udaipur_Mangri_I (Rajasthan),Chittaurgarh_DC (Rajasthan),IND313001AAB → IND312001AAA,0.18774054052025418
IND431708AAA,IND431514AAA,16,16,2.0701970443349755,1.0,59.0,28.0,41.4229,481.0,12.5,0.25,16,16,0.018350065846598027,True,Loha_SivjiCWK_D (Maharashtra),Gangakher_Busstand_D (Maharashtra),IND431708AAA → IND431514AAA,0.18771090982165908
IND331022A1B,IND331001A1C,1,1,2.6666666666666665,1.0,128.0,48.0,60.9205,80.0,0.0,1.0,1,1,0.0030519860035921878,True,IND331022A1B,IND331001A1C,IND331022A1B → IND331001A1C,0.18769779746190418
IND442101AAB,IND445001AAB,12,12,2.1921921921921923,1.0,80.0,36.0,51.1511,555.0,17.5,0.2886751345948129,12,12,0.0211731528999208,True,Deoli_Central_DPP_2 (Maharashtra),Yavatmal_JajuDPP_D (Maharashtra),IND442101AAB → IND445001AAB,0.18769181642815153
IND742102AAB,IND742303AAB,12,12,2.2264957264957266,1.0,58.0,27.0,38.168000000000006,382.0,62.5,0.2886751345948129,12,12,0.014573233167152694,True,Berhampore_Central_I_2 (West Bengal),Domkal_Central_D_2 (West Bengal),IND742102AAB → IND742303AAB,0.18766270790269673
IND756019AAA,IND757001AAA,1,1,2.6666666666666665,1.0,120.0,45.0,65.53,75.0,54.0,1.0,1,1,0.002861236878367676,True,Balasore_Ganeshwr_D (Orissa),Baripada_KalikDPP_D (Orissa),IND756019AAA → IND757001AAA,0.18765849546536273
IND205135AAA,IND283203AAA,13,13,2.2,1.0,38.0,18.0,22.3905,337.0,28.0,0.2773500981126146,13,13,0.012856491040132091,True,Shikohabad_Katrmira_D (Uttar Pradesh),Firozabad_Sudmpuri_D (Uttar Pradesh),IND205135AAA → IND283203AAA,0.18761447180827134
IND560099AAB,IND560077AAA,1,1,2.657142857142857,1.0,186.0,70.0,75.02050000000001,116.0,236.0,1.0,1,1,0.004425379705208672,True,Bengaluru_Bomsndra_HB (Karnataka),Bengaluru_ Kothanur_L (Karnataka),IND560099AAB → IND560077AAA,0.1876113137089236
IND760003AAB,IND754022AAA,1,1,2.6538461538461537,1.0,207.0,78.0,103.1812,129.0,263.0,1.0,1,1,0.004921327430792402,True,Berhampur_Khajuria_I (Orissa),Tangi_SriDPP_D (Orissa),IND760003AAB → IND754022AAA,0.18758560954790404
IND585104AAA,IND585330AAE,20,20,1.880952380952381,1.0,77.5,41.5,59.7664,714.0,143.5,0.22360679774997896,20,20,0.027238975082060274,True,Gulbarga_Nehrugnj_I (Karnataka),Humnabad_EBroad_D (Karnataka),IND585104AAA → IND585330AAE,0.18753432839018763
IND585104AAA,IND585211AAA,17,17,2.0,1.0,73.0,36.0,47.459300000000006,623.0,35.0,0.24253562503633297,17,17,0.02376734100297416,True,Gulbarga_Nehrugnj_I (Karnataka),Chittapur_GlbrgaRD_D (Karnataka),IND585104AAA → IND585211AAA,0.18743725865411892
IND842003AAB,IND480886AAA,8,8,2.292307692307692,1.0,149.0,65.5,94.39760000000001,707.0,61.5,0.35355339059327373,8,8,0.026971926306745955,True,Jabalpur_Adhartal_IP (Madhya Pradesh),Lakhnadon_Central_DPP_1 (Madhya Pradesh),IND842003AAB → IND480886AAA,0.18743705474243397
IND110043AAA,IND110078AAA,33,33,1.6842105263157894,0.9090909090909091,36.0,22.0,19.243000000000002,622.0,35.0,0.17407765595569785,30,30,0.02372919117792926,True,Delhi_Nangli_IP (Delhi),Janakpuri (Delhi),IND110043AAA → IND110078AAA,0.18742136877672674
IND173220AAA,IND174103AAA,2,2,2.628571428571429,1.0,49.0,18.0,21.279449999999997,62.0,24.0,0.7071067811865475,2,2,0.0023652891527839452,True,Parwanoo_Central_D_1 (Himachal Pradesh),Baddi_ByePass_D (Himachal Pradesh),IND173220AAA → IND174103AAA,0.18741181109537314
IND174101AAB,IND134102AAA,1,1,2.6666666666666665,1.0,56.0,21.0,30.2665,35.0,16.0,1.0,1,1,0.001335243876571582,True,Nalagarh_Central_DPP_2 (Himachal Pradesh),Kalka_Pinjore_DC (Haryana),IND174101AAB → IND134102AAA,0.18734407949303133
IND462022AAA,IND842003AAB,8,8,1.9884205808046507,1.0,539.0,272.5,328.51845000000003,2188.0,238.0,0.35355339059327373,8,8,0.08347181719824633,True,Bhopal_Trnsport_H (Madhya Pradesh),Jabalpur_Adhartal_IP (Madhya Pradesh),IND462022AAA → IND842003AAB,0.1872895819648686
IND431514AAA,IND431515AAA,16,16,2.072619047619048,1.0,43.5,21.0,30.58895,409.0,22.5,0.25,16,16,0.015603278443365058,True,Gangakher_Busstand_D (Maharashtra),Parli_JirgeNgr_D (Maharashtra),IND431514AAA → IND431515AAA,0.18723891809541365
IND421302AAG,IND400078AAB,1,1,2.6666666666666665,1.0,32.0,12.0,16.2015,20.0,58.0,1.0,1,1,0.0007629965008980469,True,Bhiwandi_Mankoli_HB (Maharashtra),Mumbai_Bhandup West_Dc (Maharashtra),IND421302AAG → IND400078AAB,0.1872261735034071
IND741101AAB,IND741502AAB,1,1,2.6666666666666665,1.0,32.0,12.0,16.773400000000002,20.0,24.0,1.0,1,1,0.0007629965008980469,True,Krishnanagar_AnadiDPP_D (West Bengal),Hanskhali_Central_D_1 (West Bengal),IND741101AAB → IND741502AAB,0.1872261735034071
IND305601AAC,IND305001AAC,18,18,1.9575163398692812,1.0,67.5,34.0,38.70575,624.0,20.0,0.23570226039551587,18,18,0.023805490828019065,True,Nasirabad_Central_DPP_2 (Rajasthan),Ajmer_FoySGRRD_I (Rajasthan),IND305601AAC → IND305001AAC,0.1871303793644482
IND136027AAA,IND132039AAA,21,21,1.8235294117647058,1.0,62.0,34.0,39.4004,765.0,70.0,0.2182178902359924,21,21,0.02918461615935029,True,Kaithal_DC (Haryana),Assandh_MhrjaDPP_D (Haryana),IND136027AAA → IND132039AAA,0.18704092690423887
IND583227AAA,IND583201AAA,1,1,2.6551724137931036,1.0,77.0,29.0,28.5831,48.0,29.0,1.0,1,1,0.0018311916021553126,True,Gangavathi_PhrmPlza_D (Karnataka),Hospet (Karnataka),IND583227AAA → IND583201AAA,0.18700036694325428
IND210431AAA,IND209304AAA,5,5,2.3211009174311927,1.0,263.0,110.0,143.41160000000002,1018.0,306.0,0.4472135954999579,5,5,0.03883652189571059,True,Rath_Mughlpra_D (Uttar Pradesh),Kanpur_Central_H_6 (Uttar Pradesh),IND210431AAA → IND209304AAA,0.186998617488136
IND846004AAA,IND847103AAA,21,21,1.8333333333333333,1.0,43.0,23.0,26.1799,708.0,72.0,0.2182178902359924,21,21,0.027010076131790857,True,Darbhanga (Bihar),Benipur_Javahar_D (Bihar),IND846004AAA → IND847103AAA,0.18697320868727715
IND805110AAD,IND803116AAA,9,9,2.3333333333333335,1.0,49.0,21.0,24.829,267.0,32.0,0.3333333333333333,9,9,0.010186003286988925,True,Nawada_Central_DPP_2 (Bihar),Rajgir_PnditNGR_D (Bihar),IND805110AAD → IND803116AAA,0.1869033243164615
IND585330AAE,IND585401AAA,21,21,1.8484848484848484,1.0,62.0,34.0,48.5049,622.0,41.0,0.2182178902359924,21,21,0.02372919117792926,True,Humnabad_EBroad_D (Karnataka),Bidar (Karnataka),IND585330AAE → IND585401AAA,0.18688498864143552
IND742102AAB,IND742121AAB,1,1,2.613793103448276,1.0,379.0,145.0,176.9175,234.0,75.0,1.0,1,1,0.008927059060507149,True,Berhampore_Central_I_2 (West Bengal),Nowda_ArhamDPP_D (West Bengal),IND742102AAB → IND742121AAB,0.18685716934777008
IND605601AAA,IND607106AAA,14,14,2.1406926406926408,1.0,46.0,21.5,26.5515,354.0,29.0,0.2672612419124244,14,14,0.013505038065895428,True,Villupuram_Thirumtr_IP (Tamil Nadu),Panruti_GandhiRd_D (Tamil Nadu),IND605601AAA → IND607106AAA,0.18678071540499103
IND742102AAB,IND712311AAA,4,4,2.329411764705882,1.0,415.0,171.5,244.10555,1107.0,233.0,0.5,4,4,0.0422318563247069,True,Berhampore_Central_I_2 (West Bengal),Kolkata_Dankuni_HB (West Bengal),IND742102AAB → IND712311AAA,0.18668726325130988
IND732103AAB,IND733128AAA,6,6,2.41384778012685,1.0,105.0,43.0,62.049350000000004,348.0,39.5,0.4082482904638631,6,6,0.013276139115626015,True,Malda_Central_I_3 (West Bengal),Itahar_NatunDPP_D (West Bengal),IND732103AAB → IND733128AAA,0.18666342192397414
IND712311AAA,IND834002AAB,13,13,1.4916067146282974,1.0,655.0,417.0,583.2098,3708.0,161.0,0.2773500981126146,13,13,0.1414595512664979,True,Kolkata_Dankuni_HB (West Bengal),Ranchi_Hub (Jharkhand),IND712311AAA → IND834002AAB,0.1866311038750111
IND854105AAB,IND851204AAA,4,4,2.4402173913043477,1.0,226.0,92.5,135.06754999999998,545.0,31.0,0.5,4,4,0.020791654649471778,True,Katihar_Central_D_2 (Bihar),Khagaria_GodamDPP_D (Bihar),IND854105AAB → IND851204AAA,0.1865682129753391
IND124507AAA,IND131028AAB,9,9,2.26,1.0,104.0,47.0,44.8627,585.0,21.0,0.3333333333333333,9,9,0.022317647651267872,True,Bahadurgarh_DC (Haryana),Sonipat_Kundli_H (Haryana),IND124507AAA → IND131028AAB,0.1865581037102892
IND583201AAA,IND583227AAA,16,16,2.033333333333333,1.0,61.0,29.0,32.37545,514.0,16.5,0.25,16,16,0.019609010073079806,True,Hospet (Karnataka),Gangavathi_PhrmPlza_D (Karnataka),IND583201AAA → IND583227AAA,0.18654024524445842
IND486886AAA,IND486889AAA,7,7,2.4,1.0,48.0,20.0,24.7239,229.0,38.0,0.3779644730092272,7,7,0.008736309935282637,True,Singrauli_Waidhan_D (Madhya Pradesh),Singrauli_Ward8DPP_D (Madhya Pradesh),IND486886AAA → IND486889AAA,0.18652416937263172
IND425412AAA,IND425409AAA,10,10,2.268075639599555,1.0,68.0,29.5,39.0686,363.0,7.0,0.31622776601683794,10,10,0.01384838649129955,True,Nandurbar_DhuleRd_D (Maharashtra),Shahada_Nandrbar_D (Maharashtra),IND425412AAA → IND425409AAA,0.1864597075195798
IND712406AAA,IND712612AAA,1,1,2.6363636363636362,1.0,116.0,44.0,43.541,72.0,4.0,1.0,1,1,0.002746787403232969,True,Khanakul_Ramnagar_D (West Bengal),Kamarpukur_ChatiDPP_D (West Bengal),IND712406AAA → IND712612AAA,0.1864593656780962
IND784125AAA,IND784110AAA,3,3,2.5306122448979593,1.0,124.0,49.0,71.3042,236.0,38.0,0.5773502691896258,3,3,0.009003358710596954,True,Mangaldoi_LNBRoad_D (Assam),Dhekiajuli_Wardno5_D (Assam),IND784125AAA → IND784110AAA,0.18631271316239448
IND563131AAB,IND563116AAA,16,16,2.060457516339869,1.0,35.0,17.5,18.0112,349.0,29.5,0.25,16,16,0.013314288940670918,True,Bangarapet_KolarRd_D (Karnataka),Bethamangala_FshryOFC_D (Karnataka),IND563131AAB → IND563116AAA,0.18629551059591393
IND121004AAB,IND121004AAA,23,23,1.8333333333333333,1.0,22.0,12.0,16.5445,269.0,39.0,0.20851441405707477,23,23,0.010262302937078732,True,FBD_Balabhgarh_DPC (Haryana),Faridabad_Blbgarh_DC (Haryana),IND121004AAB → IND121004AAA,0.18618916005760677
IND751002AAB,IND760003AAB,12,12,1.88778073286052,1.0,272.0,145.0,189.69715,1862.0,133.0,0.2886751345948129,12,12,0.07103497423360818,True,Bhubaneshwar_Hub (Orissa),Berhampur_Khajuria_I (Orissa),IND751002AAB → IND760003AAB,0.18615629309138568
IND462022AAA,IND465669AAB,10,10,2.17311171415649,1.0,144.5,66.5,97.11580000000001,781.0,59.5,0.31622776601683794,10,10,0.029795013360068734,True,Bhopal_Trnsport_H (Madhya Pradesh),Narsinghgarh_Central_D_1 (Madhya Pradesh),IND462022AAA → IND465669AAB,0.18606140904687568
IND781014AAA,IND781124AAA,8,8,2.346320346320346,1.0,47.0,21.0,32.8634,261.0,30.0,0.35355339059327373,8,8,0.009957104336719511,True,Guwahati_Jalukbari (Assam),Chhaygaon_GwhRDDPP_D (Assam),IND781014AAA → IND781124AAA,0.18602663512556772
IND574211AAA,IND574202AAA,5,5,2.473684210526316,1.0,47.0,18.0,25.9723,141.0,5.0,0.4472135954999579,5,5,0.00537912533133123,True,Bantwal_Trmltmpl_D (Karnataka),Puttur_Darbe_DC (Karnataka),IND574211AAA → IND574202AAA,0.1860242267682879
IND425409AAA,IND425406AAA,9,9,2.2777777777777777,1.0,78.0,35.0,50.2143,422.0,9.0,0.3333333333333333,9,9,0.01609922616894879,True,Shahada_Nandrbar_D (Maharashtra),Shindkheda_KakaCplx_D (Maharashtra),IND425409AAA → IND425406AAA,0.18596651379545254
IND532001AAB,IND532201AAA,1,1,2.625,1.0,105.0,40.0,57.6639,65.0,30.0,1.0,1,1,0.0024797386279186524,True,Srikakulam_Kuslpram_I (Andhra Pradesh),Tekkali_AmvdiDPP_D (Andhra Pradesh),IND532001AAB → IND532201AAA,0.18596351216193507
IND302014AAA,IND301001AAB,21,21,1.6131386861313868,1.0,221.0,139.0,164.4709,1665.0,78.0,0.2182178902359924,21,21,0.0635194586997624,True,Jaipur_Hub (Rajasthan),Alwar_Central_I_1 (Rajasthan),IND302014AAA → IND301001AAB,0.18595357709764407
IND110083AAA,IND110085AAB,1,1,2.6315789473684212,1.0,50.0,19.0,15.975000000000001,31.0,102.0,1.0,1,1,0.0011826445763919726,True,Delhi_Mangol_DC (Delhi),Delhi_Rohini_DPC (Delhi),IND110083AAA → IND110085AAB,0.18595147637129733
IND305001AAC,IND305901AAA,17,17,1.8604651162790697,1.0,87.0,49.0,62.40990000000001,1122.0,99.0,0.24253562503633297,17,17,0.04280410370038043,True,Ajmer_FoySGRRD_I (Rajasthan),Beawar_DC (Rajasthan),IND305001AAC → IND305901AAA,0.1859466067301239
IND673592AAA,IND562132AAA,12,12,1.7479189908178152,1.0,464.5,264.5,269.41255,2520.0,67.0,0.2886751345948129,12,12,0.09613755911315391,True,SultnBthry_Kollgpra_D (Kerala),Bangalore_Nelmngla_H (Karnataka),IND673592AAA → IND562132AAA,0.1859027648087184
IND500039AAC,IND508116AAA,13,13,2.129032258064516,1.0,65.0,29.0,38.620400000000004,469.0,19.0,0.2773500981126146,13,13,0.0178922679460592,True,Hyderabad_Uppal_I (Telangana),Bhuvanagiri_HBColny_D (Telangana),IND500039AAC → IND508116AAA,0.18589898556257112
IND484661AAE,IND484001AAA,2,2,2.5731225296442686,1.0,115.5,45.0,65.6058,141.0,3.0,0.7071067811865475,2,2,0.00537912533133123,True,Umaria_Central_DPP_3 (Madhya Pradesh),Shahdol_Sohagpur_D (Madhya Pradesh),IND484661AAE → IND484001AAA,0.18588174776855332
IND629179AAA,IND627005AAA,11,11,2.0434782608695654,1.0,196.0,95.0,110.5451,1226.0,32.0,0.30151134457776363,11,11,0.04677168550505027,True,Marthandam_Nallur_D (Tamil Nadu),Tirunelveli_VdkkuSrt_I (Tamil Nadu),IND629179AAA → IND627005AAA,0.1858637361086789
IND441614AAA,IND481001AAA,9,9,2.2962962962962963,1.0,62.0,27.0,38.998599999999996,305.0,26.0,0.3333333333333333,9,9,0.011635696638695214,True,Gondia_RamNgr_D (Maharashtra),Balaghat_Kosmi_D (Madhya Pradesh),IND441614AAA → IND481001AAA,0.18576523788098093
IND495004AAA,IND495671AAA,1,1,2.619047619047619,1.0,110.0,42.0,61.5664,68.0,5.0,1.0,1,1,0.0025941881030533596,True,Bilaspur_Torwa_DC (Chhattisgarh),Champa_Brplicwk_D (Chhattisgarh),IND495004AAA → IND495671AAA,0.18575618202981067
IND431603AAA,IND431708AAA,15,15,2.0454545454545454,1.0,47.0,23.0,32.403800000000004,521.0,65.0,0.2581988897471611,15,15,0.01987605884839412,True,Nanded_Aswningr_I (Maharashtra),Loha_SivjiCWK_D (Maharashtra),IND431603AAA → IND431708AAA,0.18573215414201977
IND483770AAA,IND842003AAB,2,2,2.5337014470677834,1.0,260.0,102.5,131.9389,315.0,367.5,0.7071067811865475,2,2,0.01201719488914424,True,Barhi_Central_DPP_1 (Madhya Pradesh),Jabalpur_Adhartal_IP (Madhya Pradesh),IND483770AAA → IND842003AAB,0.18572019111376226
IND421302AAG,IND401104AAB,10,10,2.2596153846153846,1.0,60.0,25.0,28.80205,304.0,216.0,0.31622776601683794,10,10,0.011597546813650312,True,Bhiwandi_Mankoli_HB (Maharashtra),Mumbai_MiraRoad_M (Maharashtra),IND421302AAG → IND401104AAB,0.18566774441359127
IND742101AAC,IND742202AAA,1,1,2.610169491525424,1.0,154.0,59.0,83.8167,95.0,136.0,1.0,1,1,0.0036242333792657227,True,Baharampur_Chuanpur_I (West Bengal),Dhulian_RatanDPP_D (West Bengal),IND742101AAC → IND742202AAA,0.18562400269173884
IND785682AAA,IND786001AAB,10,10,2.16794674859191,1.0,135.5,62.0,88.278,743.0,44.5,0.31622776601683794,10,10,0.02834532000836244,True,Sivasagar_Babupaty_D (Assam),Dibrugarh_Bokule_H (Assam),IND785682AAA → IND786001AAB,0.18556234882970732
IND673121AAA,IND670645AAB,8,8,2.3166666666666664,1.0,69.5,30.0,30.5652,345.0,15.5,0.35355339059327373,8,8,0.013161689640491308,True,Kalpetta_Ward19_D (Kerala),Mananthavady_Central_D_1 (Kerala),IND673121AAA → IND670645AAB,0.18553655040503642
IND574216AAA,IND575004AAB,5,5,2.422222222222222,1.0,109.0,45.0,66.5634,331.0,18.0,0.4472135954999579,5,5,0.012627592089862676,True,Dhrmsthala_Beltngdi_D (Karnataka),Mangalore_Kuntikna_H (Karnataka),IND574216AAA → IND575004AAB,0.18552133240092733
IND122503AAA,IND122001AAA,2,2,2.5622783687943262,1.0,121.5,47.5,42.9232,148.0,104.5,0.7071067811865475,2,2,0.005646174106645547,True,Pataudi_DC (Haryana),GGN_DPC (Haryana),IND122503AAA → IND122001AAA,0.18551609191004975
IND501359AAE,IND506002AAA,16,16,1.7794526257293692,1.0,216.0,120.0,174.37335000000002,1636.0,427.5,0.25,16,16,0.06241311377346023,True,Hyderabad_Shamshbd_H (Telangana),Warangal_HunterRd_I (Telangana),IND501359AAE → IND506002AAA,0.185510792714752
IND506002AAA,IND506143AAA,17,17,2.0,1.0,42.0,21.0,29.544,370.0,232.0,0.24253562503633297,17,17,0.014115435266613867,True,Warangal_HunterRd_I (Telangana),Ghanpur_Palakrty_D (Telangana),IND506002AAA → IND506143AAA,0.18544857762912287
IND768004AAD,IND768028AAB,1,1,2.6129032258064515,1.0,81.0,31.0,44.0923,50.0,467.0,1.0,1,1,0.001907491252245117,True,Sambalpur_Central_H_2 (Orissa),Bargarh_GurpdDPP_D (Orissa),IND768004AAD → IND768028AAB,0.18537633475963006
IND507002AAA,IND508206AAA,12,12,2.1311827956989244,1.0,65.0,30.0,38.6569,560.0,47.0,0.2886751345948129,12,12,0.021363902025145314,True,Khammam_NSTRoad_I (Telangana),Kodad_VidyaNgr_D (Telangana),IND507002AAA → IND508206AAA,0.18536437459521274
IND723130AAA,IND723101AAA,15,15,2.0476190476190474,1.0,43.0,21.0,30.532,463.0,27.0,0.2581988897471611,15,15,0.017663368995789786,True,Hura_Central_D_1 (West Bengal),Purulia_GariDPP_D (West Bengal),IND723130AAA → IND723101AAA,0.1853602187385208
IND485001AAC,IND471001AAA,8,8,2.1881188118811883,1.0,221.0,101.0,144.1115,955.0,416.0,0.35355339059327373,8,8,0.03643308291788174,True,Satna_Central_I_2 (Madhya Pradesh),Chhatarpur_Busstand_D (Madhya Pradesh),IND485001AAC → IND471001AAA,0.18534462375434319
IND607801AAA,IND606003AAA,15,15,2.217391304347826,0.9333333333333333,50.0,22.0,32.3989,464.0,17.0,0.2581988897471611,14,14,0.017701518820834688,True,Neyveli_NJVNgr_D (Tamil Nadu),Virudhchlm_SelamRd_D (Tamil Nadu),IND607801AAA → IND606003AAA,0.18528740518908915
IND786171AAA,IND786181AAC,11,11,2.25,1.0,18.0,8.0,13.2898,132.0,16.0,0.30151134457776363,11,11,0.005035776905927109,True,Digboi_JyotiNgr_D (Assam),Margherita_CivilHPL_D (Assam),IND786171AAA → IND786181AAC,0.18527607845582006
IND205001AAB,IND205135AAA,8,8,2.2027027027027026,1.0,81.5,39.0,43.50965,865.0,217.5,0.35355339059327373,8,8,0.03299959866384053,True,Mainpuri_Agraroad_I (Uttar Pradesh),Shikohabad_Katrmira_D (Uttar Pradesh),IND205001AAB → IND205135AAA,0.1852029422019149
IND244713AAA,IND263401AAA,16,16,2.0217391304347827,1.0,45.5,22.0,24.23255,396.0,35.0,0.25,16,16,0.01510733071778133,True,Kashipur_Vaishali_D (Uttarakhand),Kashipur_BajprDPP_D (Uttarakhand),IND244713AAA → IND263401AAA,0.18516294301363703
IND788151AAA,IND788806AAA,1,1,2.611111111111111,1.0,47.0,18.0,25.9829,29.0,25.0,1.0,1,1,0.001106344926302168,True,Hailakandi_kalibari_D (Assam),Badarpur_Konapara_D (Assam),IND788151AAA → IND788806AAA,0.18514174468338856
IND844101AAB,IND841207AAB,1,1,2.611111111111111,1.0,47.0,18.0,23.8946,29.0,32.0,1.0,1,1,0.001106344926302168,True,Hajipur_ThaneDPP_D (Bihar),Dighwara_SadarHPL_D (Bihar),IND844101AAB → IND841207AAB,0.18514174468338856
IND754211AAA,IND754202AAA,1,1,2.606060606060606,1.0,86.0,33.0,36.1261,53.0,6.0,1.0,1,1,0.002021940727379824,True,Kendrpara_Kapleswr_D (Orissa),Cuttack_SliprDPP_DC (Orissa),IND754211AAA → IND754202AAA,0.1851344695018971
IND401209AAB,IND421302AAG,1,1,2.606060606060606,1.0,86.0,33.0,36.464,53.0,108.0,1.0,1,1,0.002021940727379824,True,Mumbai_Vasai_CP (Maharashtra),Bhiwandi_Mankoli_HB (Maharashtra),IND401209AAB → IND421302AAG,0.1851344695018971
IND515761AAA,IND515004AAA,19,19,1.8235294117647058,1.0,94.0,52.0,57.668,860.0,48.0,0.22941573387056174,19,19,0.032808849538616014,True,Kalyandurg_Shankrpa_D (Andhra Pradesh),Anantapur_KamaStrt_I (Andhra Pradesh),IND515761AAA → IND515004AAA,0.18512099817185926
IND395023AAA,IND421302AAG,3,3,2.375,1.0,494.0,208.0,271.9659,844.0,167.0,0.5773502691896258,3,3,0.03219845233789758,True,Surat_HUB (Gujarat),Bhiwandi_Mankoli_HB (Maharashtra),IND395023AAA → IND421302AAG,0.18505515402768669
IND506132AAA,IND122001AAJ,19,19,1.878787878787879,1.0,65.0,34.0,48.4109,576.0,10.0,0.22941573387056174,19,19,0.02197429922586375,True,Khanpur_Nrsampt_D (Telangana),Mahbubabad_Yellanda_D (Telangana),IND506132AAA → IND122001AAJ,0.18503229219592948
IND575004AAB,IND574117AAA,5,5,2.4285714285714284,1.0,69.0,29.0,33.899,227.0,434.0,0.4472135954999579,5,5,0.008660010285192832,True,Mangalore_Kuntikna_H (Karnataka),Uchila_Busstand_D (Karnataka),IND575004AAB → IND574117AAA,0.18495015629158496
IND608301AAA,IND639104AAB,16,16,1.7863247863247862,1.0,209.0,116.0,148.47055,1527.0,17.5,0.25,16,16,0.05825478284356588,True,Lalpet_PriyrNGR_D (Tamil Nadu),Kulithalai_AnnaNGR_D (Tamil Nadu),IND608301AAA → IND639104AAB,0.1849206016270401
IND686513AAA,IND686540AAA,8,8,2.2941176470588234,1.0,78.0,34.0,39.8562,375.0,16.0,0.35355339059327373,8,8,0.014306184391838379,True,Mundakayam_Central_D_1 (Kerala),Karukachal_MnimlaRd_D (Kerala),IND686513AAA → IND686540AAA,0.1848976159339807
IND000000AEL,IND000000ACB,17,17,1.8793103448275863,0.9411764705882353,108.0,57.0,63.230000000000004,1643.0,152.0,0.24253562503633297,16,16,0.06268016254877455,True,Delhi_PunjabiB_L (Delhi),Gurgaon_Bilaspur_HB (Haryana),IND000000AEL → IND000000ACB,0.18489058672915284
IND811213AAA,IND811201AAB,1,1,2.6,1.0,65.0,25.0,34.1936,40.0,31.0,1.0,1,1,0.0015259930017960939,True,KharagpurBR_Central_DPP_1 (Bihar),Munger_Kaura_D (Bihar),IND811213AAA → IND811201AAB,0.18479717459302106
IND413002AAA,IND501359AAE,17,17,1.4384384384384385,1.0,476.0,334.0,399.117,3058.0,69.0,0.24253562503633297,17,17,0.11666216498731137,True,Solapur_Central_I_2 (Maharashtra),Hyderabad_Shamshbd_H (Telangana),IND413002AAA → IND501359AAE,0.18479261521955961
IND602001AAB,IND609001AAA,11,11,2.185185185185185,1.0,62.0,27.0,36.4525,386.0,12.0,0.30151134457776363,11,11,0.014725832467332304,True,Kumbakonam_Mettu_DC (Tamil Nadu),Mylduthuri_Thiruviz_D (Tamil Nadu),IND602001AAB → IND609001AAA,0.18475825206403243
IND110044AAB,IND110030AAD,30,30,1.6214285714285714,0.9666666666666667,24.0,15.0,15.3918,367.0,51.0,0.18257418583505536,29,29,0.01400098579147916,True,Del_Okhla_PC (Delhi),Delhi_Kishangarh_DPC (Delhi),IND110044AAB → IND110030AAD,0.184739035840065
IND500008AAC,IND500084AAB,1,1,2.6,1.0,52.0,20.0,13.880099999999999,32.0,74.0,1.0,1,1,0.001220794401436875,True,Hyderabad_Tolichwk_I (Telangana),Hyderabad_Kondapur_D (Telangana),IND500008AAC → IND500084AAB,0.1847342913985548
IND458990AAA,IND312605AAB,10,10,2.1613275613275613,1.0,127.0,56.0,61.845949999999995,668.0,255.5,0.31622776601683794,10,10,0.025484083129994766,True,Sitamau_Central_DPP_1 (Madhya Pradesh),Pratapgarh_Nimachrd_D (Rajasthan),IND458990AAA → IND312605AAB,0.18471604006529657
IND784001AAA,IND791111AAC,3,3,2.4358974358974357,1.0,285.0,118.0,167.8739,500.0,64.0,0.5773502691896258,3,3,0.019074912522451172,True,Tezpur_Mhbhirab_D (Assam),Itanagar_WageDPP_D (Arunachal Pradesh),IND784001AAA → IND791111AAC,0.18471357719614068
IND140301AAA,IND140901AAA,19,19,1.9285714285714286,1.0,28.0,14.0,15.406300000000002,282.0,20.0,0.22941573387056174,19,19,0.01075825066266246,True,Chandigarh_Kharar_DC (Chandigarh),Chandigarh_Mullanpr_DC (Chandigarh),IND140301AAA → IND140901AAA,0.18465259319606936
IND263153AAB,IND263139AAA,7,7,2.317073170731707,1.0,95.0,40.0,35.443400000000004,396.0,95.0,0.3779644730092272,7,7,0.01510733071778133,True,Rudrapur_UdhamNgr_H (Uttarakhand),Haldwani_PiliKoti_D (Uttarakhand),IND263153AAB → IND263139AAA,0.1846198669906729
IND160002AAC,IND421302AAG,1,1,2.274586939417781,1.0,2891.0,1271.0,1679.658,1620.0,406.0,1.0,1,1,0.06180271657274179,True,Chandigarh_Mehmdpur_H (Punjab),Bhiwandi_Mankoli_HB (Maharashtra),IND160002AAC → IND421302AAG,0.18459282297752505
IND793001AAA,IND781018AAB,1,1,2.546511627906977,1.0,438.0,172.0,233.6472,266.0,17.0,1.0,1,1,0.010147853461944023,True,Shillong (Meghalaya),Guwahati_Hub (Assam),IND793001AAA → IND781018AAB,0.1844986448848089
IND125001AAA,IND125051AAA,1,1,2.573170731707317,1.0,211.0,82.0,99.3422,129.0,93.0,1.0,1,1,0.004921327430792402,True,Hisar_ModelTwn_P (Haryana),Ratia_SchdvDPP_D (Haryana),IND125001AAA → IND125051AAA,0.18445595955113883
IND444005AAB,IND443301AAA,5,5,2.35,1.0,188.0,80.0,111.6481,544.0,163.0,0.4472135954999579,5,5,0.020753504824426876,True,Akola_Gaurkshn_I (Maharashtra),Mehkar_SagarDPP_D (Maharashtra),IND444005AAB → IND443301AAA,0.18439387331566098
IND733128AAA,IND733129AAB,2,2,2.5345849802371543,1.0,114.0,45.0,53.34545,138.0,10.5,0.7071067811865475,2,2,0.005264675856196523,True,Itahar_NatunDPP_D (West Bengal),Kaliyaganj_Central_DPP_1 (West Bengal),IND733128AAA → IND733129AAB,0.1843631754298352
IND302014AAA,IND303702AAB,9,9,2.2222222222222223,1.0,84.0,38.0,51.704899999999995,490.0,158.0,0.3333333333333333,9,9,0.01869341427200215,True,Jaipur_Hub (Rajasthan),Chomu_ShsmlDPP_D (Rajasthan),IND302014AAA → IND303702AAB,0.18434584853462282
IND785001AAA,IND785682AAA,11,11,2.125,1.0,85.0,45.0,62.630700000000004,629.0,38.0,0.30151134457776363,11,11,0.023996239953243573,True,Jorhat_RicMilRd_D (Assam),Sivasagar_Babupaty_D (Assam),IND785001AAA → IND785682AAA,0.18433355898100315
IND826001AAC,IND828111AAA,2,2,2.5555555555555554,1.0,23.0,9.0,10.5381,28.0,46.0,0.7071067811865475,2,2,0.0010681951012572657,True,Dhanbad_Central_D_4 (Jharkhand),Dhanbad_Jharia_DC (Jharkhand),IND826001AAC → IND828111AAA,0.1843120452036205
IND768004AAD,IND768028AAA,2,2,2.5388888888888888,1.0,90.0,35.5,49.03885,109.0,108.5,0.7071067811865475,2,2,0.004158330929894356,True,Sambalpur_Central_H_2 (Orissa),Bargarh_JJCpxDPP_D (Orissa),IND768004AAD → IND768028AAA,0.18430218582345365
IND176048AAA,IND175015AAA,11,11,2.0434782608695654,1.0,188.0,93.0,78.92769999999999,1027.0,5.0,0.30151134457776363,11,11,0.03917987032111471,True,Jahu_Sulgwan_D (Himachal Pradesh),JognderNgr_Dhelu_D (Himachal Pradesh),IND176048AAA → IND175015AAA,0.1842995166463302
IND125047AAB,IND125051AAA,10,10,2.1565335753176047,1.0,125.0,58.0,69.47885,636.0,17.5,0.31622776601683794,10,10,0.024263288728557892,True,Hisar_AgrohDPP_D (Haryana),Ratia_SchdvDPP_D (Haryana),IND125047AAB → IND125051AAA,0.18427853369221764
IND521301AAA,IND521001AAA,19,19,1.88,1.0,47.0,25.0,36.2957,469.0,19.0,0.22941573387056174,19,19,0.0178922679460592,True,Gudivada_GvrCompx_D (Andhra Pradesh),Machilipatnam_DC (Andhra Pradesh),IND521301AAA → IND521001AAA,0.18423825141351663
IND501359AAE,IND518002AAA,16,16,1.7297794117647058,1.0,245.5,149.5,215.34449999999998,1715.0,160.5,0.25,16,16,0.06542694995200753,True,Hyderabad_Shamshbd_H (Telangana),Kurnool_AbbasNgr_I (Andhra Pradesh),IND501359AAE → IND518002AAA,0.18420478613216695
IND301019AAA,IND123001AAA,2,2,2.5198514344262293,1.0,156.5,62.5,77.59649999999999,188.0,58.0,0.7071067811865475,2,2,0.00717216710844164,True,Bhiwadi DC (Rajasthan),Narnaul_DC (Haryana),IND301019AAA → IND123001AAA,0.18418463542844635
IND341503AAB,IND341510AAB,12,12,2.109375,1.0,68.0,33.0,47.21805,514.0,31.0,0.2886751345948129,12,12,0.019609010073079806,True,Degana_BhukrdPP_D (Rajasthan),Merta_Central_DPP_1 (Rajasthan),IND341503AAB → IND341510AAB,0.1841568041525044
IND144401AAB,IND144001AAB,17,17,2.0,1.0,21.0,10.0,13.0927,198.0,13.0,0.24253562503633297,17,17,0.007553665358890665,True,Phagwara_Lovely_D (Punjab),Jalandhar_DPC (Punjab),IND144401AAB → IND144001AAB,0.18409658894809788
IND396321AAA,IND396580AAB,17,17,1.9393939393939394,1.0,58.0,30.0,42.7449,496.0,21.0,0.24253562503633297,17,17,0.018922313222271562,True,Bilimora_DC (Gujarat),Vansda_CikhliRD_D (Gujarat),IND396321AAA → IND396580AAB,0.18408789076328338
IND574221AAA,IND562132AAA,6,6,2.070494941208641,1.0,553.0,266.5,339.49245,1714.0,20.0,0.4082482904638631,6,6,0.06538880012696262,True,Kadaba_AnugrDPP_D (Karnataka),Bangalore_Nelmngla_H (Karnataka),IND574221AAA → IND562132AAA,0.184081005179678
IND581110AAE,IND581119AAB,16,16,1.9523809523809523,1.0,82.0,41.0,54.0105,595.0,33.0,0.25,16,16,0.022699145901716896,True,Haveri_GuttalRD_D (Karnataka),Ukkadagatri_Tuminkte_D (Karnataka),IND581110AAE → IND581119AAB,0.18403654349975954
IND400072AAB,IND400701AAB,3,3,2.5,1.0,46.0,19.0,22.205,95.0,44.0,0.5773502691896258,3,3,0.0036242333792657227,True,Mumbai Hub (Maharashtra),Mumbai_Pawane_L (Maharashtra),IND400072AAB → IND400701AAB,0.1840168528768158
IND721434AAB,IND721401AAA,2,2,2.520408163265306,1.0,123.5,49.0,49.72765,149.0,21.0,0.7071067811865475,2,2,0.005684323931690449,True,Manglamaro_Bypassrd_D (West Bengal),Contai_Kanakpur_D (West Bengal),IND721434AAB → IND721401AAA,0.18389967709487015
IND521225AAB,IND501359AAE,11,11,1.7704280155642023,1.0,455.0,258.0,322.0149,2323.0,317.0,0.30151134457776363,11,11,0.08862204357930815,True,Vijayawada_Rynapadu_H (Andhra Pradesh),Hyderabad_Shamshbd_H (Telangana),IND521225AAB → IND501359AAE,0.1838941277371593
IND462022AAA,IND462001AAA,3,3,2.5,1.0,30.0,12.0,14.5169,75.0,79.0,0.5773502691896258,3,3,0.002861236878367676,True,Bhopal_Trnsport_H (Madhya Pradesh),Bhopal_Old City (Madhya Pradesh),IND462022AAA → IND462001AAA,0.1838596448906501
IND815301AAA,IND814133AAB,4,4,2.363086770981508,1.0,266.0,111.5,144.8447,579.0,41.0,0.5,4,4,0.02208874870099846,True,Giridih_Shivalya_D (Jharkhand),Godda_Central_D_2 (Jharkhand),IND815301AAA → IND814133AAB,0.18384333041860718
IND380006AAA,IND382430AAB,18,18,1.9444444444444444,1.0,22.0,12.0,15.2137,253.0,20.5,0.23570226039551587,18,18,0.009651905736360293,True,Ahmedabad_Paldi_D (Gujarat),Ahmedabad_East_H_1 (Gujarat),IND380006AAA → IND382430AAB,0.18370707182959378
IND781014AAA,IND781102AAA,4,4,2.4558823529411766,1.0,40.5,16.5,22.766849999999998,100.0,45.5,0.5,4,4,0.003814982504490234,True,Guwahati_Jalukbari (Assam),Hajo_Sardala_D (Assam),IND781014AAA → IND781102AAA,0.18367802776044312
IND305001AAC,IND305802AAA,11,11,2.1538461538461537,1.0,56.0,25.0,29.325400000000002,397.0,263.0,0.30151134457776363,11,11,0.015145480542826231,True,Ajmer_FoySGRRD_I (Rajasthan),Kishangarh_Central_D_2 (Rajasthan),IND305001AAC → IND305802AAA,0.18362897817171978
IND251001AAA,IND247554AAA,12,12,2.128623188405797,1.0,50.0,24.0,25.76455,351.0,45.0,0.2886751345948129,12,12,0.013390588590760723,True,Muzaffrngr_MhmodNgr_D (Uttar Pradesh),Deoband_Ramvlg_D (Uttar Pradesh),IND251001AAA → IND247554AAA,0.18362225602927196
IND302014AAB,IND302004AAA,26,26,2.0,0.8461538461538461,39.0,17.0,19.56355,558.0,26.0,0.19611613513818404,22,22,0.021287602375055507,True,Jaipur_Central_I_7 (Rajasthan),Jaipur_NgrNigam_DC (Rajasthan),IND302014AAB → IND302004AAA,0.18354171731446506
IND281401AAA,IND121004AAB,3,3,2.45,1.0,147.0,62.0,92.9057,274.0,12.0,0.5773502691896258,3,3,0.010453052062303243,True,Chhata_GvrdnDPP_D (Uttar Pradesh),FBD_Balabhgarh_DPC (Haryana),IND281401AAA → IND121004AAB,0.183484209180585
IND209304AAA,IND209801AAA,20,20,2.0603085553997196,0.85,122.5,45.5,50.5432,1221.0,46.5,0.22360679774997896,17,17,0.04658093637982576,True,Kanpur_Central_H_6 (Uttar Pradesh),Unnao_VikasRam_D (Uttar Pradesh),IND209304AAA → IND209801AAA,0.1834773334689107
IND742137AAA,IND742401AAA,6,6,2.3474801061007957,1.0,68.5,28.5,26.84795,262.0,9.5,0.4082482904638631,6,6,0.009995254161764415,True,Kandi_DohalDPP_D (West Bengal),Ghanashyampur_NditaDPP_D (West Bengal),IND742137AAA → IND742401AAA,0.1834128195393475
IND821115AAB,IND000000ACB,7,7,1.6027241770715097,1.0,1348.0,858.0,1150.6173000000001,3757.0,60.0,0.3779644730092272,7,7,0.1433288926936981,True,Sasaram_Central_I_2 (Bihar),Gurgaon_Bilaspur_HB (Haryana),IND821115AAB → IND000000ACB,0.18332685465658652
IND518002AAA,IND501359AAE,12,12,1.8829787234042552,1.0,265.0,140.5,199.63625000000002,1523.0,54.5,0.2886751345948129,12,12,0.058102183543386275,True,Kurnool_AbbasNgr_I (Andhra Pradesh),Hyderabad_Shamshbd_H (Telangana),IND518002AAA → IND501359AAE,0.18330533287628062
IND341306AAA,IND302014AAA,4,4,2.286883317650222,1.0,394.5,174.0,229.61725,886.0,71.5,0.5,4,4,0.03380074498978348,True,Sujangarh_LdnunDPP_D (Rajasthan),Jaipur_Hub (Rajasthan),IND341306AAA → IND302014AAA,0.18330030455805418
IND688524AAA,IND683511AAA,7,7,2.269230769230769,1.0,118.0,50.0,54.215599999999995,461.0,40.0,0.3779644730092272,7,7,0.017587069345699983,True,Cherthala_Mulapali_D (Kerala),Aluva_Peedika_H (Kerala),IND688524AAA → IND683511AAA,0.18327483771507158
IND284403AAA,IND474003AAA,1,1,2.5048076923076925,1.0,521.0,208.0,223.2655,313.0,59.0,1.0,1,1,0.011940895239054434,True,Lalitpur_RjghatRd_D (Uttar Pradesh),Gwalior_HrihrNgr_I (Madhya Pradesh),IND284403AAA → IND474003AAA,0.18325025856439503
IND124112AAA,IND125005AAA,2,2,2.506060606060606,1.0,111.5,44.5,58.90075,134.0,20.0,0.7071067811865475,2,2,0.005112076556016914,True,Meham_GModDPP_D (Haryana),Hisar_IndstlAr_I (Haryana),IND124112AAA → IND125005AAA,0.18322518483437392
IND515004AAA,IND515411AAA,2,2,2.5086538461538463,1.0,99.0,39.5,57.568,119.0,148.0,0.7071067811865475,2,2,0.004539829180343379,True,Anantapur_KamaStrt_I (Andhra Pradesh),Tadipatri_CBRoad_D (Andhra Pradesh),IND515004AAA → IND515411AAA,0.18320787867595295
IND631102AAA,IND600056AAB,12,12,2.0397207510832933,1.0,128.5,62.0,68.40729999999999,737.0,23.0,0.2886751345948129,12,12,0.028116421058093026,True,Sholinghur_ArkonmRD_D (Tamil Nadu),MAA_Poonamallee_HB (Tamil Nadu),IND631102AAA → IND600056AAB,0.18320756871441415
IND302014AAB,IND302020AAA,18,18,1.9230769230769231,1.0,24.0,13.0,14.076,294.0,26.5,0.23570226039551587,18,18,0.011216048563201289,True,Jaipur_Central_I_7 (Rajasthan),Jaipur_VarunCly_DC (Rajasthan),IND302014AAB → IND302020AAA,0.18320043573438996
IND151001AAA,IND160002AAC,21,21,1.4567901234567902,1.0,244.0,165.0,208.70909999999998,2078.0,131.0,0.2182178902359924,21,21,0.07927533644330707,True,Bhatinda_DPC (Punjab),Chandigarh_Mehmdpur_H (Punjab),IND151001AAA → IND160002AAC,0.18313467604614084
IND509324AAA,IND508248AAB,8,8,2.2540106951871657,1.0,74.5,33.0,48.4839,340.0,13.0,0.35355339059327373,8,8,0.012970940515266796,True,Kalwakurthy_VidyaNGR_D (Telangana),Devarakonda_DindiRD_D (Telangana),IND509324AAA → IND508248AAB,0.1830666288252385
IND575004AAB,IND575014AAA,2,2,2.5175438596491224,1.0,46.5,18.5,19.896349999999998,56.0,476.0,0.7071067811865475,2,2,0.0021363902025145314,True,Mangalore_Kuntikna_H (Karnataka),Surathkal_DC (Karnataka),IND575004AAB → IND575014AAA,0.1830575447327098
IND263645AAA,IND263601AAA,12,12,2.046634870164282,1.0,102.0,50.5,50.05415,683.0,24.0,0.2886751345948129,12,12,0.026056330505668298,True,Ranikhet_Subhash_D (Uttarakhand),Almora_SuzkiSrv_D (Uttarakhand),IND263645AAA → IND263601AAA,0.1830513272885293
IND562132AAA,IND416012AAA,12,12,1.5517550217436322,1.0,708.0,446.0,624.7526499999999,3121.0,326.5,0.2886751345948129,12,12,0.11906560396514022,True,Bangalore_Nelmngla_H (Karnataka),Kolhapur_Shivaji_I (Maharashtra),IND562132AAA → IND416012AAA,0.18301705564787843
IND532421AAA,IND532201AAA,19,19,1.8636363636363635,1.0,41.0,19.0,27.5325,388.0,19.0,0.22941573387056174,19,19,0.01480213211742211,True,Narasnpeta_HudcoDPP_D (Andhra Pradesh),Tekkali_AmvdiDPP_D (Andhra Pradesh),IND532421AAA → IND532201AAA,0.18296676283130103
IND530012AAA,IND531036AAA,1,1,2.5476190476190474,1.0,107.0,42.0,44.6096,65.0,39.0,1.0,1,1,0.0024797386279186524,True,Visakhapatnam_Gajuwaka_IP (Andhra Pradesh),Chodavaram_BaljiDPP_D (Andhra Pradesh),IND530012AAA → IND531036AAA,0.18296166487129467
IND581115AAC,IND581110AAE,20,20,1.8166666666666667,1.0,44.0,24.0,33.677350000000004,447.0,30.0,0.22360679774997896,20,20,0.017052971795071346,True,Ranebennur_SriRmNGR_D (Karnataka),Haveri_GuttalRD_D (Karnataka),IND581115AAC → IND581110AAE,0.18294175941034357
IND853204AAA,IND851204AAA,11,11,2.088888888888889,1.0,94.0,45.0,65.2144,626.0,9.0,0.30151134457776363,11,11,0.02388179047810887,True,Naugchia_Vijayght_D (Bihar),Khagaria_GodamDPP_D (Bihar),IND853204AAA → IND851204AAA,0.18290911571411278
IND562132AAA,IND421302AAG,7,7,1.656953642384106,1.0,1242.0,745.0,972.1678,3433.0,267.0,0.3779644730092272,7,7,0.13096834937914975,True,Bangalore_Nelmngla_H (Karnataka),Bhiwandi_Mankoli_HB (Maharashtra),IND562132AAA → IND421302AAG,0.18288381453851849
IND784176AAA,IND781018AAB,4,4,2.2645035542306813,1.0,422.0,187.0,254.9094,942.0,78.5,0.5,4,4,0.035937135192298006,True,Bishwanath_ChrliDPP_D (Assam),Guwahati_Hub (Assam),IND784176AAA → IND781018AAB,0.18287230644183594
IND573142AAA,IND573201AAB,17,17,1.864864864864865,1.0,69.0,38.0,42.5804,709.0,12.0,0.24253562503633297,17,17,0.027048225956835766,True,Ramanathapura_Central_D_2 (Karnataka),Hassan_Pandrnga_I (Karnataka),IND573142AAA → IND573201AAB,0.1828709417178374
IND470113AAA,IND470117AAA,2,2,2.5142857142857142,1.0,36.5,14.5,20.7331,44.0,13.5,0.7071067811865475,2,2,0.0016785923019757031,True,Bina_Srvdycwk_D (Madhya Pradesh),Khurai_Talaiya_D (Madhya Pradesh),IND470113AAA → IND470117AAA,0.18283682637087817
IND507002AAA,IND508001AAA,1,1,2.5308641975308643,1.0,205.0,81.0,115.3405,124.0,60.0,1.0,1,1,0.0047305783055678905,True,Khammam_NSTRoad_I (Telangana),Nalgonda_HydRoad_DC (Telangana),IND507002AAA → IND508001AAA,0.18277545579775223
IND140901AAA,IND160055AAA,20,20,1.85,1.0,25.0,14.0,13.593599999999999,260.0,30.0,0.22360679774997896,20,20,0.00991895451167461,True,Chandigarh_Mullanpr_DC (Chandigarh),Chandigarh_Mohali (Chandigarh),IND140901AAA → IND160055AAA,0.18276496818797017
IND781018AAB,IND793001AAA,10,10,2.0457669478288034,1.0,201.0,99.0,126.7873,990.0,136.0,0.31622776601683794,10,10,0.03776832679445332,True,Guwahati_Hub (Assam),Shillong (Meghalaya),IND781018AAB → IND793001AAA,0.18276413380856077
IND515004AAA,IND515801AAA,2,2,2.485185185185185,1.0,142.0,57.0,80.1644,170.0,111.5,0.7071067811865475,2,2,0.006485470257633398,True,Anantapur_KamaStrt_I (Andhra Pradesh),Guntakal_Verpatem_D (Andhra Pradesh),IND515004AAA → IND515801AAA,0.1826983368479257
IND160002AAC,IND131028AAB,12,12,1.889846153846154,1.0,249.0,129.5,185.27935,1397.0,139.0,0.2886751345948129,12,12,0.053295305587728575,True,Chandigarh_Mehmdpur_H (Punjab),Sonipat_Kundli_H (Haryana),IND160002AAC → IND131028AAB,0.18258133150299316
IND632301AAA,IND606803AAA,11,11,2.1578947368421053,1.0,43.0,19.0,22.8137,242.0,20.0,0.30151134457776363,11,11,0.009232257660866367,True,Arani_KrthiKyn_D (Tamil Nadu),Polur_StationRD_D (Tamil Nadu),IND632301AAA → IND606803AAA,0.18256767337791652
IND263153AAB,IND263401AAA,1,1,2.5384615384615383,1.0,99.0,39.0,40.7999,60.0,57.0,1.0,1,1,0.0022889895026941406,True,Rudrapur_UdhamNgr_H (Uttarakhand),Kashipur_BajprDPP_D (Uttarakhand),IND263153AAB → IND263401AAA,0.18256711467467746
IND202001AAB,IND282002AAD,10,10,2.07699146514936,1.0,155.5,74.0,90.19995,810.0,45.0,0.31622776601683794,10,10,0.030901358286370896,True,Aligarh_KhirByps_I (Uttar Pradesh),IND282002AAD,IND202001AAB → IND282002AAD,0.1825605578636083
IND000000ACB,IND302022AAD,20,20,1.4466108924787409,1.0,286.5,197.5,248.89335,2220.0,129.0,0.22360679774997896,20,20,0.0846926115996832,True,Gurgaon_Bilaspur_HB (Haryana),Jaipur_RIICO_L (Rajasthan),IND000000ACB → IND302022AAD,0.18252263545422862
IND000000ABD,IND562132AAA,12,12,1.5615656565656566,1.0,630.5,402.0,445.2641,3006.0,67.5,0.2886751345948129,12,12,0.11467837408497646,True,Pallakad_ChndrNgr_D (Kerala),Bangalore_Nelmngla_H (Karnataka),IND000000ABD → IND562132AAA,0.1824936946989697
IND342005AAD,IND342601AAA,9,9,2.142857142857143,1.0,105.0,49.0,60.7756,646.0,174.0,0.3333333333333333,9,9,0.024644786979006912,True,Jodhpur_Basni_I (Rajasthan),Piparcity_BsstdDPP_D (Rajasthan),IND342005AAD → IND342601AAA,0.18249325309272507
IND743513AAA,IND743347AAA,12,12,2.0657894736842106,1.0,77.0,38.0,49.30585,512.0,27.0,0.2886751345948129,12,12,0.01953271042299,True,Fatepur_NH117_D (West Bengal),Kakdwip_KlngrDPP_D (West Bengal),IND743513AAA → IND743347AAA,0.18245026552267185
IND600056AAB,IND562132AAA,16,16,1.5273560522143308,1.0,460.5,305.0,357.57065,2490.0,242.0,0.25,16,16,0.09499306436180684,True,MAA_Poonamallee_HB (Tamil Nadu),Bangalore_Nelmngla_H (Karnataka),IND600056AAB → IND562132AAA,0.18244396526870246
IND360530AAB,IND362001AAA,15,15,2.0,0.9333333333333333,140.0,69.0,82.3223,1171.0,14.0,0.2581988897471611,14,14,0.04467344512758065,True,Jamjodhpur_Court_D (Gujarat),Junagadh_DPC (Gujarat),IND360530AAB → IND362001AAA,0.18241142414172573
IND587103AAB,IND582209AAA,17,17,1.8125,1.0,114.0,63.0,74.9299,904.0,50.0,0.24253562503633297,17,17,0.034487441840591715,True,Bagalkot_Sector4_D (Karnataka),Rona_GadagRD_D (Karnataka),IND587103AAB → IND582209AAA,0.18237232396319525
IND501359AAE,IND500080AAB,24,24,1.6112637362637363,1.0,45.5,29.0,31.1614,709.0,111.5,0.20412414523193154,24,24,0.027048225956835766,True,Hyderabad_Shamshbd_H (Telangana),Hyderabad_Chikdply_I (Telangana),IND501359AAE → IND500080AAB,0.18236630023474765
IND742102AAB,IND713130AAA,13,13,1.878787878787879,1.0,187.0,99.0,133.7717,1253.0,37.0,0.2773500981126146,13,13,0.04780173078126264,True,Berhampore_Central_I_2 (West Bengal),Katwa_BSarani_D (West Bengal),IND742102AAB → IND713130AAA,0.18235378252763831
IND505184AAC,IND505001AAB,9,9,2.1186440677966103,1.0,125.0,61.0,68.6866,739.0,55.0,0.3333333333333333,9,9,0.028192720708182833,True,Manthani_Chaitnya_D (Telangana),Karimnagar_KamnHbRD_I (Telangana),IND505184AAC → IND505001AAB,0.1822849699027715
IND500035AAA,IND500039AAC,1,1,2.5384615384615383,1.0,33.0,13.0,13.688199999999998,20.0,19.0,1.0,1,1,0.0007629965008980469,True,Hyd_LB-Nagar_Dc (Telangana),Hyderabad_Uppal_I (Telangana),IND500035AAA → IND500039AAC,0.18225269870234606
IND421302AAG,IND410401AAA,11,11,2.0,1.0,164.0,82.0,96.0667,973.0,82.0,0.30151134457776363,11,11,0.03711977976868998,True,Bhiwandi_Mankoli_HB (Maharashtra),Lonavala_NngrgnRd_D (Maharashtra),IND421302AAG → IND410401AAA,0.18218839841201864
IND523002AAA,IND523230AAA,21,21,1.6521739130434783,1.0,111.0,67.0,77.9876,991.0,319.0,0.2182178902359924,21,21,0.03780647661949822,True,Ongole_SubhVRTL_I (Andhra Pradesh),Kanigiri_Tiglgndi_D (Andhra Pradesh),IND523002AAA → IND523230AAA,0.18216996555958775
IND733102AAA,IND732103AAB,1,1,2.510204081632653,1.0,246.0,98.0,119.1071,148.0,59.0,1.0,1,1,0.005646174106645547,True,Balurghat_AkhirDPP_D (West Bengal),Malda_Central_I_3 (West Bengal),IND733102AAA → IND732103AAB,0.18216263536785837
IND845418AAB,IND842001AAA,2,2,2.457804331590739,1.0,202.0,84.0,108.19755,236.0,33.5,0.7071067811865475,2,2,0.009003358710596954,True,Dhaka_PchpkrRD_D (Bihar),Muzaffrpur_Bbganj_I (Bihar),IND845418AAB → IND842001AAA,0.18215493491628104
IND573201AAB,IND573116AAA,14,14,1.9935177182368196,1.0,61.5,29.0,37.85875,488.0,45.5,0.2672612419124244,14,14,0.01861711462191234,True,Hassan_Pandrnga_I (Karnataka),Channaraya_patna_D (Karnataka),IND573201AAB → IND573116AAA,0.18212463692048056
IND854326AAB,IND854311AAA,21,21,1.7,1.0,52.0,30.0,43.149,744.0,211.0,0.2182178902359924,21,21,0.028383469833407345,True,Purnia_Central_H_2 (Bihar),Araria_Wardn13_D (Bihar),IND854326AAB → IND854311AAA,0.182083769269272
IND174021AAA,IND176048AAA,12,12,2.086666666666667,1.0,55.5,26.5,28.26305,357.0,10.5,0.2886751345948129,12,12,0.013619487541030137,True,Ghumarwin_Gndhichk_D (Himachal Pradesh),Jahu_Sulgwan_D (Himachal Pradesh),IND174021AAA → IND176048AAA,0.18204179473696575
IND201007AAA,IND245304AAA,11,11,2.0952380952380953,1.0,82.0,42.0,36.3152,484.0,59.0,0.30151134457776363,11,11,0.018464515321732735,True,GZB_Mohan_Nagar_DPC (Uttar Pradesh),Pilkhuwa_HapurRD_D (Uttar Pradesh),IND201007AAA → IND245304AAA,0.1820392444310555
IND249407AAA,IND249201AAA,18,18,1.8397435897435899,1.0,48.0,26.0,20.6716,553.0,28.0,0.23570226039551587,18,18,0.021096853249831,True,Haridwar (Uttarakhand),Rishikesh_DC (Uttarakhand),IND249407AAA → IND249201AAA,0.1820035205345461
IND244221AAA,IND131028AAB,21,21,1.6907894736842106,0.9047619047619048,243.0,136.0,171.68110000000001,1985.0,57.0,0.2182178902359924,19,19,0.07572740271413116,True,Amroha_SamitiRd_D (Uttar Pradesh),Sonipat_Kundli_H (Haryana),IND244221AAA → IND131028AAB,0.1819574103868625
IND342005AAD,IND342902AAA,5,5,2.25,1.0,207.0,92.0,102.7041,716.0,170.0,0.4472135954999579,5,5,0.027315274732150077,True,Jodhpur_Basni_I (Rajasthan),Gotan_DKLogDPP_D (Rajasthan),IND342005AAD → IND342902AAA,0.1818665516518584
IND131028AAB,IND110037AAM,7,7,2.216666666666667,1.0,133.0,60.0,51.668,540.0,184.0,0.3779644730092272,7,7,0.020600905524247266,True,Sonipat_Kundli_H (Haryana),Delhi_Airport_H (Delhi),IND131028AAB → IND110037AAM,0.18185668459199106
IND562132AAA,IND560085AAA,18,18,1.820970695970696,1.0,55.5,30.5,31.4874,626.0,67.0,0.23570226039551587,18,18,0.02388179047810887,True,Bangalore_Nelmngla_H (Karnataka),Bengaluru_Banshkri_DC (Karnataka),IND562132AAA → IND560085AAA,0.1818490708738955
IND742401AAA,IND742102AAB,12,12,1.8785612535612537,1.0,199.0,107.5,97.97715,1358.0,53.5,0.2886751345948129,12,12,0.05180746241097738,True,Ghanashyampur_NditaDPP_D (West Bengal),Berhampore_Central_I_2 (West Bengal),IND742401AAA → IND742102AAB,0.18183699962581443
IND410401AAA,IND421302AAG,9,9,2.075,1.0,166.0,80.0,93.474,890.0,37.0,0.3333333333333333,9,9,0.033953344289963085,True,Lonavala_NngrgnRd_D (Maharashtra),Bhiwandi_Mankoli_HB (Maharashtra),IND410401AAA → IND421302AAG,0.18177880136138502
IND625008AAA,IND626123AAA,17,17,1.836734693877551,1.0,88.0,48.0,60.2069,704.0,144.0,0.24253562503633297,17,17,0.02685747683161125,True,Madurai_Kappalur_H (Tamil Nadu),Sivakasi_Msstreet_DC (Tamil Nadu),IND625008AAA → IND626123AAA,0.18174038308816742
IND395023AAD,IND395001AAA,8,8,2.25,1.0,28.5,12.5,13.6265,188.0,40.5,0.35355339059327373,8,8,0.00717216710844164,True,Surat_Central_I_4 (Gujarat),Surat_Central_D_9 (Gujarat),IND395023AAD → IND395001AAA,0.18171626081708397
IND362001AAA,IND360370AAA,10,10,2.159090909090909,1.0,47.5,22.0,32.8823,285.0,26.0,0.31622776601683794,10,10,0.010872700137797167,True,Junagadh_DPC (Gujarat),Jetpur_DC (Gujarat),IND362001AAA → IND360370AAA,0.18161874044862922
IND331507AAA,IND302014AAA,3,3,2.3179190751445087,1.0,401.0,173.0,228.8193,675.0,15.0,0.5773502691896258,3,3,0.025751131905309085,True,Sujangarh_JngidDPP_D (Rajasthan),Jaipur_Hub (Rajasthan),IND331507AAA → IND302014AAA,0.1815124003217442
IND000000ACB,IND122015AAC,2,2,2.4684343434343434,1.0,84.5,34.5,37.52775,100.0,160.5,0.7071067811865475,2,2,0.003814982504490234,True,Gurgaon_Bilaspur_HB (Haryana),IND122015AAC,IND000000ACB → IND122015AAC,0.18149829175945964
IND532201AAA,IND532222AAA,20,20,1.7821969696969697,1.0,42.0,24.0,27.589750000000002,429.0,24.5,0.22360679774997896,20,20,0.016366274944263105,True,Tekkali_AmvdiDPP_D (Andhra Pradesh),Palasa_Central_DPP_1 (Andhra Pradesh),IND532201AAA → IND532222AAA,0.1814630857024183
IND244901AAB,IND243201AAA,1,1,2.5,1.0,180.0,72.0,75.1112,108.0,250.0,1.0,1,1,0.0041201811048494534,True,Rampur_RoshnBgh_I (Uttar Pradesh),Baheri_HoliCDPP_D (Uttar Pradesh),IND244901AAB → IND243201AAA,0.18145237140115683
IND207302AAA,IND202001AAB,6,6,5.169995657837603,0.6666666666666666,249.5,51.0,69.56025,1023.0,176.0,0.4082482904638631,4,4,0.039027271020935096,True,Jalesar_ChngiDPP_D (Uttar Pradesh),Aligarh_KhirByps_I (Uttar Pradesh),IND207302AAA → IND202001AAB,0.18137452182570873
IND121004AAB,IND121001AAA,24,24,1.6862745098039216,1.0,19.5,11.0,11.52635,212.0,29.0,0.20412414523193154,24,24,0.008087762909519297,True,FBD_Balabhgarh_DPC (Haryana),Faridabad (Haryana),IND121004AAB → IND121001AAA,0.18136958247620966
IND713205AAB,IND723130AAA,2,2,2.4158259773013873,1.0,290.5,119.5,116.18360000000001,342.0,246.5,0.7071067811865475,2,2,0.0130472401653566,True,Durgapur_Central_I_1 (West Bengal),Hura_Central_D_1 (West Bengal),IND713205AAB → IND723130AAA,0.18135966660242403
IND700053AAA,IND700144AAA,5,5,2.3157894736842106,1.0,88.0,38.0,29.3944,322.0,84.0,0.4472135954999579,5,5,0.012284243664458554,True,CCU_New Alipore_DPC (West Bengal),Baruipur_Bnsibtla_D (West Bengal),IND700053AAA → IND700144AAA,0.18132173218283337
IND532127AAA,IND535591AAA,21,21,1.697674418604651,1.0,71.0,42.0,48.597,650.0,14.0,0.2182178902359924,21,21,0.024797386279186526,True,Rajam_SamathBv_D (Andhra Pradesh),Salur_ward9_D (Andhra Pradesh),IND532127AAA → IND535591AAA,0.18125467521464605
IND521105AAA,IND521333AAA,4,4,2.363394584139265,1.0,107.5,46.0,58.556,244.0,15.5,0.5,4,4,0.00930855731095617,True,HanumanJNC_VijywdRD_D (Andhra Pradesh),Kaikaluru_Atapaka_D (Andhra Pradesh),IND521105AAA → IND521333AAA,0.18122203767800332
IND571426AAA,IND571104AAA,15,15,1.8271604938271604,1.0,148.0,82.0,102.0009,1024.0,17.0,0.2581988897471611,15,15,0.03906542084598,True,Krishnarajpet_MuruPost_D (Karnataka),Koppa_BMRd_D (Karnataka),IND571426AAA → IND571104AAA,0.18121763126716262
IND586211AAA,IND585314AAA,16,16,1.7388856532712094,1.0,174.5,101.0,108.13075,1285.0,17.0,0.25,16,16,0.049022525182699506,True,Indi_SindgiRD_D (Karnataka),Aland_RazaviRd_D (Karnataka),IND586211AAA → IND585314AAA,0.18117807379839126
IND501359AAE,IND585104AAA,21,21,1.461139896373057,1.0,280.0,193.0,251.0015,1804.0,231.0,0.2182178902359924,21,21,0.06882228438100382,True,Hyderabad_Shamshbd_H (Telangana),Gulbarga_Nehrugnj_I (Karnataka),IND501359AAE → IND585104AAA,0.18114966782638806
IND792110AAA,IND786001AAB,2,2,2.4192617695548635,1.0,253.5,104.5,151.4491,298.0,18.5,0.7071067811865475,2,2,0.011368647863380899,True,Roing_DibngVly_D (Arunachal Pradesh),Dibrugarh_Bokule_H (Assam),IND792110AAA → IND786001AAB,0.18114709407717539
IND591307AAC,IND580002AAA,2,2,2.4259995323825114,1.0,224.5,92.5,100.56400000000001,264.0,14.0,0.7071067811865475,2,2,0.010071553811854218,True,Gokak_Bsavangr_D (Karnataka),Dharwad_Dc (Karnataka),IND591307AAC → IND580002AAA,0.1811412192310766
IND563116AAA,IND563131AAB,14,14,1.9880952380952381,1.0,32.5,17.5,17.9951,387.0,63.0,0.2672612419124244,14,14,0.014763982292377208,True,Bethamangala_FshryOFC_D (Karnataka),Bangarapet_KolarRd_D (Karnataka),IND563116AAA → IND563131AAB,0.1811203817572652
IND786190AAA,IND792103AAB,9,9,2.1621621621621623,1.0,80.0,35.0,49.073100000000004,375.0,5.0,0.3333333333333333,9,9,0.014306184391838379,True,DoomDooma_Pthrgoan_D (Assam),Namsai_HelipadRD_D (Arunachal Pradesh),IND786190AAA → IND792103AAB,0.18111198649115048
IND273014AAB,IND273155AAA,5,5,2.3125,1.0,74.0,30.0,46.0675,309.0,65.0,0.4472135954999579,5,5,0.011788295938874824,True,Gorakhpur_Matriprm_IP (Uttar Pradesh),Anandnagar_LohiaDPP_D (Uttar Pradesh),IND273014AAB → IND273155AAA,0.18109193809890373
IND600056AAB,IND501359AAE,7,7,1.7804878048780488,1.0,876.0,495.0,684.2818,2593.0,594.0,0.3779644730092272,7,7,0.09892249634143178,True,MAA_Poonamallee_HB (Tamil Nadu),Hyderabad_Shamshbd_H (Telangana),IND600056AAB → IND501359AAE,0.1810733526645828
IND160002AAC,IND151001AAA,15,15,1.6821192052980132,1.0,274.0,159.0,205.9298,1713.0,563.0,0.2581988897471611,15,15,0.06535065030191772,True,Chandigarh_Mehmdpur_H (Punjab),Bhatinda_DPC (Punjab),IND160002AAC → IND151001AAA,0.18100684468038847
IND000000ACB,IND110085AAB,24,24,1.5861639492753623,0.9583333333333334,109.5,66.5,68.67335,1188.0,134.5,0.20412414523193154,23,23,0.04532199215334399,True,Gurgaon_Bilaspur_HB (Haryana),Delhi_Rohini_DPC (Delhi),IND000000ACB → IND110085AAB,0.18099106620357974
IND421302AAG,IND413002AAA,7,7,1.8575498575498575,1.0,636.0,339.0,430.7872,2192.0,186.0,0.3779644730092272,7,7,0.08362441649842595,True,Bhiwandi_Mankoli_HB (Maharashtra),Solapur_Central_I_2 (Maharashtra),IND421302AAG → IND413002AAA,0.18091080872319454
IND000000AFG,IND673632AAA,3,3,2.404255319148936,1.0,113.0,47.0,45.5957,169.0,5.0,0.5773502691896258,3,3,0.006447320432588497,True,Tirur_PmthuKlm_D (Kerala),Kozhikode_Central_H_4 (Kerala),IND000000AFG → IND673632AAA,0.18088428911675142
IND686632AAA,IND686141AAA,1,1,2.5,1.0,50.0,20.0,21.8507,30.0,7.0,1.0,1,1,0.0011444947513470703,True,Kothanalloor_Majoor_D (Kerala),Vaikom_KotyamRD_D (Kerala),IND686632AAA → IND686141AAA,0.18083926025511063
IND531036AAA,IND530012AAA,4,4,2.360597439544808,1.0,88.5,37.5,41.78965,203.0,27.5,0.5,4,4,0.007744414484115176,True,Chodavaram_BaljiDPP_D (Andhra Pradesh),Visakhapatnam_Gajuwaka_IP (Andhra Pradesh),IND531036AAA → IND530012AAA,0.18079125138675112
IND854105AAA,IND853204AAA,2,2,2.4398816130225676,1.0,127.0,52.0,75.8003,150.0,41.0,0.7071067811865475,2,2,0.005722473756735352,True,Katihar_Shyndco_D (Bihar),Naugchia_Vijayght_D (Bihar),IND854105AAA → IND853204AAA,0.18078366270027912
IND561202AAB,IND515134AAA,14,14,1.8934426229508197,1.0,116.5,61.0,68.5681,810.0,6.0,0.2672612419124244,14,14,0.030901358286370896,True,Pavagada_PnukndRD_D (Karnataka),Puttaprthi_Gokulam_D (Andhra Pradesh),IND561202AAB → IND515134AAA,0.18077346197372243
IND760003AAB,IND761020AAA,1,1,2.5,1.0,35.0,14.0,20.2236,21.0,373.0,1.0,1,1,0.0008011463259429491,True,Berhampur_Khajuria_I (Orissa),Berhampur_Chatrpr_DC (Orissa),IND760003AAB → IND761020AAA,0.18076851666133606
IND600056AAB,IND560099AAB,13,13,1.6611570247933884,1.0,404.0,246.0,296.80420000000004,2124.0,125.0,0.2773500981126146,13,13,0.08103022839537258,True,MAA_Poonamallee_HB (Tamil Nadu),Bengaluru_Bomsndra_HB (Karnataka),IND600056AAB → IND560099AAB,0.18075761409260954
IND110037AAM,IND781018AAB,1,1,2.145360155743024,1.0,3306.0,1541.0,2181.4607,1765.0,396.0,1.0,1,1,0.06733444120425264,True,Delhi_Airport_H (Delhi),Guwahati_Hub (Assam),IND110037AAM → IND781018AAB,0.18071947288984352
IND263401AAA,IND263153AAB,15,15,1.868421052631579,1.0,71.0,38.0,40.1488,752.0,616.0,0.2581988897471611,15,15,0.02868866843376656,True,Kashipur_BajprDPP_D (Uttarakhand),Rudrapur_UdhamNgr_H (Uttarakhand),IND263401AAA → IND263153AAB,0.18068022778134263
IND302014AAB,IND304001AAA,1,1,2.4833333333333334,1.0,149.0,60.0,89.0973,89.0,71.0,1.0,1,1,0.003395334428996309,True,Jaipur_Central_I_7 (Rajasthan),Tonk_DC (Rajasthan),IND302014AAB → IND304001AAA,0.1806564720901615
IND811105AAA,IND803212AAB,2,2,2.435185185185185,1.0,131.5,54.0,65.94200000000001,155.0,37.0,0.7071067811865475,2,2,0.005913222881959864,True,Sheikhpura_Bgwtichk_D (Bihar),Bakhtiarpur_BypassRD_D (Bihar),IND811105AAA → IND803212AAB,0.1806407756858876
IND521001AAA,IND521225AAB,5,5,2.2941176470588234,1.0,120.0,54.0,74.22800000000001,339.0,64.0,0.4472135954999579,5,5,0.012932790690221895,True,Machilipatnam_DC (Andhra Pradesh),Vijayawada_Rynapadu_H (Andhra Pradesh),IND521001AAA → IND521225AAB,0.18061464155888246
IND577126AAA,IND577201AAA,1,1,2.4788732394366195,1.0,176.0,71.0,69.5934,105.0,338.0,1.0,1,1,0.004005731629714746,True,Koppa_Sangetha_D (Karnataka),Shimoga_DC (Karnataka),IND577126AAA → IND577201AAA,0.18060921759516982
IND126102AAA,IND126116AAA,5,5,2.3333333333333335,1.0,52.0,23.0,32.845,144.0,58.0,0.4472135954999579,5,5,0.005493574806465938,True,Jind_DC (Haryana),IND126116AAA,IND126102AAA → IND126116AAA,0.18060316186820913
IND431203AAA,IND431112AAB,10,10,2.0869565217391304,1.0,96.0,46.0,66.9947,508.0,60.0,0.31622776601683794,10,10,0.019380111122810392,True,Jalna_BhgyaNgr_D (Maharashtra),Sillod_ZebaTWR_D (Maharashtra),IND431203AAA → IND431112AAB,0.18057329274366118
IND273303AAA,IND273304AAA,1,1,2.4871794871794872,1.0,97.0,39.0,36.727000000000004,58.0,10.0,1.0,1,1,0.002212689852604336,True,Maharajganj_PakriDPP_D (Uttar Pradesh),Nichlaul_Wardno13_D (Uttar Pradesh),IND273303AAA → IND273304AAA,0.18056200395563649
IND521225AAB,IND521301AAA,19,19,1.6956521739130435,1.0,78.0,46.0,48.315799999999996,910.0,106.0,0.22941573387056174,19,19,0.03471634079086113,True,Vijayawada_Rynapadu_H (Andhra Pradesh),Gudivada_GvrCompx_D (Andhra Pradesh),IND521225AAB → IND521301AAA,0.18055326322061419
IND500039AAB,IND501301AAC,2,2,2.458333333333333,1.0,21.0,8.5,13.078050000000001,25.0,24.5,0.7071067811865475,2,2,0.0009537456261225585,True,Hyd_Uppal_Dc (Telangana),Ghatkesar_Central_D_1 (Telangana),IND500039AAB → IND501301AAC,0.1805169122815577
IND395023AAA,IND396191AAC,10,10,2.013157894736842,1.0,155.0,77.0,108.7222,858.0,237.5,0.31622776601683794,10,10,0.03273254988852621,True,Surat_HUB (Gujarat),Vapi_IndEstat_I (Gujarat),IND395023AAA → IND396191AAC,0.18046155472992037
IND263601AAA,IND262501AAA,10,10,1.9420798898071627,1.0,234.5,121.0,112.36295000000001,1208.0,16.0,0.31622776601683794,10,10,0.04608498865424203,True,Almora_SuzkiSrv_D (Uttarakhand),Pithorgarh_Kumud_D (Uttarakhand),IND263601AAA → IND262501AAA,0.18045535808968596
IND68004AAA,IND683511AAA,10,10,2.0585274662065,1.0,120.0,58.5,59.62285,633.0,45.5,0.31622776601683794,10,10,0.024148839253423184,True,Thrissur_Poothole_D (Kerala),Aluva_Peedika_H (Kerala),IND68004AAA → IND683511AAA,0.18045299136498266
IND821115AAB,IND209304AAA,12,12,1.5407046476761619,1.0,631.5,394.5,565.0962999999999,2846.0,46.5,0.2886751345948129,12,12,0.10857440207779206,True,Sasaram_Central_I_2 (Bihar),Kanpur_Central_H_6 (Uttar Pradesh),IND821115AAB → IND209304AAA,0.18042676753375855
IND582209AAA,IND582101AAB,16,16,1.864864864864865,1.0,69.0,36.5,40.26235,560.0,15.5,0.25,16,16,0.021363902025145314,True,Rona_GadagRD_D (Karnataka),Gadag_Cdosclrd_D (Karnataka),IND582209AAA → IND582101AAB,0.18036640888756963
IND787057AAA,IND787059AAB,10,10,2.12,1.0,53.0,24.5,27.167650000000002,316.0,40.0,0.31622776601683794,10,10,0.012055344714189141,True,Dhemaji_WardNo3_D (Assam),Silapathar_Hejunagr_D (Assam),IND787057AAA → IND787059AAB,0.18034595514693527
IND848114AAA,IND848210AAA,21,21,1.72,1.0,41.0,24.0,23.5275,408.0,30.0,0.2182178902359924,21,21,0.015565128618320156,True,DalsinghSarai_Wardno13_D (Bihar),Rusera_Wardno4_D (Bihar),IND848114AAA → IND848210AAA,0.18021853717065378
IND632006AAA,IND632301AAA,14,14,1.9516129032258065,1.0,61.0,31.5,39.94695,449.0,505.5,0.2672612419124244,14,14,0.017129271445161152,True,Vellore_GndhiNgr_IP (Tamil Nadu),Arani_KrthiKyn_D (Tamil Nadu),IND632006AAA → IND632301AAA,0.18019246352375437
IND175101AAA,IND160002AAC,4,4,2.1267577118456895,1.0,607.0,284.5,287.6798,1278.0,31.0,0.5,4,4,0.048755476407385194,True,Kullu_AkhraBzr_D (Himachal Pradesh),Chandigarh_Mehmdpur_H (Punjab),IND175101AAA → IND160002AAC,0.1801698118962088
IND509301AAA,IND501359AAE,14,14,1.9157054125998225,1.0,92.0,48.0,66.7873,621.0,97.5,0.2672612419124244,14,14,0.023691041352884357,True,Jadcherla_Badeplly_D (Telangana),Hyderabad_Shamshbd_H (Telangana),IND509301AAA → IND501359AAE,0.18015148920635754
IND122002AAD,IND122503AAA,2,2,2.4416475972540046,1.0,51.0,21.0,29.54775,60.0,24.0,0.7071067811865475,2,2,0.0022889895026941406,True,Gurgaon_Central_D_15 (Haryana),Pataudi_DC (Haryana),IND122002AAD → IND122503AAA,0.18014473477151166
IND306401AAB,IND342005AAD,18,18,1.7214407502131288,1.0,91.5,53.0,69.43854999999999,878.0,56.5,0.23570226039551587,18,18,0.03349554638942426,True,Pali_Nayagaon_I (Rajasthan),Jodhpur_Basni_I (Rajasthan),IND306401AAB → IND342005AAD,0.17996881601760872
IND518002AAA,IND509103AAB,2,2,2.353019480519481,1.0,413.0,175.5,189.59210000000002,475.0,760.5,0.7071067811865475,2,2,0.018121166896328613,True,Kurnool_AbbasNgr_I (Andhra Pradesh),Wanaparthy_VallaDPP_D (Telangana),IND518002AAA → IND509103AAB,0.1799686407835416
IND572101AAA,IND561203AAB,12,12,2.0,1.0,80.0,41.0,56.8808,512.0,39.0,0.2886751345948129,12,12,0.01953271042299,True,Tumkur_Veersagr_I (Karnataka),Doddablpur_ChikaDPP_D (Karnataka),IND572101AAA → IND561203AAB,0.17989808766423265
IND362001AAA,IND362220AAA,14,14,1.9423076923076923,1.0,51.5,28.0,39.6966,451.0,20.0,0.2672612419124244,14,14,0.017205571095250956,True,Junagadh_DPC (Gujarat),Junagadh_keshod_DC (Gujarat),IND362001AAA → IND362220AAA,0.1798472063126165
IND786001AAB,IND786184AAA,10,10,2.1153846153846154,1.0,27.5,13.0,19.7497,270.0,80.0,0.31622776601683794,10,10,0.010300452762123633,True,Dibrugarh_Bokule_H (Assam),Chabua_CollgeRD_D (Assam),IND786001AAB → IND786184AAA,0.17980533168591595
IND586101AAA,IND416404AAA,4,4,2.314728682170543,1.0,102.0,43.0,62.198049999999995,302.0,30.5,0.5,4,4,0.011521247163560507,True,Bijapur_KirtiNgr_D (Karnataka),Jath_Shivprsad_D (Maharashtra),IND586101AAA → IND416404AAA,0.17979003946840758
IND577101AAA,IND577132AAD,7,7,2.238095238095238,1.0,47.0,21.0,30.1342,170.0,11.0,0.3779644730092272,7,7,0.006485470257633398,True,Chikmagalur_DC (Karnataka),Mudigere_HesglDPP_D (Karnataka),IND577101AAA → IND577132AAD,0.179779617636103
IND509216AAC,IND501359AAE,12,12,2.02991452991453,1.0,52.0,25.0,31.62425,345.0,53.0,0.2886751345948129,12,12,0.013161689640491308,True,Shadnagar_Central_D_1 (Telangana),Hyderabad_Shamshbd_H (Telangana),IND509216AAC → IND501359AAE,0.17974587843332998
IND580028AAA,IND421302AAG,2,2,2.2172494762447097,1.0,1018.0,462.0,602.48635,1112.0,153.0,0.7071067811865475,2,2,0.04242260544993141,True,Hubli_Adargchi_IP (Karnataka),Bhiwandi_Mankoli_HB (Maharashtra),IND580028AAA → IND421302AAG,0.17970877532191504
IND713205AAB,IND723133AAA,1,1,2.453333333333333,1.0,184.0,75.0,84.5661,109.0,131.0,1.0,1,1,0.004158330929894356,True,Durgapur_Central_I_1 (West Bengal),Rghunthpur_barkarRd_D (West Bengal),IND713205AAB → IND723133AAA,0.17964988697287892
IND413307AAB,IND413304AAA,3,3,2.380952380952381,1.0,52.0,22.0,32.5988,126.0,21.0,0.5773502691896258,3,3,0.0048068779556576955,True,Sangola_Central_DPP_2 (Maharashtra),Pandharpur_RajCmplx_D (Maharashtra),IND413307AAB → IND413304AAA,0.1796422986543874
IND248001AAA,IND131028AAB,12,12,1.6452682720743557,1.0,439.0,265.0,232.7098,2228.0,636.0,0.2886751345948129,12,12,0.08499781020004242,True,Dehradun (Uttarakhand),Sonipat_Kundli_H (Haryana),IND248001AAA → IND131028AAB,0.17962538825944432
IND503111AAC,IND503185AAA,20,20,1.6363636363636362,1.0,109.0,66.0,86.13470000000001,912.0,28.0,0.22360679774997896,20,20,0.034792640440950935,True,Kamareddy_Devenply_I (Telangana),Bodhan_SuryaDPP_D (Telangana),IND503111AAC → IND503185AAA,0.17960233098211295
IND413002AAA,IND413304AAA,10,10,2.0408163265306123,1.0,104.0,50.0,72.80605,603.0,28.0,0.31622776601683794,10,10,0.023004344502076113,True,Solapur_Central_I_2 (Maharashtra),Pandharpur_RajCmplx_D (Maharashtra),IND413002AAA → IND413304AAA,0.17953010931210056
IND209304AAA,IND110037AAM,6,6,1.7730060538069132,1.0,784.0,417.0,524.42525,2592.0,97.0,0.4082482904638631,6,6,0.09888434651638686,True,Kanpur_Central_H_6 (Uttar Pradesh),Delhi_Airport_H (Delhi),IND209304AAA → IND110037AAM,0.17944191858866437
IND574104AAA,IND574216AAA,11,11,2.0232558139534884,1.0,90.0,44.0,53.909,506.0,19.0,0.30151134457776363,11,11,0.019303811472720585,True,Karkala_MarketRd_D (Karnataka),Dhrmsthala_Beltngdi_D (Karnataka),IND574104AAA → IND574216AAA,0.17941975713152114
IND521225AAB,IND521201AAA,21,21,1.5769230769230769,1.0,83.0,52.0,52.892,1008.0,142.0,0.2182178902359924,21,21,0.038455023645261564,True,Vijayawada_Rynapadu_H (Andhra Pradesh),Nuzvid_Ward17_D (Andhra Pradesh),IND521225AAB → IND521201AAA,0.1793843788776406
IND585104AAA,IND586128AAA,15,15,1.7974683544303798,1.0,142.0,78.0,97.7267,932.0,48.0,0.2581988897471611,15,15,0.03555563694184899,True,Gulbarga_Nehrugnj_I (Karnataka),Sindagi_KalyanNg_D (Karnataka),IND585104AAA → IND586128AAA,0.17934262429558048
IND396580AAB,IND396321AAA,8,8,2.101223581757508,1.0,63.0,30.0,42.66255,620.0,257.5,0.35355339059327373,8,8,0.023652891527839455,True,Vansda_CikhliRD_D (Gujarat),Bilimora_DC (Gujarat),IND396580AAB → IND396321AAA,0.17934045433471812
IND523226AAA,IND523316AAB,13,13,1.9137931034482758,1.0,111.0,58.0,72.1029,693.0,17.0,0.2773500981126146,13,13,0.026437828756117325,True,Chimkurthy_MSRClgRd_D (Andhra Pradesh),Markapur_VidyaNgr_D (Andhra Pradesh),IND523226AAA → IND523316AAB,0.1793099202164797
IND360370AAA,IND360410AAA,1,1,2.4615384615384617,1.0,32.0,13.0,16.2596,19.0,5.0,1.0,1,1,0.0007248466758531445,True,Jetpur_DC (Gujarat),Dhoraji_JmnvadRd_DC (Gujarat),IND360370AAA → IND360410AAA,0.1792607534224012
IND424006AAA,IND424304AAC,8,8,2.142375168690958,1.0,83.5,39.0,54.4818,395.0,17.0,0.35355339059327373,8,8,0.015069180892736428,True,Dhule_MIDCAvdn_I (Maharashtra),Sakri_DhuleRoad_D (Maharashtra),IND424006AAA → IND424304AAC,0.17916826225932403
IND521185AAA,IND521225AAB,7,7,2.1777777777777776,1.0,98.0,45.0,58.458999999999996,388.0,50.0,0.3779644730092272,7,7,0.01480213211742211,True,Nandigama_Chndrlpd_D (Andhra Pradesh),Vijayawada_Rynapadu_H (Andhra Pradesh),IND521185AAA → IND521225AAB,0.1791532832074766
IND411021AAA,IND411033AAA,32,32,2.0,0.6875,29.0,14.0,12.915000000000001,1000.0,49.5,0.17677669529663687,22,22,0.038149825044902344,True,PNQ Pashan DPC (Maharashtra),Pune_Tathawde_H (Maharashtra),IND411021AAA → IND411033AAA,0.17915062919334235
IND473001AAA,IND473331AAA,11,11,2.0256410256410255,1.0,77.0,38.0,42.9879,459.0,21.0,0.30151134457776363,11,11,0.017510769695610176,True,Guna_HnumnDPP_D (Madhya Pradesh),Ashokngr_Bypassrd_D (Madhya Pradesh),IND473001AAA → IND473331AAA,0.17914284812777242
IND144001AAC,IND000000ACA,12,12,1.9488543371522096,1.0,96.0,52.5,73.52615,668.0,260.0,0.2886751345948129,12,12,0.025484083129994766,True,Jalandhar_Sodal Road (Punjab),Ludhiana_MilrGanj_HB (Punjab),IND144001AAC → IND000000ACA,0.17914021096654012
IND683565AAA,IND683511AAA,13,13,2.0,1.0,36.0,19.0,15.8113,237.0,26.0,0.2773500981126146,13,13,0.009041508535641856,True,Kunnathund_Pringla_D (Kerala),Aluva_Peedika_H (Kerala),IND683565AAA → IND683511AAA,0.17906981118778764
IND575004AAB,IND562132AAA,4,4,2.1192266303178133,1.0,559.5,264.0,361.18285000000003,1175.0,62.0,0.5,4,4,0.04482604442776025,True,Mangalore_Kuntikna_H (Karnataka),Bangalore_Nelmngla_H (Karnataka),IND575004AAB → IND562132AAA,0.17906803674266714
IND000000AEM,IND110064AAB,11,11,2.0,1.0,113.0,59.0,60.5313,570.0,128.0,0.30151134457776363,11,11,0.021745400275594334,True,Gurgaon_Bilaspur_RP (Haryana),KN_RPC (Delhi),IND000000AEM → IND110064AAB,0.17902065749077983
IND600016AAA,IND600119AAA,8,8,2.1573426573426575,1.0,52.0,26.0,22.646950000000004,302.0,22.5,0.35355339059327373,8,8,0.011521247163560507,True,Airport (Tamil Nadu),Chennai_Sholinganallur_Dc (Tamil Nadu),IND600016AAA → IND600119AAA,0.17901788045927985
IND124507AAA,IND131028AAE,3,3,2.347826086956522,1.0,108.0,45.0,42.099,209.0,211.0,0.5773502691896258,3,3,0.00797331343438459,True,Bahadurgarh_DC (Haryana),Sonipat_Central_D_2 (Haryana),IND124507AAA → IND131028AAE,0.1790096400471357
IND140001AAA,IND140118AAA,19,19,1.75,1.0,58.0,33.0,41.1431,445.0,35.0,0.22941573387056174,19,19,0.016976672144981542,True,RoopNagar_ChotiHvl_DC (Punjab),AnandprShb_PnjPiara_D (Punjab),IND140001AAA → IND140118AAA,0.17900649838184193
IND263153AAB,IND244715AAA,16,16,1.704209065679926,1.0,158.5,92.0,83.2501,1172.0,85.0,0.25,16,16,0.04471159495262555,True,Rudrapur_UdhamNgr_H (Uttarakhand),Ramnagar_BhwniGnj_D (Uttarakhand),IND263153AAB → IND244715AAA,0.17894463622689322
IND141003AAB,IND142026AAA,21,21,1.6774193548387097,1.0,56.0,31.0,40.7156,456.0,29.0,0.2182178902359924,21,21,0.017396320220475468,True,Ludhiana_GillChwk_DC (Punjab),Jagraon_DC (Punjab),IND141003AAB → IND142026AAA,0.1789440009648152
IND251309AAB,IND131028AAB,10,10,2.0074626865671643,1.0,139.5,68.0,69.26165,688.0,40.0,0.31622776601683794,10,10,0.026247079630892813,True,Budhana_Busstand_D (Uttar Pradesh),Sonipat_Kundli_H (Haryana),IND251309AAB → IND131028AAB,0.17890435204782618
IND276140AAA,IND276129AAA,1,1,2.4444444444444446,1.0,88.0,36.0,40.7403,52.0,57.0,1.0,1,1,0.0019837909023349217,True,Jiyanpur_Central_DPP_1 (Uttar Pradesh),Chiraiyakot_KamalDPP_D (Uttar Pradesh),IND276140AAA → IND276129AAA,0.17885701662609982
IND786001AAB,IND786125AAA,1,1,2.4444444444444446,1.0,66.0,27.0,41.6914,39.0,74.0,1.0,1,1,0.0014878431767511916,True,Dibrugarh_Bokule_H (Assam),Tinusukia_Chrwpaty_D (Assam),IND786001AAB → IND786125AAA,0.1787548314350921
IND841424AAA,IND841226AAB,3,3,2.3488372093023258,1.0,101.0,44.0,62.9374,169.0,119.0,0.5773502691896258,3,3,0.006447320432588497,True,Chhapra_Prbhunth_D (Bihar),Siwan_HnmntNgr_D (Bihar),IND841424AAA → IND841226AAB,0.17873444864856394
IND363421AAB,IND364710AAA,13,13,1.945945945945946,1.0,72.0,37.0,53.851299999999995,460.0,20.0,0.2773500981126146,13,13,0.017548919520655078,True,Limbdi_Busstand_D (Gujarat),Botad_DC (Gujarat),IND363421AAB → IND364710AAA,0.17872575572281757
IND581320AAA,IND575004AAB,1,1,2.4205607476635516,1.0,259.0,107.0,137.9958,152.0,3.0,1.0,1,1,0.005798773406825156,True,Bhatkal_KmkshBul_D (Karnataka),Mangalore_Kuntikna_H (Karnataka),IND581320AAA → IND575004AAB,0.17871653383697983
IND854335AAA,IND854326AAB,1,1,2.426829268292683,1.0,199.0,82.0,109.26480000000001,117.0,23.0,1.0,1,1,0.0044635295302535745,True,Narpatganj_Central_DPP_1 (Bihar),Purnia_Central_H_2 (Bihar),IND854335AAA → IND854326AAB,0.1786845952304234
IND641062AAD,IND641008AAA,2,2,2.394230769230769,1.0,90.5,37.5,36.4347,106.0,123.0,0.7071067811865475,2,2,0.004043881454759648,True,Coimbatore_Karayam_H (Tamil Nadu),Cjb_Kovaipudur_Dc (Tamil Nadu),IND641062AAD → IND641008AAA,0.17866686722499825
IND826004AAA,IND828111AAA,2,2,2.409090909090909,1.0,26.5,11.0,12.9474,31.0,73.5,0.7071067811865475,2,2,0.0011826445763919726,True,Dhanbad_Kalynpur_I (Jharkhand),Dhanbad_Jharia_DC (Jharkhand),IND826004AAA → IND828111AAA,0.17865380821972715
IND516390AAA,IND515004AAA,15,15,1.7474747474747474,1.0,165.0,98.0,99.59060000000001,1091.0,12.0,0.2581988897471611,15,15,0.04162145912398846,True,Pulivendula_RTCStand_D (Andhra Pradesh),Anantapur_KamaStrt_I (Andhra Pradesh),IND516390AAA → IND515004AAA,0.17865302061921548
IND826004AAA,IND828205AAA,1,1,2.4444444444444446,1.0,44.0,18.0,27.288200000000003,26.0,55.0,1.0,1,1,0.0009918954511674608,True,Dhanbad_Kalynpur_I (Jharkhand),Nirsa_ShantiDPP_D (Jharkhand),IND826004AAA → IND828205AAA,0.1786526462440844
IND673592AAA,IND673121AAA,11,11,2.0588235294117645,1.0,32.0,16.0,18.16,229.0,22.0,0.30151134457776363,11,11,0.008736309935282637,True,SultnBthry_Kollgpra_D (Kerala),Kalpetta_Ward19_D (Kerala),IND673592AAA → IND673121AAA,0.178622208588318
IND247667AAA,IND249407AAA,14,14,1.8694444444444445,1.0,71.0,36.0,30.53235,653.0,34.5,0.2672612419124244,14,14,0.02491183575432123,True,Roorkee_Dc (Uttarakhand),Haridwar (Uttarakhand),IND247667AAA → IND249407AAA,0.17860841546095368
IND401104AAB,IND400072AAB,5,5,2.2666666666666666,1.0,34.0,15.0,20.0807,214.0,39.0,0.4472135954999579,5,5,0.008164062559609102,True,Mumbai_MiraRoad_M (Maharashtra),Mumbai Hub (Maharashtra),IND401104AAB → IND400072AAB,0.1785671829232373
IND508001AAA,IND501359AAE,14,14,1.7953488372093025,1.0,153.5,85.0,116.50935000000001,1000.0,91.5,0.2672612419124244,14,14,0.038149825044902344,True,Nalgonda_HydRoad_DC (Telangana),Hyderabad_Shamshbd_H (Telangana),IND508001AAA → IND501359AAE,0.17846157546439287
IND562108AAA,IND572101AAA,2,2,2.378352490421456,1.0,134.5,56.0,66.14885000000001,157.0,597.5,0.7071067811865475,2,2,0.005989522532049668,True,Gauribidanur_Gurukrpa_D (Karnataka),Tumkur_Veersagr_I (Karnataka),IND562108AAA → IND572101AAA,0.17845177987729055
IND508213AAB,IND508001AAA,14,14,1.8933143669985775,1.0,71.0,36.0,51.31175,498.0,24.0,0.2672612419124244,14,14,0.01899861287236137,True,Suryapet_Krishna_D (Telangana),Nalgonda_HydRoad_DC (Telangana),IND508213AAB → IND508001AAA,0.17831604194311435
IND630561AAA,IND623407AAA,15,15,1.8709677419354838,1.0,57.0,30.0,46.7016,438.0,53.0,0.2581988897471611,15,15,0.016709623369667227,True,Sivaganga_Wardno3_D (Tamil Nadu),Thiruvadanai_RamnadRD_D (Tamil Nadu),IND630561AAA → IND623407AAA,0.17831085638015817
IND431127AAA,IND414502AAA,7,7,2.1454545454545455,1.0,118.0,55.0,62.287600000000005,438.0,22.0,0.3779644730092272,7,7,0.016709623369667227,True,Georai_Bazarrd_D (Maharashtra),Shevgaon_VidyaNgr_D (Maharashtra),IND431127AAA → IND414502AAA,0.17829238467759304
IND140301AAA,IND140001AAA,21,21,1.6666666666666667,1.0,40.0,23.0,26.313,423.0,27.0,0.2182178902359924,21,21,0.016137375993993692,True,Chandigarh_Kharar_DC (Chandigarh),RoopNagar_ChotiHvl_DC (Punjab),IND140301AAA → IND140001AAA,0.1782674776430367
IND501359AAE,IND712311AAA,2,2,1.984400464087205,1.0,2093.0,1054.5,1506.24735,2077.0,285.0,0.7071067811865475,2,2,0.07923718661826216,True,Hyderabad_Shamshbd_H (Telangana),Kolkata_Dankuni_HB (West Bengal),IND501359AAE → IND712311AAA,0.17826112483795498
IND600119AAA,IND600016AAC,10,10,1.9986772486772488,1.0,56.0,27.0,21.254199999999997,649.0,50.5,0.31622776601683794,10,10,0.024759236454141617,True,Chennai_Sholinganallur_Dc (Tamil Nadu),Chennai_Perungudi_DPC (Tamil Nadu),IND600119AAA → IND600016AAC,0.17825698207390117
IND361001AAA,IND361305AAC,16,16,1.814968814968815,1.0,68.5,38.0,54.5962,533.0,28.5,0.25,16,16,0.020333856748932948,True,Jamnagar_Dc (Gujarat),Khambhalia_JdswarRD_D (Gujarat),IND361001AAA → IND361305AAC,0.17821855548096815
IND274509AAB,IND274402AAA,2,2,2.3744444444444444,1.0,124.5,52.0,60.26935,145.0,22.5,0.7071067811865475,2,2,0.00553172463151084,True,Salempur_Banjaria_D (Uttar Pradesh),Kushinagar_JiswlDPP_D (Uttar Pradesh),IND274509AAB → IND274402AAA,0.17820584985372429
IND577002AAA,IND581110AAE,1,1,2.423076923076923,1.0,126.0,52.0,72.4428,74.0,65.0,1.0,1,1,0.0028230870533227734,True,Davangere_Central_I_1 (Karnataka),Haveri_GuttalRD_D (Karnataka),IND577002AAA → IND581110AAE,0.17820103294403855
IND712311AAA,IND713103AAA,6,6,2.1833184656556646,1.0,126.5,57.5,82.5858,406.0,257.5,0.4082482904638631,6,6,0.015488828968230351,True,Kolkata_Dankuni_HB (West Bengal),Bardhaman_Bankura_D (West Bengal),IND712311AAA → IND713103AAA,0.17817637753971385
IND581325AAA,IND580028AAA,14,14,1.8137366818873668,1.0,132.5,72.0,86.82509999999999,870.0,48.5,0.2672612419124244,14,14,0.03319034778906504,True,Dandeli_RKComplx_D (Karnataka),Hubli_Adargchi_IP (Karnataka),IND581325AAA → IND580028AAA,0.17815304511510283
IND147001AAD,IND160002AAC,5,5,2.1818181818181817,1.0,130.0,33.0,46.1002,578.0,38.0,0.4472135954999579,5,5,0.022050598875953554,True,Patiala_GainMrkt_L (Punjab),Chandigarh_Mehmdpur_H (Punjab),IND147001AAD → IND160002AAC,0.17813683222129628
IND609001AAA,IND614018AAA,12,12,1.8969038208168643,1.0,129.0,67.5,75.97475,793.0,30.0,0.2886751345948129,12,12,0.03025281126060756,True,Mylduthuri_Thiruviz_D (Tamil Nadu),Mannargudi_Vadasari_D (Tamil Nadu),IND609001AAA → IND614018AAA,0.17810743912568733
IND400701AAA,IND410206AAA,17,17,1.8095238095238095,1.0,42.0,24.0,27.068900000000003,376.0,31.0,0.24253562503633297,17,17,0.01434433421688328,True,Mumbai_Ghansoli_DC (Maharashtra),Jasai_JNPT_D (Maharashtra),IND400701AAA → IND410206AAA,0.17810657746339623
IND508207AAB,IND521225AAB,10,10,1.8811380225613803,1.0,249.5,131.5,160.377,1205.0,6.5,0.31622776601683794,10,10,0.045970539179107324,True,Miryalguda_Ragvendr_D (Telangana),Vijayawada_Rynapadu_H (Andhra Pradesh),IND508207AAB → IND521225AAB,0.1780676527313644
IND445101AAA,IND440014AAA,1,1,2.4242424242424243,1.0,80.0,33.0,45.635600000000004,47.0,111.0,1.0,1,1,0.00179304177711041,True,Nagpur_Gondkhry_H (Maharashtra),Nagpur_Jaripatk_DC (Maharashtra),IND445101AAA → IND440014AAA,0.17803401556999726
IND751002AAB,IND756100AAC,12,12,1.8707865168539324,1.0,165.0,85.0,123.1899,905.0,135.5,0.2886751345948129,12,12,0.03452559166563662,True,Bhubaneshwar_Hub (Orissa),Bhadrak_Central_I_2 (Orissa),IND751002AAB → IND756100AAC,0.17797463257379115
IND560300AAB,IND563101AAB,14,14,1.8410202655485675,1.0,100.0,55.5,75.57849999999999,711.0,60.0,0.2672612419124244,14,14,0.02712452560692557,True,Bangalore_East_I_20 (Karnataka),Kolar_Ambedkar_D (Karnataka),IND560300AAB → IND563101AAB,0.17796165650849416
IND695121AAA,IND695572AAB,17,17,1.8461538461538463,1.0,24.0,13.0,12.6458,175.0,30.0,0.24253562503633297,17,17,0.006676219382857911,True,Neyatinkra_Arlumodu_D (Kerala),Kallikkad_Mutyvila_D (Kerala),IND695121AAA → IND695572AAB,0.17794763000273414
IND176110AAB,IND177033AAA,9,9,2.1,1.0,63.0,30.0,27.3424,278.0,16.0,0.3333333333333333,9,9,0.010605651362482852,True,Sujanpur_SainkSCL_D (Himachal Pradesh),Nadaun_Ward6_D (Himachal Pradesh),IND176110AAB → IND177033AAA,0.1779380645709216
IND563131AAA,IND563125AAB,14,14,1.880952380952381,1.0,79.0,42.0,51.53085,501.0,14.5,0.2672612419124244,14,14,0.019113062347496074,True,Mulbagal_Sunku_D (Karnataka),Chintamani_Central_D_2 (Karnataka),IND563131AAA → IND563125AAB,0.17786006333752297
IND127201AAA,IND124141AAA,3,3,2.3333333333333335,1.0,78.0,33.0,47.2461,134.0,11.0,0.5773502691896258,3,3,0.005112076556016914,True,Loharu_BstndDPP_D (Haryana),ChrkhiDdri_PuranDPP_D (Haryana),IND127201AAA → IND124141AAA,0.17785789120845963
IND560099AAB,IND560058AAB,38,38,1.4895833333333335,0.7894736842105263,64.5,39.0,33.41345,1038.0,78.0,0.16222142113076254,30,30,0.039599518396608635,True,Bengaluru_Bomsndra_HB (Karnataka),Bengaluru_Peenya_IP (Karnataka),IND560099AAB → IND560058AAB,0.17784604623638567
IND285205AAB,IND210431AAA,5,5,2.1875,1.0,175.0,80.0,82.4085,510.0,53.0,0.4472135954999579,5,5,0.019456410772900196,True,Konch_Central_D_2 (Uttar Pradesh),Rath_Mughlpra_D (Uttar Pradesh),IND285205AAB → IND210431AAA,0.17782274042883447
IND508377AAB,IND501359AAE,12,12,1.7519983603197375,1.0,212.0,119.0,144.9745,1455.0,54.0,0.2886751345948129,12,12,0.05550799544033291,True,Haliya_PeroorRD_D (Telangana),Hyderabad_Shamshbd_H (Telangana),IND508377AAB → IND501359AAE,0.1776896909484868
IND301001AAB,IND302014AAA,2,2,2.318604651162791,1.0,306.5,132.0,160.71715,349.0,202.0,0.7071067811865475,2,2,0.013314288940670918,True,Alwar_Central_I_1 (Rajasthan),Jaipur_Hub (Rajasthan),IND301001AAB → IND302014AAA,0.17764317243530886
IND571104AAA,IND577598AAB,16,16,1.8460526315789474,1.0,36.0,19.0,27.5898,298.0,20.0,0.25,16,16,0.011368647863380899,True,Koppa_BMRd_D (Karnataka),Madikeri_MuthpTmp_D (Karnataka),IND571104AAA → IND577598AAB,0.1775771993568453
IND431122AAA,IND431127AAA,7,7,2.1818181818181817,1.0,44.0,20.0,29.9666,166.0,41.0,0.3779644730092272,7,7,0.00633287095745379,True,Beed_JalnaRd_D (Maharashtra),Georai_Bazarrd_D (Maharashtra),IND431122AAA → IND431127AAA,0.17756501437294958
IND635802AAB,IND635601AAB,10,10,2.0243589743589743,1.0,69.5,38.5,49.8696,433.0,67.0,0.31622776601683794,10,10,0.016518874244442715,True,Ambur_Central_D_2 (Tamil Nadu),Tiruppattur_KoilStrt_D (Tamil Nadu),IND635802AAB → IND635601AAB,0.17755540966441308
IND342902AAA,IND302014AAA,5,5,2.0273972602739727,1.0,458.0,208.0,258.7566,1265.0,85.0,0.4472135954999579,5,5,0.048259528681801465,True,Gotan_DKLogDPP_D (Rajasthan),Jaipur_Hub (Rajasthan),IND342902AAA → IND302014AAA,0.1775464597620454
IND845438AAA,IND845455AAB,15,15,1.837837837837838,1.0,59.0,32.0,38.0659,504.0,50.0,0.2581988897471611,15,15,0.019227511822630782,True,Bettiah_BypassRd_D (Bihar),Narktiganj_Central_DPP_2 (Bihar),IND845438AAA → IND845455AAB,0.17754443093761355
IND509358AAA,IND508248AAB,8,8,2.0655737704918034,1.0,126.5,62.0,86.15950000000001,565.0,20.5,0.35355339059327373,8,8,0.021554651150369825,True,Kadthal_GndhiDPP_D (Telangana),Devarakonda_DindiRD_D (Telangana),IND509358AAA → IND508248AAB,0.17752516555642045
IND160002AAC,IND562132AAA,1,1,2.0300429184549356,1.0,3784.0,1864.0,2500.2145,1920.0,18.0,1.0,1,1,0.0732476640862125,True,Chandigarh_Mehmdpur_H (Punjab),Bangalore_Nelmngla_H (Karnataka),IND160002AAC → IND562132AAA,0.1774643212671415
IND600116AAB,IND602024AAA,10,10,2.0366666666666666,1.0,50.0,22.5,19.36275,352.0,62.5,0.31622776601683794,10,10,0.013428738415805625,True,Chennai_Porur_DPC (Tamil Nadu),Chennai_Vepmpttu_DC (Tamil Nadu),IND600116AAB → IND602024AAA,0.17739617090134385
IND627117AAA,IND629001AAA,11,11,2.0,1.0,62.0,32.0,35.1044,362.0,31.0,0.30151134457776363,11,11,0.013810236666254649,True,Vallior_Radhaprm_D (Tamil Nadu),Nagarcoil_AsrplmRd_DC (Tamil Nadu),IND627117AAA → IND629001AAA,0.1773856944346566
IND575004AAB,IND574211AAA,8,8,2.1160130718954244,1.0,36.0,17.0,24.77365,295.0,52.5,0.35355339059327373,8,8,0.011254198388246192,True,Mangalore_Kuntikna_H (Karnataka),Bantwal_Trmltmpl_D (Karnataka),IND575004AAB → IND574211AAA,0.17735955478039295
IND533201AAA,IND533242AAA,2,2,2.373809523809524,1.0,34.5,14.5,21.0756,40.0,17.0,0.7071067811865475,2,2,0.0015259930017960939,True,Amalapuram_Vijdurg_D (Andhra Pradesh),Razole_Shanthi_D (Andhra Pradesh),IND533201AAA → IND533242AAA,0.17735587738448247
IND263401AAA,IND244713AAA,1,1,2.409090909090909,1.0,53.0,22.0,24.3682,31.0,36.0,1.0,1,1,0.0011826445763919726,True,Kashipur_BajprDPP_D (Uttarakhand),Kashipur_Vaishali_D (Uttarakhand),IND263401AAA → IND244713AAA,0.17732047488639383
IND313324AAA,IND313001AAB,14,14,1.837419056429232,1.0,85.5,47.0,65.0061,636.0,31.0,0.2672612419124244,14,14,0.024263288728557892,True,Rajsamand_kankroli_D (Rajasthan),Udaipur_Mangri_I (Rajasthan),IND313324AAA → IND313001AAB,0.17723242448246754
IND712406AAA,IND712602AAA,3,3,2.3225806451612905,1.0,72.0,31.0,30.8105,104.0,2.0,0.5773502691896258,3,3,0.003967581804669843,True,Khanakul_Ramnagar_D (West Bengal),Arambag_BalibDPP_D (West Bengal),IND712406AAA → IND712602AAA,0.17720494908460593
IND501359AAE,IND500039AAD,6,6,2.1898496240601504,1.0,75.5,35.5,40.2785,250.0,157.5,0.4082482904638631,6,6,0.009537456261225586,True,Hyderabad_Shamshbd_H (Telangana),Hyderabad_Uppal_L (Telangana),IND501359AAE → IND500039AAD,0.17720351915124372
IND507002AAA,IND508213AAB,14,14,1.8604651162790697,1.0,80.0,44.0,63.823899999999995,518.0,112.5,0.2672612419124244,14,14,0.019761609373259416,True,Khammam_NSTRoad_I (Telangana),Suryapet_Krishna_D (Telangana),IND507002AAA → IND508213AAB,0.17719892554791983
IND248001AAD,IND131028AAB,9,9,1.7470817120622568,1.0,449.0,260.0,232.27,1920.0,701.0,0.3333333333333333,9,9,0.0732476640862125,True,Dehradun_Nirjanpur_L (Uttarakhand),Sonipat_Kundli_H (Haryana),IND248001AAD → IND131028AAB,0.17715404458236805
IND160002AAC,IND142001AAB,18,18,1.5420885447687116,1.0,222.0,139.5,170.8485,1402.0,140.0,0.23570226039551587,18,18,0.05348605471295309,True,Chandigarh_Mehmdpur_H (Punjab),Moga_DPC (Punjab),IND160002AAC → IND142001AAB,0.17713003659566828
IND533401AAA,IND533308AAB,1,1,2.382978723404255,1.0,224.0,94.0,125.7543,130.0,37.0,1.0,1,1,0.004959477255837305,True,Tuni_Eaglvari_D (Andhra Pradesh),Mandapeta_Mainrd_D (Andhra Pradesh),IND533401AAA → IND533308AAB,0.17708568169731106
IND501359AAE,IND500050AAA,18,18,1.7166666666666668,1.0,55.0,30.0,34.6816,528.0,111.0,0.23570226039551587,18,18,0.020143107623708436,True,Hyderabad_Shamshbd_H (Telangana),Patancheru_Ameenpur_I (Telangana),IND501359AAE → IND500050AAA,0.1770324747428204
IND641062AAD,IND643217AAA,2,2,2.3325326012354153,1.0,179.0,78.0,81.2425,202.0,114.0,0.7071067811865475,2,2,0.007706264659070273,True,Coimbatore_Karayam_H (Tamil Nadu),Kotagiri_CroslySRT_D (Tamil Nadu),IND641062AAD → IND643217AAA,0.17702800214498074
IND123401AAB,IND123106AAB,10,10,2.0,1.0,98.0,49.0,53.4675,481.0,29.0,0.31622776601683794,10,10,0.018350065846598027,True,Rewari_YuktiDPP_D (Haryana),Dharuhera_Central_DPP_2 (Haryana),IND123401AAB → IND123106AAB,0.17698774861900918
IND603102AAA,IND600056AAB,12,12,1.8656716417910446,1.0,125.0,67.0,73.2681,793.0,30.5,0.2886751345948129,12,12,0.03025281126060756,True,Kalpakkam_Sadras_D (Tamil Nadu),MAA_Poonamallee_HB (Tamil Nadu),IND603102AAA → IND600056AAB,0.17689584597382363
IND425201AAA,IND425508AAB,9,9,2.0555555555555554,1.0,74.0,36.0,41.5698,357.0,21.0,0.3333333333333333,9,9,0.013619487541030137,True,Bhusawal_Samarth_D (Maharashtra),Raver_Truptingr_D (Maharashtra),IND425201AAA → IND425508AAB,0.17683489818524162
IND246701AAA,IND246763AAA,12,12,1.96,1.0,49.0,25.0,34.26049999999999,315.0,19.5,0.2886751345948129,12,12,0.01201719488914424,True,Bijnor_NaginaRd_D (Uttar Pradesh),Najibabad_KotdwrRD_D (Uttar Pradesh),IND246701AAA → IND246763AAA,0.1767978648625695
IND515865AAB,IND515761AAA,18,18,1.734375,1.0,55.0,32.0,39.995900000000006,408.0,10.5,0.23570226039551587,18,18,0.015565128618320156,True,Rayadurgam_RailGate_D (Andhra Pradesh),Kalyandurg_Shankrpa_D (Andhra Pradesh),IND515865AAB → IND515761AAA,0.17677618803272277
IND144040AAA,IND144001AAB,10,10,2.049043062200957,1.0,41.0,19.0,26.6595,211.0,17.0,0.31622776601683794,10,10,0.008049613084474395,True,Nakodar_ChowkDPP_D (Punjab),Jalandhar_DPC (Punjab),IND144040AAA → IND144001AAB,0.1767679733911542
IND851127AAA,IND851112AAB,4,4,2.269230769230769,1.0,59.0,26.0,32.1446,136.0,30.0,0.5,4,4,0.005188376206106719,True,Manjhaul_Purbari_D (Bihar),Barauni_Wardno10_D (Bihar),IND851127AAA → IND851112AAB,0.176720207939879
IND388620AAB,IND388320AAA,13,13,1.8863636363636365,1.0,80.0,44.0,54.4808,498.0,25.0,0.2773500981126146,13,13,0.01899861287236137,True,Khambhat_MotvdDPP_D (Gujarat),Anand_Vaghasi_IP (Gujarat),IND388620AAB → IND388320AAA,0.17671306819721866
IND751002AAB,IND530012AAA,10,10,1.6392812629829665,1.0,557.0,332.5,466.9723,2215.0,111.0,0.31622776601683794,10,10,0.08450186247445869,True,Bhubaneshwar_Hub (Orissa),Visakhapatnam_Gajuwaka_IP (Andhra Pradesh),IND751002AAB → IND530012AAA,0.17662428173874192
IND507111AAA,IND507117AAB,19,19,1.6875,1.0,54.0,31.0,36.1609,436.0,17.0,0.22941573387056174,19,19,0.016633323719577424,True,Bhadrachalam_ITDARd_D (Telangana),Manuguru_AskNagar_D (Telangana),IND507111AAA → IND507117AAB,0.17651118582255015
IND504251AAA,IND504293AAA,2,2,2.340557275541796,1.0,84.0,36.0,40.22205,96.0,8.5,0.7071067811865475,2,2,0.0036623832043106252,True,Bellmpalli_BasthDPP_D (Telangana),Asifabad_PaikjNGR_D (Telangana),IND504251AAA → IND504293AAA,0.17650610183880872
IND302014AAA,IND110037AAM,14,14,1.563856486390951,1.0,353.5,230.5,293.9481,1893.0,171.5,0.2672612419124244,14,14,0.07221761881000013,True,Jaipur_Hub (Rajasthan),Delhi_Airport_H (Delhi),IND302014AAA → IND110037AAM,0.17650060533391035
IND585211AAA,IND585104AAA,3,3,2.27027027027027,1.0,84.0,37.0,47.5274,267.0,428.0,0.5773502691896258,3,3,0.010186003286988925,True,Chittapur_GlbrgaRD_D (Karnataka),Gulbarga_Nehrugnj_I (Karnataka),IND585211AAA → IND585104AAA,0.17645691238729094
IND742226AAA,IND742101AAC,6,6,2.1714285714285713,1.0,77.5,35.5,33.3099,245.0,45.0,0.4082482904638631,6,6,0.009346707136001074,True,Sagardighi_UtBzrDPP_D (West Bengal),Baharampur_Chuanpur_I (West Bengal),IND742226AAA → IND742101AAC,0.17644960735433932
IND110037AAM,IND201301AAF,5,5,2.210526315789474,1.0,84.0,39.0,35.3897,220.0,152.0,0.4472135954999579,5,5,0.008392961509878515,True,Delhi_Airport_H (Delhi),Noida_Sec 02_DPC (Uttar Pradesh),IND110037AAM → IND201301AAF,0.1764364868798856
IND783301AAA,IND783348AAA,11,11,1.96875,1.0,63.0,32.0,43.213300000000004,394.0,41.0,0.30151134457776363,11,11,0.015031031067691523,True,Dhubri_Tetultol_D (Assam),Bilasipara_Wardno5_D (Assam),IND783301AAA → IND783348AAA,0.1764249427297631
IND680587AAA,IND683511AAA,4,4,2.193104514533086,1.0,216.0,98.5,102.19925,474.0,33.5,0.5,4,4,0.01808301707128371,True,Pazhayannur_AlathurRD_D (Kerala),Aluva_Peedika_H (Kerala),IND680587AAA → IND683511AAA,0.17642384923246224
IND573116AAA,IND573142AAA,1,1,2.3773584905660377,1.0,126.0,53.0,53.4551,73.0,19.0,1.0,1,1,0.0027849372282778713,True,Channaraya_patna_D (Karnataka),Ramanathapura_Central_D_2 (Karnataka),IND573116AAA → IND573142AAA,0.17641961266284245
IND425406AAA,IND425409AAA,1,1,2.3823529411764706,1.0,81.0,34.0,49.345699999999994,47.0,9.0,1.0,1,1,0.00179304177711041,True,Shindkheda_KakaCplx_D (Maharashtra),Shahada_Nandrbar_D (Maharashtra),IND425406AAA → IND425409AAA,0.1764089925200249
IND414302AAB,IND411033AAA,2,2,2.311134648484046,1.0,200.0,87.0,111.87360000000001,226.0,133.5,0.7071067811865475,2,2,0.008621860460147929,True,Parner_Hindcwk_D (Maharashtra),Pune_Tathawde_H (Maharashtra),IND414302AAB → IND411033AAA,0.1763865587337144
IND110044AAB,IND201301AAF,12,12,1.9600840336134455,1.0,30.0,13.5,12.7,262.0,38.0,0.2886751345948129,12,12,0.009995254161764415,True,Del_Okhla_PC (Delhi),Noida_Sec 02_DPC (Uttar Pradesh),IND110044AAB → IND201301AAF,0.17638452362388993
IND466001AAA,IND466116AAA,15,15,1.8275862068965518,1.0,60.0,32.0,43.0466,404.0,8.0,0.2581988897471611,15,15,0.015412529318140546,True,Sehore_Mangalam_D (Madhya Pradesh),Ashta_ShantiNg_D (Madhya Pradesh),IND466001AAA → IND466116AAA,0.1763606984271662
IND424006AAA,IND424101AAA,8,8,2.0634615384615387,1.0,81.5,39.5,58.3497,424.0,17.0,0.35355339059327373,8,8,0.016175525819038594,True,Dhule_MIDCAvdn_I (Maharashtra),Chalisgaon_BhadgDPP_D (Maharashtra),IND424006AAA → IND424101AAA,0.17633490921829548
IND768216AAA,IND770001AAA,5,5,2.2058823529411766,1.0,75.0,35.0,40.3535,222.0,7.0,0.4472135954999579,5,5,0.00846926115996832,True,Brajrajnagar_LamtiDPP_D (Orissa),Sundargarh_DiyoDPP_D (Orissa),IND768216AAA → IND770001AAA,0.1762720539473182
IND503111AAC,IND501359AAE,13,13,1.6666666666666667,1.0,230.0,134.0,182.30169999999998,1515.0,76.0,0.2773500981126146,13,13,0.05779698494302705,True,Kamareddy_Devenply_I (Telangana),Hyderabad_Shamshbd_H (Telangana),IND503111AAC → IND501359AAE,0.17618436702101709
IND852201AAA,IND852131AAA,1,1,2.375,1.0,76.0,32.0,34.7826,44.0,23.0,1.0,1,1,0.0016785923019757031,True,Saharsa_Gangjala_D (Bihar),Supaul_SadrHsptl_D (Bihar),IND852201AAA → IND852131AAA,0.17610016791439215
IND144001AAA,IND144040AAA,16,16,1.8,1.0,36.0,20.0,25.8463,330.0,32.0,0.25,16,16,0.012589442264817773,True,Jalandhar_DC (Punjab),Nakodar_ChowkDPP_D (Punjab),IND144001AAA → IND144040AAA,0.17604220763380296
IND641607AAA,IND641654AAA,11,11,2.0,1.0,32.0,16.0,18.1842,191.0,97.0,0.30151134457776363,11,11,0.007286616583576347,True,Tirupur_Koliplm_I (Tamil Nadu),Avinashi_Valluvar_D (Tamil Nadu),IND641607AAA → IND641654AAA,0.17604156615293987
IND250611AAA,IND247776AAA,11,11,1.96875,1.0,63.0,32.0,39.574600000000004,340.0,16.0,0.30151134457776363,11,11,0.012970940515266796,True,Baraut_SrnprHwy_D (Uttar Pradesh),Shamli_KarnalRd_D (Uttar Pradesh),IND250611AAA → IND247776AAA,0.1760004811671157
IND518401AAA,IND518422AAB,12,12,1.9416666666666669,1.0,46.5,24.0,35.061099999999996,304.0,14.5,0.2886751345948129,12,12,0.011597546813650312,True,Nandikotkr_UmarDPP_D (Andhra Pradesh),Atmakur_IndraNgr_D (Andhra Pradesh),IND518401AAA → IND518422AAB,0.17600019357362665
IND313001AAB,IND311001AAA,1,1,2.346774193548387,1.0,291.0,124.0,164.6667,167.0,395.0,1.0,1,1,0.0063710207824986915,True,Udaipur_Mangri_I (Rajasthan),Bhilwara_DC (Rajasthan),IND313001AAB → IND311001AAA,0.17597203039972273
IND530026AAA,IND531036AAA,4,4,2.232621951219512,1.0,90.5,40.5,43.7453,214.0,19.0,0.5,4,4,0.008164062559609102,True,Vizag_Gajuwaka (Andhra Pradesh),Chodavaram_BaljiDPP_D (Andhra Pradesh),IND530026AAA → IND531036AAA,0.1759131494216954
IND814112AAA,IND814133AAA,2,2,2.3146103896103893,1.0,128.5,55.5,79.64875,146.0,35.0,0.7071067811865475,2,2,0.005569874456555743,True,Deoghar_Barmasia_D (Jharkhand),Godda_PushPlza_D (Jharkhand),IND814112AAA → IND814133AAA,0.17589256157412528
IND125001AAA,IND125047AAB,7,7,2.1176470588235294,1.0,73.0,35.0,42.0326,264.0,82.0,0.3779644730092272,7,7,0.010071553811854218,True,Hisar_ModelTwn_P (Haryana),Hisar_AgrohDPP_D (Haryana),IND125001AAA → IND125047AAB,0.1758459364924379
IND793001AAA,IND793150AAA,2,2,2.3171497584541063,1.0,105.5,45.5,64.7158,120.0,42.5,0.7071067811865475,2,2,0.004577979005388281,True,Shillong (Meghalaya),Jowai_Ldthlabh_D (Meghalaya),IND793001AAA → IND793150AAA,0.1757867011903575
IND845455AAB,IND845418AAB,3,3,2.241758241758242,1.0,204.0,91.0,113.3441,320.0,33.0,0.5773502691896258,3,3,0.012207944014368751,True,Narktiganj_Central_DPP_2 (Bihar),Dhaka_PchpkrRD_D (Bihar),IND845455AAB → IND845418AAB,0.17576744347904272
IND384355AAB,IND384205AAA,1,1,2.3666666666666667,1.0,71.0,30.0,33.387699999999995,41.0,175.0,1.0,1,1,0.001564142826840996,True,Vadnagar_BsstdDPP_D (Gujarat),Mehsana_Panchot_IP (Gujarat),IND384355AAB → IND384205AAA,0.1757533108543983
IND506143AAA,IND506167AAB,16,16,1.8180147058823528,1.0,30.0,17.0,25.2461,204.0,32.5,0.25,16,16,0.007782564309160078,True,Ghanpur_Palakrty_D (Telangana),Jangaon_Hanmkond_D (Telangana),IND506143AAA → IND506167AAB,0.17575064366984344
IND261201AAB,IND261001AAA,19,19,1.6140350877192982,1.0,87.0,55.0,69.0065,700.0,26.0,0.22941573387056174,19,19,0.026704877531431644,True,Biswan_PatelNGR_D (Uttar Pradesh),Sitapur_Chowk_D (Uttar Pradesh),IND261201AAB → IND261001AAA,0.17573639929801355
IND584128AAA,IND583121AAA,2,2,2.3279220779220777,1.0,50.0,21.5,32.51085,57.0,20.5,0.7071067811865475,2,2,0.0021745400275594334,True,Sindhanur_VasaviNg_D (Karnataka),Siruguppa_Wrd12DPP_D (Karnataka),IND584128AAA → IND583121AAA,0.17570938773743444
IND786181AAC,IND786001AAB,14,14,1.6614518147684605,1.0,194.0,110.0,126.0135,1300.0,24.5,0.2672612419124244,14,14,0.04959477255837305,True,Margherita_CivilHPL_D (Assam),Dibrugarh_Bokule_H (Assam),IND786181AAC → IND786001AAB,0.17562541421391464
IND530012AAC,IND501359AAE,1,1,2.260969976905312,1.0,979.0,433.0,615.1456000000001,546.0,93.0,1.0,1,1,0.02082980447451668,True,Vizag_Gajuwaka_L (Andhra Pradesh),Hyderabad_Shamshbd_H (Telangana),IND530012AAC → IND501359AAE,0.1756225098850296
IND000000AAZ,IND444303AAA,1,1,2.3529411764705883,1.0,160.0,68.0,93.7069,92.0,14.0,1.0,1,1,0.0035097839041310155,True,Buldhana_Thsil3PL_D (Maharashtra),Khamgaon_WamanDPP_D (Maharashtra),IND000000AAZ → IND444303AAA,0.17562173685806606
IND600116AAB,IND600056AAB,3,3,2.28,1.0,57.0,27.0,32.2173,110.0,23.0,0.5773502691896258,3,3,0.004196480754939258,True,Chennai_Porur_DPC (Tamil Nadu),MAA_Poonamallee_HB (Tamil Nadu),IND600116AAB → IND600056AAB,0.17560027610781936
IND781018AAB,IND784168AAB,1,1,2.3122171945701355,1.0,511.0,221.0,299.235,290.0,139.0,1.0,1,1,0.01106344926302168,True,Guwahati_Hub (Assam),Gohpur_Central_D_1 (Assam),IND781018AAB → IND784168AAB,0.1755982862784165
IND000000AFT,IND400072AAB,10,10,2.026315789473684,1.0,37.5,18.0,21.1386,174.0,60.5,0.31622776601683794,10,10,0.0066380695578130075,True,Mumbai_Sanpada_I (Maharashtra),Mumbai Hub (Maharashtra),IND000000AFT → IND400072AAB,0.1755954771747414
IND811399AAA,IND209304AAA,10,10,1.6218515413634111,1.0,526.0,324.0,444.96865,2169.0,45.5,0.31622776601683794,10,10,0.08274697052239319,True,Noida_Sector02_C (Uttar Pradesh),Kanpur_Central_H_6 (Uttar Pradesh),IND811399AAA → IND209304AAA,0.17558655037669874
IND382430AAB,IND384205AAA,20,20,1.4731792717086836,0.95,128.5,85.5,101.61975000000001,1842.0,164.5,0.22360679774997896,19,19,0.07027197773271013,True,Ahmedabad_East_H_1 (Gujarat),Mehsana_Panchot_IP (Gujarat),IND382430AAB → IND384205AAA,0.17558207439961712
IND303106AAA,IND302014AAA,2,2,2.3049360689860245,1.0,133.5,58.0,78.3123,151.0,32.0,0.7071067811865475,2,2,0.005760623581780254,True,Paota_SmClyDPP_D (Rajasthan),Jaipur_Hub (Rajasthan),IND303106AAA → IND302014AAA,0.17555656664989394
IND562132AAA,IND600056AAB,14,14,1.4994631993319814,1.0,471.5,322.0,358.3767,2084.0,236.5,0.2672612419124244,14,14,0.07950423539357648,True,Bangalore_Nelmngla_H (Karnataka),MAA_Poonamallee_HB (Tamil Nadu),IND562132AAA → IND600056AAB,0.17550392615553967
IND577201AAA,IND577432AAA,1,1,2.3555555555555556,1.0,106.0,45.0,62.0251,61.0,12.0,1.0,1,1,0.0023271393277390427,True,Shimoga_DC (Karnataka),Thirthahalli_NadthiCx_D (Karnataka),IND577201AAA → IND577432AAA,0.1754794843578054
IND335051AAA,IND335513AAA,10,10,2.071105072463768,0.9,195.0,96.0,109.71525,1210.0,144.5,0.31622776601683794,9,9,0.04616128830433183,True,RaisingNgr_BisnolDPP_D (Rajasthan),Hanumangarh_DC (Rajasthan),IND335051AAA → IND335513AAA,0.17547636614653295
IND712103AAA,IND712124AAA,1,1,2.3636363636363638,1.0,26.0,11.0,11.4154,15.0,77.0,1.0,1,1,0.0005722473756735352,True,Hoogly_Bandel_D (West Bengal),Hooghly_DC (West Bengal),IND712103AAA → IND712124AAA,0.17543138561344873
IND416510AAA,IND416606AAA,14,14,1.7913043478260868,1.0,96.5,49.0,52.633300000000006,626.0,20.0,0.2672612419124244,14,14,0.02388179047810887,True,Sawantwadi_LaxmiNgr_D (Maharashtra),Malvan_BllvMarg_D (Maharashtra),IND416510AAA → IND416606AAA,0.1753648878280558
IND723101AAA,IND723202AAA,14,14,1.8046558704453441,1.0,70.0,38.0,46.3378,552.0,22.0,0.2672612419124244,14,14,0.021058703424786093,True,Purulia_GariDPP_D (West Bengal),Jhalda_GMukrDPP_D (West Bengal),IND723101AAA → IND723202AAA,0.17530116527740353
IND413002AAA,IND413501AAA,21,21,1.553191489361702,1.0,74.0,47.0,64.6965,602.0,37.0,0.2182178902359924,21,21,0.02296619467703121,True,Solapur_Central_I_2 (Maharashtra),Osmanabad_Kakdepot_D (Maharashtra),IND413002AAA → IND413501AAA,0.17527243482721672
IND756019AAA,IND757025AAA,8,8,2.080409356725146,1.0,38.5,19.0,26.4421,199.0,746.5,0.35355339059327373,8,8,0.0075918151839355665,True,Balasore_Ganeshwr_D (Orissa),Betnoti_MhliaDPP_D (Orissa),IND756019AAA → IND757025AAA,0.17522377784105408
IND600008AAC,IND600004AAA,1,1,2.357142857142857,1.0,33.0,14.0,13.2347,19.0,140.0,1.0,1,1,0.0007248466758531445,True,Chennai_Egmore_DPC (Tamil Nadu),Chennai_Mylapore (Tamil Nadu),IND600008AAC → IND600004AAA,0.17521092394153723
IND515301AAA,IND561202AAB,16,16,1.7886029411764706,1.0,29.5,16.0,17.392400000000002,247.0,10.0,0.25,16,16,0.009423006786090878,True,Madakasira_RTCStand_D (Andhra Pradesh),Pavagada_PnukndRD_D (Karnataka),IND515301AAA → IND561202AAB,0.17494766720926808
IND505503AAA,IND506164AAA,1,1,2.3421052631578947,1.0,89.0,38.0,55.3318,51.0,19.0,1.0,1,1,0.0019456410772900196,True,Mahadevpur_Kataram_D (Telangana),Parkal_AmbedDPP_D (Telangana),IND505503AAA → IND506164AAA,0.1748791017803305
IND223101AAB,IND222125AAB,7,7,2.107142857142857,1.0,56.0,26.0,29.035600000000002,187.0,39.0,0.3779644730092272,7,7,0.007134017283396739,True,Shahganj_KcharaRD_D (Uttar Pradesh),Badlapur_Bhaluahi_D (Uttar Pradesh),IND223101AAB → IND222125AAB,0.17483319516326012
IND560060AAB,IND562132AAA,19,19,1.6206896551724137,1.0,52.0,30.0,27.7066,544.0,29.0,0.22941573387056174,19,19,0.020753504824426876,True,Bengaluru_Kengeri_IP (Karnataka),Bangalore_Nelmngla_H (Karnataka),IND560060AAB → IND562132AAA,0.17476832832953337
IND852118A1B,IND854326AAB,1,1,2.328358208955224,1.0,156.0,67.0,90.165,89.0,419.0,1.0,1,1,0.003395334428996309,True,IND852118A1B,Purnia_Central_H_2 (Bihar),IND852118A1B → IND854326AAB,0.17464450605825207
IND500039AAD,IND501359AAE,8,8,2.030011655011655,1.0,84.0,43.5,42.0263,374.0,266.0,0.35355339059327373,8,8,0.014268034566793477,True,Hyderabad_Uppal_L (Telangana),Hyderabad_Shamshbd_H (Telangana),IND500039AAD → IND501359AAE,0.17464426446387712
IND388220AAA,IND388320AAA,14,14,1.819397993311037,1.0,46.0,24.0,27.21575,390.0,40.0,0.2672612419124244,14,14,0.014878431767511914,True,Umreth_Dakor_DC (Gujarat),Anand_Vaghasi_IP (Gujarat),IND388220AAA → IND388320AAA,0.17459967328683743
IND242307AAB,IND207247AAB,5,5,2.063380281690141,1.0,293.0,144.0,137.1185,708.0,30.0,0.4472135954999579,5,5,0.027010076131790857,True,Tilhar_SingCLNY_D (Uttar Pradesh),Aliganj_KaimgnjRD_D (Uttar Pradesh),IND242307AAB → IND207247AAB,0.17456411041950967
IND560048AAB,IND562132AAA,17,17,1.8936170212765957,0.8823529411764706,89.0,49.0,38.7785,1004.0,52.0,0.24253562503633297,15,15,0.03830242434508196,True,Bengaluru_Hoodi_IP (Karnataka),Bangalore_Nelmngla_H (Karnataka),IND560048AAB → IND562132AAA,0.17454043900946978
IND560043AAC,IND562132AAA,16,16,1.978488372093023,0.875,81.5,42.0,32.2888,845.0,33.5,0.25,14,14,0.03223660216294248,True,HBR Layout PC (Karnataka),Bangalore_Nelmngla_H (Karnataka),IND560043AAC → IND562132AAA,0.17451443116048868
IND243001AAA,IND243503AAB,13,13,1.8387096774193548,1.0,62.0,32.0,42.051,450.0,83.0,0.2773500981126146,13,13,0.017167421270206054,True,Bareilly_Central_D_2 (Uttar Pradesh),Faridpur_ShjnprRD_D (Uttar Pradesh),IND243001AAA → IND243503AAB,0.17448712407137557
IND411033AAA,IND416012AAA,13,13,1.5462555066079295,1.0,360.0,223.0,255.7328,1893.0,254.0,0.2773500981126146,13,13,0.07221761881000013,True,Pune_Tathawde_H (Maharashtra),Kolhapur_Shivaji_I (Maharashtra),IND411033AAA → IND416012AAA,0.17448447537106326
IND416012AAA,IND415003AAA,8,8,1.952127659574468,1.0,183.5,94.0,124.1006,735.0,202.5,0.35355339059327373,8,8,0.028040121408003223,True,Kolhapur_Shivaji_I (Maharashtra),Satara_DC (Maharashtra),IND416012AAA → IND415003AAA,0.17446050672220811
IND413307AAC,IND413002AAA,1,1,2.3205128205128207,1.0,181.0,78.0,113.0614,103.0,11.0,1.0,1,1,0.003929431979624941,True,Sangola_Central_DPP_3 (Maharashtra),Solapur_Central_I_2 (Maharashtra),IND413307AAC → IND413002AAA,0.17445020468313
IND403726AAA,IND416510AAA,4,4,2.1517857142857144,1.0,194.0,100.0,105.44375,426.0,78.0,0.5,4,4,0.0162518254691284,True,Goa_Hub (Goa),Sawantwadi_LaxmiNgr_D (Maharashtra),IND403726AAA → IND416510AAA,0.17444366557330965
IND488001AAA,IND471001AAA,4,4,2.1914893617021276,1.0,103.0,46.5,67.27365,225.0,11.0,0.5,4,4,0.008583710635103027,True,Panna_Mohnprwa_D (Madhya Pradesh),Chhatarpur_Busstand_D (Madhya Pradesh),IND488001AAA → IND471001AAA,0.1744039530138432
IND641008AAA,IND641011AAA,1,1,2.3333333333333335,1.0,35.0,15.0,11.227799999999998,20.0,19.0,1.0,1,1,0.0007629965008980469,True,Cjb_Kovaipudur_Dc (Tamil Nadu),Cjb_West_Dc (Tamil Nadu),IND641008AAA → IND641011AAA,0.17429513902064847
IND680587AAA,IND68004AAA,10,10,1.9390243902439024,1.0,75.5,41.0,42.495999999999995,437.0,27.0,0.31622776601683794,10,10,0.016671473544622326,True,Pazhayannur_AlathurRD_D (Kerala),Thrissur_Poothole_D (Kerala),IND680587AAA → IND68004AAA,0.17427645791235463
IND000000ACB,IND282002AAD,9,9,1.8125,1.0,261.0,145.0,198.5401,1231.0,163.0,0.3333333333333333,9,9,0.04696243463027479,True,Gurgaon_Bilaspur_HB (Haryana),IND282002AAD,IND000000ACB → IND282002AAD,0.17427600787033776
IND274001AAA,IND274509AAB,13,13,1.8461538461538463,1.0,46.0,25.0,29.4045,386.0,39.0,0.2773500981126146,13,13,0.014725832467332304,True,Deoria_CCRoad_D (Uttar Pradesh),Salempur_Banjaria_D (Uttar Pradesh),IND274001AAA → IND274509AAB,0.1742728409234489
IND302014AAA,IND306401AAB,2,2,2.193711551606288,1.0,495.0,227.0,315.13365,536.0,234.5,0.7071067811865475,2,2,0.020448306224067656,True,Jaipur_Hub (Rajasthan),Pali_Nayagaon_I (Rajasthan),IND302014AAA → IND306401AAB,0.17426807617488693
IND504293AAA,IND505001AAB,7,7,1.9576271186440677,1.0,250.0,119.0,147.7072,852.0,56.0,0.3779644730092272,7,7,0.0325036509382568,True,Asifabad_PaikjNGR_D (Telangana),Karimnagar_KamnHbRD_I (Telangana),IND504293AAA → IND505001AAB,0.17426018119254064
IND627756AAA,IND626117AAA,17,17,1.7142857142857142,1.0,48.0,28.0,31.2303,356.0,32.0,0.24253562503633297,17,17,0.013581337715985235,True,Sankaran_Kovil_D (Tamil Nadu),Rajpalayam_AshkTalk_D (Tamil Nadu),IND627756AAA → IND626117AAA,0.17425478819644236
IND607001AAA,IND608001AAA,11,11,1.9259259259259258,1.0,53.0,27.0,39.5553,327.0,15.0,0.30151134457776363,11,11,0.012474992789683066,True,Cuddalore_KtsiGrsm_D (Tamil Nadu),Chidambaram_ARBNorth_DC (Tamil Nadu),IND607001AAA → IND608001AAA,0.17423701724047583
IND752050AAA,IND752056AAA,1,1,2.3333333333333335,1.0,14.0,6.0,9.6907,8.0,8.0,1.0,1,1,0.00030519860035921873,True,Khurdha_JatniDPP_D (Orissa),Khurdha_MdhsnDPP_D (Orissa),IND752050AAA → IND752056AAA,0.17420081422894906
IND600116AAB,IND600056AAA,3,3,2.25,1.0,27.0,12.0,13.5691,80.0,21.0,0.5773502691896258,3,3,0.0030519860035921878,True,Chennai_Porur_DPC (Tamil Nadu),Chennai_Poonamallee (Tamil Nadu),IND600116AAB → IND600056AAA,0.17420067102512254
IND140118AAA,IND160002AAC,17,17,1.5636363636363637,1.0,172.0,103.0,103.1908,1092.0,38.0,0.24253562503633297,17,17,0.04165960894903336,True,AnandprShb_PnjPiara_D (Punjab),Chandigarh_Mehmdpur_H (Punjab),IND140118AAA → IND160002AAC,0.17419588624318416
IND322201AAA,IND302014AAB,2,2,2.256019151846785,1.0,193.0,85.5,123.66555,215.0,14.5,0.7071067811865475,2,2,0.008202212384654003,True,Gangapur_Ward6DPP_D (Rajasthan),Jaipur_Central_I_7 (Rajasthan),IND322201AAA → IND302014AAB,0.1741619931786709
IND533201AAA,IND533262AAA,9,9,1.9736842105263157,1.0,75.0,39.0,46.4761,420.0,39.0,0.3333333333333333,9,9,0.016022926518858983,True,Amalapuram_Vijdurg_D (Andhra Pradesh),Draksharamam_Anaipeta_D (Andhra Pradesh),IND533201AAA → IND533262AAA,0.17415405978449477
IND562132AAA,IND560078AAC,25,25,1.6666666666666667,0.88,63.0,36.0,36.3929,741.0,62.0,0.2,22,22,0.028269020358272636,True,Bangalore_Nelmngla_H (Karnataka),BLR_JPNagar_Pc (Karnataka),IND562132AAA → IND560078AAC,0.17410041795640463
IND474003AAA,IND475661AAB,1,1,2.311688311688312,1.0,178.0,77.0,108.6831,101.0,109.0,1.0,1,1,0.0038531323295351366,True,Gwalior_HrihrNgr_I (Madhya Pradesh),Datia_TownDPP_D (Madhya Pradesh),IND474003AAA → IND475661AAB,0.17409215380080403
IND848210AAA,IND851127AAA,17,17,1.8461538461538463,0.9411764705882353,48.0,26.0,29.0169,432.0,24.0,0.24253562503633297,16,16,0.016480724419397814,True,Rusera_Wardno4_D (Bihar),Manjhaul_Purbari_D (Bihar),IND848210AAA → IND851127AAA,0.17408539968378686
IND781001AAA,IND781018AAB,10,10,2.4474474474474475,0.8,88.5,36.5,28.430099999999996,447.0,43.5,0.31622776601683794,8,8,0.017052971795071346,True,Guwahati_UzanBazr_DC (Assam),Guwahati_Hub (Assam),IND781001AAA → IND781018AAB,0.1740783701590233
IND610001AAA,IND614715AAA,17,17,1.72,1.0,43.0,24.0,27.391199999999998,302.0,17.0,0.24253562503633297,17,17,0.011521247163560507,True,Thiruvarur_Bypasrd_D (Tamil Nadu),Thirthurpondi_Madaprum_D (Tamil Nadu),IND610001AAA → IND614715AAA,0.17405200151064226
IND501359AAE,IND508252AAB,7,7,2.0434782608695654,1.0,94.0,47.0,70.19239999999999,400.0,298.0,0.3779644730092272,7,7,0.015259930017960936,True,Hyderabad_Shamshbd_H (Telangana),Choutuppal_Nagaram_D (Telangana),IND501359AAE → IND508252AAB,0.17403771294670228
IND413709AAA,IND423701AAB,3,3,2.230769230769231,1.0,87.0,39.0,36.6051,148.0,27.0,0.5773502691896258,3,3,0.005646174106645547,True,Shrirampur_DavkharRd_D (Maharashtra),Vaijiapur_YeolaRD_D (Maharashtra),IND413709AAA → IND423701AAB,0.17398915695792677
IND515004AAA,IND515671AAA,13,13,1.775,1.0,60.0,32.0,41.6642,700.0,96.0,0.2773500981126146,13,13,0.026704877531431644,True,Anantapur_KamaStrt_I (Andhra Pradesh),Dharmavram_SaiNgr_D (Andhra Pradesh),IND515004AAA → IND515671AAA,0.17398072779166146
IND562159AAA,IND562117AAA,11,11,1.9259259259259258,1.0,52.0,27.0,28.581599999999998,290.0,29.0,0.30151134457776363,11,11,0.01106344926302168,True,Ramanagara_BMRd_DC (Karnataka),Kanakapura_VaniThtr_D (Karnataka),IND562159AAA → IND562117AAA,0.17394618246606927
IND600032AAB,IND600044AAD,16,16,2.0954545454545457,0.875,22.0,11.0,10.0077,192.0,29.5,0.25,14,14,0.0073247664086212505,True,Chennai_Hub (Tamil Nadu),Chennai_Chrompet_DPC (Tamil Nadu),IND600032AAB → IND600044AAD,0.17391907127534117
IND160002AAC,IND000000ACA,28,28,1.420807453416149,0.8928571428571429,125.5,91.0,128.72305,1257.0,153.5,0.1889822365046136,25,25,0.047954330081442245,True,Chandigarh_Mehmdpur_H (Punjab),Ludhiana_MilrGanj_HB (Punjab),IND160002AAC → IND000000ACA,0.17390445639185484
IND425405AAA,IND425409AAA,1,1,2.3137254901960786,1.0,118.0,51.0,66.9735,67.0,25.0,1.0,1,1,0.002556038278008457,True,Shirpur_KrantiNgr_D (Maharashtra),Shahada_Nandrbar_D (Maharashtra),IND425405AAA → IND425409AAA,0.17390392870091675
IND411033AAA,IND501359AAE,11,11,1.4166666666666667,1.0,791.0,564.0,704.8637,2794.0,231.0,0.30151134457776363,11,11,0.10659061117545715,True,Pune_Tathawde_H (Maharashtra),Hyderabad_Shamshbd_H (Telangana),IND411033AAA → IND501359AAE,0.1738728752075778
IND515134AAA,IND515201AAA,15,15,1.7142857142857142,1.0,96.0,55.0,62.6459,643.0,24.0,0.2581988897471611,15,15,0.024530337503872207,True,Puttaprthi_Gokulam_D (Andhra Pradesh),Hindupur_Parigi_D (Andhra Pradesh),IND515134AAA → IND515201AAA,0.17384405613125345
IND515004AAA,IND515401AAB,17,17,1.8108108108108107,0.9411764705882353,67.0,39.0,53.524100000000004,575.0,79.0,0.24253562503633297,16,16,0.021936149400818845,True,Anantapur_KamaStrt_I (Andhra Pradesh),Gooty_StatonRd_D (Andhra Pradesh),IND515004AAA → IND515401AAB,0.17383837075863315
IND209304AAA,IND282001AAA,9,9,1.9737827715355805,0.8888888888888888,463.0,229.0,323.7756,1792.0,125.0,0.3333333333333333,8,8,0.068364486480465,True,Kanpur_Central_H_6 (Uttar Pradesh),Agra_Idgah_P (Uttar Pradesh),IND209304AAA → IND282001AAA,0.17383124001177885
IND508248AAB,IND508377AAB,15,15,1.7647058823529411,1.0,58.0,33.0,48.4404,392.0,10.0,0.2581988897471611,15,15,0.01495473141760172,True,Devarakonda_DindiRD_D (Telangana),Haliya_PeroorRD_D (Telangana),IND508248AAB → IND508377AAB,0.17382705070058532
IND486001AAA,IND486771AAA,2,2,2.259746835443038,1.0,138.5,64.5,63.30105,148.0,46.0,0.7071067811865475,2,2,0.005646174106645547,True,Rewa_Dc (Madhya Pradesh),Churhat_Central_DPP_1 (Madhya Pradesh),IND486001AAA → IND486771AAA,0.17377995484038772
IND303603AAB,IND302014AAB,6,6,2.4439473684210524,0.8333333333333334,184.5,75.5,73.90755,679.0,24.5,0.4082482904638631,5,5,0.02590373120548869,True,Renwal_ChomuRD_D (Rajasthan),Jaipur_Central_I_7 (Rajasthan),IND303603AAB → IND302014AAB,0.17376620387079728
IND754022AAA,IND751002AAB,2,2,2.2623076923076924,1.0,115.5,51.0,69.20005,129.0,14.0,0.7071067811865475,2,2,0.004921327430792402,True,Tangi_SriDPP_D (Orissa),Bhubaneshwar_Hub (Orissa),IND754022AAA → IND751002AAB,0.17372995083879705
IND503187AAA,IND503122AAA,20,20,1.6,1.0,40.0,25.0,28.482750000000003,326.0,19.0,0.22360679774997896,20,20,0.012436842964638165,True,Banswada_Menagrdn_D (Telangana),Yellareddy_JKRoad_D (Telangana),IND503187AAA → IND503122AAA,0.173585478680248
IND785001AAA,IND785112AAC,3,3,2.235294117647059,1.0,40.0,18.0,27.0021,72.0,388.0,0.5773502691896258,3,3,0.002746787403232969,True,Jorhat_RicMilRd_D (Assam),Teok_Wardno3_D (Assam),IND785001AAA → IND785112AAC,0.17356730101524048
IND821307AAA,IND824101AAA,8,8,2.0476190476190474,1.0,39.0,19.5,29.06405,148.0,45.0,0.35355339059327373,8,8,0.005646174106645547,True,DehriSone_Dilliyan_D (Bihar),AurngbadBR_Mahindra_D (Bihar),IND821307AAA → IND824101AAA,0.1735508596230777
IND301001AAB,IND321001AAB,13,13,1.7647058823529411,1.0,114.0,64.0,74.3106,694.0,66.0,0.2773500981126146,13,13,0.026475978581162227,True,Alwar_Central_I_1 (Rajasthan),Bharatpur_NraynDPP_D (Rajasthan),IND301001AAB → IND321001AAB,0.1735342246250207
IND000000ACB,IND110095AAB,36,36,1.6544705294705295,0.5277777777777778,150.5,93.0,93.24334999999999,3344.0,136.5,0.16666666666666666,19,19,0.12757301495015344,True,Gurgaon_Bilaspur_HB (Haryana),Delhi_Jhilmil_L (Delhi),IND000000ACB → IND110095AAB,0.17353235578839543
IND600056AAB,IND524003AAA,14,14,1.6041112658815584,1.0,241.5,149.0,196.61575,1311.0,201.0,0.2672612419124244,14,14,0.05001442063386698,True,MAA_Poonamallee_HB (Tamil Nadu),Nellore_DC (Andhra Pradesh),IND600056AAB → IND524003AAA,0.17348746076155525
IND160002AAC,IND110037AAM,9,9,1.7659574468085106,1.0,334.0,185.0,234.34890000000001,1353.0,171.0,0.3333333333333333,9,9,0.05161671328575287,True,Chandigarh_Mehmdpur_H (Punjab),Delhi_Airport_H (Delhi),IND160002AAC → IND110037AAM,0.17342944650524417
IND000000AFJ,IND695572AAB,1,1,2.3076923076923075,1.0,60.0,26.0,22.778100000000002,34.0,43.0,1.0,1,1,0.0012970940515266798,True,Trivandrum_Pettah_D (Kerala),Kallikkad_Mutyvila_D (Kerala),IND000000AFJ → IND695572AAB,0.17341048965075223
IND470004AAA,IND470113AAA,2,2,2.25,1.0,130.5,58.0,83.0513,145.0,27.0,0.7071067811865475,2,2,0.00553172463151084,True,Sagar_Bahreya_I (Madhya Pradesh),Bina_Srvdycwk_D (Madhya Pradesh),IND470004AAA → IND470113AAA,0.17337826364682773
IND562132AAA,IND560043AAC,22,22,1.8199233716475094,0.8636363636363636,61.5,35.0,28.5789,608.0,65.5,0.21320071635561041,19,19,0.023195093627300625,True,Bangalore_Nelmngla_H (Karnataka),HBR Layout PC (Karnataka),IND562132AAA → IND560043AAC,0.1733639244225028
IND000000ACA,IND144001AAB,17,17,1.6382978723404256,1.0,79.0,48.0,69.4616,616.0,67.0,0.24253562503633297,17,17,0.023500292227659845,True,Ludhiana_MilrGanj_HB (Punjab),Jalandhar_DPC (Punjab),IND000000ACA → IND144001AAB,0.1733506878032016
IND414001AAA,IND411033AAA,1,1,2.2831858407079646,1.0,258.0,113.0,155.23860000000002,145.0,45.0,1.0,1,1,0.00553172463151084,True,AhmedNagar_DC (Maharashtra),Pune_Tathawde_H (Maharashtra),IND414001AAA → IND411033AAA,0.17333231206509647
IND305404AAA,IND305001AAC,1,1,2.2888888888888888,1.0,206.0,90.0,99.3472,116.0,52.0,1.0,1,1,0.004425379705208672,True,Kekri_LxmntDPP_D (Rajasthan),Ajmer_FoySGRRD_I (Rajasthan),IND305404AAA → IND305001AAC,0.1733255994232093
IND503122AAA,IND502110AAA,19,19,1.5945945945945945,1.0,58.0,36.0,40.4659,488.0,11.0,0.22941573387056174,19,19,0.01861711462191234,True,Yellareddy_JKRoad_D (Telangana),Medak_Dwaraka_D (Telangana),IND503122AAA → IND502110AAA,0.17331583758378505
IND581334AAA,IND581343AAC,2,2,2.2656641604010024,1.0,45.0,20.0,21.346899999999998,50.0,5.5,0.7071067811865475,2,2,0.001907491252245117,True,Honnavar_Prbhtngr_D (Karnataka),Kumta_Central_DPP_2 (Karnataka),IND581334AAA → IND581343AAC,0.17323918710740716
IND160002AAC,IND147001AAD,7,7,2.0526315789473686,1.0,71.0,37.0,50.863,253.0,125.0,0.3779644730092272,7,7,0.009651905736360293,True,Chandigarh_Mehmdpur_H (Punjab),Patiala_GainMrkt_L (Punjab),IND160002AAC → IND147001AAD,0.17323731986347157
IND614018AAA,IND613104AAA,10,10,1.8837740384615385,1.0,121.5,64.0,68.37475,572.0,6.5,0.31622776601683794,10,10,0.02182169992568414,True,Mannargudi_Vadasari_D (Tamil Nadu),Thirukkatupli_Poondi_D (Tamil Nadu),IND614018AAA → IND613104AAA,0.1731942792067262
IND431136AAC,IND431112AAB,1,1,2.282828282828283,1.0,226.0,99.0,141.9929,127.0,321.0,1.0,1,1,0.004845027780702598,True,Aurangabad_Central_H_1 (Maharashtra),Sillod_ZebaTWR_D (Maharashtra),IND431136AAC → IND431112AAB,0.17317695409773212
IND641062AAD,IND638401AAA,12,12,1.8391881342701015,1.0,76.0,42.0,54.179,450.0,199.5,0.2886751345948129,12,12,0.017167421270206054,True,Coimbatore_Karayam_H (Tamil Nadu),Sathyamangalam_Mlydpthr_D (Tamil Nadu),IND641062AAD → IND638401AAA,0.17317235156414879
IND600056AAB,IND632006AAA,13,13,1.7142857142857142,1.0,144.0,84.0,106.94919999999999,895.0,534.0,0.2773500981126146,13,13,0.03414409341518759,True,MAA_Poonamallee_HB (Tamil Nadu),Vellore_GndhiNgr_IP (Tamil Nadu),IND600056AAB → IND632006AAA,0.17315821009027454
IND121004AAB,IND121004AAC,9,9,2.0,1.0,26.0,12.0,16.720100000000002,159.0,26.0,0.3333333333333333,9,9,0.006065822182139473,True,FBD_Balabhgarh_DPC (Haryana),Faridabad_MohnVRTL_D (Haryana),IND121004AAB → IND121004AAC,0.1731233667084081
IND586101AAB,IND416404AAA,5,5,2.119047619047619,1.0,89.0,42.0,60.652499999999996,249.0,30.0,0.4472135954999579,5,5,0.009499306436180684,True,Bijapur_Central_D_2 (Karnataka),Jath_Shivprsad_D (Maharashtra),IND586101AAB → IND416404AAA,0.17311569591380563
IND387620AAB,IND389230AAB,1,1,2.2903225806451615,1.0,142.0,62.0,70.9682,80.0,15.0,1.0,1,1,0.0030519860035921878,True,Kapadvanj_Busstand_D (Gujarat),Lunawada_VrdhriRD_D (Gujarat),IND387620AAB → IND389230AAB,0.17309824240072508
IND767001AAA,IND762001AAA,1,1,2.2758620689655173,1.0,264.0,116.0,169.7731,148.0,61.0,1.0,1,1,0.005646174106645547,True,Balangir_Rjndpara_D (Orissa),Phulbani_Krusphrma_D (Orissa),IND767001AAA → IND762001AAA,0.17307178142818502
IND600044AAD,IND600032AAB,7,7,2.076923076923077,1.0,27.0,11.0,10.5967,110.0,17.0,0.3779644730092272,7,7,0.004196480754939258,True,Chennai_Chrompet_DPC (Tamil Nadu),Chennai_Hub (Tamil Nadu),IND600044AAD → IND600032AAB,0.17305562535627209
IND583101AAA,IND577535AAC,10,10,1.9036004645760742,1.0,79.0,42.0,59.778099999999995,455.0,62.0,0.31622776601683794,10,10,0.017358170395430566,True,Bellary_Dc (Karnataka),Molakalmuru_KnsgraRD_D (Karnataka),IND583101AAA → IND577535AAC,0.17304374108692766
IND501359AAE,IND500008AAC,19,19,1.625,1.0,39.0,24.0,26.954500000000003,303.0,108.0,0.22941573387056174,19,19,0.01155939698860541,True,Hyderabad_Shamshbd_H (Telangana),Hyderabad_Tolichwk_I (Telangana),IND501359AAE → IND500008AAC,0.17304118374903102
IND205001AAB,IND110037AAM,1,1,2.2190201729106627,1.0,770.0,347.0,419.04970000000003,423.0,180.0,1.0,1,1,0.016137375993993692,True,Mainpuri_Agraroad_I (Uttar Pradesh),Delhi_Airport_H (Delhi),IND205001AAB → IND110037AAM,0.17302831768411123
IND241124AAB,IND242001AAA,4,4,2.1856617647058822,1.0,36.0,16.5,23.759149999999998,77.0,21.5,0.5,4,4,0.0029375365284574806,True,Shahabad_KDRoad_D (Uttar Pradesh),Shahjhnpur_NavdaCln_D (Uttar Pradesh),IND241124AAB → IND242001AAA,0.1730145433430868
IND411033AAA,IND413501AAA,1,1,2.2384615384615385,1.0,582.0,260.0,355.3961,322.0,82.0,1.0,1,1,0.012284243664458554,True,Pune_Tathawde_H (Maharashtra),Osmanabad_Kakdepot_D (Maharashtra),IND411033AAA → IND413501AAA,0.17298860825896534
IND523002AAA,IND523316AAB,1,1,2.282051282051282,1.0,178.0,78.0,93.5281,100.0,436.0,1.0,1,1,0.003814982504490234,True,Ongole_SubhVRTL_I (Andhra Pradesh),Markapur_VidyaNgr_D (Andhra Pradesh),IND523002AAA → IND523316AAB,0.17293458104488685
IND486889AAA,IND231205AAA,4,4,2.1392857142857142,1.0,143.0,69.0,87.15825000000001,295.0,35.0,0.5,4,4,0.011254198388246192,True,Singrauli_Ward8DPP_D (Madhya Pradesh),Chopan_PreetDPP_D (Uttar Pradesh),IND486889AAA → IND231205AAA,0.1729290394708209
IND520011AAA,IND521185AAA,8,8,2.0,1.0,64.0,29.5,45.8219,297.0,73.5,0.35355339059327373,8,8,0.011330498038335997,True,Vijayawada (Andhra Pradesh),Nandigama_Chndrlpd_D (Andhra Pradesh),IND520011AAA → IND521185AAA,0.17287476847961808
IND518002AAA,IND518401AAA,13,13,1.8214285714285714,1.0,51.0,30.0,31.7487,328.0,131.0,0.2773500981126146,13,13,0.012513142614727968,True,Kurnool_AbbasNgr_I (Andhra Pradesh),Nandikotkr_UmarDPP_D (Andhra Pradesh),IND518002AAA → IND518401AAA,0.17285776762336375
IND244901AAB,IND244921AAB,5,5,2.121212121212121,1.0,70.0,31.0,29.9675,202.0,226.0,0.4472135954999579,5,5,0.007706264659070273,True,Rampur_RoshnBgh_I (Uttar Pradesh),Bilaspur_GrmNgriya_D (Uttar Pradesh),IND244901AAB → IND244921AAB,0.17283022490269778
IND516227AAA,IND515004AAA,2,2,2.1944337256415203,1.0,316.5,144.0,195.66085,345.0,36.5,0.7071067811865475,2,2,0.013161689640491308,True,Badvel_Sidrd_D (Andhra Pradesh),Anantapur_KamaStrt_I (Andhra Pradesh),IND516227AAA → IND515004AAA,0.17279475527906094
IND425412AAA,IND425406AAA,2,2,2.2435897435897436,1.0,86.5,38.5,55.92465,96.0,10.0,0.7071067811865475,2,2,0.0036623832043106252,True,Nandurbar_DhuleRd_D (Maharashtra),Shindkheda_KakaCplx_D (Maharashtra),IND425412AAA → IND425406AAA,0.17274443034066872
IND509103AAC,IND518002AAA,6,6,2.043395675043834,1.0,119.5,58.0,77.458,404.0,25.5,0.4082482904638631,6,6,0.015412529318140546,True,IND509103AAC,Kurnool_AbbasNgr_I (Andhra Pradesh),IND509103AAC → IND518002AAA,0.17273261745012108
IND743235AAA,IND743270AAA,6,6,2.1,1.0,35.5,17.5,18.13735,121.0,29.5,0.4082482904638631,6,6,0.004616128830433184,True,Bongaon_SukntDPP_D (West Bengal),Helencha_ColnyDPP_D (West Bengal),IND743235AAA → IND743270AAA,0.17270398187952085
IND560099AAB,IND635001AAA,4,4,2.1331587429492345,1.0,150.5,67.5,71.20715000000001,293.0,7.0,0.5,4,4,0.011177898738156387,True,Bengaluru_Bomsndra_HB (Karnataka),Krishnagiri_BnglorRd_D (Tamil Nadu),IND560099AAB → IND635001AAA,0.17267563443932363
IND305802AAA,IND341512AAA,6,6,2.0737639553429026,1.0,70.0,34.5,38.39445,245.0,18.0,0.4082482904638631,6,6,0.009346707136001074,True,Kishangarh_Central_D_2 (Rajasthan),Parbatsar_AjmhwDPP_D (Rajasthan),IND305802AAA → IND341512AAA,0.17266089379929184
IND785675AAA,IND785612AAB,1,1,2.264957264957265,1.0,265.0,117.0,172.4212,148.0,39.0,1.0,1,1,0.005646174106645547,True,Moranhat_TiloiDPP_D (Assam),Bokakhat_MlnprDPP_D (Assam),IND785675AAA → IND785612AAB,0.1726487502382097
IND303002AAA,IND302014AAA,10,10,1.9117647058823528,1.0,65.5,34.0,47.892700000000005,361.0,19.0,0.31622776601683794,10,10,0.013772086841209747,True,Achrol_BgwriDPP_D (Rajasthan),Jaipur_Hub (Rajasthan),IND303002AAA → IND302014AAA,0.17262157980952006
IND829122AAA,IND825301AAA,14,14,1.7560975609756098,1.0,75.0,41.0,56.19505,450.0,136.0,0.2672612419124244,14,14,0.017167421270206054,True,Ramgarh_HotelPrk_D (Jharkhand),Hazaribag_BodomBzr_DC (Jharkhand),IND829122AAA → IND825301AAA,0.17261567702542568
IND332001AAB,IND333031AAA,2,2,2.211489898989899,1.0,215.0,97.5,112.24265,235.0,47.0,0.7071067811865475,2,2,0.00896520888555205,True,Sikar_FatehpRd_I (Rajasthan),Pilani (Rajasthan),IND332001AAB → IND333031AAA,0.17259177325228497
IND591123AAC,IND587103AAB,19,19,1.5535714285714286,1.0,87.0,57.0,60.06529999999999,589.0,31.0,0.22941573387056174,19,19,0.022470246951447483,True,Ramdurg_GndhiNGR_D (Karnataka),Bagalkot_Sector4_D (Karnataka),IND591123AAC → IND587103AAB,0.17251832199060935
IND736135AAA,IND736101AAA,6,6,2.0890269151138714,1.0,48.5,23.0,22.63475,149.0,20.5,0.4082482904638631,6,6,0.005684323931690449,True,Dinhata_WrdN4DPP_D (West Bengal),CoochBehar_Psthrjhr_D (West Bengal),IND736135AAA → IND736101AAA,0.17249839304301853
IND586128AAA,IND586211AAA,15,15,1.711111111111111,1.0,77.0,45.0,48.095200000000006,487.0,14.0,0.2581988897471611,15,15,0.01857896479686744,True,Sindagi_KalyanNg_D (Karnataka),Indi_SindgiRD_D (Karnataka),IND586128AAA → IND586211AAA,0.17249468112980137
IND364004AAB,IND365560AAA,7,7,1.9733333333333334,1.0,148.0,76.0,109.5179,548.0,89.0,0.3779644730092272,7,7,0.020906104124606487,True,Bhavnagar_ChtrGIDC_IP (Gujarat),Amreli_MrktYrd_DC (Gujarat),IND364004AAB → IND365560AAA,0.17247991261404355
IND125001AAA,IND335523AAB,4,4,2.033050193050193,1.0,372.5,179.5,191.1848,762.0,63.0,0.5,4,4,0.029070166684215585,True,Hisar_ModelTwn_P (Haryana),Nohar_Central_DPP_2 (Rajasthan),IND125001AAA → IND335523AAB,0.17247864038261884
IND470004AAA,IND470117AAA,1,1,2.2790697674418605,1.0,98.0,43.0,59.3052,55.0,38.0,1.0,1,1,0.002098240377469629,True,Sagar_Bahreya_I (Madhya Pradesh),Khurai_Talaiya_D (Madhya Pradesh),IND470004AAA → IND470117AAA,0.1724652008713382
IND245304AAA,IND245101AAA,14,14,1.809090909090909,1.0,26.5,15.5,15.96575,168.0,27.0,0.2672612419124244,14,14,0.006409170607543593,True,Pilkhuwa_HapurRD_D (Uttar Pradesh),Hapur_Swargash_D (Uttar Pradesh),IND245304AAA → IND245101AAA,0.17245482085599667
IND387001AAA,IND388220AAA,14,14,1.7713043478260868,1.0,44.0,23.5,27.07425,353.0,28.5,0.2672612419124244,14,14,0.013466888240850527,True,Nadiad_DC (Gujarat),Umreth_Dakor_DC (Gujarat),IND387001AAA → IND388220AAA,0.1724431367479285
IND533242AAA,IND533201AAA,2,2,2.2476190476190476,1.0,32.5,14.5,21.0233,36.0,19.5,0.7071067811865475,2,2,0.0013733937016164844,True,Razole_Shanthi_D (Andhra Pradesh),Amalapuram_Vijdurg_D (Andhra Pradesh),IND533242AAA → IND533201AAA,0.172429115590205
IND691574AAA,IND695614AAA,21,21,1.55,1.0,30.0,20.0,21.6803,254.0,17.0,0.2182178902359924,21,21,0.009690055561405196,True,Kalluvathukal_Pariplly_D (Kerala),Kilimanoor_Krvnkuzy_D (Kerala),IND691574AAA → IND695614AAA,0.17241320809097105
IND757025AAA,IND757001AAA,6,6,2.088888888888889,1.0,37.0,17.0,25.06635,134.0,19.5,0.4082482904638631,6,6,0.005112076556016914,True,Betnoti_MhliaDPP_D (Orissa),Baripada_KalikDPP_D (Orissa),IND757025AAA → IND757001AAA,0.17237513258776996
IND581314AAA,IND403726AAA,9,9,1.8363636363636364,1.0,202.0,111.0,120.1324,871.0,4.0,0.3333333333333333,9,9,0.03322849761410994,True,Ankola_Kakrmath_D (Karnataka),Goa_Hub (Goa),IND581314AAA → IND403726AAA,0.17237200863346178
IND131028AAB,IND251001AAA,10,10,1.8141414141414143,1.0,181.5,100.5,100.17755,807.0,175.5,0.31622776601683794,10,10,0.03078690881123619,True,Sonipat_Kundli_H (Haryana),Muzaffrngr_MhmodNgr_D (Uttar Pradesh),IND131028AAB → IND251001AAA,0.17234020744554765
IND276305AAA,IND223101AAB,7,7,2.04,1.0,51.0,25.0,28.5942,194.0,38.0,0.3779644730092272,7,7,0.007401066058711055,True,Saraimeer_MsmcyDPP_D (Uttar Pradesh),Shahganj_KcharaRD_D (Uttar Pradesh),IND276305AAA → IND223101AAB,0.17228353815546243
IND583227AAA,IND583231AAA,15,15,1.7105263157894737,1.0,65.0,38.0,45.5089,460.0,15.0,0.2581988897471611,15,15,0.017548919520655078,True,Gangavathi_PhrmPlza_D (Karnataka),Koppal_Banikatt_D (Karnataka),IND583227AAA → IND583231AAA,0.17225976432306936
IND691506AAA,IND691305AAA,20,20,1.58359133126935,1.0,28.5,18.0,17.8034,238.0,14.5,0.22360679774997896,20,20,0.009079658360686757,True,Kottarakkara_Amankovl_D (Kerala),Punalur_PostofJN_D (Kerala),IND691506AAA → IND691305AAA,0.17225722035760233
IND147001AAB,IND160002AAC,7,7,1.9411764705882353,1.0,234.0,150.0,113.55199999999999,660.0,60.0,0.3779644730092272,7,7,0.025178884529635546,True,Patiala (Punjab),Chandigarh_Mehmdpur_H (Punjab),IND147001AAB → IND160002AAC,0.17211281283352886
IND508223AAA,IND500039AAC,14,14,1.6426116838487972,1.0,157.5,98.0,109.1541,946.0,16.0,0.2672612419124244,14,14,0.03608973449247762,True,Thirumalagiri_Xroad_D (Telangana),Hyderabad_Uppal_I (Telangana),IND508223AAA → IND500039AAC,0.1721119657110362
IND175001AAA,IND175101AAA,17,17,1.5463917525773196,1.0,146.0,95.0,65.1021,909.0,43.0,0.24253562503633297,17,17,0.03467819096581623,True,Mandi_PlaceCol_D (Himachal Pradesh),Kullu_AkhraBzr_D (Himachal Pradesh),IND175001AAA → IND175101AAA,0.17208846118902926
IND676509AAA,IND679322AAA,3,3,2.2,1.0,43.0,20.0,21.0704,58.0,9.0,0.5773502691896258,3,3,0.002212689852604336,True,Malappuram_Munduprm_D (Kerala),Printhlmna_EmsPnmbi_D (Kerala),IND676509AAA → IND679322AAA,0.1720880870679265
IND125001AAA,IND000000ACB,10,10,1.7111384342497784,1.0,270.5,157.5,158.3221,1283.0,96.5,0.31622776601683794,10,10,0.0489462255326097,True,Hisar_ModelTwn_P (Haryana),Gurgaon_Bilaspur_HB (Haryana),IND125001AAA → IND000000ACB,0.17208595226187434
IND591307AAC,IND580030AAA,1,1,2.2523364485981308,1.0,241.0,107.0,118.7963,134.0,9.0,1.0,1,1,0.005112076556016914,True,Gokak_Bsavangr_D (Karnataka),Hubli_Dc (Karnataka),IND591307AAC → IND580030AAA,0.17204910401327217
IND423701AAB,IND422011AAD,18,18,1.7037578757875789,0.8888888888888888,178.0,92.0,110.85785,1371.0,29.0,0.23570226039551587,16,16,0.05230341013656111,True,Vaijiapur_YeolaRD_D (Maharashtra),Nashik_TgrniaRD_I (Maharashtra),IND423701AAB → IND422011AAD,0.1720469081886288
IND535558AAA,IND535501AAB,20,20,1.565217391304348,1.0,36.0,23.0,25.7116,300.0,22.5,0.22360679774997896,20,20,0.011444947513470704,True,Bobbili_ColegRd_D (Andhra Pradesh),Parvathipuram_Central_D_2 (Andhra Pradesh),IND535558AAA → IND535501AAB,0.17203178296090127
IND533106AAA,IND530012AAA,11,11,1.7259259259259259,1.0,235.0,138.0,193.7365,1028.0,66.0,0.30151134457776363,11,11,0.03921802014615961,True,Rajamundry_AtoNgrRd_I (Andhra Pradesh),Visakhapatnam_Gajuwaka_IP (Andhra Pradesh),IND533106AAA → IND530012AAA,0.17198853646592832
IND000000AFR,IND683511AAA,8,8,1.9714285714285715,1.0,67.0,32.0,29.3169,323.0,11.5,0.35355339059327373,8,8,0.012322393489503456,True,Cochin_PanditRd_D (Kerala),Aluva_Peedika_H (Kerala),IND000000AFR → IND683511AAA,0.171970764477397
IND382430AAB,IND370201AAA,12,12,1.4640344458828163,1.0,478.0,328.0,366.06815,2145.0,242.0,0.2886751345948129,12,12,0.08183137472131552,True,Ahmedabad_East_H_1 (Gujarat),Gandhidham_Sector1A_IP (Gujarat),IND382430AAB → IND370201AAA,0.1719423525490814
IND561207AAB,IND572101AAA,1,1,2.25,1.0,234.0,104.0,107.1976,130.0,488.0,1.0,1,1,0.004959477255837305,True,Bagepalli_TBCross_D (Karnataka),Tumkur_Veersagr_I (Karnataka),IND561207AAB → IND572101AAA,0.17192702432387014
IND591302AAB,IND580028AAA,8,8,1.8647058823529412,1.0,158.5,84.5,99.77115,838.0,105.5,0.35355339059327373,8,8,0.03196955338762816,True,Khanapur_StatinRD_D (Karnataka),Hubli_Adargchi_IP (Karnataka),IND591302AAB → IND580028AAA,0.17187876580357464
IND302014AAA,IND332404AAA,1,1,2.2580645161290325,1.0,140.0,62.0,87.8019,78.0,173.0,1.0,1,1,0.002975686353502383,True,Jaipur_Hub (Rajasthan),Reengus_Shop2DPP_D (Rajasthan),IND302014AAA → IND332404AAA,0.17183113116829318
IND275303AAA,IND276140AAA,4,4,2.1525735294117645,1.0,35.5,16.0,23.16285,86.0,27.0,0.5,4,4,0.0032808849538616017,True,Dohrighat_AzmrdDPP_D (Uttar Pradesh),Jiyanpur_Central_DPP_1 (Uttar Pradesh),IND275303AAA → IND276140AAA,0.1718016916021758
IND509001AAA,IND509203AAA,19,19,1.5757575757575757,1.0,52.0,33.0,38.028,377.0,28.0,0.22941573387056174,19,19,0.014382484041928182,True,Mahabubnagar_DC (Telangana),Bijnapally_nagar_D (Telangana),IND509001AAA → IND509203AAA,0.17171258684016383
IND472001AAA,IND474003AAA,3,3,2.0488721804511276,1.0,507.0,243.0,276.0027,756.0,685.0,0.5773502691896258,3,3,0.028841267733946175,True,Tikamgarh_MndiRoad_D (Madhya Pradesh),Gwalior_HrihrNgr_I (Madhya Pradesh),IND472001AAA → IND474003AAA,0.17171192864743756
IND403726AAA,IND581303AAA,13,13,1.6790123456790123,1.0,132.0,80.0,86.2554,884.0,200.0,0.2773500981126146,13,13,0.033724445339693675,True,Goa_Hub (Goa),Karwar_Central_D_1 (Karnataka),IND403726AAA → IND581303AAA,0.17170338226055445
IND577201AAA,IND562132AAA,10,10,1.6479885057471266,1.0,384.0,233.0,258.19705,1544.0,90.0,0.31622776601683794,10,10,0.05890332986932922,True,Shimoga_DC (Karnataka),Bangalore_Nelmngla_H (Karnataka),IND577201AAA → IND562132AAA,0.17168773477218208
IND560099AAB,IND560043AAC,37,37,1.4848484848484849,0.7567567567567568,48.0,33.0,29.2502,861.0,84.0,0.1643989873053573,28,28,0.03284699936366092,True,Bengaluru_Bomsndra_HB (Karnataka),HBR Layout PC (Karnataka),IND560099AAB → IND560043AAC,0.17166605001302432
IND756100AAC,IND758001AAA,4,4,2.005515099593061,1.0,277.5,160.0,209.73525,793.0,103.5,0.5,4,4,0.03025281126060756,True,Bhadrak_Central_I_2 (Orissa),Kendujhar_Sirjudin_D (Orissa),IND756100AAC → IND758001AAA,0.1716541410322352
IND250002AAA,IND131028AAB,5,5,2.03125,1.0,132.0,66.0,81.0078,492.0,227.0,0.4472135954999579,5,5,0.018769713922091952,True,Meerut (Uttar Pradesh),Sonipat_Kundli_H (Haryana),IND250002AAA → IND131028AAB,0.17161983082749224
IND515801AAA,IND515865AAB,18,18,1.4972527472527473,1.0,137.0,91.5,91.10435,922.0,32.5,0.23570226039551587,18,18,0.035174138691399966,True,Guntakal_Verpatem_D (Andhra Pradesh),Rayadurgam_RailGate_D (Andhra Pradesh),IND515801AAA → IND515865AAB,0.17161772519646878
IND562132AAA,IND573201AAB,16,16,1.5005090497737557,1.0,197.5,130.5,166.46925,1241.0,149.5,0.25,16,16,0.04734393288072381,True,Bangalore_Nelmngla_H (Karnataka),Hassan_Pandrnga_I (Karnataka),IND562132AAA → IND573201AAB,0.17158484798970136
IND534001AAA,IND521333AAA,14,14,1.7541666666666667,1.0,46.0,25.5,24.587400000000002,323.0,20.0,0.2672612419124244,14,14,0.012322393489503456,True,Eluru_Agraharm_DC (Andhra Pradesh),Kaikaluru_Atapaka_D (Andhra Pradesh),IND534001AAA → IND521333AAA,0.171542500930599
IND518501AAA,IND518124AAA,15,15,1.6904761904761905,1.0,68.0,39.0,43.64580000000001,464.0,26.0,0.2581988897471611,15,15,0.017701518820834688,True,Nandyal_SrnvsNgr_D (Andhra Pradesh),Bngnpalle_Enkndla_D (Andhra Pradesh),IND518501AAA → IND518124AAA,0.17151339933487342
IND125005AAA,IND125047AAB,3,3,2.1714285714285713,1.0,74.0,35.0,42.0314,119.0,62.0,0.5773502691896258,3,3,0.004539829180343379,True,Hisar_IndstlAr_I (Haryana),Hisar_AgrohDPP_D (Haryana),IND125005AAA → IND125047AAB,0.17145919704149543
IND441904AAB,IND441912AAA,12,12,1.8174603174603174,1.0,50.0,28.0,31.59675,338.0,21.5,0.2886751345948129,12,12,0.012894640865176993,True,Bhandara_RjnaiDPP_D (Maharashtra),Bhandara_KaremDPP_D (Maharashtra),IND441904AAB → IND441912AAA,0.17144909739641376
IND722122AAA,IND713205AAB,8,8,1.9040247678018576,1.0,138.0,70.5,86.79375,589.0,19.0,0.35355339059327373,8,8,0.022470246951447483,True,Bishnupur_StnRdDPP_D (West Bengal),Durgapur_Central_I_1 (West Bengal),IND722122AAA → IND713205AAB,0.17144682796650243
IND562132AAA,IND501359AAE,8,8,1.567503254737451,1.0,724.5,455.5,578.517,2233.0,257.5,0.35355339059327373,8,8,0.08518855932526694,True,Bangalore_Nelmngla_H (Karnataka),Hyderabad_Shamshbd_H (Telangana),IND562132AAA → IND501359AAE,0.1713146105604449
IND523316AAB,IND522647AAA,14,14,1.6955337690631809,1.0,90.0,53.0,77.51745,582.0,17.5,0.2672612419124244,14,14,0.022203198176133164,True,Markapur_VidyaNgr_D (Andhra Pradesh),Vinukonda_Kothapet_D (Andhra Pradesh),IND523316AAB → IND522647AAA,0.1713037922892406
IND110037AAM,IND282001AAA,4,4,1.9867549668874172,1.0,302.0,152.0,203.7879,827.0,168.5,0.5,4,4,0.03154990531213424,True,Delhi_Airport_H (Delhi),Agra_Idgah_P (Uttar Pradesh),IND110037AAM → IND282001AAA,0.17119363083996345
IND422103AAC,IND422605AAA,10,10,1.895320197044335,1.0,54.0,29.0,39.5684,260.0,16.0,0.31622776601683794,10,10,0.00991895451167461,True,Sinnar_Central_D_1 (Maharashtra),Sangamner_JawanChk_D (Maharashtra),IND422103AAC → IND422605AAA,0.17118974594687397
IND534001AAA,IND521225AAB,1,1,2.2448979591836733,1.0,110.0,49.0,63.7693,61.0,29.0,1.0,1,1,0.0023271393277390427,True,Eluru_Agraharm_DC (Andhra Pradesh),Vijayawada_Rynapadu_H (Andhra Pradesh),IND534001AAA → IND521225AAB,0.17118673277441337
IND577598AAC,IND577501AAA,11,11,1.8484848484848484,1.0,59.0,32.0,43.3243,313.0,23.0,0.30151134457776363,11,11,0.011940895239054434,True,Hiriyur_TahurDPP_D (Karnataka),Chitradurga_DC (Karnataka),IND577598AAC → IND577501AAA,0.17112279192184215
IND212501AAA,IND212402AAA,13,13,1.7916666666666667,1.0,43.0,24.0,23.4775,251.0,30.0,0.2773500981126146,13,13,0.00957560608627049,True,Soraon_BypassRD_D (Uttar Pradesh),Phulpur_Shekhpur_D (Uttar Pradesh),IND212501AAA → IND212402AAA,0.17109796022637952
IND322201AAA,IND303503AAA,12,12,1.8174603174603174,1.0,50.0,27.5,42.432249999999996,289.0,13.5,0.2886751345948129,12,12,0.011025299437976777,True,Gangapur_Ward6DPP_D (Rajasthan),Lalsot_NWclyDPP_D (Rajasthan),IND322201AAA → IND303503AAA,0.1710639378303078
IND110037AAM,IND201007AAA,6,6,2.0235587583148558,1.0,88.0,42.5,38.218199999999996,287.0,160.0,0.4082482904638631,6,6,0.010948999787886972,True,Delhi_Airport_H (Delhi),GZB_Mohan_Nagar_DPC (Uttar Pradesh),IND110037AAM → IND201007AAA,0.1710434151682897
IND764020AAC,IND764001AAC,1,1,2.25,1.0,27.0,12.0,17.1324,15.0,7.0,1.0,1,1,0.0005722473756735352,True,Koraput_GhtimDPP_D (Orissa),Jeypore_Kelasahi_D (Orissa),IND764020AAC → IND764001AAC,0.17102307840341738
IND396105AAA,IND396191AAC,2,2,2.213675213675214,1.0,23.0,11.0,14.58985,24.0,180.5,0.7071067811865475,2,2,0.0009155958010776563,True,Bhilad_Umargaon_DC (Gujarat),Vapi_IndEstat_I (Gujarat),IND396105AAA → IND396191AAC,0.17101800413689133
IND425409AAA,IND424304AAC,1,1,2.235294117647059,1.0,152.0,68.0,92.9899,84.0,16.0,1.0,1,1,0.0032045853037717966,True,Shahada_Nandrbar_D (Maharashtra),Sakri_DhuleRoad_D (Maharashtra),IND425409AAA → IND424304AAC,0.17099495914027324
IND485001AAC,IND488001AAA,3,3,2.1454545454545455,1.0,116.0,52.0,75.4958,186.0,307.0,0.5773502691896258,3,3,0.007095867458351836,True,Satna_Central_I_2 (Madhya Pradesh),Panna_Mohnprwa_D (Madhya Pradesh),IND485001AAC → IND488001AAA,0.17097823071857193
IND422605AAA,IND413709AAA,9,9,1.9069767441860466,1.0,82.0,43.0,49.357,345.0,19.0,0.3333333333333333,9,9,0.013161689640491308,True,Sangamner_JawanChk_D (Maharashtra),Shrirampur_DavkharRd_D (Maharashtra),IND422605AAA → IND413709AAA,0.17097674019386297
IND403726AAB,IND403401AAA,6,6,2.045289855072464,1.0,49.5,25.5,23.5423,166.0,189.5,0.4082482904638631,6,6,0.00633287095745379,True,Goa_ZuariNgr_IP (Goa),Goa_Ponda_Dc (Goa),IND403726AAB → IND403401AAA,0.1709353235365496
IND700053AAA,IND700136AAB,1,1,2.242424242424242,1.0,74.0,33.0,30.5188,41.0,760.0,1.0,1,1,0.001564142826840996,True,CCU_New Alipore_DPC (West Bengal),CCU_Hub (West Bengal),IND700053AAA → IND700136AAB,0.17093356163809736
IND786190AAA,IND786001AAB,1,1,2.239130434782609,1.0,103.0,46.0,67.1533,57.0,45.0,1.0,1,1,0.0021745400275594334,True,DoomDooma_Pthrgoan_D (Assam),Dibrugarh_Bokule_H (Assam),IND786190AAA → IND786001AAB,0.1709315510064493
IND312605AAB,IND313001AAB,7,7,1.8305084745762712,1.0,324.0,178.0,167.2089,1054.0,27.0,0.3779644730092272,7,7,0.04020991559732707,True,Pratapgarh_Nimachrd_D (Rajasthan),Udaipur_Mangri_I (Rajasthan),IND312605AAB → IND313001AAB,0.17091665514328758
IND609110AAA,IND609602AAA,8,8,1.9642857142857142,1.0,55.0,28.5,42.076299999999996,222.0,11.0,0.35355339059327373,8,8,0.00846926115996832,True,Sirkazhi_Pngktgudi_D (Tamil Nadu),Karaikal_Thalthru_DC (Pondicherry),IND609110AAA → IND609602AAA,0.17089977055120115
IND505467AAA,IND505122AAA,13,13,1.75,1.0,78.0,46.0,51.057500000000005,423.0,24.0,0.2773500981126146,13,13,0.016137375993993692,True,Husnabad_Greenmkt_D (Telangana),Jammikunta_ConduDPP_D (Telangana),IND505467AAA → IND505122AAA,0.17083356959705967
IND201301AAM,IND000000ACB,27,27,1.7792207792207793,0.7037037037037037,230.0,122.0,168.5874,1670.0,100.0,0.19245008972987526,19,19,0.06371020782498692,True,Noida_Sector63_L (Uttar Pradesh),Gurgaon_Bilaspur_HB (Haryana),IND201301AAM → IND000000ACB,0.17080608928267885
IND638001AAA,IND638052AAA,3,3,2.1666666666666665,1.0,37.0,17.0,18.6761,59.0,28.0,0.5773502691896258,3,3,0.0022508396776492385,True,Erode (Tamil Nadu),Perundurai_Viveka_DC (Tamil Nadu),IND638001AAA → IND638052AAA,0.17080284401895893
IND722101AAA,IND722122AAA,8,8,1.973684210526316,1.0,37.0,20.0,31.458599999999997,162.0,7.0,0.35355339059327373,8,8,0.006180271657274179,True,Bankura_KeranDPP_D (West Bengal),Bishnupur_StnRdDPP_D (West Bengal),IND722101AAA → IND722122AAA,0.17079274342962394
IND625106AAA,IND625008AAA,13,13,1.7555555555555555,1.0,77.0,43.0,44.1422,388.0,18.0,0.2773500981126146,13,13,0.01480213211742211,True,Melur_MduraiRD_D (Tamil Nadu),Madurai_Kappalur_H (Tamil Nadu),IND625106AAA → IND625008AAA,0.170773972862649
IND641062AAD,IND642126AAA,17,17,1.5070422535211268,1.0,107.0,71.0,69.6478,929.0,185.0,0.24253562503633297,17,17,0.03544118746671428,True,Coimbatore_Karayam_H (Tamil Nadu),Udumalpet_Artclgrd_D (Tamil Nadu),IND641062AAD → IND642126AAA,0.17071917998767025
IND160002AAC,IND140301AAA,21,21,1.434782608695652,1.0,67.0,47.0,38.183,606.0,72.0,0.2182178902359924,21,21,0.02311879397721082,True,Chandigarh_Mehmdpur_H (Punjab),Chandigarh_Kharar_DC (Chandigarh),IND160002AAC → IND140301AAA,0.17071042846757725
IND396191AAC,IND395023AAA,1,1,2.225,1.0,178.0,80.0,106.9045,98.0,62.0,1.0,1,1,0.00373868285440043,True,Vapi_IndEstat_I (Gujarat),Surat_HUB (Gujarat),IND396191AAC → IND395023AAA,0.17070566395979814
IND000000ADV,IND600044AAC,18,18,1.5510204081632653,1.0,76.5,49.0,51.7722,524.0,49.0,0.23570226039551587,18,18,0.01999050832352883,True,Chennai_Mdhavram_C (Tamil Nadu),Chennai_Chrompet_PC (Tamil Nadu),IND000000ADV → IND600044AAC,0.17057510070364496
IND560300AAB,IND563130AAA,8,8,1.933794466403162,1.0,86.0,43.5,54.98325,330.0,63.5,0.35355339059327373,8,8,0.012589442264817773,True,Bangalore_East_I_20 (Karnataka),Malur_NharuExt_D (Karnataka),IND560300AAB → IND563130AAA,0.17056584354312104
IND571301AAA,IND571111AAB,8,8,1.96,1.0,45.0,23.0,33.8905,199.0,18.0,0.35355339059327373,8,8,0.0075918151839355665,True,Nanjangud_RPRoad_D (Karnataka),Gundlupet_Swamylyt_D (Karnataka),IND571301AAA → IND571111AAB,0.17055272520947512
IND126102AAA,IND131301AAA,2,2,2.189915966386555,1.0,75.5,34.5,46.698449999999994,82.0,24.0,0.7071067811865475,2,2,0.003128285653681992,True,Jind_DC (Haryana),Gohana_DvlalDPP_D (Haryana),IND126102AAA → IND131301AAA,0.1705522123588497
IND000000ACB,IND110024AAA,6,6,1.9862261806130903,1.0,138.0,67.0,69.58695,406.0,124.5,0.4082482904638631,6,6,0.015488828968230351,True,Gurgaon_Bilaspur_HB (Haryana),Delhi_Lajpat_IP (Delhi),IND000000ACB → IND110024AAA,0.1705305561372002
IND742101AAC,IND741123AAB,1,1,2.20125786163522,1.0,350.0,159.0,205.448,191.0,72.0,1.0,1,1,0.007286616583576347,True,Baharampur_Chuanpur_I (West Bengal),Chapra_NagarDPP_D (West Bengal),IND742101AAC → IND741123AAB,0.17051564986580042
IND825102AAA,IND827013AAA,3,3,2.1538461538461537,1.0,53.0,26.0,32.3426,84.0,88.0,0.5773502691896258,3,3,0.0032045853037717966,True,Phusro_RhmgjDPP_D (Jharkhand),Bokaro_KSClny_DC (Jharkhand),IND825102AAA → IND827013AAA,0.17050200652155995
IND754103AAA,IND754142AAA,1,1,2.2264150943396226,1.0,118.0,53.0,57.165800000000004,65.0,38.0,1.0,1,1,0.0024797386279186524,True,Jagatsghpr_Markndpr_D (Orissa),Paradip_Udyabata_D (Orissa),IND754103AAA → IND754142AAA,0.17050116668373078
IND821115AAB,IND802101AAA,6,6,1.9642857142857144,1.0,165.0,84.0,105.67105000000001,509.0,31.0,0.4082482904638631,6,6,0.019418260947855294,True,Sasaram_Central_I_2 (Bihar),Buxar_Sarswati_D (Bihar),IND821115AAB → IND802101AAA,0.17048903848601224
IND362560AAA,IND362150AAA,11,11,1.7903225806451613,1.0,108.0,59.0,66.84989999999999,519.0,17.0,0.30151134457776363,11,11,0.019799759198304318,True,Una_Mamlatdr_DC (Gujarat),Talala_SsnRdDPP_D (Gujarat),IND362560AAA → IND362150AAA,0.17048573930625754
IND732138AAA,IND733124AAA,3,3,2.1470588235294117,1.0,72.0,34.0,41.0218,107.0,7.0,0.5773502691896258,3,3,0.004082031279804551,True,Bamangola_Central_D_1 (West Bengal),Gangarmpur_KhdimDPP_D (West Bengal),IND732138AAA → IND733124AAA,0.17041949409853552
IND505001AAB,IND504251AAA,1,1,2.216867469879518,1.0,184.0,83.0,109.7287,101.0,20.0,1.0,1,1,0.0038531323295351366,True,Karimnagar_KamnHbRD_I (Telangana),Bellmpalli_BasthDPP_D (Telangana),IND505001AAB → IND504251AAA,0.1704137590754629
IND503185AAA,IND503187AAA,19,19,1.5555555555555556,1.0,42.0,27.0,32.208600000000004,306.0,21.0,0.22941573387056174,19,19,0.011673846463740117,True,Bodhan_SuryaDPP_D (Telangana),Banswada_Menagrdn_D (Telangana),IND503185AAA → IND503187AAA,0.1703707994297145
IND000000ACB,IND124103AAA,13,13,1.7142857142857142,1.0,88.0,49.0,50.9671,535.0,169.0,0.2773500981126146,13,13,0.020410156399022755,True,Gurgaon_Bilaspur_HB (Haryana),Jhajjar_DC (Haryana),IND000000ACB → IND124103AAA,0.170328466339292
IND396001AAA,IND395023AAD,5,5,1.8717948717948718,1.0,146.0,78.0,108.1892,1113.0,977.0,0.4472135954999579,5,5,0.04246075527497631,True,Valsad_DC (Gujarat),Surat_Central_I_4 (Gujarat),IND396001AAA → IND395023AAD,0.17031537951411752
IND585222AAA,IND585307AAB,18,18,1.571078431372549,1.0,56.5,36.0,40.390150000000006,391.0,32.0,0.23570226039551587,18,18,0.014916581592556818,True,Sedam_DBRCmplx_D (Karnataka),Chincholi_Mainroad_D (Karnataka),IND585222AAA → IND585307AAB,0.17030778056496873
IND642001AAA,IND641062AAD,17,17,1.5689655172413792,1.0,90.0,57.0,59.2587,571.0,46.0,0.24253562503633297,17,17,0.02178355010063924,True,Pollachi_Venkatsa_DC (Tamil Nadu),Coimbatore_Karayam_H (Tamil Nadu),IND642001AAA → IND641062AAD,0.17030735261065888
IND534260AAC,IND533106AAA,4,4,2.0684931506849313,1.0,151.0,73.0,67.80839999999999,310.0,37.5,0.5,4,4,0.011826445763919727,True,Palakollu_CroadDPP_D (Andhra Pradesh),Rajamundry_AtoNgrRd_I (Andhra Pradesh),IND534260AAC → IND533106AAA,0.17030068221731132
IND148028AAA,IND147001AAB,10,10,1.829100145137881,1.0,96.0,52.0,65.0928,470.0,21.5,0.31622776601683794,10,10,0.0179304177711041,True,Sunam_DC (Punjab),Patiala (Punjab),IND148028AAA → IND147001AAB,0.17027154847765652
IND380005AAA,IND382430AAB,1,1,2.225806451612903,1.0,69.0,31.0,37.9646,38.0,4.0,1.0,1,1,0.001449693351706289,True,Amd_Chandkheda_Dc (Gujarat),Ahmedabad_East_H_1 (Gujarat),IND380005AAA → IND382430AAB,0.1702653247621464
IND625218AAA,IND624703AAA,1,1,2.2083333333333335,1.0,212.0,96.0,107.53900000000002,116.0,16.0,1.0,1,1,0.004425379705208672,True,Vadipatti_lalaNGR_D (Tamil Nadu),Gujiliam_Parai_D (Tamil Nadu),IND625218AAA → IND624703AAA,0.1702005994232093
IND312605AAB,IND458001AAB,12,12,1.7878787878787878,1.0,57.5,32.0,33.56765,321.0,57.5,0.2886751345948129,12,12,0.012246093839413653,True,Pratapgarh_Nimachrd_D (Rajasthan),Mandsaur_YashDPP_D (Madhya Pradesh),IND312605AAB → IND458001AAB,0.1701679112709584
IND732139AAA,IND732103AAB,1,1,2.2016806722689077,1.0,262.0,119.0,104.3221,143.0,60.0,1.0,1,1,0.005455424981421035,True,Samsi_RatuaDPP_D (West Bengal),Malda_Central_I_3 (West Bengal),IND732139AAA → IND732103AAB,0.17015475283565443
IND533262AAA,IND533201AAA,5,5,2.0526315789473686,1.0,78.0,38.0,46.9324,199.0,49.0,0.4472135954999579,5,5,0.0075918151839355665,True,Draksharamam_Anaipeta_D (Andhra Pradesh),Amalapuram_Vijdurg_D (Andhra Pradesh),IND533262AAA → IND533201AAA,0.17014619163415753
IND700065AAA,IND700026AAC,2,2,2.1873065015479876,1.0,39.5,18.0,12.3452,43.0,12.5,0.7071067811865475,2,2,0.0016404424769308008,True,CCU_Beliaghata_DPC (West Bengal),CCU_Lake Avenue_DPC (West Bengal),IND700065AAA → IND700026AAC,0.17014442754639947
IND783370AAB,IND783301AAA,2,2,2.1739130434782608,1.0,100.0,46.0,66.34790000000001,108.0,40.0,0.7071067811865475,2,2,0.0041201811048494534,True,Kokrajhar_HplrdDPP_D (Assam),Dhubri_Tetultol_D (Assam),IND783370AAB → IND783301AAA,0.1701357796970089
IND243201AAA,IND262001AAA,4,4,2.0892857142857144,1.0,89.0,42.5,45.2126,184.0,10.0,0.5,4,4,0.007019567808262031,True,Baheri_HoliCDPP_D (Uttar Pradesh),Pilibhit_ViksClny_D (Uttar Pradesh),IND243201AAA → IND262001AAA,0.17011687997518748
IND560058AAB,IND560060AAB,44,44,1.3771929824561404,0.7272727272727273,22.5,16.0,16.7492,376.0,19.0,0.15075567228888181,32,32,0.01434433421688328,True,Bengaluru_Peenya_IP (Karnataka),Bengaluru_Kengeri_IP (Karnataka),IND560058AAB → IND560060AAB,0.1700623956923542
IND452001AAC,IND425508AAB,2,2,2.17,1.0,108.5,50.0,61.51695,117.0,760.5,0.7071067811865475,2,2,0.0044635295302535745,True,Jalgaon_DC (Maharashtra),Raver_Truptingr_D (Maharashtra),IND452001AAC → IND425508AAB,0.17005472419033368
IND533003AAA,IND533106AAA,3,3,2.12,1.0,106.0,50.0,57.794,192.0,46.0,0.5773502691896258,3,3,0.0073247664086212505,True,Kakinada_DC (Andhra Pradesh),Rajamundry_AtoNgrRd_I (Andhra Pradesh),IND533003AAA → IND533106AAA,0.1700379322993746
IND854335AAA,IND852118A1B,1,1,2.2222222222222223,1.0,40.0,18.0,26.726200000000002,22.0,0.0,1.0,1,1,0.0008392961509878516,True,Narpatganj_Central_DPP_1 (Bihar),IND852118A1B,IND854335AAA → IND852118A1B,0.17000051499167884
IND811201AAB,IND811213AAA,2,2,2.1784615384615384,1.0,55.5,25.5,34.20975,60.0,46.5,0.7071067811865475,2,2,0.0022889895026941406,True,Munger_Kaura_D (Bihar),KharagpurBR_Central_DPP_1 (Bihar),IND811201AAB → IND811213AAA,0.1699349307666315
IND574227AAA,IND574104AAA,9,9,1.9230769230769231,1.0,25.0,14.0,18.3005,133.0,7.0,0.3333333333333333,9,9,0.0050739267309720115,True,Moodbidri_MrdiVlge_D (Karnataka),Karkala_MarketRd_D (Karnataka),IND574227AAA → IND574104AAA,0.1699349114457561
IND342602AAC,IND306304AAB,1,1,2.2142857142857144,1.0,93.0,42.0,59.7078,51.0,15.0,1.0,1,1,0.0019456410772900196,True,Bilara_Central_DPP_2 (Rajasthan),Raipur_BypRDDPP_D (Rajasthan),IND342602AAC → IND306304AAB,0.16992058479822006
IND110037AAM,IND131028AAB,1,1,2.210526315789474,1.0,126.0,57.0,44.0332,69.0,189.0,1.0,1,1,0.0026323379280982617,True,Delhi_Airport_H (Delhi),Sonipat_Kundli_H (Haryana),IND110037AAM → IND131028AAB,0.16991623325100125
IND341303AAA,IND341306AAA,14,14,1.723731884057971,1.0,42.0,24.0,34.11815,266.0,21.0,0.2672612419124244,14,14,0.010147853461944023,True,Didwana_KatlaDPP_D (Rajasthan),Sujangarh_LdnunDPP_D (Rajasthan),IND341303AAA → IND341306AAA,0.16991379849986185
IND131028AAB,IND124507AAA,10,10,1.8246376811594203,1.0,83.0,46.0,44.2915,446.0,100.5,0.31622776601683794,10,10,0.017014821970026444,True,Sonipat_Kundli_H (Haryana),Bahadurgarh_DC (Haryana),IND131028AAB → IND124507AAA,0.16990978606750703
IND362220AAA,IND362225AAA,6,6,2.020833333333333,1.0,48.5,23.5,28.3534,151.0,13.0,0.4082482904638631,6,6,0.005760623581780254,True,Junagadh_keshod_DC (Gujarat),Mangrol_JilRDDPP_D (Gujarat),IND362220AAA → IND362225AAA,0.16986867316911422
IND785612AAB,IND781018AAB,1,1,2.184049079754601,1.0,356.0,163.0,235.4629,193.0,37.0,1.0,1,1,0.007362916233666152,True,Bokakhat_MlnprDPP_D (Assam),Guwahati_Hub (Assam),IND785612AAB → IND781018AAB,0.16986378860870333
IND572201AAB,IND577101AAA,1,1,2.2023809523809526,1.0,185.0,84.0,103.2908,101.0,28.0,1.0,1,1,0.0038531323295351366,True,Tiptur_YTRd_D (Karnataka),Chikmagalur_DC (Karnataka),IND572201AAB → IND577101AAA,0.1698517821035358
IND302014AAB,IND303901AAA,10,10,2.0910256410256407,0.9,55.0,26.5,28.567999999999998,395.0,38.0,0.31622776601683794,9,9,0.015069180892736428,True,Jaipur_Central_I_7 (Rajasthan),Chaksu_TonkRoad_D (Rajasthan),IND302014AAB → IND303901AAA,0.16984292138724996
IND695609AAA,IND695012AAA,3,3,2.1315789473684212,1.0,81.0,38.0,34.4338,110.0,16.0,0.5773502691896258,3,3,0.004196480754939258,True,Pangodu_Central_D_1 (Kerala),Trivandrum_Mnanthla_H (Kerala),IND695609AAA → IND695012AAA,0.16984256285918053
IND501359AAE,IND515004AAA,9,9,1.6433566433566433,1.0,434.0,268.0,378.2183,1501.0,164.0,0.3333333333333333,9,9,0.057262887392398425,True,Hyderabad_Shamshbd_H (Telangana),Anantapur_KamaStrt_I (Andhra Pradesh),IND501359AAE → IND515004AAA,0.1698367199517203
IND784110AAA,IND781018AAB,1,1,2.1802325581395348,1.0,375.0,172.0,238.3611,203.0,56.0,1.0,1,1,0.007744414484115176,True,Dhekiajuli_Wardno5_D (Assam),Guwahati_Hub (Assam),IND784110AAA → IND781018AAB,0.16979433788396034
IND422605AAA,IND423109AAA,1,1,2.2027027027027026,1.0,163.0,74.0,79.9508,89.0,31.0,1.0,1,1,0.003395334428996309,True,Sangamner_JawanChk_D (Maharashtra),Shirdi_SaiBansi_D (Maharashtra),IND422605AAA → IND423109AAA,0.16976993900535253
IND516269AAA,IND516390AAA,15,15,1.591549295774648,1.0,121.0,76.0,83.6119,728.0,13.0,0.2581988897471611,15,15,0.027773072632688904,True,Rayachoti_Madnpali_D (Andhra Pradesh),Pulivendula_RTCStand_D (Andhra Pradesh),IND516269AAA → IND516390AAA,0.169750863492287
IND160002AAC,IND147105AAA,3,3,2.0843373493975905,1.0,178.0,84.0,102.25,327.0,80.0,0.5773502691896258,3,3,0.012474992789683066,True,Chandigarh_Mehmdpur_H (Punjab),Patran_MheshNGR_D (Punjab),IND160002AAC → IND147105AAA,0.16971562131193407
IND767017AAA,IND768004AAD,2,2,2.147267206477733,1.0,165.5,77.0,87.1403,177.0,628.5,0.7071067811865475,2,2,0.006752519032947714,True,Sonepur_BrezeDPP_D (Orissa),Sambalpur_Central_H_2 (Orissa),IND767017AAA → IND768004AAD,0.16964447253805318
IND500010AAA,IND501359AAE,9,9,1.6727272727272726,1.0,92.0,51.0,53.9523,1327.0,368.0,0.3333333333333333,9,9,0.05062481783458541,True,Hyderabad_Alwal_I (Telangana),Hyderabad_Shamshbd_H (Telangana),IND500010AAA → IND501359AAE,0.16960838833559455
IND758001AAA,IND758035AAA,3,3,2.1153846153846154,1.0,108.0,51.0,72.2535,158.0,25.0,0.5773502691896258,3,3,0.0060276723570945705,True,Kendujhar_Sirjudin_D (Orissa),Barbil_PunjbiPd_D (Orissa),IND758001AAA → IND758035AAA,0.1695916336300547
IND504201AAA,IND505001AAB,1,1,2.1971830985915495,1.0,156.0,71.0,100.42530000000001,85.0,60.0,1.0,1,1,0.003242735128816699,True,Chinnur_AsnsdhRD_D (Telangana),Karimnagar_KamnHbRD_I (Telangana),IND504201AAA → IND505001AAB,0.1695243748348419
IND535591AAA,IND535558AAA,3,3,2.1333333333333333,1.0,33.0,16.0,19.0487,60.0,14.0,0.5773502691896258,3,3,0.0022889895026941406,True,Salur_ward9_D (Andhra Pradesh),Bobbili_ColegRd_D (Andhra Pradesh),IND535591AAA → IND535558AAA,0.16951760096999136
IND476001AAA,IND476111AAA,1,1,2.2083333333333335,1.0,53.0,24.0,34.6501,29.0,6.0,1.0,1,1,0.001106344926302168,True,Morena_Prjapati_D (Madhya Pradesh),Ambah_MrenTirh_D (Madhya Pradesh),IND476001AAA → IND476111AAA,0.16951674468338856
IND483225AAA,IND483501AAA,3,3,2.121212121212121,1.0,72.0,33.0,44.759,116.0,0.0,0.5773502691896258,3,3,0.004425379705208672,True,Sihora_KtnRdDPP_D (Madhya Pradesh),Katni_Bargawan_DC (Madhya Pradesh),IND483225AAA → IND483501AAA,0.1694875638955186
IND205001AAB,IND209625AAA,1,1,2.1944444444444446,1.0,158.0,72.0,80.7672,86.0,45.0,1.0,1,1,0.0032808849538616017,True,Mainpuri_Agraroad_I (Uttar Pradesh),Farrukhbad_Pnchlght_D (Uttar Pradesh),IND205001AAB → IND209625AAA,0.1694259943405125
IND423601AAA,IND423701AAB,12,12,1.7666666666666666,1.0,53.0,30.0,28.0891,330.0,26.0,0.2886751345948129,12,12,0.012589442264817773,True,Kopargaon_NkshtrPz_D (Maharashtra),Vaijiapur_YeolaRD_D (Maharashtra),IND423601AAA → IND423701AAB,0.16941577085219378
IND000000ACA,IND142401AAA,12,12,1.976608187134503,0.9166666666666666,40.0,19.0,27.6177,351.0,184.0,0.2886751345948129,11,11,0.013390588590760723,True,Ludhiana_MilrGanj_HB (Punjab),Khanna_DC (Punjab),IND000000ACA → IND142401AAA,0.16939178902593152
IND721306AAA,IND721133AAA,2,2,2.167763157894737,1.0,38.0,17.5,19.788800000000002,41.0,42.5,0.7071067811865475,2,2,0.001564142826840996,True,Kharagpur_DC (West Bengal),Keshiary_MdnprDPP_D (West Bengal),IND721306AAA → IND721133AAA,0.16937055979571713
IND303503AAA,IND302014AAB,11,11,1.7678571428571428,1.0,99.0,56.0,80.15899999999999,485.0,8.0,0.30151134457776363,11,11,0.018502665146777637,True,Lalsot_NWclyDPP_D (Rajasthan),Jaipur_Central_I_7 (Rajasthan),IND303503AAA → IND302014AAB,0.16934698167765444
IND160002AAC,IND147001AAB,3,3,2.1142857142857143,1.0,74.0,35.0,45.147099999999995,115.0,152.0,0.5773502691896258,3,3,0.004387229880163769,True,Chandigarh_Mehmdpur_H (Punjab),Patiala (Punjab),IND160002AAC → IND147001AAB,0.16921100667578937
IND733129AAB,IND733129AAA,5,5,2.0476190476190474,1.0,43.0,22.0,24.727899999999998,104.0,12.0,0.4472135954999579,5,5,0.003967581804669843,True,Kaliyaganj_Central_DPP_1 (West Bengal),Kaliyaganj_FatprDPP_D (West Bengal),IND733129AAB → IND733129AAA,0.1692050020535132
IND815301AAA,IND815353AAA,3,3,2.1142857142857143,1.0,74.0,35.0,48.853300000000004,103.0,43.0,0.5773502691896258,3,3,0.003929431979624941,True,Giridih_Shivalya_D (Jharkhand),Madhupur_Sitarmrd_D (Jharkhand),IND815301AAA → IND815353AAA,0.16911668188408996
IND476111AAA,IND477001AAA,6,6,1.978301886792453,1.0,99.0,50.5,64.13925,265.0,8.5,0.4082482904638631,6,6,0.010109703636899121,True,Ambah_MrenTirh_D (Madhya Pradesh),Bhind_BhrolDPP_D (Madhya Pradesh),IND476111AAA → IND477001AAA,0.16911483188479354
IND201301AAF,IND203205AAA,19,19,1.5873015873015872,0.9473684210526315,91.0,63.0,64.24719999999999,656.0,54.0,0.22941573387056174,18,18,0.025026285229455936,True,Noida_Sec 02_DPC (Uttar Pradesh),Sikandrabd_GTRoad_D (Uttar Pradesh),IND201301AAF → IND203205AAA,0.1690903083864734
IND531001AAA,IND531116AAA,5,5,2.0285714285714285,1.0,72.0,35.0,42.6978,182.0,34.0,0.4472135954999579,5,5,0.006943268158172226,True,Anakapalle_Kothuru_D (Andhra Pradesh),Narsiptnm_Wardno8_D (Andhra Pradesh),IND531001AAA → IND531116AAA,0.16907919694340176
IND811201AAB,IND813213AAA,2,2,2.144230769230769,1.0,111.5,52.0,71.84895,119.0,46.5,0.7071067811865475,2,2,0.004539829180343379,True,Munger_Kaura_D (Bihar),Sultanganj_Wardno3_D (Bihar),IND811201AAB → IND813213AAA,0.16907077655393699
IND301001AAB,IND321606AAA,3,3,2.0704225352112675,1.0,155.0,79.0,86.5342,313.0,76.0,0.5773502691896258,3,3,0.011940895239054434,True,Alwar_Central_I_1 (Rajasthan),Kherli_GodamDPP_D (Rajasthan),IND301001AAB → IND321606AAA,0.1690657768954245
IND625516AAA,IND685514AAA,7,7,1.934782608695652,1.0,89.0,47.0,33.3321,294.0,23.0,0.3779644730092272,7,7,0.011216048563201289,True,Cumbum_LFRoad_D (Tamil Nadu),Kattappana_Palikval_D (Kerala),IND625516AAA → IND685514AAA,0.16898786894086362
IND572101AAA,IND562101AAA,1,1,2.1818181818181817,1.0,168.0,77.0,102.3715,91.0,44.0,1.0,1,1,0.003471634079086113,True,Tumkur_Veersagr_I (Karnataka),Chikblapur_ShntiSgr_D (Karnataka),IND572101AAA → IND562101AAA,0.1689754844248282
IND824101AAA,IND821115AAB,7,7,1.9375,1.0,59.0,28.0,38.8826,276.0,39.0,0.3779644730092272,7,7,0.010529351712393047,True,AurngbadBR_Mahindra_D (Bihar),Sasaram_Central_I_2 (Bihar),IND824101AAA → IND821115AAB,0.1689517977952935
IND842001AAA,IND845418AAB,12,12,1.8551424050632912,0.9166666666666666,147.5,79.0,101.55619999999999,892.0,85.5,0.2886751345948129,11,11,0.03402964394005289,True,Muzaffrpur_Bbganj_I (Bihar),Dhaka_PchpkrRD_D (Bihar),IND842001AAA → IND845418AAB,0.16893223040239938
IND764059AAA,IND764071AAB,3,3,2.125,1.0,17.0,8.0,12.7983,26.0,18.0,0.5773502691896258,3,3,0.0009918954511674608,True,Nabarangpr_PhdofDPP_D (Orissa),Pappadahandi_Central_DPP_2 (Orissa),IND764059AAA → IND764071AAB,0.1689270715314407
IND783348AAA,IND783129AAA,10,10,1.7395833333333335,1.0,167.0,96.0,124.25735,739.0,23.0,0.31622776601683794,10,10,0.028192720708182833,True,Bilasipara_Wardno5_D (Assam),Lakhipur_WrdN4DPP_D (Assam),IND783348AAA → IND783129AAA,0.1689133609508915
IND581119AAB,IND577002AAA,14,14,1.632630410654828,1.0,81.5,53.0,56.9302,587.0,15.5,0.2672612419124244,14,14,0.022393947301357676,True,Ukkadagatri_Tuminkte_D (Karnataka),Davangere_Central_I_1 (Karnataka),IND581119AAB → IND577002AAA,0.1689028777958028
IND626123AAA,IND627756AAA,17,17,1.5333333333333334,1.0,92.0,60.0,62.816599999999994,559.0,21.0,0.24253562503633297,17,17,0.021325752200100412,True,Sivakasi_Msstreet_DC (Tamil Nadu),Sankaran_Kovil_D (Tamil Nadu),IND626123AAA → IND627756AAA,0.16883074482252666
IND721501AAC,IND721253AAC,6,6,1.9166666666666665,1.0,172.5,92.0,100.69075000000001,531.0,9.5,0.4082482904638631,6,6,0.020257557098843144,True,AmaDubi_Bulabeda_D (West Bengal),ChandroknaRD_Central_DPP_3 (West Bengal),IND721501AAC → IND721253AAC,0.1688146766304004
IND576201AAA,IND581320AAA,4,4,2.05718954248366,1.0,74.5,36.5,49.5329,176.0,20.0,0.5,4,4,0.006714369207902813,True,Kundapura_DC (Karnataka),Bhatkal_KmkshBul_D (Karnataka),IND576201AAA → IND581320AAA,0.16880888666771046
IND826004AAA,IND815301AAA,5,5,2.0,1.0,110.0,55.0,63.5424,287.0,85.0,0.4472135954999579,5,5,0.010948999787886972,True,Dhanbad_Kalynpur_I (Jharkhand),Giridih_Shivalya_D (Jharkhand),IND826004AAA → IND815301AAA,0.16879616448653523
IND637301AAA,IND638001AAA,10,10,1.8529411764705883,1.0,32.0,18.0,21.73915,162.0,5.5,0.31622776601683794,10,10,0.006180271657274179,True,Sankari_Trchngrd_D (Tamil Nadu),Erode (Tamil Nadu),IND637301AAA → IND638001AAA,0.16877541308550809
IND854311AAA,IND852118A1B,3,3,2.1025641025641026,1.0,82.0,39.0,48.5063,117.0,59.0,0.5773502691896258,3,3,0.0044635295302535745,True,Araria_Wardn13_D (Bihar),IND852118A1B,IND854311AAA → IND852118A1B,0.16877200977830895
IND501359AAE,IND509358AAA,17,17,1.5555555555555556,1.0,42.0,26.0,36.8337,440.0,117.0,0.24253562503633297,17,17,0.01678592301975703,True,Hyderabad_Shamshbd_H (Telangana),Kadthal_GndhiDPP_D (Telangana),IND501359AAE → IND509358AAA,0.168757426270358
IND713103AAA,IND713205AAB,4,4,2.049130434782609,1.0,98.5,49.0,69.79115,208.0,9.0,0.5,4,4,0.007935163609339687,True,Bardhaman_Bankura_D (West Bengal),Durgapur_Central_I_1 (West Bengal),IND713103AAA → IND713205AAB,0.1687477816468279
IND532440AAA,IND532001AAB,17,17,1.5714285714285714,1.0,56.0,36.0,41.0729,360.0,13.0,0.24253562503633297,17,17,0.013733937016164845,True,Palakonda_VadaiDPP_D (Andhra Pradesh),Srikakulam_Kuslpram_I (Andhra Pradesh),IND532440AAA → IND532001AAB,0.16874435787249323
IND562132AAA,IND560060AAB,24,24,1.6217948717948718,0.875,42.5,27.5,25.7714,513.0,50.5,0.20412414523193154,21,21,0.019570860248034904,True,Bangalore_Nelmngla_H (Karnataka),Bengaluru_Kengeri_IP (Karnataka),IND562132AAA → IND560060AAB,0.16873419740041098
IND413501AAA,IND413401AAA,21,21,1.4411764705882353,1.0,49.0,34.0,38.181200000000004,318.0,43.0,0.2182178902359924,21,21,0.012131644364278946,True,Osmanabad_Kakdepot_D (Maharashtra),Barshi_Kurduwdi_D (Maharashtra),IND413501AAA → IND413401AAA,0.16869467121262416
IND384205AAA,IND382715AAA,18,18,1.5256578947368422,1.0,57.5,39.0,42.3417,408.0,40.0,0.23570226039551587,18,18,0.015565128618320156,True,Mehsana_Panchot_IP (Gujarat),Kadi_KaranNGR_D (Gujarat),IND384205AAA → IND382715AAA,0.16867940377682442
IND560300AAA,IND563101AAB,5,5,2.0,1.0,110.0,55.0,75.3434,271.0,78.0,0.4472135954999579,5,5,0.010338602587168537,True,Bengaluru_KGAirprt_HB (Karnataka),Kolar_Ambedkar_D (Karnataka),IND560300AAA → IND563101AAB,0.16867039809760268
IND485771AAA,IND486001AAA,1,1,2.1818181818181817,1.0,96.0,44.0,64.4999,52.0,41.0,1.0,1,1,0.0019837909023349217,True,Maihar_MngalDPP_D (Madhya Pradesh),Rewa_Dc (Madhya Pradesh),IND485771AAA → IND486001AAA,0.16866892885180512
IND509203AAA,IND509301AAA,19,19,1.52,1.0,39.0,25.0,28.622899999999998,263.0,16.0,0.22941573387056174,19,19,0.010033403986809316,True,Bijnapally_nagar_D (Telangana),Jadcherla_Badeplly_D (Telangana),IND509203AAA → IND509301AAA,0.16865349191463064
IND500055AAA,IND501401AAC,1,1,2.1875,1.0,35.0,16.0,20.228900000000003,19.0,15.0,1.0,1,1,0.0007248466758531445,True,Hyd_Trimulgherry_Dc (Telangana),Medchal_MROoffce_D (Telangana),IND500055AAA → IND501401AAC,0.16862995103513329
IND476111AAA,IND477001AAB,2,2,2.132075471698113,1.0,113.0,53.0,66.8339,120.0,37.5,0.7071067811865475,2,2,0.004577979005388281,True,Ambah_MrenTirh_D (Madhya Pradesh),Bhind_EtwahDPP_D (Madhya Pradesh),IND476111AAA → IND477001AAB,0.1686070952386164
IND413304AAA,IND413002AAA,5,5,2.0,1.0,104.0,51.0,73.5567,259.0,13.0,0.4472135954999579,5,5,0.009880804686629708,True,Pandharpur_RajCmplx_D (Maharashtra),Solapur_Central_I_2 (Maharashtra),IND413304AAA → IND413002AAA,0.16857607330590324
IND425412AAA,IND424304AAC,1,1,2.1794871794871793,1.0,85.0,39.0,57.6704,46.0,5.0,1.0,1,1,0.0017548919520655078,True,Nandurbar_DhuleRd_D (Maharashtra),Sakri_DhuleRoad_D (Maharashtra),IND425412AAA → IND424304AAC,0.16853133964139067
IND826004AAA,IND815351AAA,11,11,1.7066666666666668,1.0,126.0,77.0,78.5428,681.0,49.0,0.30151134457776363,11,11,0.025980030855578495,True,Dhanbad_Kalynpur_I (Jharkhand),Jamtara_D (Jharkhand),IND826004AAA → IND815351AAA,0.1685138514691719
IND524132AAA,IND524101AAB,14,14,1.6714285714285715,1.0,58.5,36.0,39.838449999999995,345.0,21.5,0.2672612419124244,14,14,0.013161689640491308,True,Venktagiri_TirupthiRd_D (Andhra Pradesh),Gudur_Bngisheb_D (Andhra Pradesh),IND524132AAA → IND524101AAB,0.16850576222769653
IND523002AAA,IND600056AAB,11,11,1.6935483870967742,0.9090909090909091,438.0,248.0,331.1713,1893.0,55.0,0.30151134457776363,10,10,0.07221761881000013,True,Ongole_SubhVRTL_I (Andhra Pradesh),MAA_Poonamallee_HB (Tamil Nadu),IND523002AAA → IND600056AAB,0.1684408475634858
IND403726AAA,IND403702AAA,9,9,1.836734693877551,1.0,89.0,48.0,51.2449,362.0,73.0,0.3333333333333333,9,9,0.013810236666254649,True,Goa_Hub (Goa),Canacona_CharRsta_D (Goa),IND403726AAA → IND403702AAA,0.16838545985806735
IND758034AAA,IND758001AAA,1,1,2.1739130434782608,1.0,100.0,46.0,64.2655,54.0,27.0,1.0,1,1,0.0020600905524247267,True,Joda_Central_D_1 (Orissa),Kendujhar_Sirjudin_D (Orissa),IND758034AAA → IND758001AAA,0.1683779848010282
IND283203AAA,IND282002AAD,1,1,2.176470588235294,1.0,74.0,34.0,46.737700000000004,40.0,32.0,1.0,1,1,0.0015259930017960939,True,Firozabad_Sudmpuri_D (Uttar Pradesh),IND282002AAD,IND283203AAA → IND282002AAD,0.16836715430904536
IND201007AAA,IND245101AAA,2,2,2.1265384615384617,1.0,108.5,51.0,45.9469,115.0,53.0,0.7071067811865475,2,2,0.004387229880163769,True,GZB_Mohan_Nagar_DPC (Uttar Pradesh),Hapur_Swargash_D (Uttar Pradesh),IND201007AAA → IND245101AAA,0.16835299543415747
IND413002AAA,IND413307AAC,1,1,2.169491525423729,1.0,128.0,59.0,89.4708,69.0,27.0,1.0,1,1,0.0026323379280982617,True,Solapur_Central_I_2 (Maharashtra),Sangola_Central_DPP_3 (Maharashtra),IND413002AAA → IND413307AAC,0.1683243663833646
IND125104AAA,IND125005AAA,1,1,2.1526717557251906,1.0,282.0,131.0,162.46720000000002,151.0,165.0,1.0,1,1,0.005760623581780254,True,Sirsa_AnprnDPP_D (Haryana),Hisar_IndstlAr_I (Haryana),IND125104AAA → IND125005AAA,0.16831642806075237
IND282002AAD,IND204101AAA,4,4,2.0384615384615383,1.0,79.5,40.0,48.1607,204.0,58.0,0.5,4,4,0.007782564309160078,True,IND282002AAD,Hathras (Uttar Pradesh),IND282002AAD → IND204101AAA,0.16830246045093256
IND495677AAA,IND496001AAA,7,7,1.8079470198675496,1.0,242.0,151.0,160.8519,824.0,52.0,0.3779644730092272,7,7,0.031435455836999526,True,Korba_Tilknagr_DC (Chhattisgarh),Raigarh_MithmdRd_D (Chhattisgarh),IND495677AAA → IND496001AAA,0.16823353445592304
IND136118AAA,IND136128AAA,22,22,1.4074074074074074,1.0,38.0,27.0,28.466250000000002,255.0,31.5,0.21320071635561041,22,22,0.009728205386450098,True,Kurukshetra_DC (Haryana),Pehowa_WdN14DPP_D (Haryana),IND136118AAA → IND136128AAA,0.16822279262821033
IND364290AAA,IND365560AAB,1,1,2.1724137931034484,1.0,63.0,29.0,39.5439,34.0,18.0,1.0,1,1,0.0012970940515266798,True,Bhavnagar_Mahuva_DC (Gujarat),Amreli_Rajula_DC (Gujarat),IND364290AAA → IND365560AAB,0.16816261623997752
IND518002AAA,IND518501AAA,18,18,1.4863721804511278,1.0,87.0,57.0,71.84855,524.0,181.5,0.23570226039551587,18,18,0.01999050832352883,True,Kurnool_AbbasNgr_I (Andhra Pradesh),Nandyal_SrnvsNgr_D (Andhra Pradesh),IND518002AAA → IND518501AAA,0.1680671953182603
IND508206AAA,IND508207AAB,4,4,2.0432773109243696,1.0,71.5,34.5,49.938950000000006,148.0,14.5,0.5,4,4,0.005646174106645547,True,Kodad_VidyaNgr_D (Telangana),Miryalguda_Ragvendr_D (Telangana),IND508206AAA → IND508207AAB,0.16804909684900257
IND606003AAA,IND606105AAA,14,14,1.7032967032967032,1.0,23.0,14.0,15.94385,128.0,15.5,0.2672612419124244,14,14,0.0048831776057475,True,Virudhchlm_SelamRd_D (Tamil Nadu),Pennadam_EastmnRD_D (Tamil Nadu),IND606003AAA → IND606105AAA,0.16803631931406246
IND691001AAB,IND691506AAA,21,21,1.44,1.0,34.0,24.0,23.4979,232.0,136.0,0.2182178902359924,21,21,0.008850759410417344,True,Kollam_Central_H_1 (Kerala),Kottarakkara_Amankovl_D (Kerala),IND691001AAB → IND691506AAA,0.1679730379268784
IND442605AAA,IND441603AAA,3,3,2.090909090909091,1.0,46.0,22.0,31.5384,72.0,18.0,0.5773502691896258,3,3,0.002746787403232969,True,Gadchiroli_Central_DPP_1 (Maharashtra),Chamorshi_Central_DPP_1 (Maharashtra),IND442605AAA → IND441603AAA,0.1679661577366124
IND127021AAA,IND127201AAA,8,8,1.8673541963015647,1.0,70.0,38.0,55.09065,325.0,52.5,0.35355339059327373,8,8,0.012398693139593263,True,Bhiwani_DC (Haryana),Loharu_BstndDPP_D (Haryana),IND127021AAA → IND127201AAA,0.16794911727539696
IND786001AAB,IND792103AAB,1,1,2.152941176470588,1.0,183.0,85.0,120.7084,98.0,1043.0,1.0,1,1,0.00373868285440043,True,Dibrugarh_Bokule_H (Assam),Namsai_HelipadRD_D (Arunachal Pradesh),IND786001AAB → IND792103AAB,0.1679102785642606
IND273014AAB,IND209304AAA,3,3,1.9259259259259258,1.0,676.0,331.0,460.0806,879.0,98.0,0.5773502691896258,3,3,0.03353369621446916,True,Gorakhpur_Matriprm_IP (Uttar Pradesh),Kanpur_Central_H_6 (Uttar Pradesh),IND273014AAB → IND209304AAA,0.1679092909919824
IND605010AAB,IND607001AAA,12,12,1.7413793103448276,1.0,50.5,29.0,25.6858,262.0,63.0,0.2886751345948129,12,12,0.009995254161764415,True,Pondicherry_Vasanthm_I (Pondicherry),Cuddalore_KtsiGrsm_D (Tamil Nadu),IND605010AAB → IND607001AAA,0.1679002886695039
IND342601AAA,IND342902A1B,6,6,1.9504283965728275,1.0,80.0,40.5,38.8488,248.0,22.0,0.4082482904638631,6,6,0.009461156611135781,True,Piparcity_BsstdDPP_D (Rajasthan),IND342902A1B,IND342601AAA → IND342902A1B,0.16789990590699824
IND332001AAB,IND334001AAB,10,10,1.65,1.0,249.5,150.0,213.5325,1044.0,101.5,0.31622776601683794,10,10,0.039828417346878045,True,Sikar_FatehpRd_I (Rajasthan),Bikaner_DC (Rajasthan),IND332001AAB → IND334001AAB,0.16783556722267698
IND390020AAA,IND391110AAD,7,7,1.9090909090909092,1.0,63.0,32.0,34.6419,274.0,28.0,0.3779644730092272,7,7,0.010453052062303243,True,Vadodara (Gujarat),Dabhoi_Central_DPP_3 (Gujarat),IND390020AAA → IND391110AAD,0.1678340001941691
IND781018AAB,IND785001AAA,2,2,2.0261745061015133,1.0,538.0,266.5,371.54060000000004,543.0,258.5,0.7071067811865475,2,2,0.020715354999381975,True,Guwahati_Hub (Assam),Jorhat_RicMilRd_D (Assam),IND781018AAB → IND785001AAA,0.16782381703235968
IND334803AAA,IND341001AAC,3,3,2.0789473684210527,1.0,79.0,36.0,53.4034,108.0,11.0,0.5773502691896258,3,3,0.0041201811048494534,True,Nokha_DeVDPP_D (Rajasthan),Nagaur_KisanCo_D (Rajasthan),IND334803AAA → IND341001AAC,0.16778509977381262
IND721306AAA,IND721102AAA,5,5,2.0,1.0,36.0,18.0,18.9178,157.0,46.0,0.4472135954999579,5,5,0.005989522532049668,True,Kharagpur_DC (West Bengal),Midnapore_Talkui_D (West Bengal),IND721306AAA → IND721102AAA,0.1677743125764582
IND388320AAA,IND387001AAA,11,11,1.7857142857142858,1.0,26.0,14.0,19.9784,195.0,34.0,0.30151134457776363,11,11,0.007439215883755957,True,Anand_Vaghasi_IP (Gujarat),Nadiad_DC (Gujarat),IND388320AAA → IND387001AAA,0.16776019986839963
IND847212AAA,IND847226AAA,21,21,1.394736842105263,1.0,48.0,35.0,43.7726,426.0,68.0,0.2182178902359924,21,21,0.0162518254691284,True,Madhubani_Bardivan_D (Bihar),Jaynagar_Wardno6_D (Bihar),IND847212AAA → IND847226AAA,0.1677420570260795
IND573116AAA,IND571432AAB,12,12,1.7093023255813953,1.0,73.0,43.5,59.5827,397.0,25.5,0.2886751345948129,12,12,0.015145480542826231,True,Channaraya_patna_D (Karnataka),Nagamangala_MandyaRD_D (Karnataka),IND573116AAA → IND571432AAB,0.16771707678788575
IND670643AAA,IND673632AAA,5,5,1.9431818181818181,1.0,171.0,88.0,93.50909999999999,430.0,41.0,0.4472135954999579,5,5,0.016404424769308007,True,Kuthuparamba_IdstrlAr_D (Kerala),Kozhikode_Central_H_4 (Kerala),IND670643AAA → IND673632AAA,0.16771604798260428
IND110092AAC,IND000000ACB,6,6,1.9094560058415482,1.0,144.0,75.5,75.30865,424.0,31.0,0.4082482904638631,6,6,0.016175525819038594,True,Delhi_Patparganj_DPC (Delhi),Gurgaon_Bilaspur_HB (Haryana),IND110092AAC → IND000000ACB,0.16769388999309467
IND535501AAB,IND532440AAA,17,17,1.5365853658536586,1.0,63.0,41.0,45.9711,392.0,28.0,0.24253562503633297,17,17,0.01495473141760172,True,Parvathipuram_Central_D_2 (Andhra Pradesh),Palakonda_VadaiDPP_D (Andhra Pradesh),IND535501AAB → IND532440AAA,0.1676442145720212
IND509124AAA,IND509103AAB,9,9,1.8205128205128205,1.0,71.0,39.0,45.4647,346.0,30.0,0.3333333333333333,9,9,0.01319983946553621,True,JoguGadwal_ColctrOf_D (Telangana),Wanaparthy_VallaDPP_D (Telangana),IND509124AAA → IND509103AAB,0.16763039665757196
IND571105AAA,IND571213AAA,12,12,1.7184210526315788,1.0,67.0,38.0,43.636700000000005,338.0,12.0,0.2886751345948129,12,12,0.012894640865176993,True,Hunsur_RatnaDPP_D (Karnataka),Gonikoppal_Thomas_D (Karnataka),IND571105AAA → IND571213AAA,0.16760705695047132
IND827013AAA,IND829121AAA,5,5,2.0,1.0,48.0,25.0,35.7678,135.0,37.0,0.4472135954999579,5,5,0.005150226381061817,True,Bokaro_KSClny_DC (Jharkhand),Peterbar_GagiDPP_D (Jharkhand),IND827013AAA → IND829121AAA,0.16760138379167594
IND560099AAB,IND683511AAA,14,14,1.442724627492335,0.8571428571428571,710.0,488.5,537.2567,3172.0,84.5,0.2672612419124244,12,12,0.12101124504243024,True,Bengaluru_Bomsndra_HB (Karnataka),Aluva_Peedika_H (Kerala),IND560099AAB → IND683511AAA,0.16756926103035644
IND517325AAA,IND517408AAA,1,1,2.15625,1.0,69.0,32.0,46.6587,37.0,44.0,1.0,1,1,0.0014115435266613867,True,Madnapalle_PngnrRd_D (Andhra Pradesh),Palamaner_Lakshmi_D (Andhra Pradesh),IND517325AAA → IND517408AAA,0.1675591537399238
IND403507AAB,IND403726AAB,1,1,2.152173913043478,1.0,99.0,46.0,37.7043,53.0,283.0,1.0,1,1,0.002021940727379824,True,Goa_Mapusa (Goa),Goa_ZuariNgr_IP (Goa),IND403507AAB → IND403726AAB,0.16752679606588783
IND263645AAA,IND262501AAA,1,1,2.1265822784810124,1.0,336.0,158.0,153.5916,178.0,19.0,1.0,1,1,0.006790668857992618,True,Ranikhet_Subhash_D (Uttarakhand),Pithorgarh_Kumud_D (Uttarakhand),IND263645AAA → IND262501AAA,0.16751656705243123
IND283203AAA,IND110037AAM,13,13,1.5913978494623655,0.9230769230769231,434.0,271.0,326.5007,1757.0,58.0,0.2773500981126146,12,12,0.06702924260389342,True,Firozabad_Sudmpuri_D (Uttar Pradesh),Delhi_Airport_H (Delhi),IND283203AAA → IND110037AAM,0.16747436494907852
IND000000AAS,IND783370AAC,9,9,1.8275862068965518,1.0,53.0,30.0,41.7823,291.0,38.0,0.3333333333333333,9,9,0.011101599088066582,True,Bongaigaon_Chpaguri_D (Assam),Kokrajhar_PigonDPP_D (Assam),IND000000AAS → IND783370AAC,0.16747247330533
IND000000ACB,IND110043AAA,17,17,1.7714285714285714,0.8823529411764706,69.0,36.0,38.424800000000005,704.0,66.0,0.24253562503633297,15,15,0.02685747683161125,True,Gurgaon_Bilaspur_HB (Haryana),Delhi_Nangli_IP (Delhi),IND000000ACB → IND110043AAA,0.16744225004184546
IND733202AAC,IND733210AAA,1,1,2.1538461538461537,1.0,56.0,26.0,25.6387,30.0,22.0,1.0,1,1,0.0011444947513470703,True,Islampure_Central_DPP_2 (West Bengal),Lodhan_GoalpDPP_D (West Bengal),IND733202AAC → IND733210AAA,0.16741087829224588
IND384205AAA,IND384355AAB,13,13,1.6764705882352942,1.0,57.0,33.0,36.6036,350.0,24.0,0.2773500981126146,13,13,0.013352438765715822,True,Mehsana_Panchot_IP (Gujarat),Vadnagar_BsstdDPP_D (Gujarat),IND384205AAA → IND384355AAB,0.16740732637047578
IND201301AAF,IND201304AAA,12,12,1.7395833333333335,1.0,28.5,16.0,11.358550000000001,205.0,37.0,0.2886751345948129,12,12,0.00782071413420498,True,Noida_Sec 02_DPC (Uttar Pradesh),Noida_Sec-83_DC (Uttar Pradesh),IND201301AAF → IND201304AAA,0.16738257438693402
IND411033AAA,IND400072AAB,8,8,1.7772232304900182,1.0,192.5,115.0,134.33705,697.0,93.5,0.35355339059327373,8,8,0.026590428056296935,True,Pune_Tathawde_H (Maharashtra),Mumbai Hub (Maharashtra),IND411033AAA → IND400072AAB,0.1673767259374586
IND673104AAA,IND673506AAA,17,17,1.7142857142857142,0.9411764705882353,27.0,16.0,15.629199999999999,229.0,18.0,0.24253562503633297,16,16,0.008736309935282637,True,Vadakara_Mandodi_D (Kerala),Kallachi_ZamQuatr_D (Kerala),IND673104AAA → IND673506AAA,0.1673741645431137
IND470004AAA,IND473443AAA,2,2,2.073717948717949,1.0,241.5,116.5,159.0423,250.0,24.0,0.7071067811865475,2,2,0.009537456261225586,True,Sagar_Bahreya_I (Madhya Pradesh),Mungaoli_AshkngRd_D (Madhya Pradesh),IND470004AAA → IND473443AAA,0.1673650777227388
IND123001AAA,IND123401AAB,13,13,1.6666666666666667,1.0,65.0,38.0,41.3,393.0,27.0,0.2773500981126146,13,13,0.014992881242646621,True,Narnaul_DC (Haryana),Rewari_YuktiDPP_D (Haryana),IND123001AAA → IND123401AAB,0.16736499899712148
IND403726AAA,IND575004AAB,2,2,2.000010679767181,1.0,612.0,306.0,353.0636,612.0,172.5,0.7071067811865475,2,2,0.023347692927480235,True,Goa_Hub (Goa),Mangalore_Kuntikna_H (Karnataka),IND403726AAA → IND575004AAB,0.16735120856304087
IND733128AAA,IND733134AAA,5,5,2.0,1.0,38.0,19.0,26.6655,98.0,36.0,0.4472135954999579,5,5,0.00373868285440043,True,Itahar_NatunDPP_D (West Bengal),Raiganj_SubrtDPP_D (West Bengal),IND733128AAA → IND733134AAA,0.16731054901726938
IND000000ACB,IND201301AAM,39,39,1.4268774703557312,0.5641025641025641,212.0,182.0,218.9422,2703.0,131.0,0.16012815380508713,22,22,0.10311897709637102,True,Gurgaon_Bilaspur_HB (Haryana),Noida_Sector63_L (Uttar Pradesh),IND000000ACB → IND201301AAM,0.16729727737791353
IND562132AAA,IND577598AAC,10,10,1.68558352402746,1.0,194.0,115.5,145.95635,795.0,428.0,0.31622776601683794,10,10,0.030329110910697364,True,Bangalore_Nelmngla_H (Karnataka),Hiriyur_TahurDPP_D (Karnataka),IND562132AAA → IND577598AAC,0.16725872312356552
IND131028AAB,IND247667AAA,5,5,1.8958333333333333,1.0,273.0,144.0,146.2321,601.0,193.0,0.4472135954999579,5,5,0.02292804485198631,True,Sonipat_Kundli_H (Haryana),Roorkee_Dc (Uttarakhand),IND131028AAB → IND247667AAA,0.1672233815934746
IND689503AAB,IND683511AAA,1,1,2.125984251968504,1.0,270.0,127.0,131.0385,143.0,82.0,1.0,1,1,0.005455424981421035,True,Manthuka_Central_D_1 (Kerala),Aluva_Peedika_H (Kerala),IND689503AAB → IND683511AAA,0.1672182537722767
IND110052AAA,IND000000ACB,10,10,1.726255529534218,1.0,107.0,62.0,67.99605,582.0,111.5,0.31622776601683794,10,10,0.022203198176133164,True,Delhi_Wazirpur_L (Delhi),Gurgaon_Bilaspur_HB (Haryana),IND110052AAA → IND000000ACB,0.16716225138797336
IND501359AAE,IND000000ACB,1,1,1.906855439642325,1.0,2559.0,1342.0,1708.8194,1217.0,185.0,1.0,1,1,0.04642833707964615,True,Hyderabad_Shamshbd_H (Telangana),Gurgaon_Bilaspur_HB (Haryana),IND501359AAE → IND000000ACB,0.16715963594430736
IND395023AAA,IND390022AAA,8,8,1.7437841530054645,1.0,213.5,124.5,173.5838,834.0,173.0,0.35355339059327373,8,8,0.03181695408744856,True,Surat_HUB (Gujarat),Vadodara_Karelibaug_DPC (Gujarat),IND395023AAA → IND390022AAA,0.1671563950506204
IND521225AAB,IND521185AAA,1,1,2.142857142857143,1.0,90.0,42.0,59.4601,48.0,330.0,1.0,1,1,0.0018311916021553126,True,Vijayawada_Rynapadu_H (Andhra Pradesh),Nandigama_Chndrlpd_D (Andhra Pradesh),IND521225AAB → IND521185AAA,0.16712606763970406
IND733140AAA,IND733102AAA,9,9,1.8333333333333333,1.0,44.0,25.0,25.0,202.0,13.0,0.3333333333333333,9,9,0.007706264659070273,True,Gangarampr_FulbaDPP_D (West Bengal),Balurghat_AkhirDPP_D (West Bengal),IND733140AAA → IND733102AAA,0.16699584663728503
IND600110AAA,IND600056AAB,10,10,1.7551020408163265,1.0,86.0,49.5,52.230549999999994,410.0,48.5,0.31622776601683794,10,10,0.01564142826840996,True,Chennai_Madhavaram_L (Tamil Nadu),MAA_Poonamallee_HB (Tamil Nadu),IND600110AAA → IND600056AAB,0.16692930840323705
IND815353AAA,IND814133AAB,8,8,1.78415991902834,1.0,176.5,96.0,120.1062,605.0,47.5,0.35355339059327373,8,8,0.023080644152165916,True,Madhupur_Sitarmrd_D (Jharkhand),Godda_Central_D_2 (Jharkhand),IND815353AAA → IND814133AAB,0.16692266487715196
IND500032AAA,IND502295AAA,4,4,2.025,1.0,41.5,20.5,27.820099999999996,92.0,14.5,0.5,4,4,0.0035097839041310155,True,Hyd_Chandanagar_Dc (Telangana),Sangareddy_Pothredy_D (Telangana),IND500032AAA → IND502295AAA,0.16689988087429325
IND791125AAB,IND791102AAA,4,4,1.9749208860759493,1.0,157.0,79.0,109.68465,330.0,25.5,0.5,4,4,0.012589442264817773,True,Likabali_ZoomCDPP_D (Arunachal Pradesh),Pasighat_MissonRd_D (Arunachal Pradesh),IND791125AAB → IND791102AAA,0.16682793166261134
IND123401AAB,IND000000ACB,3,3,2.0327868852459017,1.0,124.0,61.0,66.0395,213.0,29.0,0.5773502691896258,3,3,0.0081259127345642,True,Rewari_YuktiDPP_D (Haryana),Gurgaon_Bilaspur_HB (Haryana),IND123401AAB → IND000000ACB,0.1668197333021465
IND602024AAA,IND600116AAB,4,4,2.017857142857143,1.0,53.0,24.0,22.339349999999996,110.0,37.0,0.5,4,4,0.004196480754939258,True,Chennai_Vepmpttu_DC (Tamil Nadu),Chennai_Porur_DPC (Tamil Nadu),IND602024AAA → IND600116AAB,0.16676427446578326
IND370110AAA,IND370615AAB,1,1,2.125,1.0,153.0,72.0,88.0447,81.0,633.0,1.0,1,1,0.0030901358286370894,True,Anjar_DC (Gujarat),Nakhatrana_ClgRDDPP_D (Gujarat),IND370110AAA → IND370615AAB,0.1666927268267297
IND322230AAA,IND322241AAA,14,14,1.6369047619047619,1.0,45.0,27.0,31.8397,280.0,16.0,0.2672612419124244,14,14,0.010681951012572657,True,Hindaun_MndwrRod_D (Rajasthan),Karauli_HnsChowk_D (Rajasthan),IND322230AAA → IND322241AAA,0.1666555505583723
IND464668AAA,IND462022AAA,2,2,2.0608876560332874,1.0,214.5,104.0,120.80915,221.0,14.0,0.7071067811865475,2,2,0.008431111334923419,True,Bareli_SourvDPP_D (Madhya Pradesh),Bhopal_Trnsport_H (Madhya Pradesh),IND464668AAA → IND462022AAA,0.1666393992714108
IND424304AAC,IND425412AAA,9,9,1.8055555555555556,1.0,65.0,37.0,52.99210000000001,285.0,11.0,0.3333333333333333,9,9,0.010872700137797167,True,Sakri_DhuleRoad_D (Maharashtra),Nandurbar_DhuleRd_D (Maharashtra),IND424304AAC → IND425412AAA,0.16657067357297614
IND641008AAA,IND641001AAA,3,3,2.0588235294117645,1.0,34.0,12.0,12.6194,50.0,0.0,0.5773502691896258,3,3,0.001907491252245117,True,Cjb_Kovaipudur_Dc (Tamil Nadu),Coimbatore_Ukkadam_D (Tamil Nadu),IND641008AAA → IND641001AAA,0.16654853044546833
IND125001AAA,IND335513AAA,7,7,1.7702702702702702,1.0,262.0,156.0,182.5297,794.0,96.0,0.3779644730092272,7,7,0.030290961085652462,True,Hisar_ModelTwn_P (Haryana),Hanumangarh_DC (Rajasthan),IND125001AAA → IND335513AAA,0.16653612443195245
IND201306AAA,IND201304AAA,1,1,2.1333333333333333,1.0,32.0,15.0,13.3895,17.0,184.0,1.0,1,1,0.0006485470257633399,True,Noida_Surajpur_DC (Uttar Pradesh),Noida_Sec-83_DC (Uttar Pradesh),IND201306AAA → IND201304AAA,0.16651293713306842
IND562132AAA,IND518002AAA,12,12,1.4216814159292035,1.0,453.0,313.5,380.67375000000004,1649.0,97.5,0.2886751345948129,12,12,0.06290906149904396,True,Bangalore_Nelmngla_H (Karnataka),Kurnool_AbbasNgr_I (Andhra Pradesh),IND562132AAA → IND518002AAA,0.1664005890198337
IND575004AAB,IND576101AAA,1,1,2.122448979591837,1.0,104.0,49.0,56.353899999999996,55.0,393.0,1.0,1,1,0.002098240377469629,True,Mangalore_Kuntikna_H (Karnataka),Udupi (Karnataka),IND575004AAB → IND576101AAA,0.16638939444612177
IND560099AAB,IND560078AAC,28,28,1.570108695652174,0.8214285714285714,39.5,22.0,20.6197,472.0,71.0,0.1889822365046136,23,23,0.018006717421193908,True,Bengaluru_Bomsndra_HB (Karnataka),BLR_JPNagar_Pc (Karnataka),IND560099AAB → IND560078AAC,0.16638304432701229
IND125001AAA,IND335524AAA,5,5,1.8461538461538463,1.0,312.0,171.0,180.9558,733.0,55.0,0.4472135954999579,5,5,0.02796382175791342,True,Hisar_ModelTwn_P (Haryana),Rawatsar_ShivmDPP_D (Rajasthan),IND125001AAA → IND335524AAA,0.1663337328167571
IND641664AAA,IND638657AAA,15,15,1.588235294117647,1.0,55.0,36.0,40.5852,306.0,21.0,0.2581988897471611,15,15,0.011673846463740117,True,Tirpur_Palladam_DC (Tamil Nadu),Dharapuram_Techrcly_D (Tamil Nadu),IND641664AAA → IND638657AAA,0.16630521457508296
IND274509AAB,IND274001AAA,1,1,2.125,1.0,51.0,24.0,28.971,27.0,27.0,1.0,1,1,0.0010300452762123634,True,Salempur_Banjaria_D (Uttar Pradesh),Deoria_CCRoad_D (Uttar Pradesh),IND274509AAB → IND274001AAA,0.16626826526408234
IND585211AAA,IND585222AAA,17,17,1.5217391304347827,1.0,36.0,24.0,25.1841,290.0,24.0,0.24253562503633297,17,17,0.01106344926302168,True,Chittapur_GlbrgaRD_D (Karnataka),Sedam_DBRCmplx_D (Karnataka),IND585211AAA → IND585222AAA,0.16626652229615424
IND577501AAA,IND577002AAA,10,10,1.7530487804878048,1.0,74.0,43.0,61.3275,331.0,34.0,0.31622776601683794,10,10,0.012627592089862676,True,Chitradurga_DC (Karnataka),Davangere_Central_I_1 (Karnataka),IND577501AAA → IND577002AAA,0.16622868451755196
IND691305AAA,IND691551AAA,1,1,2.1176470588235294,1.0,108.0,51.0,51.269999999999996,57.0,17.0,1.0,1,1,0.0021745400275594334,True,Punalur_PostofJN_D (Kerala),Adoor_Town_D (Kerala),IND691305AAA → IND691551AAA,0.16621883383562297
IND506169AAB,IND505503AAA,1,1,2.125,1.0,34.0,16.0,23.4994,18.0,20.0,1.0,1,1,0.0006866968508082422,True,Bhupalpally_JwahrNGR_D (Telangana),Mahadevpur_Kataram_D (Telangana),IND506169AAB → IND505503AAA,0.16619752167030777
IND577002AAA,IND580028AAA,11,11,1.63,1.0,163.0,99.0,140.7466,762.0,64.0,0.30151134457776363,11,11,0.029070166684215585,True,Davangere_Central_I_1 (Karnataka),Hubli_Adargchi_IP (Karnataka),IND577002AAA → IND580028AAA,0.16617640588210847
IND424006AAA,IND425412AAA,3,3,2.012987012987013,1.0,155.0,77.0,100.3248,225.0,19.0,0.5773502691896258,3,3,0.008583710635103027,True,Dhule_MIDCAvdn_I (Maharashtra),Nandurbar_DhuleRd_D (Maharashtra),IND424006AAA → IND425412AAA,0.1661459596010442
IND632006AAA,IND600056AAB,17,17,1.6829268292682926,0.8823529411764706,148.0,82.0,106.4537,973.0,43.0,0.24253562503633297,15,15,0.03711977976868998,True,Vellore_GndhiNgr_IP (Tamil Nadu),MAA_Poonamallee_HB (Tamil Nadu),IND632006AAA → IND600056AAB,0.16612344021679776
IND110037AAM,IND282001AAC,1,1,2.0921052631578947,1.0,318.0,152.0,203.3244,166.0,141.0,1.0,1,1,0.00633287095745379,True,Delhi_Airport_H (Delhi),Agra_Idgah_L (Uttar Pradesh),IND110037AAM → IND282001AAC,0.16608477183871428
IND484551AAA,IND484001AAA,1,1,2.12,1.0,53.0,25.0,37.4561,28.0,3.0,1.0,1,1,0.0010681951012572657,True,PaliBirsighpr_CtyLgDPP_D (Madhya Pradesh),Shahdol_Sohagpur_D (Madhya Pradesh),IND484551AAA → IND484001AAA,0.16608216014614924
IND852111AAA,IND852118AAA,1,1,2.1176470588235294,1.0,72.0,34.0,49.0642,38.0,304.0,1.0,1,1,0.001449693351706289,True,Simrahi_Bazar_D (Bihar),Forbesganj_JhumanCk_D (Bihar),IND852111AAA → IND852118AAA,0.16606948624876555
IND501359AAE,IND500039AAC,10,10,1.75852534562212,1.0,63.5,34.0,38.3674,281.0,120.5,0.31622776601683794,10,10,0.010720100837617558,True,Hyderabad_Shamshbd_H (Telangana),Hyderabad_Uppal_I (Telangana),IND501359AAE → IND500039AAC,0.16604811750993442
IND523230AAA,IND523105AAA,19,19,1.4285714285714286,1.0,62.0,43.0,47.0649,371.0,5.0,0.22941573387056174,19,19,0.014153585091658769,True,Kanigiri_Tiglgndi_D (Andhra Pradesh),Kandukur_LICOffce_D (Andhra Pradesh),IND523230AAA → IND523105AAA,0.16595561701036876
IND600016AAC,IND600056AAB,1,1,2.1142857142857143,1.0,74.0,35.0,39.1421,39.0,43.0,1.0,1,1,0.0014878431767511916,True,Chennai_Perungudi_DPC (Tamil Nadu),MAA_Poonamallee_HB (Tamil Nadu),IND600016AAC → IND600056AAB,0.16594694966169307
IND504208AAB,IND505001AAB,6,6,1.8592014806980433,1.0,125.5,69.0,88.70445000000001,448.0,76.5,0.4082482904638631,6,6,0.01709112162011625,True,Mancherial_Hitech_D (Telangana),Karimnagar_KamnHbRD_I (Telangana),IND504208AAB → IND505001AAB,0.16593301058385757
IND473443AAA,IND470113AAA,7,7,1.8448275862068966,1.0,107.0,58.0,74.9378,349.0,16.0,0.3779644730092272,7,7,0.013314288940670918,True,Mungaoli_AshkngRd_D (Madhya Pradesh),Bina_Srvdycwk_D (Madhya Pradesh),IND473443AAA → IND470113AAA,0.16593055640972104
IND752056AAA,IND751002AAB,1,1,2.1176470588235294,1.0,36.0,17.0,27.2787,19.0,6.0,1.0,1,1,0.0007248466758531445,True,Khurdha_MdhsnDPP_D (Orissa),Bhubaneshwar_Hub (Orissa),IND752056AAA → IND751002AAB,0.16592013866190813
IND621212AAA,IND621704AAA,16,16,1.5553359683794468,1.0,35.5,22.5,30.710050000000003,240.0,7.0,0.25,16,16,0.009155958010776562,True,Perambalur_goplpurm_D (Tamil Nadu),Ariyalur_Kmrajngr_D (Tamil Nadu),IND621212AAA → IND621704AAA,0.16584349460732897
IND623315AAB,IND614620AAA,15,15,1.5862068965517242,1.0,45.0,29.0,35.117399999999996,257.0,14.0,0.2581988897471611,15,15,0.009804505036539903,True,Oriyur_Vllyaprm_D (Tamil Nadu),Manamelkudi_TmpleSrt_D (Tamil Nadu),IND623315AAB → IND614620AAA,0.16584136717236794
IND505209AAA,IND505001AAB,3,3,2.0,1.0,88.0,45.0,64.2986,246.0,82.0,0.5773502691896258,3,3,0.009384856961045976,True,Ramagundam_Pdmavati_D (Telangana),Karimnagar_KamnHbRD_I (Telangana),IND505209AAA → IND505001AAB,0.1658072214482289
IND362225AAA,IND362265AAA,6,6,1.9175,1.0,49.0,25.5,37.65375,139.0,3.0,0.4082482904638631,6,6,0.005302825681241426,True,Mangrol_JilRDDPP_D (Gujarat),Veraval_DC (Gujarat),IND362225AAA → IND362265AAA,0.16576572768775966
IND493118AAC,IND495334AAB,11,11,1.702127659574468,1.0,78.0,47.0,54.8624,346.0,20.0,0.30151134457776363,11,11,0.01319983946553621,True,Bhatpara_TrengaRD_D (Chhattisgarh),Mungeli_Panderia_D (Chhattisgarh),IND493118AAC → IND495334AAB,0.16570453552921632
IND431107AAB,IND431136AAC,6,6,1.889795918367347,1.0,93.5,49.0,49.06375,261.0,23.0,0.4082482904638631,6,6,0.009957104336719511,True,Paithan_SantaNGR_D (Maharashtra),Aurangabad_Central_H_1 (Maharashtra),IND431107AAB → IND431136AAC,0.1656499690986554
IND382430AAB,IND364004AAB,11,11,1.5851851851851853,1.0,214.0,135.0,171.05239999999998,915.0,261.0,0.30151134457776363,11,11,0.03490708991608565,True,Ahmedabad_East_H_1 (Gujarat),Bhavnagar_ChtrGIDC_IP (Gujarat),IND382430AAB → IND364004AAB,0.16564054122914962
IND562132AAA,IND583101AAA,10,10,1.5323426573426573,1.0,323.0,217.0,292.5201,1345.0,291.0,0.31622776601683794,10,10,0.051311514685393654,True,Bangalore_Nelmngla_H (Karnataka),Bellary_Dc (Karnataka),IND562132AAA → IND583101AAA,0.1656372539493152
IND752050AAA,IND751002AAB,2,2,2.068478260869565,1.0,44.5,21.5,31.17145,46.0,23.0,0.7071067811865475,2,2,0.0017548919520655078,True,Khurdha_JatniDPP_D (Orissa),Bhubaneshwar_Hub (Orissa),IND752050AAA → IND751002AAB,0.16555829251110962
IND413501AAA,IND411033AAA,1,1,2.0616740088105727,1.0,468.0,227.0,301.4608,241.0,33.0,1.0,1,1,0.009194107835821464,True,Osmanabad_Kakdepot_D (Maharashtra),Pune_Tathawde_H (Maharashtra),IND413501AAA → IND411033AAA,0.1654937789888792
IND370001AAA,IND370615AAB,8,8,1.8139534883720931,1.0,80.0,43.0,47.77165,273.0,13.0,0.35355339059327373,8,8,0.01041490223725834,True,Bhuj_DC (Gujarat),Nakhatrana_ClgRDDPP_D (Gujarat),IND370001AAA → IND370615AAB,0.16546879732444697
IND751015AAA,IND751002AAB,4,4,2.0,1.0,14.0,7.0,10.178149999999999,33.0,34.5,0.5,4,4,0.0012589442264817772,True,Bhubaneshwar_Nayapalli (Orissa),Bhubaneshwar_Hub (Orissa),IND751015AAA → IND751002AAB,0.16546628972889754
IND400072AAB,IND411033AAA,8,8,1.7142428785607196,1.0,198.5,115.5,135.9055,764.0,58.0,0.35355339059327373,8,8,0.02914646633430539,True,Mumbai Hub (Maharashtra),Pune_Tathawde_H (Maharashtra),IND400072AAB → IND411033AAA,0.16546016938351157
IND786001AAB,IND786602AAA,13,13,1.625,1.0,52.0,33.0,36.9082,354.0,75.0,0.2773500981126146,13,13,0.013505038065895428,True,Dibrugarh_Bokule_H (Assam),Duliajan_StatonRd_D (Assam),IND786001AAB → IND786602AAA,0.16544206411375353
IND362150AAA,IND362001AAA,11,11,1.6615384615384616,1.0,109.0,65.0,67.7088,512.0,7.0,0.30151134457776363,11,11,0.01953271042299,True,Talala_SsnRdDPP_D (Gujarat),Junagadh_DPC (Gujarat),IND362150AAA → IND362001AAA,0.16543478085609825
IND422103AAC,IND423601AAA,1,1,2.1,1.0,84.0,40.0,57.0574,44.0,2.0,1.0,1,1,0.0016785923019757031,True,Sinnar_Central_D_1 (Maharashtra),Kopargaon_NkshtrPz_D (Maharashtra),IND422103AAC → IND423601AAA,0.16543206446611627
IND203131AAA,IND203135AAA,16,16,1.519894894894895,1.0,57.0,37.5,34.7599,359.0,17.5,0.25,16,16,0.01369578719111994,True,Khurja_Pnjbiyon_D (Uttar Pradesh),Jewar_SJRoad_D (Uttar Pradesh),IND203131AAA → IND203135AAA,0.16540401289501072
IND506001AAC,IND505122AAA,2,2,2.0588235294117645,1.0,70.0,34.0,41.804249999999996,72.0,19.0,0.7071067811865475,2,2,0.002746787403232969,True,Warangal_Central_D_2 (Telangana),Jammikunta_ConduDPP_D (Telangana),IND506001AAC → IND505122AAA,0.16538812589691726
IND533262AAA,IND533106AAA,7,7,1.8478260869565217,1.0,85.0,46.0,53.562799999999996,265.0,40.0,0.3779644730092272,7,7,0.010109703636899121,True,Draksharamam_Anaipeta_D (Andhra Pradesh),Rajamundry_AtoNgrRd_I (Andhra Pradesh),IND533262AAA → IND533106AAA,0.16538660401759503
IND604303AAA,IND603102AAA,4,4,1.9736842105263157,1.0,75.0,38.0,53.4901,151.0,0.5,0.5,4,4,0.005760623581780254,True,Marakkanam_MJRDPP_D (Tamil Nadu),Kalpakkam_Sadras_D (Tamil Nadu),IND604303AAA → IND603102AAA,0.1653729457038995
IND600056AAB,IND600076AAB,16,16,1.5104166666666665,1.0,71.5,48.5,51.3503,400.0,160.5,0.25,16,16,0.015259930017960936,True,MAA_Poonamallee_HB (Tamil Nadu),Chennai_Madhavaram_DPC (Tamil Nadu),IND600056AAB → IND600076AAB,0.16535859937848635
IND395023AAD,IND396445AAA,7,7,1.875,1.0,30.0,16.0,22.5559,126.0,72.0,0.3779644730092272,7,7,0.0048068779556576955,True,Surat_Central_I_4 (Gujarat),Navsari_DC (Gujarat),IND395023AAD → IND396445AAA,0.16534816893353355
IND577432AAA,IND577126AAA,1,1,2.1,1.0,42.0,20.0,27.2213,22.0,12.0,1.0,1,1,0.0008392961509878516,True,Thirthahalli_NadthiCx_D (Karnataka),Koppa_Sangetha_D (Karnataka),IND577432AAA → IND577126AAA,0.165259135681334
IND125033AAA,IND125005AAA,2,2,2.0620915032679736,1.0,36.0,17.5,21.5574,37.0,14.0,0.7071067811865475,2,2,0.0014115435266613867,True,Hansi_DelRdDPP_D (Haryana),Hisar_IndstlAr_I (Haryana),IND125033AAA → IND125005AAA,0.16523978676899748
IND361305AAC,IND361315AAA,10,10,1.7497556207233627,1.0,52.5,31.0,43.5599,216.0,4.5,0.31622776601683794,10,10,0.008240362209698907,True,Khambhalia_JdswarRD_D (Gujarat),Bhatiya_Kalyanpr_D (Gujarat),IND361305AAC → IND361315AAA,0.1651969867096855
IND152026AAA,IND152107AAA,1,1,2.0952380952380953,1.0,44.0,21.0,30.067,23.0,43.0,1.0,1,1,0.0008774459760327539,True,Muktsar_DPC (Punjab),Malout_DC (Punjab),IND152026AAA → IND152107AAA,0.16508226701660286
IND483501AAA,IND483770AAA,3,3,2.0,1.0,92.0,46.0,52.591499999999996,145.0,24.0,0.5773502691896258,3,3,0.00553172463151084,True,Katni_Bargawan_DC (Madhya Pradesh),Barhi_Central_DPP_1 (Madhya Pradesh),IND483501AAA → IND483770AAA,0.1650133211180921
IND841301AAC,IND841226AAB,1,1,2.0869565217391304,1.0,96.0,46.0,65.89920000000001,50.0,97.0,1.0,1,1,0.001907491252245117,True,IND841301AAC,Siwan_HnmntNgr_D (Bihar),IND841301AAC → IND841226AAB,0.1649732298604667
IND784001AAA,IND784168AAB,1,1,2.0760869565217392,1.0,191.0,92.0,131.0965,99.0,92.0,1.0,1,1,0.0037768326794453324,True,Tezpur_Mhbhirab_D (Assam),Gohpur_Central_D_1 (Assam),IND784001AAA → IND784168AAB,0.16493672525865666
IND713145AAB,IND741101AAB,1,1,2.088235294117647,1.0,71.0,34.0,37.7374,37.0,8.0,1.0,1,1,0.0014115435266613867,True,Manteswar_MemariRD_D (West Bengal),Krishnanagar_AnadiDPP_D (West Bengal),IND713145AAB → IND741101AAB,0.16492065221862562
IND515591AAA,IND516269AAA,10,10,1.689783653846154,1.0,109.0,64.0,71.29515,473.0,17.0,0.31622776601683794,10,10,0.01804486724623881,True,Kadiri_GVManu_D (Andhra Pradesh),Rayachoti_Madnpali_D (Andhra Pradesh),IND515591AAA → IND516269AAA,0.16489061061685056
IND781018AAB,IND784001AAA,4,4,1.8767591791807532,1.0,299.5,156.5,212.87365,566.0,212.0,0.5,4,4,0.021592800975414727,True,Guwahati_Hub (Assam),Tezpur_Mhbhirab_D (Assam),IND781018AAB → IND784001AAA,0.1648749886491219
IND152026AAA,IND152024AAA,2,2,2.051190476190476,1.0,42.0,20.5,30.62065,43.0,53.5,0.7071067811865475,2,2,0.0016404424769308008,True,Muktsar_DPC (Punjab),Jalalabad_Muktsar_D (Punjab),IND152026AAA → IND152024AAA,0.16486406449373736
IND530012AAA,IND531162AAA,7,7,1.8666666666666667,1.0,28.0,15.0,16.1693,101.0,48.0,0.3779644730092272,7,7,0.0038531323295351366,True,Visakhapatnam_Gajuwaka_IP (Andhra Pradesh),Vishakhapatnam (Andhra Pradesh),IND530012AAA → IND531162AAA,0.16482838308875747
IND562132AAA,IND560066AAB,2,2,2.038230884557721,1.0,101.0,52.0,45.86245,98.0,187.0,0.7071067811865475,2,2,0.00373868285440043,True,Bangalore_Nelmngla_H (Karnataka),Bengaluru_Whitefld_L (Karnataka),IND562132AAA → IND560066AAB,0.16479364367683613
IND306116AAA,IND306001AAA,3,3,1.962962962962963,1.0,159.0,81.0,104.691,296.0,13.0,0.5773502691896258,3,3,0.011292348213291094,True,Falna_SbhRDDPP_D (Rajasthan),MarwarJn_SndbrDPP_D (Rajasthan),IND306116AAA → IND306001AAA,0.16476345980444773
IND000000ACB,IND110043AAC,9,9,1.7258064516129032,1.0,107.0,60.0,60.0094,447.0,40.0,0.3333333333333333,9,9,0.017052971795071346,True,Gurgaon_Bilaspur_HB (Haryana),Delhi_Nangli_L (Delhi),IND000000ACB → IND110043AAC,0.16475034302176367
IND562132AAA,IND560058AAB,20,20,1.8990384615384617,0.8,29.5,16.0,13.776299999999999,261.0,64.0,0.22360679774997896,16,16,0.009957104336719511,True,Bangalore_Nelmngla_H (Karnataka),Bengaluru_Peenya_IP (Karnataka),IND562132AAA → IND560058AAB,0.1646751826986843
IND303901AAA,IND304001AAA,3,3,2.0,1.0,80.0,40.0,57.9454,97.0,16.0,0.5773502691896258,3,3,0.0037005330293555273,True,Chaksu_TonkRoad_D (Rajasthan),Tonk_DC (Rajasthan),IND303901AAA → IND304001AAA,0.16463602195129445
IND627005AAA,IND629001AAA,1,1,2.073529411764706,1.0,141.0,68.0,84.5501,73.0,44.0,1.0,1,1,0.0027849372282778713,True,Tirunelveli_VdkkuSrt_I (Tamil Nadu),Nagarcoil_AsrplmRd_DC (Tamil Nadu),IND627005AAA → IND629001AAA,0.16463313977830804
IND673573AAA,IND673592AAA,12,12,1.6147540983606556,1.0,97.5,61.0,59.90395,470.0,20.0,0.2886751345948129,12,12,0.0179304177711041,True,Thamarassery_Chungam_D (Kerala),SultnBthry_Kollgpra_D (Kerala),IND673573AAA → IND673592AAA,0.1646230667779653
IND638657AAA,IND638701AAA,16,16,1.5178571428571428,1.0,42.5,28.0,31.94735,259.0,19.0,0.25,16,16,0.009880804686629708,True,Dharapuram_Techrcly_D (Tamil Nadu),Kangayam_Thvlrsrt_D (Tamil Nadu),IND638657AAA → IND638701AAA,0.16453892223857977
IND673506AAA,IND670643AAA,17,17,1.5,1.0,32.0,23.0,21.6196,177.0,16.0,0.24253562503633297,17,17,0.006752519032947714,True,Kallachi_ZamQuatr_D (Kerala),Kuthuparamba_IdstrlAr_D (Kerala),IND673506AAA → IND670643AAA,0.16453496883848595
IND639001AAA,IND624001AAA,9,9,1.7407407407407407,1.0,94.0,54.0,75.36410000000001,339.0,18.0,0.3333333333333333,9,9,0.012932790690221895,True,Karur (Tamil Nadu),Dindigul_Central_D_1 (Tamil Nadu),IND639001AAA → IND624001AAA,0.16448076731953154
IND627005AAA,IND627117AAA,11,11,1.675,1.0,67.0,40.0,50.8577,324.0,21.0,0.30151134457776363,11,11,0.012360543314548358,True,Tirunelveli_VdkkuSrt_I (Tamil Nadu),Vallior_Radhaprm_D (Tamil Nadu),IND627005AAA → IND627117AAA,0.16447924064025213
IND614616AAA,IND630002AAA,16,16,1.5071428571428571,1.0,53.5,35.0,35.916,299.0,30.0,0.25,16,16,0.0114067976884258,True,Aranthangi_HsptlRod_D (Tamil Nadu),Karaikudi_Sbrmnprm_D (Tamil Nadu),IND614616AAA → IND630002AAA,0.1644376978168225
IND621010AAA,IND621212AAA,16,16,1.5,1.0,51.0,35.0,37.38365,328.0,15.0,0.25,16,16,0.012513142614727968,True,Thuraiyur_Mthrapuri_D (Tamil Nadu),Perambalur_goplpurm_D (Tamil Nadu),IND621010AAA → IND621212AAA,0.16438855580070366
IND580028AAA,IND562132AAA,4,4,1.800372245757401,1.0,508.5,279.0,383.14824999999996,881.0,61.5,0.5,4,4,0.03360999586455896,True,Hubli_Adargchi_IP (Karnataka),Bangalore_Nelmngla_H (Karnataka),IND580028AAA → IND562132AAA,0.16438772822084297
IND854326AAB,IND852113AAA,1,1,2.06,1.0,206.0,100.0,143.1359,106.0,98.0,1.0,1,1,0.004043881454759648,True,Purnia_Central_H_2 (Bihar),Madhepura_Krishnpr_D (Bihar),IND854326AAB → IND852113AAA,0.16436768508529886
IND202001AAB,IND110037AAM,1,1,2.053030303030303,1.0,271.0,132.0,146.4139,139.0,85.0,1.0,1,1,0.005302825681241426,True,Aligarh_KhirByps_I (Uttar Pradesh),Delhi_Airport_H (Delhi),IND202001AAB → IND110037AAM,0.1643567020869237
IND110085AAB,IND110085AAA,1,1,2.076923076923077,1.0,27.0,13.0,11.4111,14.0,699.0,1.0,1,1,0.0005340975506286328,True,Delhi_Rohini_DPC (Delhi),North Delhi (Delhi),IND110085AAB → IND110085AAA,0.16430102702267674
IND125033AAA,IND125001AAA,3,3,2.0,1.0,34.0,17.0,21.2745,52.0,10.0,0.5773502691896258,3,3,0.0019837909023349217,True,Hansi_DelRdDPP_D (Haryana),Hisar_ModelTwn_P (Haryana),IND125033AAA → IND125001AAA,0.1642823039824216
IND628801AAA,IND628204AAA,17,17,1.5,1.0,24.0,16.0,17.8416,142.0,14.0,0.24253562503633297,17,17,0.005417275156376133,True,Eral_Busstand_D (Tamil Nadu),Tirchchndr_Shnmgprm_D (Tamil Nadu),IND628801AAA → IND628204AAA,0.164259854862696
IND247776AAA,IND251309AAB,9,9,1.7777777777777777,1.0,32.0,18.0,24.5242,128.0,13.0,0.3333333333333333,9,9,0.0048831776057475,True,Shamli_KarnalRd_D (Uttar Pradesh),Budhana_Busstand_D (Uttar Pradesh),IND247776AAA → IND251309AAB,0.16425900467467885
IND142026AAA,IND141109AAA,18,18,1.436904761904762,1.0,51.0,35.0,23.547849999999997,278.0,28.0,0.23570226039551587,18,18,0.010605651362482852,True,Jagraon_DC (Punjab),Raikot_DC (Punjab),IND142026AAA → IND141109AAA,0.16421454240343392
IND722154AAA,IND712602AAA,1,1,2.0714285714285716,1.0,58.0,28.0,31.1137,30.0,54.0,1.0,1,1,0.0011444947513470703,True,MirzapurWB_VidyaDPP_D (West Bengal),Arambag_BalibDPP_D (West Bengal),IND722154AAA → IND712602AAA,0.16421364449156384
IND821115AAB,IND824101AAA,1,1,2.0714285714285716,1.0,58.0,28.0,39.4573,30.0,31.0,1.0,1,1,0.0011444947513470703,True,Sasaram_Central_I_2 (Bihar),AurngbadBR_Mahindra_D (Bihar),IND821115AAB → IND824101AAA,0.16421364449156384
IND690537AAA,IND689503AAB,1,1,2.0714285714285716,1.0,58.0,28.0,28.2977,30.0,33.0,1.0,1,1,0.0011444947513470703,True,Kayamkulam_Bhrnikvu_D (Kerala),Manthuka_Central_D_1 (Kerala),IND690537AAA → IND689503AAB,0.16421364449156384
IND396445AAA,IND396321AAA,7,7,1.8333333333333333,1.0,54.0,30.0,39.963499999999996,183.0,58.0,0.3779644730092272,7,7,0.006981417983217129,True,Navsari_DC (Gujarat),Bilimora_DC (Gujarat),IND396445AAA → IND396321AAA,0.16417983238376097
IND410505AAB,IND411033AAA,2,2,2.0304232804232805,1.0,56.0,27.5,20.712349999999997,57.0,14.0,0.7071067811865475,2,2,0.0021745400275594334,True,Rajgurunagar_Chakan_D (Maharashtra),Pune_Tathawde_H (Maharashtra),IND410505AAB → IND411033AAA,0.16416848611032592
IND600083AAA,IND600116AAB,2,2,2.0357142857142856,1.0,26.5,13.0,13.6142,27.0,446.5,0.7071067811865475,2,2,0.0010300452762123634,True,Chennai_AshokNagar_DC (Tamil Nadu),Chennai_Porur_DPC (Tamil Nadu),IND600083AAA → IND600116AAB,0.16413792864667673
IND184121AAA,IND160002AAC,5,5,1.6829268292682926,1.0,484.0,287.0,328.1632,1253.0,24.0,0.4472135954999579,5,5,0.04780173078126264,True,Samba_Wardno13_D (Jammu & Kashmir),Chandigarh_Mehmdpur_H (Punjab),IND184121AAA → IND160002AAC,0.16408905790547046
IND425409AAA,IND425412AAA,1,1,2.066666666666667,1.0,62.0,30.0,38.2279,32.0,9.0,1.0,1,1,0.001220794401436875,True,Shahada_Nandrbar_D (Maharashtra),Nandurbar_DhuleRd_D (Maharashtra),IND425409AAA → IND425412AAA,0.164044636226141
IND571111AAB,IND571313AAB,10,10,1.7169076751946606,1.0,52.5,31.0,33.75485,231.0,11.0,0.31622776601683794,10,10,0.008812609585372442,True,Gundlupet_Swamylyt_D (Karnataka),Chamarjngr_BrDbleRd_D (Karnataka),IND571111AAB → IND571313AAB,0.16404061895035152
IND335513AAA,IND335001AAA,6,6,1.8468085106382979,1.0,89.5,49.5,62.9906,268.0,52.5,0.4082482904638631,6,6,0.010224153112033828,True,Hanumangarh_DC (Rajasthan),Ganga Nagar_DC (Rajasthan),IND335513AAA → IND335001AAA,0.16403737693880718
IND424006AAA,IND425405AAA,3,3,1.9777777777777779,1.0,84.0,43.0,59.5702,123.0,26.0,0.5773502691896258,3,3,0.004692428480522988,True,Dhule_MIDCAvdn_I (Maharashtra),Shirpur_KrantiNgr_D (Maharashtra),IND424006AAA → IND425405AAA,0.1639783233677926
IND131028AAB,IND201204AAA,9,9,2.0,0.8888888888888888,98.0,47.0,63.058800000000005,401.0,183.0,0.3333333333333333,8,8,0.015298079843005841,True,Sonipat_Kundli_H (Haryana),Modinagar_SikriKla_DC (Uttar Pradesh),IND131028AAB → IND201204AAA,0.1639144722299019
IND683511AAA,IND686028AAB,7,7,1.7252747252747254,1.0,157.0,91.0,86.9961,682.0,255.0,0.3779644730092272,7,7,0.026018180680623396,True,Aluva_Peedika_H (Kerala),Kottayam_Central_H_1 (Kerala),IND683511AAA → IND686028AAB,0.16391024287770084
IND560300AAA,IND000000ACS,1,1,2.0576923076923075,1.0,107.0,52.0,45.9647,55.0,72.0,1.0,1,1,0.002098240377469629,True,Bengaluru_KGAirprt_HB (Karnataka),BLR_HSR_Layout_PC (Karnataka),IND560300AAA → IND000000ACS,0.16387728217415726
IND751015AAA,IND752055AAA,2,2,2.024891774891775,1.0,43.5,21.5,26.39515,44.0,64.0,0.7071067811865475,2,2,0.0016785923019757031,True,Bhubaneshwar_Nayapalli (Orissa),Khurdha_MunplDPP_D (Orissa),IND751015AAA → IND752055AAA,0.16385171665300982
IND480334AAA,IND480106AAA,21,21,1.4285714285714286,0.9523809523809523,50.0,35.0,38.922,368.0,26.0,0.2182178902359924,20,20,0.014039135616524062,True,Pandhurna_Mataward_D (Madhya Pradesh),Sausar_Central_DPP_1 (Madhya Pradesh),IND480334AAA → IND480106AAA,0.1638367977172058
IND425406AAA,IND425405AAA,4,4,1.9484126984126984,1.0,39.5,20.5,20.7417,77.0,1.0,0.5,4,4,0.0029375365284574806,True,Shindkheda_KakaCplx_D (Maharashtra),Shirpur_KrantiNgr_D (Maharashtra),IND425406AAA → IND425405AAA,0.16381091577136847
IND502295AAA,IND500050AAA,2,2,2.0225442834138487,1.0,50.0,25.0,29.5395,50.0,5.5,0.7071067811865475,2,2,0.001907491252245117,True,Sangareddy_Pothredy_D (Telangana),Patancheru_Ameenpur_I (Telangana),IND502295AAA → IND500050AAA,0.16380781256911242
IND600016AAC,IND600119AAA,11,11,1.894736842105263,0.9090909090909091,47.0,25.0,24.5039,295.0,114.0,0.30151134457776363,10,10,0.011254198388246192,True,Chennai_Perungudi_DPC (Tamil Nadu),Chennai_Sholinganallur_Dc (Tamil Nadu),IND600016AAC → IND600119AAA,0.1636846540165897
IND562132AAA,IND683511AAA,2,2,1.8478784990645627,1.0,977.5,533.5,588.3462999999999,888.0,290.0,0.7071067811865475,2,2,0.03387704463987328,True,Bangalore_Nelmngla_H (Karnataka),Aluva_Peedika_H (Kerala),IND562132AAA → IND683511AAA,0.16361899934831903
IND518002AAA,IND584101AAA,14,14,1.6213592233009708,0.9285714285714286,166.5,100.5,111.67825,877.0,75.0,0.2672612419124244,13,13,0.033457396564379356,True,Kurnool_AbbasNgr_I (Andhra Pradesh),Raichur_LSRoad_DC (Karnataka),IND518002AAA → IND584101AAA,0.1636022921153452
IND301705AAA,IND123001AAA,1,1,2.051282051282051,1.0,80.0,39.0,48.423700000000004,41.0,12.0,1.0,1,1,0.001564142826840996,True,Neemrana_Rcocmplx_D (Rajasthan),Narnaul_DC (Haryana),IND301705AAA → IND123001AAA,0.1635185628437882
IND506001AAC,IND505467AAA,13,13,1.588235294117647,1.0,55.0,34.0,41.8916,289.0,17.0,0.2773500981126146,13,13,0.011025299437976777,True,Warangal_Central_D_2 (Telangana),Husnabad_Greenmkt_D (Telangana),IND506001AAC → IND505467AAA,0.16350492112017545
IND574216AAA,IND562132AAA,1,1,2.013953488372093,1.0,433.0,215.0,291.9826,218.0,7.0,1.0,1,1,0.008316661859788712,True,Dhrmsthala_Beltngdi_D (Karnataka),Bangalore_Nelmngla_H (Karnataka),IND574216AAA → IND562132AAA,0.16346176271881313
IND000000ACB,IND124112AAA,7,7,1.7142857142857142,1.0,192.0,112.0,118.4367,678.0,81.0,0.3779644730092272,7,7,0.02586558138044379,True,Gurgaon_Bilaspur_HB (Haryana),Meham_GModDPP_D (Haryana),IND000000ACB → IND124112AAA,0.16345250344037676
IND505302AAB,IND505327AAA,1,1,2.048780487804878,1.0,84.0,41.0,38.234300000000005,43.0,12.0,1.0,1,1,0.0016404424769308008,True,Vemulawada_Central_DPP_2 (Telangana),Jagtial_Aravind_D (Telangana),IND505302AAB → IND505327AAA,0.16343724023165238
IND732138AAA,IND733102AAA,2,2,1.9965745045265475,1.0,129.0,64.0,72.29855,130.0,8.5,0.7071067811865475,2,2,0.004959477255837305,True,Bamangola_Central_D_1 (West Bengal),Balurghat_AkhirDPP_D (West Bengal),IND732138AAA → IND733102AAA,0.16342919619487128
IND521105AAA,IND534001AAA,4,4,1.941176470588235,1.0,33.5,17.0,18.16985,64.0,27.5,0.5,4,4,0.00244158880287375,True,HanumanJNC_VijywdRD_D (Andhra Pradesh),Eluru_Agraharm_DC (Andhra Pradesh),IND521105AAA → IND534001AAA,0.16342801484579106
IND614602AAA,IND614804AAA,16,16,1.5,1.0,36.0,24.0,22.69815,205.0,22.0,0.25,16,16,0.00782071413420498,True,Pattukotai_anthniyr_D (Tamil Nadu),Peravurani_SH71_D (Tamil Nadu),IND614602AAA → IND614804AAA,0.1634217266857846
IND854311AAA,IND854334AAA,8,8,1.7777777777777777,1.0,32.0,18.0,25.253149999999998,188.0,44.0,0.35355339059327373,8,8,0.00717216710844164,True,Araria_Wardn13_D (Bihar),Raniganj_Central_DPP_1 (Bihar),IND854311AAA → IND854334AAA,0.1633972952998426
IND577401AAA,IND562132AAA,1,1,1.9882005899705015,1.0,674.0,339.0,354.1139,335.0,141.0,1.0,1,1,0.012780191390042285,True,Sagara_Vardhard_D (Karnataka),Bangalore_Nelmngla_H (Karnataka),IND577401AAA → IND562132AAA,0.1633823945860966
IND522647AAA,IND523201AAA,19,19,1.4807692307692308,0.9473684210526315,78.0,54.0,42.4906,450.0,36.0,0.22941573387056174,18,18,0.017167421270206054,True,Vinukonda_Kothapet_D (Andhra Pradesh),Addanki_Oilmilrd_D (Andhra Pradesh),IND522647AAA → IND523201AAA,0.16333834540141842
IND244301AAA,IND244412AAA,11,11,1.6666666666666667,1.0,50.0,30.0,28.7669,217.0,19.0,0.30151134457776363,11,11,0.008278512034743809,True,Sambhal_Khwssrai_D (Uttar Pradesh),Chandausi_Ganesh_D (Uttar Pradesh),IND244301AAA → IND244412AAA,0.16331490205219668
IND274509AAB,IND274304AAA,2,2,1.9981857764876634,1.0,105.0,52.5,59.8574,105.0,14.5,0.7071067811865475,2,2,0.004005731629714746,True,Salempur_Banjaria_D (Uttar Pradesh),Kushinagar_KasyaDPP_D (Uttar Pradesh),IND274509AAB → IND274304AAA,0.16329519245203503
IND580028AAA,IND581402AAA,15,15,1.4567901234567902,1.0,120.0,81.0,93.03110000000001,569.0,513.0,0.2581988897471611,15,15,0.021707250450549432,True,Hubli_Adargchi_IP (Karnataka),Sirsi_Vidygiri_D (Karnataka),IND580028AAA → IND581402AAA,0.163273333489939
IND335001AAA,IND125104AAA,10,10,1.625,1.0,149.5,92.0,100.82570000000001,583.0,40.0,0.31622776601683794,10,10,0.02224134800117807,True,Ganga Nagar_DC (Rajasthan),Sirsa_AnprnDPP_D (Haryana),IND335001AAA → IND125104AAA,0.16324209555535077
IND365560AAA,IND365560AAB,7,7,1.7777777777777777,1.0,100.0,58.0,72.3643,335.0,14.0,0.3779644730092272,7,7,0.012780191390042285,True,Amreli_MrktYrd_DC (Gujarat),Amreli_Rajula_DC (Gujarat),IND365560AAA → IND365560AAB,0.16321944066482716
IND824101AAA,IND821307AAA,4,4,1.9318181818181819,1.0,42.5,22.0,32.11605,77.0,35.0,0.5,4,4,0.0029375365284574806,True,AurngbadBR_Mahindra_D (Bihar),DehriSone_Dilliyan_D (Bihar),IND824101AAA → IND821307AAA,0.16316716297244327
IND203135AAA,IND203396AAB,12,12,1.5701754385964912,1.0,89.5,56.0,55.83545,503.0,55.5,0.2886751345948129,12,12,0.01918936199758588,True,Jewar_SJRoad_D (Uttar Pradesh),Pahasu_Kanongyn_D (Uttar Pradesh),IND203135AAA → IND203396AAB,0.16315311539532198
IND732103AAB,IND732123AAC,1,1,2.0232558139534884,1.0,261.0,129.0,102.5733,132.0,75.0,1.0,1,1,0.005035776905927109,True,Malda_Central_I_3 (West Bengal),Chanchal_BargaDPP_D (West Bengal),IND732103AAB → IND732123AAC,0.16314663445688926
IND505326AAB,IND505327AAA,1,1,2.0434782608695654,1.0,47.0,23.0,32.9724,24.0,5.0,1.0,1,1,0.0009155958010776563,True,IND505326AAB,Jagtial_Aravind_D (Telangana),IND505326AAB → IND505327AAA,0.16308220280678715
IND562132AAA,IND560048AAB,18,18,1.7551020408163267,0.8333333333333334,85.5,46.0,38.85375,683.0,68.0,0.23570226039551587,15,15,0.026056330505668298,True,Bangalore_Nelmngla_H (Karnataka),Bengaluru_Hoodi_IP (Karnataka),IND562132AAA → IND560048AAB,0.16307519741439883
IND600056AAB,IND605010AAB,13,13,1.4411764705882353,1.0,198.0,137.0,152.6583,956.0,744.0,0.2773500981126146,13,13,0.03647123274292664,True,MAA_Poonamallee_HB (Tamil Nadu),Pondicherry_Vasanthm_I (Pondicherry),IND600056AAB → IND605010AAB,0.16304293930464325
IND758034AAA,IND757037AAA,2,2,1.9757437070938217,1.0,184.5,93.5,120.60675,182.0,18.5,0.7071067811865475,2,2,0.006943268158172226,True,Joda_Central_D_1 (Orissa),Karanjia_Sarubali_D (Orissa),IND758034AAA → IND757037AAA,0.16302984567918427
IND000000ACB,IND125033AAA,2,2,1.9575503442563544,1.0,272.0,139.0,145.13405,266.0,101.0,0.7071067811865475,2,2,0.010147853461944023,True,Gurgaon_Bilaspur_HB (Haryana),Hansi_DelRdDPP_D (Haryana),IND000000ACB → IND125033AAA,0.1629843422144543
IND842003AAB,IND480661AAA,2,2,1.9681818181818183,1.0,216.5,110.0,157.3653,213.0,81.0,0.7071067811865475,2,2,0.0081259127345642,True,Jabalpur_Adhartal_IP (Madhya Pradesh),Seoni_Kidwai_D (Madhya Pradesh),IND842003AAB → IND480661AAA,0.16298016891891337
IND686540AAA,IND686028AAB,2,2,2.003095975232198,1.0,36.0,18.0,19.73415,36.0,596.0,0.7071067811865475,2,2,0.0013733937016164844,True,Karukachal_MnimlaRd_D (Kerala),Kottayam_Central_H_1 (Kerala),IND686540AAA → IND686028AAB,0.1629433067476117
IND177001AAA,IND176110AAB,7,7,1.8095238095238095,1.0,38.0,22.0,24.0675,142.0,31.0,0.3779644730092272,7,7,0.005417275156376133,True,Hamirpur_GutmgrCl_D (Himachal Pradesh),Sujanpur_SainkSCL_D (Himachal Pradesh),IND177001AAA → IND176110AAB,0.16293391069192423
IND396191AAB,IND421302AAG,2,2,1.956964656964657,1.0,269.0,139.0,165.93110000000001,260.0,93.5,0.7071067811865475,2,2,0.00991895451167461,True,Vapi_IndEstat_L (Gujarat),Bhiwandi_Mankoli_HB (Maharashtra),IND396191AAB → IND421302AAG,0.16291445919090947
IND802101AAA,IND802158AAB,1,1,2.0294117647058822,1.0,138.0,68.0,82.6096,70.0,27.0,1.0,1,1,0.002670487753143164,True,Buxar_Sarswati_D (Bihar),Jagdishpur_Wardno13_D (Bihar),IND802101AAA → IND802158AAB,0.16289809813413572
IND124141AAA,IND000000ACB,10,10,1.604742268041237,1.0,158.0,98.5,102.84945,639.0,20.5,0.31622776601683794,10,10,0.024377738203692597,True,ChrkhiDdri_PuranDPP_D (Haryana),Gurgaon_Bilaspur_HB (Haryana),IND124141AAA → IND000000ACB,0.16289641762511098
IND144601AAA,IND144001AAA,2,2,2.0018382352941178,1.0,33.0,16.5,21.46695,33.0,21.0,0.7071067811865475,2,2,0.0012589442264817772,True,Kapurthala_DC (Punjab),Jalandhar_DC (Punjab),IND144601AAA → IND144001AAA,0.16287093391415786
IND311001AAA,IND313324AAA,5,5,1.8461538461538463,1.0,120.0,65.0,89.73939999999999,284.0,2.0,0.4472135954999579,5,5,0.010834550312752265,True,Bhilwara_DC (Rajasthan),Rajsamand_kankroli_D (Rajasthan),IND311001AAA → IND313324AAA,0.16280441352733718
IND501359AAE,IND509001AAA,17,17,1.5185185185185186,0.9411764705882353,86.0,56.0,77.37180000000001,608.0,203.0,0.24253562503633297,16,16,0.023195093627300625,True,Hyderabad_Shamshbd_H (Telangana),Mahabubnagar_DC (Telangana),IND501359AAE → IND509001AAA,0.16275883880377798
IND509358AAA,IND509324AAA,9,9,1.7037037037037037,1.0,45.0,27.0,37.045500000000004,280.0,23.0,0.3333333333333333,9,9,0.010681951012572657,True,Kadthal_GndhiDPP_D (Telangana),Kalwakurthy_VidyaNGR_D (Telangana),IND509358AAA → IND509324AAA,0.16258022215114737
IND587103AAB,IND582101AAB,2,2,1.9606387109299166,1.0,199.0,101.5,116.75495000000001,195.0,43.5,0.7071067811865475,2,2,0.007439215883755957,True,Bagalkot_Sector4_D (Karnataka),Gadag_Cdosclrd_D (Karnataka),IND587103AAB → IND582101AAB,0.1625460611914198
IND573201AAB,IND572201AAB,11,11,1.625,1.0,78.0,48.0,54.531800000000004,318.0,66.0,0.30151134457776363,11,11,0.012131644364278946,True,Hassan_Pandrnga_I (Karnataka),Tiptur_YTRd_D (Karnataka),IND573201AAB → IND572201AAB,0.1624924230719886
IND173212AAA,IND160002AAC,1,1,2.0105263157894737,1.0,191.0,95.0,101.7296,96.0,42.0,1.0,1,1,0.0036623832043106252,True,Solan_MohanPrk_D (Himachal Pradesh),Chandigarh_Mehmdpur_H (Punjab),IND173212AAA → IND160002AAC,0.16236984334266974
IND530043AAA,IND531163AAA,12,12,1.6168478260869565,1.0,36.5,23.0,22.21,171.0,20.5,0.2886751345948129,12,12,0.0065236200826783,True,Visakhapatnam_VislkNgr_DC (Andhra Pradesh),Bheemunipatnam_SaiTempl_D (Andhra Pradesh),IND530043AAA → IND531163AAA,0.16235402958106704
IND815301AAA,IND814112AAA,1,1,2.0172413793103448,1.0,117.0,58.0,65.2192,59.0,29.0,1.0,1,1,0.0022508396776492385,True,Giridih_Shivalya_D (Jharkhand),Deoghar_Barmasia_D (Jharkhand),IND815301AAA → IND814112AAA,0.16233950672209013
IND811307AAA,IND811201AAB,1,1,2.0172413793103448,1.0,117.0,58.0,80.3155,59.0,52.0,1.0,1,1,0.0022508396776492385,True,Jamui_Mehsouri_D (Bihar),Munger_Kaura_D (Bihar),IND811307AAA → IND811201AAB,0.16233950672209013
IND606201AAC,IND605601AAA,15,15,1.4083333333333334,1.0,168.0,120.0,132.7077,687.0,6.0,0.2581988897471611,15,15,0.02620892980584791,True,Chinnasalem_VkotRoad_D (Tamil Nadu),Villupuram_Thirumtr_IP (Tamil Nadu),IND606201AAC → IND605601AAA,0.16232107133628595
IND781018AAB,IND781354AAA,8,8,1.7194269741439552,1.0,92.0,53.5,64.85095,338.0,110.0,0.35355339059327373,8,8,0.012894640865176993,True,Guwahati_Hub (Assam),Rangia_HosptlRd_D (Assam),IND781018AAB → IND781354AAA,0.16231274643442842
IND145001AAA,IND176201AAA,7,7,1.7916666666666667,1.0,43.0,22.0,17.6282,147.0,25.0,0.3779644730092272,7,7,0.005608024281600644,True,Pathankot_DC (Punjab),Jassur_AadiDPP_D (Himachal Pradesh),IND145001AAA → IND176201AAA,0.16228047869831788
IND470004AAA,IND462022AAA,1,1,2.0,1.0,268.0,134.0,182.2005,134.0,277.0,1.0,1,1,0.005112076556016914,True,Sagar_Bahreya_I (Madhya Pradesh),Bhopal_Trnsport_H (Madhya Pradesh),IND470004AAA → IND462022AAA,0.1622601900590343
IND425406AAA,IND425412AAA,2,2,1.9753846153846153,1.0,86.5,44.5,55.50105,84.0,13.5,0.7071067811865475,2,2,0.0032045853037717966,True,Shindkheda_KakaCplx_D (Maharashtra),Nandurbar_DhuleRd_D (Maharashtra),IND425406AAA → IND425412AAA,0.16224559626514967
IND110037AAM,IND250002AAC,2,2,5.581632653061225,0.5,805.0,114.5,106.51365,1381.0,852.5,0.7071067811865475,1,1,0.052684908387010135,True,Delhi_Airport_H (Delhi),IND250002AAC,IND110037AAM → IND250002AAC,0.16218854477807473
IND144527AAA,IND141115AAA,4,4,1.8957219251336899,1.0,63.5,33.5,34.76025,120.0,4.5,0.5,4,4,0.004577979005388281,True,Garhshnker_Jagrata_D (Punjab),Machhiwara_MnBzrDPP_D (Punjab),IND144527AAA → IND141115AAA,0.1621048743230425
IND637211AAA,IND636402AAA,16,16,1.4206349206349207,1.0,88.5,62.0,57.1568,429.0,16.0,0.25,16,16,0.016366274944263105,True,Tirchngode_Mhdhvpur_D (Tamil Nadu),Mettur_RTOroad_D (Tamil Nadu),IND637211AAA → IND636402AAA,0.16210363839685027
IND505001AAB,IND501359AAE,1,1,1.9883040935672514,1.0,340.0,171.0,210.30519999999999,169.0,68.0,1.0,1,1,0.006447320432588497,True,Karimnagar_KamnHbRD_I (Telangana),Hyderabad_Shamshbd_H (Telangana),IND505001AAB → IND501359AAE,0.1620815835266573
IND783129AAA,IND794101AAA,1,1,2.0,1.0,208.0,104.0,134.5948,104.0,31.0,1.0,1,1,0.003967581804669843,True,Lakhipur_WrdN4DPP_D (Assam),Tura_Sracmplx_D (Meghalaya),IND783129AAA → IND794101AAA,0.16202437807978576
IND507002AAA,IND507159AAA,3,3,1.9411764705882353,1.0,34.0,17.0,23.1748,55.0,44.0,0.5773502691896258,3,3,0.002098240377469629,True,Khammam_NSTRoad_I (Telangana),Kusumnchi_SKRoad_D (Telangana),IND507002AAA → IND507159AAA,0.1620239379186832
IND621211AAA,IND621010AAA,15,15,1.5,1.0,33.0,21.0,23.9686,192.0,6.0,0.2581988897471611,15,15,0.0073247664086212505,True,Musiri_ThryrRD_D (Tamil Nadu),Thuraiyur_Mthrapuri_D (Tamil Nadu),IND621211AAA → IND621010AAA,0.16198620816144357
IND321408AAB,IND321606AAA,4,4,1.8934634974533107,1.0,64.5,34.5,39.994200000000006,115.0,28.0,0.5,4,4,0.004387229880163769,True,Weir_BsstdDPP_D (Rajasthan),Kherli_GodamDPP_D (Rajasthan),IND321408AAB → IND321606AAA,0.16197796090786568
IND742147AAA,IND742137AAA,3,3,1.9411764705882353,1.0,33.0,17.0,15.5169,49.0,7.0,0.5773502691896258,3,3,0.001869341427200215,True,Khargram_BoiDPP_D (West Bengal),Kandi_DohalDPP_D (West Bengal),IND742147AAA → IND742137AAA,0.1619767755228335
IND421802AAA,IND411033AAA,7,7,1.7397260273972603,1.0,127.0,75.0,80.5059,364.0,145.0,0.3779644730092272,7,7,0.013886536316344452,True,Khandala_Satara_D (Maharashtra),Pune_Tathawde_H (Maharashtra),IND421802AAA → IND411033AAA,0.16197124675586805
IND786001AAB,IND786171AAA,13,13,1.5982905982905984,0.9230769230769231,155.0,94.0,119.05160000000001,1014.0,83.0,0.2773500981126146,12,12,0.03868392259553098,True,Dibrugarh_Bokule_H (Assam),Digboi_JyotiNgr_D (Assam),IND786001AAB → IND786171AAA,0.16190147938135946
IND416012AAA,IND415409AAB,4,4,1.886592741935484,1.0,59.5,32.5,44.7795,132.0,112.5,0.5,4,4,0.005035776905927109,True,Kolhapur_Shivaji_I (Maharashtra),Islampur_Shantanu_D (Maharashtra),IND416012AAA → IND415409AAB,0.16184504976653566
IND465683AAA,IND465001AAA,13,13,1.4705882352941178,1.0,100.0,68.0,55.201,657.0,7.0,0.2773500981126146,13,13,0.02506443505450084,True,Pachore_Shop3DPP_D (Madhya Pradesh),Shajapur_MhpraRD_D (Madhya Pradesh),IND465683AAA → IND465001AAA,0.16183365354229773
IND515671AAA,IND515591AAA,1,1,2.0,1.0,156.0,78.0,77.5677,78.0,26.0,1.0,1,1,0.002975686353502383,True,Dharmavram_SaiNgr_D (Andhra Pradesh),Kadiri_GVManu_D (Andhra Pradesh),IND515671AAA → IND515591AAA,0.16182000769777036
IND695012AAA,IND695101AAB,2,2,1.96875,1.0,63.0,32.0,26.8671,62.0,647.0,0.7071067811865475,2,2,0.0023652891527839452,True,Trivandrum_Mnanthla_H (Kerala),Attingal_Central_D_2 (Kerala),IND695012AAA → IND695101AAB,0.1618152901594125
IND507002AAA,IND508207AAB,2,2,1.955683122847302,1.0,129.0,66.0,92.24780000000001,126.0,39.5,0.7071067811865475,2,2,0.0048068779556576955,True,Khammam_NSTRoad_I (Telangana),Miryalguda_Ragvendr_D (Telangana),IND507002AAA → IND508207AAB,0.16181145099801222
IND521225AAB,IND521001AAA,1,1,2.0,1.0,150.0,75.0,92.8222,75.0,128.0,1.0,1,1,0.002861236878367676,True,Vijayawada_Rynapadu_H (Andhra Pradesh),Machilipatnam_DC (Andhra Pradesh),IND521225AAB → IND521001AAA,0.1617964264998455
IND518002AAA,IND562132AAA,11,11,1.4072847682119205,1.0,432.0,309.0,368.3594,1302.0,69.0,0.30151134457776363,11,11,0.049671072208462855,True,Kurnool_AbbasNgr_I (Andhra Pradesh),Bangalore_Nelmngla_H (Karnataka),IND518002AAA → IND562132AAA,0.16178120648232058
IND757001AAA,IND757041AAA,2,2,1.9634146341463414,1.0,83.5,42.5,46.4456,82.0,14.5,0.7071067811865475,2,2,0.003128285653681992,True,Baripada_KalikDPP_D (Orissa),Udala_NagplDPP_D (Orissa),IND757001AAA → IND757041AAA,0.16176552274608283
IND581334AAA,IND581314AAA,3,3,1.92,1.0,96.0,51.0,55.1553,124.0,12.0,0.5773502691896258,3,3,0.0047305783055678905,True,Honnavar_Prbhtngr_D (Karnataka),Ankola_Kakrmath_D (Karnataka),IND581334AAA → IND581314AAA,0.16174480445675604
IND591115AAB,IND580028AAA,2,2,1.9634146341463414,1.0,80.5,41.0,58.0722,79.0,138.0,0.7071067811865475,2,2,0.0030138361785472852,True,Kittur_ColageRD_D (Karnataka),Hubli_Adargchi_IP (Karnataka),IND591115AAB → IND580028AAA,0.16174194154815796
IND721401AAA,IND721306AAA,2,2,1.9473443223443225,1.0,157.0,81.0,91.47875,152.0,33.0,0.7071067811865475,2,2,0.005798773406825156,True,Contai_Kanakpur_D (West Bengal),Kharagpur_DC (West Bengal),IND721401AAA → IND721306AAA,0.161692333429481
IND201301AAL,IND201301AAF,11,11,1.625,1.0,42.0,25.0,23.3817,209.0,46.0,0.30151134457776363,11,11,0.00797331343438459,True,Dadri_ICDCant_D (Uttar Pradesh),Noida_Sec 02_DPC (Uttar Pradesh),IND201301AAL → IND201301AAF,0.16163563954738558
IND385001AAA,IND385535AAA,14,14,1.5277777777777777,1.0,26.0,16.0,23.7831,167.0,20.0,0.2672612419124244,14,14,0.0063710207824986915,True,Palanpur_DC (Gujarat),Deesa_HawaiPlr_DC (Gujarat),IND385001AAA → IND385535AAA,0.16153395105229967
IND515671AAA,IND515134AAA,13,13,1.5454545454545454,1.0,51.0,34.0,37.1089,246.0,22.0,0.2773500981126146,13,13,0.009384856961045976,True,Dharmavram_SaiNgr_D (Andhra Pradesh),Puttaprthi_Gokulam_D (Andhra Pradesh),IND515671AAA → IND515134AAA,0.16150732594143682
IND591115AAB,IND590016AAA,4,4,1.882183908045977,1.0,55.5,30.0,43.0016,105.0,33.0,0.5,4,4,0.004005731629714746,True,Kittur_ColageRD_D (Karnataka),Belgaum_Dc (Karnataka),IND591115AAB → IND590016AAA,0.16146178663605004
IND160002AAC,IND160003AAA,1,1,2.0,1.0,62.0,31.0,33.1927,31.0,45.0,1.0,1,1,0.0011826445763919726,True,Chandigarh_Mehmdpur_H (Punjab),Chandigarh (Chandigarh),IND160002AAC → IND160003AAA,0.16145056893028098
IND754160AAA,IND754142AAA,1,1,2.0,1.0,56.0,28.0,30.898,28.0,30.0,1.0,1,1,0.0010681951012572657,True,Tirtol_Central_D_2 (Orissa),Paradip_Udyabata_D (Orissa),IND754160AAA → IND754142AAA,0.16142698773235611
IND231208AAA,IND231217AAA,6,6,1.8070652173913042,1.0,42.5,23.5,33.65495,132.0,33.0,0.4082482904638631,6,6,0.005035776905927109,True,Duddhi_MChwkDPP_D (Uttar Pradesh),Renukoot_Govind_D (Uttar Pradesh),IND231208AAA → IND231217AAA,0.16142659694657466
IND641062AAD,IND641607AAA,12,12,1.578125,1.0,48.5,31.5,38.22335,242.0,240.5,0.2886751345948129,12,12,0.009232257660866367,True,Coimbatore_Karayam_H (Tamil Nadu),Tirupur_Koliplm_I (Tamil Nadu),IND641062AAD → IND641607AAA,0.16140993933375436
IND110024AAA,IND110014AAA,9,9,1.7142857142857142,1.0,14.0,7.0,9.7226,76.0,28.0,0.3333333333333333,9,9,0.002899386703412578,True,Delhi_Lajpat_IP (Delhi),Delhi_Bhogal (Delhi),IND110024AAA → IND110014AAA,0.16138720972345594
IND441603AAA,IND442605AAA,1,1,2.0,1.0,44.0,22.0,31.9113,22.0,50.0,1.0,1,1,0.0008392961509878516,True,Chamorshi_Central_DPP_1 (Maharashtra),Gadchiroli_Central_DPP_1 (Maharashtra),IND441603AAA → IND442605AAA,0.1613798253365064
IND148023AAA,IND148024AAB,1,1,2.0,1.0,36.0,18.0,19.4578,18.0,34.0,1.0,1,1,0.0006866968508082422,True,Malerkotla_DC (Punjab),Dhuri_DMComDPP_D (Punjab),IND148023AAA → IND148024AAB,0.16134838373927327
IND572201AAB,IND573201AAB,2,2,1.9498039215686274,1.0,98.5,50.5,55.728500000000004,96.0,21.0,0.7071067811865475,2,2,0.0036623832043106252,True,Tiptur_YTRd_D (Karnataka),Hassan_Pandrnga_I (Karnataka),IND572201AAB → IND573201AAB,0.1613475665553668
IND577132AAD,IND573134AAB,11,11,1.84,0.9090909090909091,53.0,31.0,37.1751,266.0,10.0,0.30151134457776363,10,10,0.010147853461944023,True,Mudigere_HesglDPP_D (Karnataka),Sakleshpur_RgvdrDPP_D (Karnataka),IND577132AAD → IND573134AAB,0.161333290458428
IND342601AAA,IND342902AAA,3,3,1.9142857142857144,1.0,68.0,41.0,39.0015,97.0,8.0,0.5773502691896258,3,3,0.0037005330293555273,True,Piparcity_BsstdDPP_D (Rajasthan),Gotan_DKLogDPP_D (Rajasthan),IND342601AAA → IND342902AAA,0.1613108987985851
IND390018AAB,IND390020AAA,1,1,2.0,1.0,24.0,12.0,12.0449,12.0,31.0,1.0,1,1,0.00045779790053882815,True,Vadodara_Karelibaug_DC (Gujarat),Vadodara (Gujarat),IND390018AAB → IND390020AAA,0.16130122134342356
IND487551AAA,IND464668AAA,7,7,1.7,1.0,153.0,91.0,91.2744,474.0,29.0,0.3779644730092272,7,7,0.01808301707128371,True,Gadarwara_MPward_D (Madhya Pradesh),Bareli_SourvDPP_D (Madhya Pradesh),IND487551AAA → IND464668AAA,0.1612947947893684
IND584101AAA,IND509124AAA,14,14,1.4728835978835977,1.0,81.0,54.5,51.0554,395.0,53.0,0.2672612419124244,14,14,0.015069180892736428,True,Raichur_LSRoad_DC (Karnataka),JoguGadwal_ColctrOf_D (Telangana),IND584101AAA → IND509124AAA,0.16119660649524542
IND563131AAB,IND560300AAB,5,5,1.7468354430379747,1.0,138.0,81.0,83.2651,554.0,347.0,0.4472135954999579,5,5,0.0211350030748759,True,Bangarapet_KolarRd_D (Karnataka),Bangalore_East_I_20 (Karnataka),IND563131AAB → IND560300AAB,0.16107385225418253
IND561203AAB,IND562101AAA,12,12,1.580128205128205,1.0,38.0,25.0,27.7583,184.0,20.5,0.2886751345948129,12,12,0.007019567808262031,True,Doddablpur_ChikaDPP_D (Karnataka),Chikblapur_ShntiSgr_D (Karnataka),IND561203AAB → IND562101AAA,0.16103174671764042
IND110037AAM,IND000000ACB,12,12,1.558139534883721,1.0,66.5,42.5,44.0599,292.0,261.5,0.2886751345948129,12,12,0.011139748913111485,True,Delhi_Airport_H (Delhi),Gurgaon_Bilaspur_HB (Haryana),IND110037AAM → IND000000ACB,0.1610276610834509
IND509301AAA,IND509216AAC,5,5,1.826086956521739,1.0,42.0,23.0,32.817,154.0,29.0,0.4472135954999579,5,5,0.005875073056914961,True,Jadcherla_Badeplly_D (Telangana),Shadnagar_Central_D_1 (Telangana),IND509301AAA → IND509216AAC,0.16100410469187668
IND411033AAA,IND580028AAA,5,5,1.6204188481675392,1.0,619.0,380.0,474.61920000000003,1167.0,495.0,0.4472135954999579,5,5,0.04452084582740104,True,Pune_Tathawde_H (Maharashtra),Hubli_Adargchi_IP (Karnataka),IND411033AAA → IND580028AAA,0.16098818498777356
IND521225AAB,IND523002AAA,3,3,1.8653846153846154,1.0,194.0,104.0,140.6062,297.0,78.0,0.5773502691896258,3,3,0.011330498038335997,True,Vijayawada_Rynapadu_H (Andhra Pradesh),Ongole_SubhVRTL_I (Andhra Pradesh),IND521225AAB → IND523002AAA,0.16098595327183735
IND140901AAA,IND160002AAC,20,20,1.606963249516441,0.85,86.0,55.0,50.0278,597.0,27.0,0.22360679774997896,17,17,0.0227754455518067,True,Chandigarh_Mullanpr_DC (Chandigarh),Chandigarh_Mehmdpur_H (Punjab),IND140901AAA → IND160002AAC,0.16098577295162064
IND415301AAB,IND413307AAB,4,4,1.868140868140868,1.0,65.0,34.0,36.7299,111.0,8.0,0.5,4,4,0.00423463057998416,True,Atapadi_Vidyangr_D (Maharashtra),Sangola_Central_DPP_2 (Maharashtra),IND415301AAB → IND413307AAB,0.1609641759321326
IND685514AAA,IND625008AAA,9,9,1.5476190476190477,1.0,260.0,168.0,144.2383,835.0,60.0,0.3333333333333333,9,9,0.03185510391249346,True,Kattappana_Palikval_D (Kerala),Madurai_Kappalur_H (Tamil Nadu),IND685514AAA → IND625008AAA,0.16088773555706481
IND508206AAA,IND507002AAA,2,2,1.9464285714285714,1.0,54.5,28.0,36.442899999999995,53.0,725.0,0.7071067811865475,2,2,0.002021940727379824,True,Kodad_VidyaNgr_D (Telangana),Khammam_NSTRoad_I (Telangana),IND508206AAA → IND507002AAA,0.16087862907795322
IND334001AAB,IND334803AAA,2,2,1.9388586956521738,1.0,91.5,47.0,64.60745,89.0,19.0,0.7071067811865475,2,2,0.003395334428996309,True,Bikaner_DC (Rajasthan),Nokha_DeVDPP_D (Rajasthan),IND334001AAB → IND334803AAA,0.16086794447896707
IND471001AAA,IND472001AAA,9,9,1.625,1.0,130.0,80.0,97.1647,449.0,28.0,0.3333333333333333,9,9,0.017129271445161152,True,Chhatarpur_Busstand_D (Madhya Pradesh),Tikamgarh_MndiRoad_D (Madhya Pradesh),IND471001AAA → IND472001AAA,0.16085546871470727
IND535501AAB,IND532001AAB,1,1,1.975,1.0,158.0,80.0,88.7523,78.0,20.0,1.0,1,1,0.002975686353502383,True,Parvathipuram_Central_D_2 (Andhra Pradesh),Srikakulam_Kuslpram_I (Andhra Pradesh),IND535501AAB → IND532001AAB,0.16085018011156346
IND580028AAA,IND591115AAB,4,4,1.8586474501108647,1.0,77.0,41.5,59.26785,143.0,405.5,0.5,4,4,0.005455424981421035,True,Hubli_Adargchi_IP (Karnataka),Kittur_ColageRD_D (Karnataka),IND580028AAA → IND591115AAB,0.16084742956228207
IND852111AAA,IND854311AAA,1,1,1.9733333333333334,1.0,148.0,75.0,97.8603,73.0,48.0,1.0,1,1,0.0027849372282778713,True,Simrahi_Bazar_D (Bihar),Araria_Wardn13_D (Bihar),IND852111AAA → IND854311AAA,0.16074622294260824
IND362001AAA,IND360575AAA,11,11,1.5365853658536586,1.0,123.0,80.0,103.7523,531.0,20.0,0.30151134457776363,11,11,0.020257557098843144,True,Junagadh_DPC (Gujarat),Porbandar_DC (Gujarat),IND362001AAA → IND360575AAA,0.1607368100758728
IND585104AAA,IND585314AAA,4,4,1.8421052631578947,1.0,70.0,38.0,42.02845,195.0,50.5,0.5,4,4,0.007439215883755957,True,Gulbarga_Nehrugnj_I (Karnataka),Aland_RazaviRd_D (Karnataka),IND585104AAA → IND585314AAA,0.1606144475565856
IND110037AAM,IND282002AAD,1,1,1.9539473684210527,1.0,297.0,152.0,204.6352,145.0,258.0,1.0,1,1,0.00553172463151084,True,Delhi_Airport_H (Delhi),IND282002AAD,IND110037AAM → IND282002AAD,0.160560129950518
IND458001AAB,IND458990AAA,11,11,1.5769230769230769,1.0,41.0,28.0,31.0757,307.0,17.0,0.30151134457776363,11,11,0.011711996288785019,True,Mandsaur_YashDPP_D (Madhya Pradesh),Sitamau_Central_DPP_1 (Madhya Pradesh),IND458001AAB → IND458990AAA,0.1605409056291996
IND285001AAD,IND285205AAB,21,21,1.46875,0.9047619047619048,45.0,31.0,29.4027,355.0,33.0,0.2182178902359924,19,19,0.013543187890940334,True,Orai_Ajnari_D (Uttar Pradesh),Konch_Central_D_2 (Uttar Pradesh),IND285001AAD → IND285205AAB,0.16053135924212586
IND683511AAA,IND68004AAA,13,13,1.4285714285714286,1.0,69.0,48.0,53.626900000000006,698.0,373.0,0.2773500981126146,13,13,0.026628577881341837,True,Aluva_Peedika_H (Kerala),Thrissur_Poothole_D (Kerala),IND683511AAA → IND68004AAA,0.16052596758417792
IND421302AAG,IND160002AAC,1,1,1.7876543209876543,1.0,2172.0,1215.0,1656.2988,957.0,387.0,1.0,1,1,0.036509382567971545,True,Bhiwandi_Mankoli_HB (Maharashtra),Chandigarh_Mehmdpur_H (Punjab),IND421302AAG → IND160002AAC,0.16049175079703243
IND160002AAC,IND184104AAA,6,6,1.5995841294818478,1.0,452.5,282.0,318.62850000000003,1029.0,499.0,0.4082482904638631,6,6,0.03925616997120451,True,Chandigarh_Mehmdpur_H (Punjab),Kathua_BOB_D (Jammu & Kashmir),IND160002AAC → IND184104AAA,0.1604285398192738
IND312001AAA,IND311001AAA,13,13,1.5,1.0,72.0,48.0,54.8258,333.0,40.0,0.2773500981126146,13,13,0.012703891739952481,True,Chittaurgarh_DC (Rajasthan),Bhilwara_DC (Rajasthan),IND312001AAA → IND311001AAA,0.16042785779724505
IND821115AAB,IND821109AAA,6,6,1.7523584905660377,1.0,92.0,51.5,70.39325,269.0,32.0,0.4082482904638631,6,6,0.010262302937078732,True,Sasaram_Central_I_2 (Bihar),Mohania_Bhabua_D (Bihar),IND821115AAB → IND821109AAA,0.16038122793876056
IND781335AAA,IND000000AET,4,4,1.8389795918367349,1.0,91.0,49.5,70.54415,175.0,26.0,0.5,4,4,0.006676219382857911,True,Nalbari_Bhgtpura_D (Assam),Barpeta_ShivBari_D (Assam),IND781335AAA → IND000000AET,0.16033598507951285
IND811307AAA,IND811213AAA,1,1,1.96875,1.0,63.0,32.0,45.7663,31.0,37.0,1.0,1,1,0.0011826445763919726,True,Jamui_Mehsouri_D (Bihar),KharagpurBR_Central_DPP_1 (Bihar),IND811307AAA → IND811213AAA,0.16023828444752236
IND243001AAA,IND244901AAB,2,2,1.9230769230769231,1.0,91.0,48.0,65.6455,86.0,572.5,0.7071067811865475,2,2,0.0032808849538616017,True,Bareilly_Central_D_2 (Uttar Pradesh),Rampur_RoshnBgh_I (Uttar Pradesh),IND243001AAA → IND244901AAB,0.16023213934493336
IND501101AAB,IND501359AAE,1,1,1.9636363636363636,1.0,108.0,55.0,72.1446,53.0,804.0,1.0,1,1,0.002021940727379824,True,Vikarabad_Central_DPP_2 (Telangana),Hyderabad_Shamshbd_H (Telangana),IND501101AAB → IND501359AAE,0.1602128394078532
IND388121AAA,IND388620AAB,11,11,1.5681818181818181,1.0,68.0,44.0,49.3902,308.0,21.0,0.30151134457776363,11,11,0.011750146113829922,True,Anand_VUNagar_DC (Gujarat),Khambhat_MotvdDPP_D (Gujarat),IND388121AAA → IND388620AAB,0.1602096654738901
IND361315AAA,IND361335AAA,11,11,1.5925925925925926,1.0,43.0,27.0,40.5178,186.0,3.0,0.30151134457776363,11,11,0.007095867458351836,True,Bhatiya_Kalyanpr_D (Gujarat),Dwarka_StnRoad_DC (Gujarat),IND361315AAA → IND361335AAA,0.16019766645524902
IND364270AAA,IND364001AAA,2,2,1.9213900134952766,1.0,74.0,38.5,48.51375,71.0,0.0,0.7071067811865475,2,2,0.0027086375781880663,True,Palitana_STRdDPP_D (Gujarat),Bhavnagar_Dc (Gujarat),IND364270AAA → IND364001AAA,0.1600487928974004
IND562132AAA,IND395023AAA,1,1,1.8159311087190528,1.0,1687.0,929.0,1243.9436,758.0,259.0,1.0,1,1,0.02891756738403598,True,Bangalore_Nelmngla_H (Karnataka),Surat_HUB (Gujarat),IND562132AAA → IND395023AAA,0.16002447568633282
IND501359AAE,IND562132AAA,5,5,1.5644820295983086,1.0,715.0,455.0,580.2565,1320.0,218.0,0.4472135954999579,5,5,0.05035776905927109,True,Hyderabad_Shamshbd_H (Telangana),Bangalore_Nelmngla_H (Karnataka),IND501359AAE → IND562132AAA,0.16002086329261753
IND635802AAB,IND562132AAA,6,6,1.6603967276287945,1.0,295.5,179.0,201.96015,675.0,27.5,0.4082482904638631,6,6,0.025751131905309085,True,Ambur_Central_D_2 (Tamil Nadu),Bangalore_Nelmngla_H (Karnataka),IND635802AAB → IND562132AAA,0.1600050678750139
IND152107AAA,IND152026AAA,1,1,1.9591836734693877,1.0,96.0,49.0,41.126,47.0,611.0,1.0,1,1,0.00179304177711041,True,Malout_DC (Punjab),Muktsar_DPC (Punjab),IND152107AAA → IND152026AAA,0.15999294334173286
IND533308AAB,IND533106AAA,1,1,1.962962962962963,1.0,53.0,27.0,33.3582,26.0,12.0,1.0,1,1,0.0009918954511674608,True,Mandapeta_Mainrd_D (Andhra Pradesh),Rajamundry_AtoNgrRd_I (Andhra Pradesh),IND533308AAB → IND533106AAA,0.15997448532454414
IND480001AAA,IND480661AAA,10,10,1.5843137254901962,1.0,79.5,50.5,73.00895,367.0,19.0,0.31622776601683794,10,10,0.01400098579147916,True,Chhindwara_NagpurRd_D (Madhya Pradesh),Seoni_Kidwai_D (Madhya Pradesh),IND480001AAA → IND480661AAA,0.15996590244877745
IND412210AAC,IND411033AAA,2,2,1.9024390243902438,1.0,156.0,82.0,99.1306,148.0,25.5,0.7071067811865475,2,2,0.005646174106645547,True,Shirur_Central_DPP_3 (Maharashtra),Pune_Tathawde_H (Maharashtra),IND412210AAC → IND411033AAA,0.15991887596333965
IND184104AAA,IND160002AAC,4,4,1.7171314741035857,1.0,427.5,248.5,285.69185,716.0,22.0,0.5,4,4,0.027315274732150077,True,Kathua_BOB_D (Jammu & Kashmir),Chandigarh_Mehmdpur_H (Punjab),IND184104AAA → IND160002AAC,0.1598615944690952
IND505001AAB,IND504208AAB,11,11,1.53125,1.0,93.0,60.0,84.4364,445.0,46.0,0.30151134457776363,11,11,0.016976672144981542,True,Karimnagar_KamnHbRD_I (Telangana),Mancherial_Hitech_D (Telangana),IND505001AAB → IND504208AAB,0.15985384033586492
IND636705AAB,IND562132AAA,5,5,1.715151515151515,1.0,283.0,166.0,174.214,552.0,92.0,0.4472135954999579,5,5,0.021058703424786093,True,Dharmapuri_Central_D_2 (Tamil Nadu),Bangalore_Nelmngla_H (Karnataka),IND636705AAB → IND562132AAA,0.1598290135634188
IND403726AAA,IND581400AAB,1,1,1.9439252336448598,1.0,208.0,107.0,115.7999,101.0,204.0,1.0,1,1,0.0038531323295351366,True,Goa_Hub (Goa),Mallapur_ShtDRDPP_D (Karnataka),IND403726AAA → IND581400AAB,0.15982548266980806
IND306304AAB,IND311302AAA,1,1,1.9555555555555555,1.0,88.0,45.0,65.1455,43.0,9.0,1.0,1,1,0.0016404424769308008,True,Raipur_BypRDDPP_D (Rajasthan),Badnaur_BhmrdDPP_D (Rajasthan),IND306304AAB → IND311302AAA,0.1598207557909459
IND521001AAA,IND521165AAA,3,3,1.88,1.0,47.0,25.0,36.5649,71.0,28.0,0.5773502691896258,3,3,0.0027086375781880663,True,Machilipatnam_DC (Andhra Pradesh),Vuyyuru_BhogdDPP_D (Andhra Pradesh),IND521001AAA → IND521165AAA,0.15977647915548593
IND577522AAA,IND562132AAA,10,10,1.5091259908218606,1.0,209.0,136.5,183.8351,712.0,20.5,0.31622776601683794,10,10,0.02716267543197047,True,Challakere_Shivangr_D (Karnataka),Bangalore_Nelmngla_H (Karnataka),IND577522AAA → IND562132AAA,0.15976097464110547
IND586211AAA,IND586128AAA,3,3,1.8695652173913044,1.0,86.0,46.0,48.5217,116.0,7.0,0.5773502691896258,3,3,0.004425379705208672,True,Indi_SindgiRD_D (Karnataka),Sindagi_KalyanNg_D (Karnataka),IND586211AAA → IND586128AAA,0.15972539952315937
IND758001AAA,IND757037AAA,3,3,1.8695652173913044,1.0,86.0,46.0,55.2537,112.0,26.0,0.5773502691896258,3,3,0.004272780405029063,True,Kendujhar_Sirjudin_D (Orissa),Karanjia_Sarubali_D (Orissa),IND758001AAA → IND757037AAA,0.15969395792592622
IND507117AAB,IND507303AAA,18,18,1.3069034134394613,0.9444444444444444,183.0,141.0,116.16069999999999,1048.0,19.0,0.23570226039551587,17,17,0.03998101664705766,True,Manuguru_AskNagar_D (Telangana),Sathupally_VidyaNGR_D (Telangana),IND507117AAB → IND507303AAA,0.15966833855582793
IND676306AAA,IND676509AAA,7,7,1.7333333333333334,1.0,30.0,19.0,20.5067,100.0,4.0,0.3779644730092272,7,7,0.003814982504490234,True,Tirurangadi_Kooriyad_D (Kerala),Malappuram_Munduprm_D (Kerala),IND676306AAA → IND676509AAA,0.15964810889634573
IND360575AAA,IND360510AAB,10,10,1.8417582417582419,0.9,69.5,40.0,47.90045,328.0,20.5,0.31622776601683794,9,9,0.012513142614727968,True,Porbandar_DC (Gujarat),Bhanvad_Mainroad_D (Gujarat),IND360575AAA → IND360510AAB,0.159646418627532
IND303301AAB,IND303303AAA,12,12,1.55,1.0,31.5,20.5,30.104300000000002,155.0,6.5,0.2886751345948129,12,12,0.005913222881959864,True,Bassi_DmodrNGR_D (Rajasthan),Dausa_IndraCln_D (Rajasthan),IND303301AAB → IND303303AAA,0.15963502855945083
IND176215AAA,IND176061AAA,3,3,1.8695652173913044,1.0,86.0,46.0,33.229800000000004,104.0,58.0,0.5773502691896258,3,3,0.003967581804669843,True,Dharamshala_GrudwrRd_D (Himachal Pradesh),Palampur_Cnsrvila_D (Himachal Pradesh),IND176215AAA → IND176061AAA,0.15963107473145993
IND577535AAC,IND577522AAA,10,10,1.6025641025641026,1.0,62.0,38.5,56.02305,230.0,15.0,0.31622776601683794,10,10,0.008774459760327539,True,Molakalmuru_KnsgraRD_D (Karnataka),Challakere_Shivangr_D (Karnataka),IND577535AAC → IND577522AAA,0.15959701650934055
IND341001AAC,IND341030AAA,2,2,1.9102564102564104,1.0,71.0,37.5,41.84105,67.0,33.5,0.7071067811865475,2,2,0.002556038278008457,True,Nagaur_KisanCo_D (Rajasthan),Tarnau_BsstdDPP_D (Rajasthan),IND341001AAC → IND341030AAA,0.15958544427796986
IND251201AAA,IND250002AAA,1,1,1.95,1.0,78.0,40.0,39.5339,38.0,301.0,1.0,1,1,0.001449693351706289,True,Khatauli_TilakNgr_D (Uttar Pradesh),Meerut (Uttar Pradesh),IND251201AAA → IND250002AAA,0.15956593655302517
IND160102AAD,IND160002AAC,12,12,1.5269607843137254,1.0,52.5,35.0,35.872150000000005,254.0,36.5,0.2886751345948129,12,12,0.009690055561405196,True,Chandigarh_Raiprkln_C (Chandigarh),Chandigarh_Mehmdpur_H (Punjab),IND160102AAD → IND160002AAC,0.15951944541348623
IND263601AAA,IND263645AAA,1,1,1.9444444444444444,1.0,105.0,54.0,52.5184,51.0,83.0,1.0,1,1,0.0019456410772900196,True,Almora_SuzkiSrv_D (Uttarakhand),Ranikhet_Subhash_D (Uttarakhand),IND263601AAA → IND263645AAA,0.15945260450265356
IND626138AAA,IND625008AAA,16,16,1.4930478309232482,0.9375,89.5,60.0,52.4292,520.0,14.0,0.25,15,15,0.01983790902334922,True,Maharajapuram_Krsnakcl_D (Tamil Nadu),Madurai_Kappalur_H (Tamil Nadu),IND626138AAA → IND625008AAA,0.15937805625371
IND683511AAA,IND000000ADM,13,13,1.5,1.0,36.0,24.0,22.072400000000002,198.0,406.0,0.2773500981126146,13,13,0.007553665358890665,True,Aluva_Peedika_H (Kerala),Cochin_Kdvantra_D (Kerala),IND683511AAA → IND000000ADM,0.15936670389062663
IND502313AAA,IND503111AAC,6,6,1.7234267583289264,1.0,106.5,61.5,85.24395,277.0,93.5,0.4082482904638631,6,6,0.01056750153743795,True,Narsapur_Xroad_D (Telangana),Kamareddy_Devenply_I (Telangana),IND502313AAA → IND503111AAC,0.15932175945161475
IND562132AAA,IND580028AAA,3,3,1.7317073170731707,1.0,497.0,287.0,394.8458,742.0,213.0,0.5773502691896258,3,3,0.028307170183317538,True,Bangalore_Nelmngla_H (Karnataka),Hubli_Adargchi_IP (Karnataka),IND562132AAA → IND580028AAA,0.1592980737019422
IND110044AAB,IND110037AAM,3,3,1.8666666666666667,1.0,43.0,22.0,24.686,67.0,76.0,0.5773502691896258,3,3,0.002556038278008457,True,Del_Okhla_PC (Delhi),Delhi_Airport_H (Delhi),IND110044AAB → IND110037AAM,0.15922779617894245
IND501359AAE,IND501141AAA,8,8,1.6171749598715892,1.0,152.0,92.5,109.34605,450.0,133.0,0.35355339059327373,8,8,0.017167421270206054,True,Hyderabad_Shamshbd_H (Telangana),Tandur_SnthiNGR_D (Telangana),IND501359AAE → IND501141AAA,0.15922643818949386
IND321001AAB,IND321401AAB,2,2,1.890625,1.0,121.0,64.0,71.0686,114.0,8.0,0.7071067811865475,2,2,0.004349080055118867,True,Bharatpur_NraynDPP_D (Rajasthan),Bayana_LalBagh_D (Rajasthan),IND321001AAB → IND321401AAB,0.15919331971654677
IND411033AAA,IND414001AAA,3,3,1.825242718446602,1.0,190.0,103.0,141.7341,267.0,138.0,0.5773502691896258,3,3,0.010186003286988925,True,Pune_Tathawde_H (Maharashtra),AhmedNagar_DC (Maharashtra),IND411033AAA → IND414001AAA,0.1591929125320624
IND721501AAC,IND721306AAA,1,1,1.9310344827586208,1.0,168.0,87.0,98.5014,81.0,5.0,1.0,1,1,0.0030901358286370894,True,AmaDubi_Bulabeda_D (West Bengal),Kharagpur_DC (West Bengal),IND721501AAC → IND721306AAA,0.15916820245098653
IND757024AAA,IND756019AAA,1,1,1.930232558139535,1.0,166.0,86.0,87.7902,80.0,17.0,1.0,1,1,0.0030519860035921878,True,Sankerko_AmbkaDPP_D (Orissa),Balasore_Ganeshwr_D (Orissa),IND757024AAA → IND756019AAA,0.15912923290697234
IND277201AAA,IND221706AAA,7,7,1.646341463414634,1.0,142.0,89.0,97.9997,460.0,20.0,0.3779644730092272,7,7,0.017548919520655078,True,Bariya_BgnprDPP_D (Uttar Pradesh),Ratanpura_MubarDPP_D (Uttar Pradesh),IND277201AAA → IND221706AAA,0.15910316803841323
IND509103AAB,IND509103AAC,1,1,1.9411764705882353,1.0,33.0,17.0,18.9512,16.0,32.0,1.0,1,1,0.0006103972007184375,True,Wanaparthy_VallaDPP_D (Telangana),IND509103AAC,IND509103AAB → IND509103AAC,0.1590507156789934
IND560099AAB,IND560048AAB,34,34,1.4602490421455938,0.6764705882352942,48.0,34.5,27.30005,905.0,81.0,0.17149858514250882,23,23,0.03452559166563662,True,Bengaluru_Bomsndra_HB (Karnataka),Bengaluru_Hoodi_IP (Karnataka),IND560099AAB → IND560048AAB,0.1590290020048994
IND000000ACA,IND142001AAB,9,9,1.603448275862069,1.0,98.0,58.0,79.1585,321.0,85.0,0.3333333333333333,9,9,0.012246093839413653,True,Ludhiana_MilrGanj_HB (Punjab),Moga_DPC (Punjab),IND000000ACA → IND142001AAB,0.15901327933927534
IND637408AAA,IND637001AAA,10,10,1.59375,1.0,51.0,28.5,34.4436,198.0,9.0,0.31622776601683794,10,10,0.007553665358890665,True,Rasipurm_Knrpati_D (Tamil Nadu),Namakkal_Rkcomplx_DC (Tamil Nadu),IND637408AAA → IND637001AAA,0.15900355733890248
IND742401AAA,IND742101AAC,5,5,1.7037037037037037,1.0,184.0,108.0,98.8919,502.0,30.0,0.4472135954999579,5,5,0.01915121217254098,True,Ghanashyampur_NditaDPP_D (West Bengal),Baharampur_Chuanpur_I (West Bengal),IND742401AAA → IND742101AAC,0.15899189746425324
IND585314AAA,IND586211AAA,3,3,1.825242718446602,1.0,188.0,101.0,109.155,240.0,9.0,0.5773502691896258,3,3,0.009155958010776562,True,Aland_RazaviRd_D (Karnataka),Indi_SindgiRD_D (Karnataka),IND585314AAA → IND586211AAA,0.15898068175073873
IND246444AAB,IND246424AAA,15,15,1.4090909090909092,1.0,60.0,42.0,28.0878,254.0,8.0,0.2581988897471611,15,15,0.009690055561405196,True,Karnaprayag_Umalodge_D (Uttarakhand),Chamoli_CGRoad_D (Uttarakhand),IND246444AAB → IND246424AAA,0.15894690715053217
IND793150AAA,IND781018AAB,1,1,1.9142857142857144,1.0,268.0,140.0,189.6114,128.0,68.0,1.0,1,1,0.0048831776057475,True,Jowai_Ldthlabh_D (Meghalaya),Guwahati_Hub (Assam),IND793150AAA → IND781018AAB,0.15888790451047524
IND736146AAA,IND736135AAA,8,8,1.634313725490196,1.0,93.0,55.0,56.83995,317.0,40.5,0.35355339059327373,8,8,0.012093494539234043,True,Mathabhang_Pshimpra_D (West Bengal),Dinhata_WrdN4DPP_D (West Bengal),IND736146AAA → IND736135AAA,0.15884587098911035
IND792001AAA,IND786001AAB,1,1,1.9109589041095891,1.0,279.0,146.0,201.0096,133.0,22.0,1.0,1,1,0.0050739267309720115,True,Tezu_Farmnala_D (Arunachal Pradesh),Dibrugarh_Bokule_H (Assam),IND792001AAA → IND786001AAB,0.15879814921570146
IND641607AAA,IND641664AAA,4,4,1.818421052631579,1.0,38.0,21.0,22.46445,70.0,131.0,0.5,4,4,0.002670487753143164,True,Tirupur_Koliplm_I (Tamil Nadu),Tirpur_Palladam_DC (Tamil Nadu),IND641607AAA → IND641664AAA,0.15871311361401189
IND332713AAA,IND332709AAA,6,6,1.7097560975609756,1.0,103.5,55.5,57.94775,256.0,19.5,0.4082482904638631,6,6,0.009766355211495,True,NeemKaThana_War5DPP_D (Rajasthan),Khandela_PlsrdDPP_D (Rajasthan),IND332713AAA → IND332709AAA,0.15862636370876337
IND342005AAD,IND344022AAB,4,4,1.7835255948089401,1.0,133.0,74.5,105.07785000000001,227.0,17.5,0.5,4,4,0.008660010285192832,True,Jodhpur_Basni_I (Rajasthan),Balotra_BsnoiHPL_D (Rajasthan),IND342005AAD → IND344022AAB,0.15859349320022403
IND333042AAA,IND333031AAA,13,13,1.4216867469879517,1.0,118.0,82.0,79.7576,480.0,20.0,0.2773500981126146,13,13,0.018311916021553125,True,Nawalgarh_NavldiDPP_D (Rajasthan),Pilani (Rajasthan),IND333042AAA → IND333031AAA,0.15854532237009555
IND515004AAA,IND562132AAA,8,8,1.518980233602875,1.0,314.0,205.0,223.8316,846.0,105.0,0.35355339059327373,8,8,0.032274751987987384,True,Anantapur_KamaStrt_I (Andhra Pradesh),Bangalore_Nelmngla_H (Karnataka),IND515004AAA → IND562132AAA,0.1585298781413573
IND505425AAA,IND505001AAB,1,1,1.9180327868852458,1.0,117.0,61.0,70.7628,56.0,97.0,1.0,1,1,0.0021363902025145314,True,DhrmpuriTS_HanumDPP_D (Telangana),Karimnagar_KamnHbRD_I (Telangana),IND505425AAA → IND505001AAB,0.15846731633526057
IND571213AAA,IND571114AAA,8,8,1.621212121212121,1.0,107.0,66.0,73.6519,329.0,22.0,0.35355339059327373,8,8,0.012551292439772871,True,Gonikoppal_Thomas_D (Karnataka),HDKote_BegurRD_D (Karnataka),IND571213AAA → IND571114AAA,0.15843194389071202
IND560300AAA,IND563130AAA,2,2,1.8780303030303032,1.0,83.5,44.5,57.289699999999996,78.0,99.0,0.7071067811865475,2,2,0.002975686353502383,True,Bengaluru_KGAirprt_HB (Karnataka),Malur_NharuExt_D (Karnataka),IND560300AAA → IND563130AAA,0.15842175795900337
IND124103AAA,IND127021AAA,9,9,1.5806451612903225,1.0,98.0,61.0,68.3024,354.0,12.0,0.3333333333333333,9,9,0.013505038065895428,True,Jhajjar_DC (Haryana),Bhiwani_DC (Haryana),IND124103AAA → IND127021AAA,0.1583880689339241
IND390022AAA,IND382430AAB,8,8,1.608695652173913,1.0,111.0,69.0,99.4147,381.0,85.0,0.35355339059327373,8,8,0.014535083342107792,True,Vadodara_Karelibaug_DPC (Gujarat),Ahmedabad_East_H_1 (Gujarat),IND390022AAA → IND382430AAB,0.1583551319765365
IND600048AAA,IND600044AAD,1,1,1.9230769230769231,1.0,25.0,13.0,13.0409,12.0,3.0,1.0,1,1,0.00045779790053882815,True,Chennai_Vandalur_Dc (Tamil Nadu),Chennai_Chrompet_DPC (Tamil Nadu),IND600048AAA → IND600044AAD,0.15831713646278694
IND680307AAA,IND680712AAA,7,7,1.7,1.0,33.0,19.0,19.3533,94.0,20.0,0.3779644730092272,7,7,0.00358608355422082,True,Chalakudy_SurbhiTh_D (Kerala),Irinjlkuda_Greens_D (Kerala),IND680307AAA → IND680712AAA,0.15830784305222015
IND460001AAA,IND480334AAA,21,21,1.6031746031746033,0.7619047619047619,145.0,65.0,87.7336,1219.0,21.0,0.2182178902359924,16,16,0.046504636729735954,True,Betul_PatelWrd_D (Madhya Pradesh),Pandhurna_Mataward_D (Madhya Pradesh),IND460001AAA → IND480334AAA,0.1582517774957155
IND000000ACB,IND125005AAA,4,4,1.724025974025974,1.0,265.5,154.0,164.61425000000003,461.0,142.0,0.5,4,4,0.017587069345699983,True,Gurgaon_Bilaspur_HB (Haryana),Hisar_IndstlAr_I (Haryana),IND000000ACB → IND125005AAA,0.1581246516941959
IND465669AAB,IND465683AAA,11,11,1.5277777777777777,1.0,55.0,35.0,39.0004,236.0,23.0,0.30151134457776363,11,11,0.009003358710596954,True,Narsinghgarh_Central_D_1 (Madhya Pradesh),Pachore_Shop3DPP_D (Madhya Pradesh),IND465669AAB → IND465683AAA,0.15807631860457133
IND122001AAD,IND122050AAA,10,10,1.8235294117647058,0.9,34.0,19.0,15.4326,218.0,14.5,0.31622776601683794,9,9,0.008316661859788712,True,Gurgaon_Kadipur (Haryana),Gurgaon_Manesar (Haryana),IND122001AAD → IND122050AAA,0.1580746218159404
IND600073AAA,IND603203AAA,1,1,1.9166666666666667,1.0,23.0,12.0,15.6886,11.0,18.0,1.0,1,1,0.0004196480754939258,True,Chennai_Selaiyur_DC (Tamil Nadu),Chennai_Potheri (Tamil Nadu),IND600073AAA → IND603203AAA,0.15806060232342561
IND303108AAB,IND303106AAA,9,9,1.6,1.0,48.0,30.0,43.8546,204.0,20.0,0.3333333333333333,9,9,0.007782564309160078,True,Kotputli_LXngrDPP_D (Rajasthan),Paota_SmClyDPP_D (Rajasthan),IND303108AAB → IND303106AAA,0.15795984329797058
IND125005AAA,IND000000ACB,5,5,1.6708860759493671,1.0,264.0,158.0,159.8062,528.0,94.0,0.4472135954999579,5,5,0.020143107623708436,True,Hisar_IndstlAr_I (Haryana),Gurgaon_Bilaspur_HB (Haryana),IND125005AAA → IND000000ACB,0.15792317021786767
IND562132AAA,IND515004AAA,12,12,1.3446234393878371,1.0,280.5,196.0,221.35165,935.0,107.5,0.2886751345948129,12,12,0.035670086416983694,True,Bangalore_Nelmngla_H (Karnataka),Anantapur_KamaStrt_I (Andhra Pradesh),IND562132AAA → IND515004AAA,0.15779894585823429
IND572201AAB,IND577116AAA,1,1,1.9019607843137254,1.0,97.0,51.0,68.944,46.0,20.0,1.0,1,1,0.0017548919520655078,True,Tiptur_YTRd_D (Karnataka),IND577116AAA,IND572201AAB → IND577116AAA,0.15776522948379976
IND160002AAC,IND135001AAA,1,1,1.9,1.0,114.0,60.0,67.1825,54.0,35.0,1.0,1,1,0.0020600905524247267,True,Chandigarh_Mehmdpur_H (Punjab),YamunaNagar_DC (Haryana),IND160002AAC → IND135001AAA,0.15775204776954393
IND140401AAA,IND000000ACA,3,3,1.8048780487804879,1.0,148.0,81.0,114.4044,176.0,13.0,0.5773502691896258,3,3,0.006714369207902813,True,Rajpura_DC (Punjab),Ludhiana_MilrGanj_HB (Punjab),IND140401AAA → IND000000ACA,0.15768760745796098
IND144514AAA,IND141115AAA,5,5,1.75,1.0,49.0,28.0,26.1322,95.0,7.0,0.4472135954999579,5,5,0.0036242333792657227,True,Nawanshahr_DC (Punjab),Machhiwara_MnBzrDPP_D (Punjab),IND144514AAA → IND141115AAA,0.15758869195727557
IND515411AAA,IND516360AAB,2,2,1.8494318181818183,1.0,120.0,65.0,85.80625,110.0,8.0,0.7071067811865475,2,2,0.004196480754939258,True,Tadipatri_CBRoad_D (Andhra Pradesh),Proddatur_Central_D_2 (Andhra Pradesh),IND515411AAA → IND516360AAB,0.1575638667556773
IND515134AAA,IND515591AAA,8,8,1.6145833333333335,1.0,77.0,48.0,44.93195,236.0,39.0,0.35355339059327373,8,8,0.009003358710596954,True,Puttaprthi_Gokulam_D (Andhra Pradesh),Kadiri_GVManu_D (Andhra Pradesh),IND515134AAA → IND515591AAA,0.15744377550112304
IND721134AAB,IND721139AAC,16,16,1.6696428571428572,0.875,26.0,16.0,18.41035,196.0,23.0,0.25,14,14,0.00747736570880086,True,Kolaghat_Central_DPP_2 (West Bengal),Panskura_Central_D_3 (West Bengal),IND721134AAB → IND721139AAC,0.15743195599841397
IND605601AAA,IND600056AAB,6,6,1.6325048614487119,1.0,206.5,123.0,152.54365,475.0,74.5,0.4082482904638631,6,6,0.018121166896328613,True,Villupuram_Thirumtr_IP (Tamil Nadu),MAA_Poonamallee_HB (Tamil Nadu),IND605601AAA → IND600056AAB,0.15735097596326753
IND341001AAC,IND341303AAA,7,7,1.5903614457831325,1.0,132.0,83.0,97.9391,512.0,32.0,0.3779644730092272,7,7,0.01953271042299,True,Nagaur_KisanCo_D (Rajasthan),Didwana_KatlaDPP_D (Rajasthan),IND341001AAC → IND341303AAA,0.15734027018742888
IND673632AAA,IND683511AAA,6,6,1.59056486654252,1.0,285.5,181.0,169.44815,677.0,45.5,0.4082482904638631,6,6,0.025827431555398888,True,Kozhikode_Central_H_4 (Kerala),Aluva_Peedika_H (Kerala),IND673632AAA → IND683511AAA,0.15731179406252502
IND845412AAB,IND845401AAA,15,15,1.8518518518518519,0.8,56.0,27.0,36.5407,399.0,25.0,0.2581988897471611,12,12,0.015221780192916035,True,Chakia_Wardno10_D (Bihar),Motihari_RajaBzr_D (Bihar),IND845412AAB → IND845401AAA,0.15726273610561486
IND632402AAA,IND631102AAA,11,11,1.52,1.0,38.0,25.0,26.6491,169.0,28.0,0.30151134457776363,11,11,0.006447320432588497,True,Ranipet_MBTRd_DC (Tamil Nadu),Sholinghur_ArkonmRD_D (Tamil Nadu),IND632402AAA → IND631102AAA,0.15724794771298523
IND751015AAA,IND752056AAA,6,6,2.128571428571429,0.8333333333333334,40.0,17.5,25.300349999999998,132.0,48.5,0.4082482904638631,5,5,0.005035776905927109,True,Bhubaneshwar_Nayapalli (Orissa),Khurdha_MdhsnDPP_D (Orissa),IND751015AAA → IND752056AAA,0.15723215398948182
IND110037AAM,IND110092AAC,1,1,1.8888888888888888,1.0,68.0,36.0,33.430499999999995,32.0,143.0,1.0,1,1,0.001220794401436875,True,Delhi_Airport_H (Delhi),Delhi_Patparganj_DPC (Delhi),IND110037AAM → IND110092AAC,0.15714808450200304
IND249201AAA,IND246174AAA,4,4,1.6984208134514884,1.0,276.0,162.0,110.6677,463.0,44.5,0.5,4,4,0.017663368995789786,True,Rishikesh_DC (Uttarakhand),SrinagarUK_Srikot_D (Uttarakhand),IND249201AAA → IND246174AAA,0.15714706884983676
IND263601AAA,IND263153AAB,1,1,1.8636363636363635,1.0,328.0,176.0,123.1269,152.0,112.0,1.0,1,1,0.005798773406825156,True,Almora_SuzkiSrv_D (Uttarakhand),Rudrapur_UdhamNgr_H (Uttarakhand),IND263601AAA → IND263153AAB,0.15711170859454582
IND642126AAA,IND642001AAA,17,17,1.4482758620689655,0.9411764705882353,42.0,29.0,30.8001,231.0,14.0,0.24253562503633297,16,16,0.008812609585372442,True,Udumalpet_Artclgrd_D (Tamil Nadu),Pollachi_Venkatsa_DC (Tamil Nadu),IND642126AAA → IND642001AAA,0.15707053762642537
IND635001AAA,IND562132AAA,4,4,1.7202898550724637,1.0,207.5,122.5,127.96325,343.0,36.0,0.5,4,4,0.013085389990401505,True,Krishnagiri_BnglorRd_D (Tamil Nadu),Bangalore_Nelmngla_H (Karnataka),IND635001AAA → IND562132AAA,0.1570521889267597
IND133004AAA,IND135001AAA,6,6,1.675925925925926,1.0,90.5,53.0,56.6245,222.0,54.5,0.4082482904638631,6,6,0.00846926115996832,True,Ambala (Haryana),YamunaNagar_DC (Haryana),IND133004AAA → IND135001AAA,0.15704673278437029
IND415709AAA,IND416012AAA,5,5,1.6124031007751938,1.0,412.0,258.0,204.785,705.0,143.0,0.4472135954999579,5,5,0.026895626656656152,True,Khed_Mahad_D (Maharashtra),Kolhapur_Shivaji_I (Maharashtra),IND415709AAA → IND416012AAA,0.15704572478953943
IND852118AAA,IND854326AAB,1,1,1.8805970149253732,1.0,126.0,67.0,89.5593,59.0,116.0,1.0,1,1,0.0022508396776492385,True,Forbesganj_JhumanCk_D (Bihar),Purnia_Central_H_2 (Bihar),IND852118AAA → IND854326AAB,0.15703864775888002
IND624202AAA,IND625218AAA,11,11,1.5217391304347827,1.0,35.0,23.0,26.0605,132.0,10.0,0.30151134457776363,11,11,0.005035776905927109,True,Batlagundu_RTOofice_D (Tamil Nadu),Vadipatti_lalaNGR_D (Tamil Nadu),IND624202AAA → IND625218AAA,0.15702457920544524
IND679531AAA,IND680587AAA,15,15,1.375,1.0,33.0,24.0,21.198,176.0,18.0,0.2581988897471611,15,15,0.006714369207902813,True,Shoranur_KdrShrRd_D (Kerala),Pazhayannur_AlathurRD_D (Kerala),IND679531AAA → IND680587AAA,0.15701130384147655
IND181152AAB,IND160002AAC,1,1,1.8354037267080745,1.0,591.0,322.0,364.5174,269.0,182.0,1.0,1,1,0.010262302937078732,True,Jammu_Central_I_1 (Jammu & Kashmir),Chandigarh_Mehmdpur_H (Punjab),IND181152AAB → IND160002AAC,0.15693614370863843
IND581402AAA,IND577401AAA,9,9,1.5405405405405406,1.0,114.0,76.0,71.4819,364.0,26.0,0.3333333333333333,9,9,0.013886536316344452,True,Sirsi_Vidygiri_D (Karnataka),Sagara_Vardhard_D (Karnataka),IND581402AAA → IND577401AAA,0.15691089022550678
IND515201AAA,IND515134AAA,5,5,1.6896551724137931,1.0,98.0,58.0,63.7012,306.0,29.0,0.4472135954999579,5,5,0.011673846463740117,True,Hindupur_Parigi_D (Andhra Pradesh),Puttaprthi_Gokulam_D (Andhra Pradesh),IND515201AAA → IND515134AAA,0.1569062730722036
IND363621AAB,IND360002AAB,2,2,1.84375,1.0,59.0,32.0,39.1378,54.0,14.5,0.7071067811865475,2,2,0.0020600905524247267,True,Wankaner_JivanDPP_D (Gujarat),Rajkot_PedakRd_P (Gujarat),IND363621AAB → IND360002AAB,0.15690326903391175
IND302022AAD,IND000000ACB,7,7,1.5242718446601942,1.0,314.0,206.0,265.7763,779.0,384.0,0.3779644730092272,7,7,0.029718713709978927,True,Jaipur_RIICO_L (Rajasthan),Gurgaon_Bilaspur_HB (Haryana),IND302022AAD → IND000000ACB,0.1568751760695235
IND573201AAB,IND573103AAA,3,3,1.78125,1.0,114.0,64.0,77.20320000000001,187.0,126.0,0.5773502691896258,3,3,0.007134017283396739,True,Hassan_Pandrnga_I (Karnataka),Arsikere_HsnRdDPP_D (Karnataka),IND573201AAB → IND573103AAA,0.15685746650972973
IND560078AAC,IND562132AAA,16,16,1.5875547217010633,0.875,63.5,39.0,38.097699999999996,521.0,29.5,0.25,14,14,0.01987605884839412,True,BLR_JPNagar_Pc (Karnataka),Bangalore_Nelmngla_H (Karnataka),IND560078AAC → IND562132AAA,0.15680213224353698
IND680307AAA,IND683511AAA,5,5,1.7333333333333334,1.0,27.0,19.0,21.8391,74.0,106.0,0.4472135954999579,5,5,0.0028230870533227734,True,Chalakudy_SurbhiTh_D (Kerala),Aluva_Peedika_H (Kerala),IND680307AAA → IND683511AAA,0.15677707184766365
IND341512AAA,IND341505AAA,5,5,1.7272727272727273,1.0,42.0,23.0,24.384,96.0,13.0,0.4472135954999579,5,5,0.0036623832043106252,True,Parbatsar_AjmhwDPP_D (Rajasthan),Makrana_Mwalibad_D (Rajasthan),IND341512AAA → IND341505AAA,0.15671489091457758
IND384205AAA,IND382430AAB,1,1,1.869047619047619,1.0,157.0,84.0,97.21889999999999,73.0,8.0,1.0,1,1,0.0027849372282778713,True,Mehsana_Panchot_IP (Gujarat),Ahmedabad_East_H_1 (Gujarat),IND384205AAA → IND382430AAB,0.1567006564401452
IND600056AAB,IND530012AAA,2,2,1.681389644323575,1.0,1027.0,614.0,855.4784500000001,826.0,306.5,0.7071067811865475,2,2,0.03151175548708934,True,MAA_Poonamallee_HB (Tamil Nadu),Visakhapatnam_Gajuwaka_IP (Andhra Pradesh),IND600056AAB → IND530012AAA,0.15667303522625325
IND530012AAC,IND533106AAA,4,4,1.6989665264313152,1.0,243.0,145.0,202.23875,399.0,20.0,0.5,4,4,0.015221780192916035,True,Vizag_Gajuwaka_L (Andhra Pradesh),Rajamundry_AtoNgrRd_I (Andhra Pradesh),IND530012AAC → IND533106AAA,0.156665173194186
IND486771AAA,IND486661AAA,6,6,1.6875,1.0,37.0,20.5,25.976300000000002,115.0,10.0,0.4082482904638631,6,6,0.004387229880163769,True,Churhat_Central_DPP_1 (Madhya Pradesh),Sidhi_Padra_D (Madhya Pradesh),IND486771AAA → IND486661AAA,0.15665466431125735
IND416122AAA,IND395023AAA,1,1,1.8016032064128256,1.0,899.0,499.0,629.2045,400.0,56.0,1.0,1,1,0.015259930017960936,True,Kolhapur_Central_H_2 (Maharashtra),Surat_HUB (Gujarat),IND416122AAA → IND395023AAA,0.1566546289376046
IND384355AAB,IND385001AAA,12,12,1.4253565062388591,1.0,95.5,66.5,61.999449999999996,384.0,4.0,0.2886751345948129,12,12,0.014649532817242501,True,Vadnagar_BsstdDPP_D (Gujarat),Palanpur_DC (Gujarat),IND384355AAB → IND385001AAA,0.15659975205341758
IND767001AAA,IND767017AAA,3,3,1.7941176470588236,1.0,61.0,34.0,49.2327,90.0,43.0,0.5773502691896258,3,3,0.0034334842540412113,True,Balangir_Rjndpara_D (Orissa),Sonepur_BrezeDPP_D (Orissa),IND767001AAA → IND767017AAA,0.15659418374031495
IND480661AAA,IND480001AAA,2,2,1.8264890862005179,1.0,95.0,52.0,74.48435,86.0,6.5,0.7071067811865475,2,2,0.0032808849538616017,True,Seoni_Kidwai_D (Madhya Pradesh),Chhindwara_NagpurRd_D (Madhya Pradesh),IND480661AAA → IND480001AAA,0.15648519739714178
IND272001AAA,IND272175AAA,2,2,1.8358585858585856,1.0,44.0,24.5,34.901849999999996,39.0,42.0,0.7071067811865475,2,2,0.0014878431767511916,True,Basti_GndhiNgr_D (Uttar Pradesh),Khalilabad_MrgnjDPP_D (Uttar Pradesh),IND272001AAA → IND272175AAA,0.1564792305991464
IND334001AAC,IND334803AAA,4,4,1.74791280148423,1.0,78.0,44.5,60.713300000000004,133.0,11.5,0.5,4,4,0.0050739267309720115,True,Bikaner_ITICollg_L (Rajasthan),Nokha_DeVDPP_D (Rajasthan),IND334001AAC → IND334803AAA,0.1564730848897177
IND695012AAA,IND691001AAB,12,12,1.4112676056338027,1.0,100.0,70.5,63.23005,428.0,71.0,0.2886751345948129,12,12,0.016328125119218204,True,Trivandrum_Mnanthla_H (Kerala),Kollam_Central_H_1 (Kerala),IND695012AAA → IND691001AAB,0.15639905744433769
IND125005AAA,IND335513AAA,3,3,1.7371794871794872,1.0,266.0,153.0,181.7579,336.0,73.0,0.5773502691896258,3,3,0.012818341215087186,True,Hisar_IndstlAr_I (Haryana),Hanumangarh_DC (Rajasthan),IND125005AAA → IND335513AAA,0.15631903404379946
IND124112AAA,IND125033AAA,4,4,1.7524630541871922,1.0,50.0,28.0,36.35185,88.0,34.5,0.5,4,4,0.0033571846039514063,True,Meham_GModDPP_D (Haryana),Hansi_DelRdDPP_D (Haryana),IND124112AAA → IND125033AAA,0.1562958853446667
IND680012AAA,IND679303AAA,11,11,1.4642857142857142,1.0,81.0,55.0,59.0648,319.0,14.0,0.30151134457776363,11,11,0.012169794189323848,True,Arimbur_Veluthur_D (Kerala),Sankaramangalam_Central_D_1 (Kerala),IND680012AAA → IND679303AAA,0.15626567755996684
IND148028AAA,IND147001AAD,2,2,1.8180769230769231,1.0,92.5,51.0,63.251549999999995,83.0,18.0,0.7071067811865475,2,2,0.003166435478726895,True,Sunam_DC (Punjab),Patiala_GainMrkt_L (Punjab),IND148028AAA → IND147001AAD,0.15613528228493956
IND110037AAM,IND811399AAA,11,11,2.1052631578947367,0.7272727272727273,80.0,38.0,32.967800000000004,584.0,176.0,0.30151134457776363,8,8,0.02227949782622297,True,Delhi_Airport_H (Delhi),Noida_Sector02_C (Uttar Pradesh),IND110037AAM → IND811399AAA,0.1559414603818713
IND756029AAA,IND712311AAA,1,1,1.8389261744966443,1.0,274.0,149.0,211.2057,125.0,466.0,1.0,1,1,0.004768728130612793,True,Basta_Central_DPP_1 (Orissa),Kolkata_Dankuni_HB (West Bengal),IND756029AAA → IND712311AAA,0.15594089288969853
IND457001AAA,IND382430AAB,3,3,1.665551839464883,1.0,521.0,299.0,399.6118,641.0,48.0,0.5773502691896258,3,3,0.024454037853782404,True,Ratlam_Khjurwli_DC (Madhya Pradesh),Ahmedabad_East_H_1 (Gujarat),IND457001AAA → IND382430AAB,0.15593779708527705
IND606105AAA,IND606201AAC,14,14,1.345771144278607,1.0,89.0,67.0,64.05095,337.0,11.0,0.2672612419124244,14,14,0.012856491040132091,True,Pennadam_EastmnRD_D (Tamil Nadu),Chinnasalem_VkotRoad_D (Tamil Nadu),IND606105AAA → IND606201AAC,0.15580961677310232
IND231225AAB,IND486886AAA,7,7,1.6296296296296295,1.0,44.0,27.0,23.9771,121.0,29.0,0.3779644730092272,7,7,0.004616128830433184,True,Anpara_Parasi_D (Uttar Pradesh),Singrauli_Waidhan_D (Madhya Pradesh),IND231225AAB → IND486886AAA,0.1557901887760726
IND614809AAA,IND610001AAA,17,17,1.3692307692307693,0.9411764705882353,95.0,74.0,86.65830000000001,455.0,18.0,0.24253562503633297,16,16,0.017358170395430566,True,Pushpavanam_Thmpulam_D (Tamil Nadu),Thiruvarur_Bypasrd_D (Tamil Nadu),IND614809AAA → IND610001AAA,0.15576486260793046
IND575004AAB,IND574227AAA,2,2,1.8139534883720931,1.0,63.0,35.5,36.3491,55.0,43.5,0.7071067811865475,2,2,0.002098240377469629,True,Mangalore_Kuntikna_H (Karnataka),Moodbidri_MrdiVlge_D (Karnataka),IND575004AAB → IND574227AAA,0.1557552302752409
IND305001AAC,IND342602AAC,2,2,1.7925531914893618,1.0,183.5,104.0,144.31394999999998,159.0,154.0,0.7071067811865475,2,2,0.006065822182139473,True,Ajmer_FoySGRRD_I (Rajasthan),Bilara_Central_DPP_2 (Rajasthan),IND305001AAC → IND342602AAC,0.1557425278725069
IND781018AAB,IND784125AAA,4,4,1.7153846153846155,1.0,111.5,65.0,80.5013,191.0,182.0,0.5,4,4,0.007286616583576347,True,Guwahati_Hub (Assam),Mangaldoi_LNBRoad_D (Assam),IND781018AAB → IND784125AAA,0.1556671187612511
IND131028AAB,IND249407AAA,1,1,1.826086956521739,1.0,336.0,184.0,179.321,152.0,219.0,1.0,1,1,0.005798773406825156,True,Sonipat_Kundli_H (Haryana),Haridwar (Uttarakhand),IND131028AAB → IND249407AAA,0.15565505055992676
IND423106AAA,IND423105AAA,8,8,1.5663992869875223,1.0,52.5,33.5,36.79535,239.0,19.0,0.35355339059327373,8,8,0.00911780818573166,True,Manmad_Malegaon_D (Maharashtra),Malegaon_Rawlgaon_D (Maharashtra),IND423106AAA → IND423105AAA,0.15559814800459834
IND605010AAB,IND600056AAB,3,3,1.7322834645669292,1.0,220.0,128.0,152.2298,262.0,54.0,0.5773502691896258,3,3,0.009995254161764415,True,Pondicherry_Vasanthm_I (Pondicherry),MAA_Poonamallee_HB (Tamil Nadu),IND605010AAB → IND600056AAB,0.15554743258329232
IND000000ACB,IND127021AAA,2,2,1.784476843910806,1.0,192.5,108.0,123.1548,169.0,132.0,0.7071067811865475,2,2,0.006447320432588497,True,Gurgaon_Bilaspur_HB (Haryana),Bhiwani_DC (Haryana),IND000000ACB → IND127021AAA,0.1555078252784906
IND243002AAA,IND243503AAB,1,1,1.84375,1.0,59.0,32.0,41.0735,27.0,59.0,1.0,1,1,0.0010300452762123634,True,Bareilly (Uttar Pradesh),Faridpur_ShjnprRD_D (Uttar Pradesh),IND243002AAA → IND243503AAB,0.1553577049192547
IND246725AAB,IND246701AAA,10,10,1.5071428571428571,1.0,49.0,33.5,37.1768,158.0,9.0,0.31622776601683794,10,10,0.0060276723570945705,True,Chandpur_NorprRD_D (Uttar Pradesh),Bijnor_NaginaRd_D (Uttar Pradesh),IND246725AAB → IND246701AAA,0.15532938151435433
IND160102AAD,IND160002AAD,3,3,1.7560975609756098,1.0,72.0,38.0,38.628299999999996,114.0,68.0,0.5773502691896258,3,3,0.004349080055118867,True,Chandigarh_Raiprkln_C (Chandigarh),Chandigarh_Mehmdpur_P (Punjab),IND160102AAD → IND160002AAD,0.15530791619117532
IND333504AAA,IND332713AAA,2,2,1.799342105263158,1.0,70.0,39.0,44.45085,62.0,7.0,0.7071067811865475,2,2,0.0023652891527839452,True,Khetri_NagarDPP_D (Rajasthan),NeemKaThana_War5DPP_D (Rajasthan),IND333504AAA → IND332713AAA,0.15524343217393155
IND000000ACA,IND144514AAA,12,12,1.7348484848484849,0.8333333333333334,114.5,66.0,67.02395,802.0,130.5,0.2886751345948129,10,10,0.030596159686011683,True,Ludhiana_MilrGanj_HB (Punjab),Nawanshahr_DC (Punjab),IND000000ACA → IND144514AAA,0.1552248866402288
IND131028AAB,IND250002AAA,1,1,1.8333333333333333,1.0,132.0,72.0,89.5733,60.0,994.0,1.0,1,1,0.0022889895026941406,True,Sonipat_Kundli_H (Haryana),Meerut (Uttar Pradesh),IND131028AAB → IND250002AAA,0.1552130032688419
IND533308AAB,IND533003AAA,15,15,1.4666666666666666,0.9333333333333333,66.0,46.0,49.2438,335.0,34.0,0.2581988897471611,14,14,0.012780191390042285,True,Mandapeta_Mainrd_D (Andhra Pradesh),Kakinada_DC (Andhra Pradesh),IND533308AAB → IND533003AAA,0.1551504751475858
IND160002AAC,IND140603AAA,29,29,1.2592592592592593,0.8275862068965517,36.0,28.0,29.7872,323.0,72.0,0.18569533817705186,24,24,0.012322393489503456,True,Chandigarh_Mehmdpur_H (Punjab),Zirakpur_DC (Punjab),IND160002AAC → IND140603AAA,0.1551021273673806
IND560099AAG,IND560099AAB,2,2,1.8035714285714286,1.0,21.5,11.0,10.892,21.0,240.0,0.7071067811865475,2,2,0.0008011463259429491,True,Bengaluru_Bomsndra_L (Karnataka),Bengaluru_Bomsndra_HB (Karnataka),IND560099AAG → IND560099AAB,0.15508522437890584
IND110035AAC,IND110037AAM,3,3,1.7647058823529411,1.0,30.0,18.0,20.907799999999998,42.0,286.0,0.5773502691896258,3,3,0.0016022926518858983,True,Delhi_North_R_8 (Delhi),Delhi_Airport_H (Delhi),IND110035AAC → IND110037AAM,0.15507591094268564
IND523002AAA,IND523226AAA,5,5,1.6842105263157894,1.0,35.0,19.0,20.5219,99.0,210.0,0.4472135954999579,5,5,0.0037768326794453324,True,Ongole_SubhVRTL_I (Andhra Pradesh),Chimkurthy_MSRClgRd_D (Andhra Pradesh),IND523002AAA → IND523226AAA,0.15506795569606951
IND262501AAA,IND263153AAB,8,8,1.3973665223665224,1.0,429.0,307.0,260.36855,1003.0,33.5,0.35355339059327373,8,8,0.038264274520037056,True,Pithorgarh_Kumud_D (Uttarakhand),Rudrapur_UdhamNgr_H (Uttarakhand),IND262501AAA → IND263153AAB,0.15504618755203747
IND575014AAA,IND403726AAA,1,1,1.7937062937062938,1.0,513.0,286.0,331.5918,227.0,5.0,1.0,1,1,0.008660010285192832,True,Surathkal_DC (Karnataka),Goa_Hub (Goa),IND575014AAA → IND403726AAA,0.15498843410572483
IND518124AAA,IND518206AAA,6,6,1.65,1.0,33.0,21.0,19.491799999999998,86.0,7.0,0.4082482904638631,6,6,0.0032808849538616017,True,Bngnpalle_Enkndla_D (Andhra Pradesh),Betamcherla_CmtNgRod_D (Andhra Pradesh),IND518124AAA → IND518206AAA,0.15497197135200674
IND000000ACB,IND110092AAC,5,5,1.6575342465753424,1.0,121.0,75.0,73.7171,217.0,143.0,0.4472135954999579,5,5,0.008278512034743809,True,Gurgaon_Bilaspur_HB (Haryana),Delhi_Patparganj_DPC (Delhi),IND000000ACB → IND110092AAC,0.1549606271348608
IND630002AAA,IND622407AAA,14,14,1.34,1.0,67.0,50.0,50.23625,252.0,24.0,0.2672612419124244,14,14,0.009613755911315391,True,Karaikudi_Sbrmnprm_D (Tamil Nadu),Ponnamaravathi_Puduvalvu_D (Tamil Nadu),IND630002AAA → IND622407AAA,0.15491760223488318
IND388320AAA,IND388220AAA,1,1,1.8333333333333333,1.0,44.0,24.0,27.2606,20.0,84.0,1.0,1,1,0.0007629965008980469,True,Anand_Vaghasi_IP (Gujarat),Umreth_Dakor_DC (Gujarat),IND388320AAA → IND388220AAA,0.15489858729651051
IND680712AAA,IND683511AAA,9,9,1.5135135135135136,1.0,63.0,40.0,42.721000000000004,237.0,24.0,0.3333333333333333,9,9,0.009041508535641856,True,Irinjlkuda_Greens_D (Kerala),Aluva_Peedika_H (Kerala),IND680712AAA → IND683511AAA,0.1548641572579958
IND515801AAA,IND515761AAA,1,1,1.8181818181818181,1.0,200.0,110.0,117.23920000000001,90.0,19.0,1.0,1,1,0.0034334842540412113,True,Guntakal_Verpatem_D (Andhra Pradesh),Kalyandurg_Shankrpa_D (Andhra Pradesh),IND515801AAA → IND515761AAA,0.15486104095341963
IND246424AAA,IND246174AAA,16,16,1.2654464663563267,0.75,175.0,138.0,92.9496,3445.0,907.5,0.25,12,12,0.13142614727968857,True,Chamoli_CGRoad_D (Uttarakhand),SrinagarUK_Srikot_D (Uttarakhand),IND246424AAA → IND246174AAA,0.1547903609498299
IND000000AFG,IND673027AAB,1,1,1.826086956521739,1.0,84.0,46.0,44.342699999999994,38.0,23.0,1.0,1,1,0.001449693351706289,True,Tirur_PmthuKlm_D (Kerala),Kozhikode_Feroke_H (Kerala),IND000000AFG → IND673027AAB,0.15475896503878228
IND500010AAA,IND500055AAA,1,1,1.8235294117647058,1.0,31.0,17.0,15.9111,14.0,10.0,1.0,1,1,0.0005340975506286328,True,Hyderabad_Alwal_I (Telangana),Hyd_Trimulgherry_Dc (Telangana),IND500010AAA → IND500055AAA,0.15447110035705028
IND000000ACA,IND140406AAA,2,2,1.78003003003003,1.0,65.0,36.5,51.58284999999999,57.0,209.0,0.7071067811865475,2,2,0.0021745400275594334,True,Ludhiana_MilrGanj_HB (Punjab),SirhindFatehgarh_DC (Punjab),IND000000ACA → IND140406AAA,0.15445495484507052
IND122001AAA,IND000000ACB,20,20,1.5975033738191633,0.8,61.5,36.5,37.73495,446.0,43.0,0.22360679774997896,16,16,0.017014821970026444,True,GGN_DPC (Haryana),Gurgaon_Bilaspur_HB (Haryana),IND122001AAA → IND000000ACB,0.15443187471953732
IND560048AAB,IND560099AAB,26,26,1.561576354679803,0.6923076923076923,53.5,35.0,29.349800000000002,974.0,32.0,0.19611613513818404,18,18,0.03715792959373488,True,Bengaluru_Hoodi_IP (Karnataka),Bengaluru_Bomsndra_HB (Karnataka),IND560048AAB → IND560099AAB,0.15441921421501953
IND591201AAA,IND591304AAA,10,10,1.4583333333333333,1.0,87.5,60.0,73.90520000000001,283.0,17.5,0.31622776601683794,10,10,0.010796400487707363,True,Chikodi_IndraNgr_D (Karnataka),Athani_VikrmMah_D (Karnataka),IND591201AAA → IND591304AAA,0.154418458521486
IND411033AAA,IND410505AAB,7,7,1.5862068965517242,1.0,46.0,29.0,22.2992,157.0,47.0,0.3779644730092272,7,7,0.005989522532049668,True,Pune_Tathawde_H (Maharashtra),Rajgurunagar_Chakan_D (Maharashtra),IND411033AAA → IND410505AAB,0.15438866057487277
IND000000ACA,IND147301AAA,3,3,1.7307692307692308,1.0,46.0,27.0,37.1418,119.0,179.0,0.5773502691896258,3,3,0.004539829180343379,True,Ludhiana_MilrGanj_HB (Punjab),Mandi_Gobindgarh_DC (Punjab),IND000000ACA → IND147301AAA,0.1543646536538486
IND591304AAA,IND586101AAA,8,8,1.523076923076923,1.0,99.5,65.0,76.62559999999999,291.0,18.0,0.35355339059327373,8,8,0.011101599088066582,True,Athani_VikrmMah_D (Karnataka),Bijapur_KirtiNgr_D (Karnataka),IND591304AAA → IND586101AAA,0.1543262798238214
IND501141AAA,IND501101AAB,5,5,1.6578947368421053,1.0,64.0,40.0,39.6357,133.0,30.0,0.4472135954999579,5,5,0.0050739267309720115,True,Tandur_SnthiNGR_D (Telangana),Vikarabad_Central_DPP_2 (Telangana),IND501141AAA → IND501101AAB,0.15431433812917553
IND414001AAA,IND414203AAB,1,1,1.813953488372093,1.0,78.0,43.0,60.967200000000005,35.0,50.0,1.0,1,1,0.001335243876571582,True,AhmedNagar_DC (Maharashtra),Ashti_SavtaHTL_D (Maharashtra),IND414001AAA → IND414203AAB,0.15426468895574186
IND575004AAB,IND671323AAD,3,3,1.7407407407407407,1.0,47.0,26.0,24.3258,56.0,352.0,0.5773502691896258,3,3,0.0021363902025145314,True,Mangalore_Kuntikna_H (Karnataka),Manjeshwar_Central_D_1 (Kerala),IND575004AAB → IND671323AAD,0.15425627431528693
IND679322AAA,IND673639AAA,1,1,1.8125,1.0,87.0,48.0,50.2832,39.0,2.0,1.0,1,1,0.0014878431767511916,True,Printhlmna_EmsPnmbi_D (Kerala),Areacode_Puthalam_D (Kerala),IND679322AAA → IND673639AAA,0.15423974522819553
IND414203AAB,IND414302AAB,1,1,1.8082191780821917,1.0,132.0,73.0,98.2615,59.0,22.0,1.0,1,1,0.0022508396776492385,True,Ashti_SavtaHTL_D (Maharashtra),Parner_Hindcwk_D (Maharashtra),IND414203AAB → IND414302AAB,0.15423088684686004
IND141010AAA,IND000000ACA,1,1,1.8181818181818181,1.0,20.0,11.0,15.531,9.0,3.0,1.0,1,1,0.0003433484254041211,True,Ludhiana_DC (Punjab),Ludhiana_MilrGanj_HB (Punjab),IND141010AAA → IND000000ACA,0.15422434860944856
IND721253AAC,IND721501AAC,1,1,1.8043478260869565,1.0,166.0,92.0,101.111,74.0,19.0,1.0,1,1,0.0028230870533227734,True,ChandroknaRD_Central_DPP_3 (West Bengal),AmaDubi_Bulabeda_D (West Bengal),IND721253AAC → IND721501AAC,0.15419861107804847
IND686028AAB,IND689101AAA,16,16,1.4257246376811594,0.9375,34.0,24.0,26.97595,185.0,86.5,0.25,15,15,0.007057717633306934,True,Kottayam_Central_H_1 (Kerala),Tiruvalla_TKRoad_D (Kerala),IND686028AAB → IND689101AAA,0.15413314688552596
IND389001AAA,IND389151AAA,21,21,1.7346938775510203,0.7142857142857143,88.0,49.0,68.4925,646.0,28.0,0.2182178902359924,15,15,0.024644786979006912,True,Godhra_DC (Gujarat),Dahod_DC (Gujarat),IND389001AAA → IND389151AAA,0.15408790474649003
IND403002AAA,IND403726AAB,1,1,1.8095238095238095,1.0,76.0,42.0,33.5466,34.0,443.0,1.0,1,1,0.0012970940515266798,True,Central Goa (Goa),Goa_ZuariNgr_IP (Goa),IND403002AAA → IND403726AAB,0.15408498756662947
IND521201AAA,IND521105AAA,3,3,1.736842105263158,1.0,33.0,22.0,22.3547,49.0,12.0,0.5773502691896258,3,3,0.001869341427200215,True,Nuzvid_Ward17_D (Andhra Pradesh),HanumanJNC_VijywdRD_D (Andhra Pradesh),IND521201AAA → IND521105AAA,0.15405001135073998
IND303702AAB,IND332404AAA,8,8,1.55,1.0,38.5,25.0,33.88445,117.0,24.5,0.35355339059327373,8,8,0.0044635295302535745,True,Chomu_ShsmlDPP_D (Rajasthan),Reengus_Shop2DPP_D (Rajasthan),IND303702AAB → IND332404AAA,0.15400300005240267
IND345001AAA,IND342301AAA,1,1,1.794871794871795,1.0,210.0,117.0,168.0361,93.0,3.0,1.0,1,1,0.003547933729175918,True,Jaisalmer_Gopa3PL_D (Rajasthan),Phalodi_PalikDPP_D (Rajasthan),IND345001AAA → IND342301AAA,0.153980354005697
IND842003AAB,IND487001AAB,5,5,1.6049382716049383,1.0,140.0,88.0,104.968,348.0,50.0,0.4472135954999579,5,5,0.013276139115626015,True,Jabalpur_Adhartal_IP (Madhya Pradesh),Narsinghpur_KndliDPP_D (Madhya Pradesh),IND842003AAB → IND487001AAB,0.15394997834625632
IND306401AAB,IND343001AAA,5,5,1.6090909090909091,1.0,174.0,99.0,118.1262,324.0,14.0,0.4472135954999579,5,5,0.012360543314548358,True,Pali_Nayagaon_I (Rajasthan),Jalore_RoopNgr_D (Rajasthan),IND306401AAB → IND343001AAA,0.15392242245843393
IND757041AAA,IND757001AAA,1,1,1.8048780487804879,1.0,74.0,41.0,44.965199999999996,33.0,8.0,1.0,1,1,0.0012589442264817772,True,Udala_NagplDPP_D (Orissa),Baripada_KalikDPP_D (Orissa),IND757041AAA → IND757001AAA,0.15389690369020956
IND360003AAA,IND360311AAA,2,2,1.7644230769230769,1.0,53.5,31.5,48.555499999999995,44.0,43.0,0.7071067811865475,2,2,0.0016785923019757031,True,Rajkot_Kothriya_DC (Gujarat),Gondal_DC (Gujarat),IND360003AAA → IND360311AAA,0.1537473275076724
IND502110AAA,IND502313AAA,19,19,1.4,0.8947368421052632,48.0,36.0,39.7813,296.0,15.0,0.22941573387056174,17,17,0.011292348213291094,True,Medak_Dwaraka_D (Telangana),Narsapur_Xroad_D (Telangana),IND502110AAA → IND502313AAA,0.15373139688853726
IND209304AAA,IND221313AAA,6,6,1.8173076923076923,0.8333333333333334,475.0,262.0,359.5539,1222.0,559.5,0.4082482904638631,5,5,0.04661908620487066,True,Kanpur_Central_H_6 (Uttar Pradesh),Varanasi_Central_H_4 (Uttar Pradesh),IND209304AAA → IND221313AAA,0.1537251029149363
IND414502AAA,IND431107AAB,7,7,1.5769230769230769,1.0,41.0,25.0,26.9384,107.0,20.0,0.3779644730092272,7,7,0.004082031279804551,True,Shevgaon_VidyaNgr_D (Maharashtra),Paithan_SantaNGR_D (Maharashtra),IND414502AAA → IND431107AAB,0.1536354924342093
IND826004AAA,IND815353AAA,4,4,1.6532616319850364,1.0,153.0,92.5,85.67779999999999,228.0,86.0,0.5,4,4,0.008698160110237734,True,Dhanbad_Kalynpur_I (Jharkhand),Madhupur_Sitarmrd_D (Jharkhand),IND826004AAA → IND815353AAA,0.15354801021412226
IND842003AAB,IND487001AAA,2,2,1.7408637873754151,1.0,154.0,88.5,106.5384,131.0,51.5,0.7071067811865475,2,2,0.004997627080882207,True,Jabalpur_Adhartal_IP (Madhya Pradesh),Narsingpur_JrjolDPP_D (Madhya Pradesh),IND842003AAB → IND487001AAA,0.15351724429090285
IND400016AAA,IND400015AAA,1,1,1.8,1.0,18.0,10.0,12.2279,8.0,64.0,1.0,1,1,0.00030519860035921873,True,Mumbai Mahim (Maharashtra),Mumbai_CottonGreen_DPC (Maharashtra),IND400016AAA → IND400015AAA,0.15351115905653523
IND000000ACB,IND328001AAA,5,5,1.5324074074074074,1.0,360.0,228.0,245.37630000000001,641.0,184.0,0.4472135954999579,5,5,0.024454037853782404,True,Gurgaon_Bilaspur_HB (Haryana),Dholpur_GtRoad_D (Rajasthan),IND000000ACB → IND328001AAA,0.1534393780255761
IND415409AAB,IND415124AAA,13,13,1.7391304347826086,0.8461538461538461,40.0,23.0,29.9273,220.0,13.0,0.2773500981126146,11,11,0.008392961509878515,True,Islampur_Shantanu_D (Maharashtra),Karad_Mundhe_D (Maharashtra),IND415409AAB → IND415124AAA,0.15343162898494642
IND563101AAB,IND563131AAA,14,14,1.6753246753246753,0.8571428571428571,36.5,22.5,31.277,224.0,42.0,0.2672612419124244,12,12,0.008545560810058125,True,Kolar_Ambedkar_D (Karnataka),Mulbagal_Sunku_D (Karnataka),IND563101AAB → IND563131AAA,0.15342008158716658
IND516001AAA,IND516227AAA,2,2,1.75,1.0,80.5,46.0,53.609849999999994,69.0,49.5,0.7071067811865475,2,2,0.0026323379280982617,True,Cuddapah_DC (Andhra Pradesh),Badvel_Sidrd_D (Andhra Pradesh),IND516001AAA → IND516227AAA,0.15338432157526016
IND332001AAB,IND333042AAA,14,14,1.609090909090909,0.8571428571428571,67.5,32.0,32.93,546.0,32.0,0.2672612419124244,12,12,0.02082980447451668,True,Sikar_FatehpRd_I (Rajasthan),Nawalgarh_NavldiDPP_D (Rajasthan),IND332001AAB → IND333042AAA,0.15338171681915888
IND303106AAA,IND303002AAA,9,9,1.5,1.0,35.0,19.0,26.9435,102.0,21.0,0.3333333333333333,9,9,0.003891282154580039,True,Paota_SmClyDPP_D (Rajasthan),Achrol_BgwriDPP_D (Rajasthan),IND303106AAA → IND303002AAA,0.15327877222369796
IND803213AAA,IND811105AAA,3,3,1.6938775510204083,1.0,83.0,49.0,56.010400000000004,161.0,23.0,0.5773502691896258,3,3,0.006142121832229277,True,Barh_Malahi_D (Bihar),Sheikhpura_Bgwtichk_D (Bihar),IND803213AAA → IND811105AAA,0.15326364767591982
IND735224AAA,IND736146AAA,8,8,1.5104166666666667,1.0,72.5,49.0,58.6622,216.0,8.0,0.35355339059327373,8,8,0.008240362209698907,True,Mainaguri_MilpaDPP_D (West Bengal),Mathabhang_Pshimpra_D (West Bengal),IND735224AAA → IND736146AAA,0.15324561923909527
IND501359AAE,IND500010AAA,12,12,1.5615384615384615,0.9166666666666666,75.5,51.5,55.7247,343.0,108.5,0.2886751345948129,11,11,0.013085389990401505,True,Hyderabad_Shamshbd_H (Telangana),Hyderabad_Alwal_I (Telangana),IND501359AAE → IND500010AAA,0.15322706302817055
IND403601AAA,IND403726AAB,4,4,1.6448863636363638,1.0,23.0,15.0,15.94325,223.0,497.0,0.5,4,4,0.008507410985013222,True,Goa_Margao_Dc (Goa),Goa_ZuariNgr_IP (Goa),IND403601AAA → IND403726AAB,0.1531838055661237
IND770001AAA,IND770017AAB,6,6,1.5786885245901638,1.0,95.5,60.5,65.24600000000001,210.0,18.0,0.4082482904638631,6,6,0.008011463259429492,True,Sundargarh_DiyoDPP_D (Orissa),Rajgangpur_Central_D_2 (Orissa),IND770001AAA → IND770017AAB,0.15318026742361113
IND504208AAB,IND504251AAA,1,1,1.7894736842105263,1.0,34.0,19.0,21.5952,15.0,6.0,1.0,1,1,0.0005722473756735352,True,Mancherial_Hitech_D (Telangana),Bellmpalli_BasthDPP_D (Telangana),IND504208AAB → IND504251AAA,0.15315783339434297
IND591201AAA,IND586101AAB,1,1,1.7723577235772359,1.0,218.0,123.0,147.7174,95.0,61.0,1.0,1,1,0.0036242333792657227,True,Chikodi_IndraNgr_D (Karnataka),Bijapur_Central_D_2 (Karnataka),IND591201AAA → IND586101AAB,0.1531226841075419
IND131028AAB,IND124001AAB,4,4,1.6559523809523808,1.0,96.0,57.0,60.343500000000006,146.0,119.0,0.5,4,4,0.005569874456555743,True,Sonipat_Kundli_H (Haryana),Rohtak (Haryana),IND131028AAB → IND124001AAB,0.15300783997388645
IND505327AAA,IND505425AAA,12,12,1.5880952380952382,0.9166666666666666,32.5,19.5,27.732850000000003,177.0,14.0,0.2886751345948129,11,11,0.006752519032947714,True,Jagtial_Aravind_D (Telangana),DhrmpuriTS_HanumDPP_D (Telangana),IND505327AAA → IND505425AAA,0.15295245652321504
IND431203AAA,IND431136AAC,2,2,1.7335777126099705,1.0,101.5,58.5,81.6066,86.0,149.5,0.7071067811865475,2,2,0.0032808849538616017,True,Jalna_BhgyaNgr_D (Maharashtra),Aurangabad_Central_H_1 (Maharashtra),IND431203AAA → IND431136AAC,0.15288087686992227
IND574202AAA,IND574239AAA,6,6,1.5866935483870968,1.0,50.0,31.0,33.981049999999996,125.0,17.5,0.4082482904638631,6,6,0.004768728130612793,True,Puttur_Darbe_DC (Karnataka),Sullia_Srirampt_D (Karnataka),IND574202AAA → IND574239AAA,0.15282267319866724
IND144001AAB,IND144401AAB,14,14,1.85,0.7857142857142857,23.0,14.0,14.850850000000001,192.0,13.5,0.2672612419124244,11,11,0.0073247664086212505,True,Jalandhar_DPC (Punjab),Phagwara_Lovely_D (Punjab),IND144001AAB → IND144401AAB,0.15280188960643534
IND523002AAA,IND523105AAA,1,1,1.763157894736842,1.0,201.0,114.0,126.57039999999999,87.0,399.0,1.0,1,1,0.0033190347789065038,True,Ongole_SubhVRTL_I (Andhra Pradesh),Kandukur_LICOffce_D (Andhra Pradesh),IND523002AAA → IND523105AAA,0.1527029110011638
IND632006AAA,IND562132AAA,2,2,1.6851971557853909,1.0,369.0,219.0,245.24335,300.0,185.0,0.7071067811865475,2,2,0.011444947513470704,True,Vellore_GndhiNgr_IP (Tamil Nadu),Bangalore_Nelmngla_H (Karnataka),IND632006AAA → IND562132AAA,0.15268617037611415
IND181152AAB,IND184121AAA,4,4,1.659375,1.0,52.5,32.0,36.46265,88.0,156.5,0.5,4,4,0.0033571846039514063,True,Jammu_Central_I_1 (Jammu & Kashmir),Samba_Wardno13_D (Jammu & Kashmir),IND181152AAB → IND184121AAA,0.15268471082878426
IND781018AAB,IND785621AAA,1,1,1.7403100775193798,1.0,449.0,258.0,359.4739,191.0,269.0,1.0,1,1,0.007286616583576347,True,Guwahati_Hub (Assam),Golaghat_BaruaRd_D (Assam),IND781018AAB → IND785621AAA,0.1526340547923411
IND679329AAA,IND673639AAA,3,3,1.7,1.0,34.0,20.0,22.4576,41.0,4.0,0.5773502691896258,3,3,0.001564142826840996,True,Nilambur_StteHW28_D (Kerala),Areacode_Puthalam_D (Kerala),IND679329AAA → IND673639AAA,0.15255790855554774
IND424006AAA,IND425401AAA,1,1,1.7714285714285714,1.0,62.0,35.0,41.294,27.0,7.0,1.0,1,1,0.0010300452762123634,True,Dhule_MIDCAvdn_I (Maharashtra),Amalner_Murtingr_D (Maharashtra),IND424006AAA → IND425401AAA,0.1525521322591562
IND424101AAA,IND431103AAA,1,1,1.7727272727272727,1.0,39.0,22.0,31.277600000000003,17.0,27.0,1.0,1,1,0.0006485470257633399,True,Chalisgaon_BhadgDPP_D (Maharashtra),Kannad_KolheDPP_D (Maharashtra),IND424101AAA → IND431103AAA,0.1525239089199023
IND152024AAA,IND152123AAA,2,2,1.732258064516129,1.0,53.0,30.5,33.011,45.0,16.5,0.7071067811865475,2,2,0.0017167421270206057,True,Jalalabad_Muktsar_D (Punjab),Fazilka_GndhiChk_D (Punjab),IND152024AAA → IND152123AAA,0.1525074072532629
IND403726AAB,IND403601AAA,6,6,1.5927601809954752,1.0,23.5,14.5,15.9251,53.0,213.5,0.4082482904638631,6,6,0.002021940727379824,True,Goa_ZuariNgr_IP (Goa),Goa_Margao_Dc (Goa),IND403726AAB → IND403601AAA,0.15249206795483022
IND680104AAA,IND679576AAA,17,17,1.4705882352941178,0.8823529411764706,50.0,33.0,30.2562,286.0,30.0,0.24253562503633297,15,15,0.01091084996284207,True,Guruvayoor_ManhrBld_D (Kerala),Edappal_PonaniRD_D (Kerala),IND680104AAA → IND679576AAA,0.15248607284990445
IND211002AAB,IND209304AAA,16,16,1.468016209665202,0.8125,262.5,187.5,270.61125000000004,1346.0,58.0,0.25,13,13,0.05134966451043856,True,Allahabad_Central_H_1 (Uttar Pradesh),Kanpur_Central_H_6 (Uttar Pradesh),IND211002AAB → IND209304AAA,0.15239969180941185
IND487001AAB,IND487551AAA,4,4,1.6461609620721553,1.0,75.5,46.5,51.79900000000001,114.0,13.5,0.5,4,4,0.004349080055118867,True,Narsinghpur_KndliDPP_D (Madhya Pradesh),Gadarwara_MPward_D (Madhya Pradesh),IND487001AAB → IND487551AAA,0.15237646767049534
IND842001AAA,IND843301AAA,6,6,1.5186610234705655,1.0,173.0,114.0,131.01775,400.0,53.0,0.4082482904638631,6,6,0.015259930017960936,True,Muzaffrpur_Bbganj_I (Bihar),Sitamari_Durma_D (Bihar),IND842001AAA → IND843301AAA,0.15234509023151116
IND273155AAA,IND273303AAA,1,1,1.7692307692307692,1.0,23.0,13.0,21.8127,10.0,24.0,1.0,1,1,0.00038149825044902347,True,Anandnagar_LohiaDPP_D (Uttar Pradesh),Maharajganj_PakriDPP_D (Uttar Pradesh),IND273155AAA → IND273303AAA,0.15233324590289718
IND303702AAB,IND332001AAB,4,4,1.6347170809095717,1.0,100.5,61.0,84.54065,156.0,22.0,0.5,4,4,0.005951372707004766,True,Chomu_ShsmlDPP_D (Rajasthan),Sikar_FatehpRd_I (Rajasthan),IND303702AAB → IND332001AAB,0.15226266077565342
IND509124AAA,IND509103AAC,4,4,1.6366396761133604,1.0,63.0,38.5,45.0114,146.0,31.5,0.5,4,4,0.005569874456555743,True,JoguGadwal_ColctrOf_D (Telangana),IND509103AAC,IND509124AAA → IND509103AAC,0.1522586402172003
IND764071AAB,IND764073AAA,2,2,1.7253176930596286,1.0,55.0,32.0,46.88055,46.0,13.5,0.7071067811865475,2,2,0.0017548919520655078,True,Pappadahandi_Central_DPP_2 (Orissa),Umerkote_Central_DPP_1 (Orissa),IND764071AAB → IND764073AAA,0.15224602910468968
IND384205AAA,IND385001AAA,1,1,1.7525773195876289,1.0,170.0,97.0,93.2516,73.0,14.0,1.0,1,1,0.0027849372282778713,True,Mehsana_Panchot_IP (Gujarat),Palanpur_DC (Gujarat),IND384205AAA → IND385001AAA,0.1521824120645421
IND560099AAH,IND562125AAA,1,1,1.7647058823529411,1.0,30.0,17.0,11.646,13.0,1.0,1.0,1,1,0.0004959477255837304,True,Bengaluru_South_D_20 (Karnataka),Bengaluru_Sarjapur_D (Karnataka),IND560099AAH → IND562125AAA,0.1521812926960787
IND370201AAA,IND363310AAB,1,1,1.7409638554216869,1.0,289.0,166.0,167.2466,123.0,113.0,1.0,1,1,0.004692428480522988,True,Gandhidham_Sector1A_IP (Gujarat),Dhrangadhra_NvygRDPP_D (Gujarat),IND370201AAA → IND363310AAB,0.15212490971317413
IND841405AAA,IND841301AAC,1,1,1.75,1.0,182.0,104.0,119.5359,78.0,558.0,1.0,1,1,0.002975686353502383,True,Barauli_SiwanRd_D (Bihar),IND841301AAC,IND841405AAA → IND841301AAC,0.15212173183570138
IND573201AAB,IND573134AAB,3,3,1.6774193548387097,1.0,52.0,31.0,43.0938,84.0,130.0,0.5773502691896258,3,3,0.0032045853037717966,True,Hassan_Pandrnga_I (Karnataka),Sakleshpur_RgvdrDPP_D (Karnataka),IND573201AAB → IND573134AAB,0.15201993242213324
IND721139AAC,IND721636AAB,1,1,1.7543859649122806,1.0,100.0,57.0,70.636,43.0,30.0,1.0,1,1,0.0016404424769308008,True,Panskura_Central_D_3 (West Bengal),Tamluk_Central_DPP_2 (West Bengal),IND721139AAC → IND721636AAB,0.15201676305047404
IND600110AAA,IND600056AAD,1,1,1.7551020408163265,1.0,86.0,49.0,52.7387,37.0,42.0,1.0,1,1,0.0014115435266613867,True,Chennai_Madhavaram_L (Tamil Nadu),Chennai_Poonamallee_L (Tamil Nadu),IND600110AAA → IND600056AAD,0.1519973794612468
IND722143AAB,IND723133AAA,10,10,1.3997599039615847,1.0,73.0,51.5,45.16095,256.0,33.5,0.31622776601683794,10,10,0.009766355211495,True,Mejia_Central_D_1 (West Bengal),Rghunthpur_barkarRd_D (West Bengal),IND722143AAB → IND723133AAA,0.15193398263522379
IND465333AAA,IND462022AAA,3,3,1.6415094339622642,1.0,194.0,107.0,110.68430000000001,247.0,413.0,0.5773502691896258,3,3,0.009423006786090878,True,Shujalpur_AstrdDPP_D (Madhya Pradesh),Bhopal_Trnsport_H (Madhya Pradesh),IND465333AAA → IND462022AAA,0.15190812023400432
IND712612AAA,IND722154AAA,3,3,1.6842105263157894,1.0,32.0,19.0,19.7134,34.0,2.0,0.5773502691896258,3,3,0.0012970940515266798,True,Kamarpukur_ChatiDPP_D (West Bengal),MirzapurWB_VidyaDPP_D (West Bengal),IND712612AAA → IND722154AAA,0.15189036307436432
IND733201AAA,IND733202AAB,1,1,1.75,1.0,84.0,48.0,69.2542,36.0,15.0,1.0,1,1,0.0013733937016164844,True,Dalkhola_DltprDPP_D (West Bengal),Islampure_ShbdnDPP_D (West Bengal),IND733201AAA → IND733202AAB,0.15179159506475343
IND362220AAA,IND362265AAA,2,2,1.7132183908045977,1.0,50.5,29.5,44.66289999999999,42.0,13.0,0.7071067811865475,2,2,0.0016022926518858983,True,Junagadh_keshod_DC (Gujarat),Veraval_DC (Gujarat),IND362220AAA → IND362265AAA,0.15174521802342517
IND160002AAC,IND174307AAA,14,14,1.3122864072318379,0.9285714285714286,244.5,187.5,176.9102,891.0,72.5,0.2672612419124244,13,13,0.033991494115007986,True,Chandigarh_Mehmdpur_H (Punjab),Bangana_Bhaleti_D (Himachal Pradesh),IND160002AAC → IND174307AAA,0.15172244397884138
IND636352AAA,IND636705AAB,5,5,1.6,1.0,40.0,25.0,27.303,79.0,15.0,0.4472135954999579,5,5,0.0030138361785472852,True,Thoppur_HghsclRD_D (Tamil Nadu),Dharmapuri_Central_D_2 (Tamil Nadu),IND636352AAA → IND636705AAB,0.15164396005110165
IND363641AAA,IND360002AAB,1,1,1.7428571428571429,1.0,122.0,70.0,79.48769999999999,52.0,15.0,1.0,1,1,0.0019837909023349217,True,Morbi_DC (Gujarat),Rajkot_PedakRd_P (Gujarat),IND363641AAA → IND360002AAB,0.15164026785762688
IND508277AAB,IND508223AAA,11,11,1.3846153846153846,1.0,34.0,25.0,25.7175,122.0,7.0,0.30151134457776363,11,11,0.004654278655478085,True,Mothkur_Mainroad_D (Telangana),Thirumalagiri_Xroad_D (Telangana),IND508277AAB → IND508223AAA,0.15162651955557538
IND160002AAC,IND181152AAA,2,2,1.6278409090909092,1.0,573.0,352.0,396.07000000000005,442.0,389.5,0.7071067811865475,2,2,0.016862222669846837,True,Chandigarh_Mehmdpur_H (Punjab),Jammu_TrnptNgr_L (Jammu & Kashmir),IND160002AAC → IND181152AAA,0.1515773202664667
IND573103AAA,IND572201AAB,2,2,1.7107843137254901,1.0,30.0,17.5,25.37305,25.0,1.0,0.7071067811865475,2,2,0.0009537456261225585,True,Arsikere_HsnRdDPP_D (Karnataka),Tiptur_YTRd_D (Karnataka),IND573103AAA → IND572201AAB,0.15151716583125344
IND000000ACA,IND143001AAA,1,1,1.7339449541284404,1.0,189.0,109.0,155.2326,80.0,37.0,1.0,1,1,0.0030519860035921878,True,Ludhiana_MilrGanj_HB (Punjab),Amritsar_DPC (Punjab),IND000000ACA → IND143001AAA,0.15151462757895573
IND177101AAA,IND176001AAA,2,2,1.6966101694915254,1.0,101.0,59.5,43.864200000000004,83.0,34.5,0.7071067811865475,2,2,0.003166435478726895,True,DehraGopipur_Central_D_1 (Himachal Pradesh),Kangra_Gurkhari_D (Himachal Pradesh),IND177101AAA → IND176001AAA,0.151423209947575
IND423105AAA,IND423301AAB,7,7,1.5151515151515151,1.0,50.0,33.0,34.463,126.0,16.0,0.3779644730092272,7,7,0.0048068779556576955,True,Malegaon_Rawlgaon_D (Maharashtra),Satana_ThrbadRD_D (Maharashtra),IND423105AAA → IND423301AAB,0.15138852943510095
IND518002AAA,IND509124AAA,3,3,1.6363636363636365,1.0,72.0,46.0,61.327799999999996,199.0,72.0,0.5773502691896258,3,3,0.0075918151839355665,True,Kurnool_AbbasNgr_I (Andhra Pradesh),JoguGadwal_ColctrOf_D (Telangana),IND518002AAA → IND509124AAA,0.1513311996086392
IND305404AAA,IND305601AAC,13,13,1.4545454545454546,0.9230769230769231,80.0,54.0,59.0299,378.0,17.0,0.2773500981126146,12,12,0.014420633866973087,True,Kekri_LxmntDPP_D (Rajasthan),Nasirabad_Central_DPP_2 (Rajasthan),IND305404AAA → IND305601AAC,0.15132594518979764
IND574239AAA,IND574221AAA,7,7,1.5128205128205128,1.0,53.0,35.0,33.2592,128.0,2.0,0.3779644730092272,7,7,0.0048831776057475,True,Sullia_Srirampt_D (Karnataka),Kadaba_AnugrDPP_D (Karnataka),IND574239AAA → IND574221AAA,0.15131382341915278
IND814101AAB,IND816107AAA,11,11,1.5411764705882354,0.9090909090909091,131.0,85.0,89.0484,466.0,25.0,0.30151134457776363,10,10,0.017777818470924495,True,Dumka_Dudhani_D (Jharkhand),Pakur_Hatpada_D (Jharkhand),IND814101AAB → IND816107AAA,0.1513130782308355
IND573134AAB,IND577101AAA,1,1,1.7358490566037736,1.0,92.0,53.0,68.37559999999999,39.0,72.0,1.0,1,1,0.0014878431767511916,True,Sakleshpur_RgvdrDPP_D (Karnataka),Chikmagalur_DC (Karnataka),IND573134AAB → IND577101AAA,0.1512662172516178
IND134203AAA,IND160002AAC,1,1,1.732394366197183,1.0,123.0,71.0,69.9466,52.0,38.0,1.0,1,1,0.0019837909023349217,True,Naraingarh_Ward2DPP_D (Haryana),Chandigarh_Mehmdpur_H (Punjab),IND134203AAA → IND160002AAC,0.15123438428030084
IND363310AAB,IND382430AAB,9,9,1.3655172413793104,1.0,203.0,147.0,132.8943,503.0,4.0,0.3333333333333333,9,9,0.01918936199758588,True,Dhrangadhra_NvygRDPP_D (Gujarat),Ahmedabad_East_H_1 (Gujarat),IND363310AAB → IND382430AAB,0.15121378877913824
IND131028AAE,IND124507AAA,1,1,1.7333333333333334,1.0,78.0,45.0,42.7911,33.0,61.0,1.0,1,1,0.0012589442264817772,True,Sonipat_Central_D_2 (Haryana),Bahadurgarh_DC (Haryana),IND131028AAE → IND124507AAA,0.15112146214269065
IND414302AAB,IND412210AAC,1,1,1.736842105263158,1.0,33.0,19.0,22.8751,14.0,7.0,1.0,1,1,0.0005340975506286328,True,Parner_Hindcwk_D (Maharashtra),Shirur_Central_DPP_3 (Maharashtra),IND414302AAB → IND412210AAC,0.15110823070828333
IND209304AAA,IND206122AAA,20,20,1.6300520208083233,0.75,80.0,49.0,70.43010000000001,496.0,440.0,0.22360679774997896,15,15,0.018922313222271562,True,Kanpur_Central_H_6 (Uttar Pradesh),Auraiya_AryaNagr_D (Uttar Pradesh),IND209304AAA → IND206122AAA,0.15108755771470345
IND505001AAA,IND505302AAB,9,9,1.4242424242424243,1.0,47.0,33.0,34.666199999999996,186.0,22.0,0.3333333333333333,9,9,0.007095867458351836,True,Karimnagar_DC (Telangana),Vemulawada_Central_DPP_2 (Telangana),IND505001AAA → IND505302AAB,0.15100017429223964
IND360510AAB,IND360530AAB,13,13,1.4782608695652173,0.9230769230769231,37.0,24.0,28.1622,218.0,12.0,0.2773500981126146,12,12,0.008316661859788712,True,Bhanvad_Mainroad_D (Gujarat),Jamjodhpur_Court_D (Gujarat),IND360510AAB → IND360530AAB,0.15098827584865254
IND600044AAD,IND600056AAB,17,17,1.5526315789473684,0.8235294117647058,66.0,39.0,40.9697,436.0,46.0,0.24253562503633297,14,14,0.016633323719577424,True,Chennai_Chrompet_DPC (Tamil Nadu),MAA_Poonamallee_HB (Tamil Nadu),IND600044AAD → IND600056AAB,0.1509654957225537
IND332001AAB,IND334001AAC,3,3,1.614864864864865,1.0,243.0,150.0,213.6351,257.0,87.0,0.5773502691896258,3,3,0.009804505036539903,True,Sikar_FatehpRd_I (Rajasthan),Bikaner_ITICollg_L (Rajasthan),IND332001AAB → IND334001AAC,0.15095309870175702
IND302014AAB,IND303303AAA,3,3,2.484375,0.6666666666666666,159.0,63.0,67.1334,205.0,47.0,0.5773502691896258,2,2,0.00782071413420498,True,Jaipur_Central_I_7 (Rajasthan),Dausa_IndraCln_D (Rajasthan),IND302014AAB → IND303303AAA,0.1509420212260145
IND842001AAA,IND845401AAA,4,4,2.2241379310344827,0.75,130.5,59.0,85.26215,253.0,73.0,0.5,3,3,0.009651905736360293,True,Muzaffrpur_Bbganj_I (Bihar),Motihari_RajaBzr_D (Bihar),IND842001AAA → IND845401AAA,0.15089058352202342
IND144514AAA,IND000000ACA,1,1,1.7241379310344827,1.0,100.0,58.0,55.3215,42.0,18.0,1.0,1,1,0.0016022926518858983,True,Nawanshahr_DC (Punjab),Ludhiana_MilrGanj_HB (Punjab),IND144514AAA → IND000000ACA,0.15083548754383738
IND342005AAD,IND342902A1B,1,1,1.7173913043478262,1.0,158.0,92.0,103.1402,66.0,193.0,1.0,1,1,0.0025178884529635545,True,Jodhpur_Basni_I (Rajasthan),IND342902A1B,IND342005AAD → IND342902A1B,0.15076241454025385
IND413304AAA,IND415301AAB,6,6,1.5255102040816326,1.0,75.5,50.0,56.602599999999995,155.0,15.5,0.4082482904638631,6,6,0.005913222881959864,True,Pandharpur_RajCmplx_D (Maharashtra),Atapadi_Vidyangr_D (Maharashtra),IND413304AAA → IND415301AAB,0.15068499337296243
IND786184AAA,IND786190AAA,2,2,1.6857142857142857,1.0,52.5,31.5,43.7346,42.0,22.0,0.7071067811865475,2,2,0.0016022926518858983,True,Chabua_CollgeRD_D (Assam),DoomDooma_Pthrgoan_D (Assam),IND786184AAA → IND786190AAA,0.15067824842940444
IND581320AAA,IND581334AAA,4,4,1.601930501930502,1.0,57.5,37.0,40.4765,116.0,22.5,0.5,4,4,0.004425379705208672,True,Bhatkal_KmkshBul_D (Karnataka),Honnavar_Prbhtngr_D (Karnataka),IND581320AAA → IND581334AAA,0.1506763516532719
IND560300AAB,IND563116AAA,1,1,1.7142857142857142,1.0,168.0,98.0,108.97019999999999,70.0,110.0,1.0,1,1,0.002670487753143164,True,Bangalore_East_I_20 (Karnataka),Bethamangala_FshryOFC_D (Karnataka),IND560300AAB → IND563116AAA,0.15067338066093955
IND521185AAA,IND520011AAA,1,1,1.7241379310344827,1.0,50.0,29.0,41.8469,21.0,22.0,1.0,1,1,0.0008011463259429491,True,Nandigama_Chndrlpd_D (Andhra Pradesh),Vijayawada (Andhra Pradesh),IND521185AAA → IND520011AAA,0.1506704191583634
IND843126AAA,IND843109AAB,2,2,1.6818181818181817,1.0,55.5,33.0,42.2606,45.0,11.0,0.7071067811865475,2,2,0.0017167421270206057,True,Saraiya_Wardno4_D (Bihar),Kanti_Central_DPP_2 (Bihar),IND843126AAA → IND843109AAB,0.1505506876658425
IND474003AAA,IND476001AAA,3,3,1.6388888888888888,1.0,59.0,36.0,34.690200000000004,80.0,44.0,0.5773502691896258,3,3,0.0030519860035921878,True,Gwalior_HrihrNgr_I (Madhya Pradesh),Morena_Prjapati_D (Madhya Pradesh),IND474003AAA → IND476001AAA,0.1504937744733984
IND686507AAA,IND686540AAA,1,1,1.72,1.0,43.0,25.0,26.7197,18.0,34.0,1.0,1,1,0.0006866968508082422,True,Parakkdavu_KeRoad_D (Kerala),Karukachal_MnimlaRd_D (Kerala),IND686507AAA → IND686540AAA,0.150486314773756
IND758035AAA,IND758001AAA,1,1,1.7142857142857142,1.0,84.0,49.0,68.11009999999999,35.0,14.0,1.0,1,1,0.001335243876571582,True,Barbil_PunjbiPd_D (Orissa),Kendujhar_Sirjudin_D (Orissa),IND758035AAA → IND758001AAA,0.15039826668514958
IND334001AAC,IND341001AAC,2,2,1.6646341463414633,1.0,136.5,82.0,115.3777,109.0,21.5,0.7071067811865475,2,2,0.004158330929894356,True,Bikaner_ITICollg_L (Rajasthan),Nagaur_KisanCo_D (Rajasthan),IND334001AAC → IND341001AAC,0.15038713115566557
IND335501AAA,IND331701AAA,1,1,1.7142857142857142,1.0,36.0,21.0,23.5577,15.0,24.0,1.0,1,1,0.0005722473756735352,True,Bhadra_GMndiDPP_D (Rajasthan),Sidhmukh_MnbzrDPP_D (Rajasthan),IND335501AAA → IND331701AAA,0.15024105869898388
IND303303AAA,IND322230AAA,16,16,1.4178082191780823,0.875,103.5,73.0,96.97064999999999,518.0,11.0,0.25,14,14,0.019761609373259416,True,Dausa_IndraCln_D (Rajasthan),Hindaun_MndwrRod_D (Rajasthan),IND303303AAA → IND322230AAA,0.1501935574132551
IND695582AAA,IND691574AAA,1,1,1.7105263157894737,1.0,65.0,38.0,35.4313,27.0,3.0,1.0,1,1,0.0010300452762123634,True,Kazhakkoottam_Rdiosttn_D (Kerala),Kalluvathukal_Pariplly_D (Kerala),IND695582AAA → IND691574AAA,0.15018954475591534
IND625532AAA,IND625531AAA,6,6,1.5174081237911023,1.0,69.0,45.5,41.76305,127.0,11.0,0.4082482904638631,6,6,0.004845027780702598,True,Usilampatti_MrutiNGR_D (Tamil Nadu),Theni_Rathnam_D (Tamil Nadu),IND625532AAA → IND625531AAA,0.1501505973534737
IND785621AAA,IND785001AAA,3,3,1.627906976744186,1.0,70.0,43.0,49.2488,88.0,42.0,0.5773502691896258,3,3,0.0033571846039514063,True,Golaghat_BaruaRd_D (Assam),Jorhat_RicMilRd_D (Assam),IND785621AAA → IND785001AAA,0.15013063521397535
IND624001AAA,IND625008AAA,9,9,1.3958333333333333,1.0,68.0,49.0,67.7051,205.0,40.0,0.3333333333333333,9,9,0.00782071413420498,True,Dindigul_Central_D_1 (Tamil Nadu),Madurai_Kappalur_H (Tamil Nadu),IND624001AAA → IND625008AAA,0.1500474450765892
IND505001AAB,IND505172AAA,1,1,1.7083333333333333,1.0,41.0,24.0,34.1482,17.0,63.0,1.0,1,1,0.0006485470257633399,True,Karimnagar_KamnHbRD_I (Telangana),Peddapalli_UdaynDPP_D (Telangana),IND505001AAB → IND505172AAA,0.1500258681675512
IND302014AAB,IND302006AAA,16,16,1.6378676470588234,0.8125,30.5,20.5,18.464399999999998,193.0,33.5,0.25,13,13,0.007362916233666152,True,Jaipur_Central_I_7 (Rajasthan),Jaipur (Rajasthan),IND302014AAB → IND302006AAA,0.1499257157886085
IND132103AAA,IND132001AAA,5,5,1.5476190476190477,1.0,62.0,35.0,43.7683,116.0,21.0,0.4472135954999579,5,5,0.004425379705208672,True,Panipat (Haryana),Karnal (Haryana),IND132103AAA → IND132001AAA,0.1499027751210747
IND530012AAA,IND531001AAA,5,5,1.5555555555555556,1.0,42.0,27.0,27.1175,74.0,29.0,0.4472135954999579,5,5,0.0028230870533227734,True,Visakhapatnam_Gajuwaka_IP (Andhra Pradesh),Anakapalle_Kothuru_D (Andhra Pradesh),IND530012AAA → IND531001AAA,0.14988052012352573
IND563131AAB,IND560300AAA,3,3,1.6025641025641026,1.0,125.0,79.0,90.765,175.0,12.0,0.5773502691896258,3,3,0.006676219382857911,True,Bangarapet_KolarRd_D (Karnataka),Bengaluru_KGAirprt_HB (Karnataka),IND563131AAB → IND560300AAA,0.14983136121405155
IND562132AAC,IND000000ACB,1,1,1.5176273083379967,1.0,2712.0,1787.0,2307.1374,925.0,428.0,1.0,1,1,0.03528858816653467,True,Bengaluru_Nelmngla_L (Karnataka),Gurgaon_Bilaspur_HB (Haryana),IND562132AAC → IND000000ACB,0.14976503218362028
IND722202AAA,IND722101AAC,4,4,1.5892857142857144,1.0,44.0,27.5,32.0095,61.0,5.5,0.5,4,4,0.0023271393277390427,True,Barjora_Central_DPP_1 (West Bengal),Bankura_BhowmDPP_D (West Bengal),IND722202AAA → IND722101AAC,0.1497534991361305
IND625532AAA,IND685514AAA,1,1,1.6846153846153846,1.0,219.0,130.0,110.6121,89.0,13.0,1.0,1,1,0.003395334428996309,True,Usilampatti_MrutiNGR_D (Tamil Nadu),Kattappana_Palikval_D (Kerala),IND625532AAA → IND685514AAA,0.14967172407955143
IND221303AAA,IND231001AAA,3,3,1.625,1.0,39.0,23.0,29.2527,43.0,24.0,0.5773502691896258,3,3,0.0016404424769308008,True,Gopiganj_Wardno13_D (Uttar Pradesh),Mirzapur_JangiRd_D (Uttar Pradesh),IND221303AAA → IND231001AAA,0.1496641465955436
IND574117AAA,IND576101AAA,2,2,1.6614906832298137,1.0,36.5,22.0,24.751350000000002,29.0,1.0,0.7071067811865475,2,2,0.001106344926302168,True,Uchila_Busstand_D (Karnataka),Udupi (Karnataka),IND574117AAA → IND576101AAA,0.14963635452132673
IND125005AAA,IND335524AAA,2,2,1.6239460084319326,1.0,278.5,171.5,181.95905,214.0,98.0,0.7071067811865475,2,2,0.008164062559609102,True,Hisar_IndstlAr_I (Haryana),Rawatsar_ShivmDPP_D (Rajasthan),IND125005AAA → IND335524AAA,0.14963405393999335
IND125005AAA,IND335523AAB,1,1,1.6756756756756757,1.0,310.0,185.0,191.3392,125.0,78.0,1.0,1,1,0.004768728130612793,True,Hisar_IndstlAr_I (Haryana),Nohar_Central_DPP_2 (Rajasthan),IND125005AAA → IND335523AAB,0.14960789940095406
IND785612AAB,IND785621AAA,1,1,1.6944444444444444,1.0,61.0,36.0,48.781800000000004,25.0,34.0,1.0,1,1,0.0009537456261225585,True,Bokakhat_MlnprDPP_D (Assam),Golaghat_BaruaRd_D (Assam),IND785612AAB → IND785621AAA,0.1495499582585692
IND484001AAA,IND484446AAA,4,4,1.5484974572353214,1.0,161.0,105.0,116.6403,223.0,31.0,0.5,4,4,0.008507410985013222,True,Shahdol_Sohagpur_D (Madhya Pradesh),Dola_ChainDPP_D (Madhya Pradesh),IND484001AAA → IND484446AAA,0.1494445807488419
IND695572AAB,IND000000AFJ,1,1,1.6923076923076923,1.0,44.0,26.0,23.2706,18.0,22.0,1.0,1,1,0.0006866968508082422,True,Kallikkad_Mutyvila_D (Kerala),Trivandrum_Pettah_D (Kerala),IND695572AAB → IND000000AFJ,0.14941204421672685
IND786001AAB,IND786190AAA,1,1,1.6875,1.0,81.0,48.0,68.4472,33.0,93.0,1.0,1,1,0.0012589442264817772,True,Dibrugarh_Bokule_H (Assam),DoomDooma_Pthrgoan_D (Assam),IND786001AAB → IND786190AAA,0.14934344490131135
IND396321AAA,IND396001AAA,8,8,1.4285714285714286,1.0,40.0,27.0,35.137100000000004,120.0,42.5,0.35355339059327373,8,8,0.004577979005388281,True,Bilimora_DC (Gujarat),Valsad_DC (Gujarat),IND396321AAA → IND396001AAA,0.1493159901173226
IND689650AAA,IND690548AAA,3,3,1.6046511627906976,1.0,69.0,40.0,42.0841,82.0,6.0,0.5773502691896258,3,3,0.003128285653681992,True,Kozhenchery_Cherukole_D (Kerala),Haripad_Kumrpurm_D (Kerala),IND689650AAA → IND690548AAA,0.14918130762165413
IND756045AAB,IND756019AAA,1,1,1.6875,1.0,27.0,16.0,23.0528,11.0,22.0,1.0,1,1,0.0004196480754939258,True,Soro_UttarDPP_D (Orissa),Balasore_Ganeshwr_D (Orissa),IND756045AAB → IND756019AAA,0.14917051611652907
IND571432AAB,IND571426AAA,17,17,1.3783783783783783,0.8823529411764706,50.0,36.0,40.7992,311.0,7.0,0.24253562503633297,15,15,0.01186459558896463,True,Nagamangala_MandyaRD_D (Karnataka),Krishnarajpet_MuruPost_D (Karnataka),IND571432AAB → IND571426AAA,0.14910547631432855
IND757037AAA,IND758001AAA,1,1,1.6808510638297873,1.0,79.0,47.0,56.452799999999996,32.0,21.0,1.0,1,1,0.001220794401436875,True,Karanjia_Sarubali_D (Orissa),Kendujhar_Sirjudin_D (Orissa),IND757037AAA → IND758001AAA,0.149077651633331
IND110037AAM,IND201001AAC,8,8,1.6980225988700566,0.875,101.0,59.5,45.87465,344.0,73.5,0.35355339059327373,7,7,0.013123539815446407,True,Delhi_Airport_H (Delhi),Ghaziabad_Central_L_8 (Uttar Pradesh),IND110037AAM → IND201001AAC,0.14902956668603207
IND152123AAA,IND152026AAA,1,1,1.6753246753246753,1.0,129.0,77.0,61.131299999999996,52.0,541.0,1.0,1,1,0.0019837909023349217,True,Fazilka_GndhiChk_D (Punjab),Muktsar_DPC (Punjab),IND152123AAA → IND152026AAA,0.14902047385852252
IND752030AAA,IND754022AAA,1,1,1.6818181818181819,1.0,37.0,22.0,25.5136,15.0,7.0,1.0,1,1,0.0005722473756735352,True,Balugaon_Thikiri_D (Orissa),Tangi_SriDPP_D (Orissa),IND752030AAA → IND754022AAA,0.14898154235326064
IND125050AAA,IND125051AAA,2,2,1.6428571428571428,1.0,37.0,22.5,24.247600000000002,29.0,11.5,0.7071067811865475,2,2,0.001106344926302168,True,Fatehabad_SirsaDPP_D (Haryana),Ratia_SchdvDPP_D (Haryana),IND125050AAA → IND125051AAA,0.14891350166204206
IND147101AAA,IND147105AAA,9,9,1.391304347826087,1.0,33.0,23.0,26.0715,83.0,19.0,0.3333333333333333,9,9,0.003166435478726895,True,Samana_PODPP_D (Punjab),Patran_MheshNGR_D (Punjab),IND147101AAA → IND147105AAA,0.1489127829576801
IND232104AAB,IND221010AAB,1,1,1.6744186046511629,1.0,72.0,43.0,44.9308,29.0,147.0,1.0,1,1,0.001106344926302168,True,Chandauli_ShubsNGR_D (Uttar Pradesh),Varanasi_MahmurGj_IP (Uttar Pradesh),IND232104AAB → IND221010AAB,0.14880453538106297
IND342602AAC,IND311302AAA,3,3,1.5757575757575757,1.0,154.0,99.0,128.8158,162.0,21.0,0.5773502691896258,3,3,0.006180271657274179,True,Bilara_Central_DPP_2 (Rajasthan),Badnaur_BhmrdDPP_D (Rajasthan),IND342602AAC → IND311302AAA,0.14868926765554924
IND562132AAA,IND577501AAA,1,1,1.655844155844156,1.0,255.0,154.0,193.6802,101.0,373.0,1.0,1,1,0.0038531323295351366,True,Bangalore_Nelmngla_H (Karnataka),Chitradurga_DC (Karnataka),IND562132AAA → IND577501AAA,0.14864992361719453
IND560058AAB,IND560099AAB,22,22,1.4082167832167833,0.7727272727272727,64.0,42.0,44.95445,652.0,27.0,0.21320071635561041,17,17,0.02487368592927633,True,Bengaluru_Peenya_IP (Karnataka),Bengaluru_Bomsndra_HB (Karnataka),IND560058AAB → IND560099AAB,0.14864749662582838
IND140401AAA,IND142401AAA,3,3,1.59375,1.0,51.0,32.0,44.925799999999995,57.0,26.0,0.5773502691896258,3,3,0.0021745400275594334,True,Rajpura_DC (Punjab),Khanna_DC (Punjab),IND140401AAA → IND142401AAA,0.148561907703101
IND626607AAB,IND625008AAA,7,7,1.4339622641509433,1.0,76.0,53.0,53.7149,161.0,9.0,0.3779644730092272,7,7,0.006142121832229277,True,Narikkudi_MukkuRD_D (Tamil Nadu),Madurai_Kappalur_H (Tamil Nadu),IND626607AAB → IND625008AAA,0.14851406039793769
IND584101AAA,IND584123AAA,2,2,1.6267857142857143,1.0,66.5,41.0,47.17555,51.0,40.5,0.7071067811865475,2,2,0.0019456410772900196,True,Raichur_LSRoad_DC (Karnataka),Manvi_APMCYard_D (Karnataka),IND584101AAA → IND584123AAA,0.14846296985569135
IND122004AAA,IND000000ACB,1,1,1.6666666666666667,1.0,55.0,33.0,35.6946,22.0,141.0,1.0,1,1,0.0008392961509878516,True,Gurgaon_Begumpur_CP (Haryana),Gurgaon_Bilaspur_HB (Haryana),IND122004AAA → IND000000ACB,0.1484487908537478
IND742101AAC,IND713130AAA,3,3,1.5656565656565657,1.0,155.0,98.0,133.2427,179.0,61.0,0.5773502691896258,3,3,0.006828818683037519,True,Baharampur_Chuanpur_I (West Bengal),Katwa_BSarani_D (West Bengal),IND742101AAC → IND713130AAA,0.14843104491400955
IND382430AAB,IND387620AAB,1,1,1.6615384615384616,1.0,108.0,65.0,82.87389999999999,43.0,77.0,1.0,1,1,0.0016404424769308008,True,Ahmedabad_East_H_1 (Gujarat),Kapadvanj_Busstand_D (Gujarat),IND382430AAB → IND387620AAB,0.14841492024717934
IND603203AAA,IND600048AAA,1,1,1.6666666666666667,1.0,20.0,12.0,14.162,8.0,0.0,1.0,1,1,0.00030519860035921873,True,Chennai_Potheri (Tamil Nadu),Chennai_Vandalur_Dc (Tamil Nadu),IND603203AAA → IND600048AAA,0.1483387452634318
IND712311AAA,IND712310AAE,1,1,1.6666666666666667,1.0,20.0,12.0,12.8884,8.0,86.0,1.0,1,1,0.00030519860035921873,True,Kolkata_Dankuni_HB (West Bengal),Kolkata_North_I_4 (West Bengal),IND712311AAA → IND712310AAE,0.1483387452634318
IND521225AAB,IND507002AAA,14,14,1.3594826465618093,0.8571428571428571,208.0,157.5,151.20335,1127.0,162.5,0.2672612419124244,12,12,0.04299485282560494,True,Vijayawada_Rynapadu_H (Andhra Pradesh),Khammam_NSTRoad_I (Telangana),IND521225AAB → IND507002AAA,0.1482655296674366
IND700026AAC,IND700065AAA,2,2,1.625,1.0,31.5,19.5,14.16295,24.0,27.0,0.7071067811865475,2,2,0.0009155958010776563,True,CCU_Lake Avenue_DPC (West Bengal),CCU_Beliaghata_DPC (West Bengal),IND700026AAC → IND700065AAA,0.14818146567535287
IND176303AAA,IND176310AAA,10,10,1.335704291044776,0.8,90.0,69.0,45.695350000000005,2627.0,20.5,0.31622776601683794,8,8,0.10021959039295845,True,Dalhousie_Banikhet_D (Himachal Pradesh),Chamba_Bangotu_D (Himachal Pradesh),IND176303AAA → IND176310AAA,0.1480860733768427
IND518206AAA,IND518002AAA,1,1,1.6506024096385543,1.0,137.0,83.0,86.8066,54.0,60.0,1.0,1,1,0.0020600905524247267,True,Betamcherla_CmtNgRod_D (Andhra Pradesh),Kurnool_AbbasNgr_I (Andhra Pradesh),IND518206AAA → IND518002AAA,0.14807714124690166
IND585104AAA,IND585307AAB,4,4,1.5266899766899766,1.0,100.0,65.5,78.77064999999999,138.0,28.0,0.5,4,4,0.005264675856196523,True,Gulbarga_Nehrugnj_I (Karnataka),Chincholi_Mainroad_D (Karnataka),IND585104AAA → IND585307AAB,0.14793046695889586
IND506002AAA,IND506343AAA,2,2,1.6142857142857143,1.0,56.5,35.0,49.32085,43.0,122.5,0.7071067811865475,2,2,0.0016404424769308008,True,Warangal_HunterRd_I (Telangana),Mulugu_LaxmiNGR_D (Telangana),IND506002AAA → IND506343AAA,0.1479151728681216
IND335513AAA,IND335803AAA,9,9,1.3571428571428572,1.0,38.0,28.0,31.7302,122.0,43.0,0.3333333333333333,9,9,0.004654278655478085,True,Hanumangarh_DC (Rajasthan),Pilibanga_BsstdDPP_D (Rajasthan),IND335513AAA → IND335803AAA,0.14789410828868138
IND590016AAA,IND591302AAB,5,5,1.5,1.0,45.0,32.0,35.98,91.0,52.0,0.4472135954999579,5,5,0.003471634079086113,True,Belgaum_Dc (Karnataka),Khanapur_StatinRD_D (Karnataka),IND590016AAA → IND591302AAB,0.14785897449797347
IND811213AAA,IND813213AAA,2,2,1.6139162561576355,1.0,46.0,28.5,39.1146,35.0,32.5,0.7071067811865475,2,2,0.001335243876571582,True,KharagpurBR_Central_DPP_1 (Bihar),Sultanganj_Wardno3_D (Bihar),IND811213AAA → IND813213AAA,0.14783795724627297
IND203135AAA,IND203390AAA,4,4,1.508225488045624,1.0,144.0,96.5,88.04935,209.0,52.0,0.5,4,4,0.00797331343438459,True,Jewar_SJRoad_D (Uttar Pradesh),Anupshahar_DcntCLY_D (Uttar Pradesh),IND203135AAA → IND203390AAA,0.14777226049168418
IND560099AAB,IND683511AAB,1,1,1.5968468468468469,1.0,709.0,444.0,505.0359,265.0,98.0,1.0,1,1,0.010109703636899121,True,Bengaluru_Bomsndra_HB (Karnataka),Kerala_Cochin_L (Kerala),IND560099AAB → IND683511AAB,0.14765034039265076
IND505001AAA,IND505327AAA,1,1,1.6428571428571428,1.0,69.0,42.0,46.6178,27.0,30.0,1.0,1,1,0.0010300452762123634,True,Karimnagar_DC (Telangana),Jagtial_Aravind_D (Telangana),IND505001AAA → IND505327AAA,0.14756444753009218
IND110037AAM,IND226004AAC,1,1,1.5953488372093023,1.0,686.0,430.0,549.1997,256.0,355.0,1.0,1,1,0.009766355211495,True,Delhi_Airport_H (Delhi),Lucknow_Pandriba_L (Uttar Pradesh),IND110037AAM → IND226004AAC,0.1475214843560404
IND576101AAA,IND576201AAA,3,3,1.5666666666666667,1.0,47.0,30.0,39.6332,55.0,25.0,0.5773502691896258,3,3,0.002098240377469629,True,Udupi (Karnataka),Kundapura_DC (Karnataka),IND576101AAA → IND576201AAA,0.14749554035276027
IND203396AAB,IND203390AAA,15,15,1.2926829268292683,0.9333333333333333,52.0,39.0,32.5374,216.0,18.0,0.2581988897471611,14,14,0.008240362209698907,True,Pahasu_Kanongyn_D (Uttar Pradesh),Anupshahar_DcntCLY_D (Uttar Pradesh),IND203396AAB → IND203390AAA,0.1474657184120698
IND627811AAA,IND627401AAA,10,10,1.5483870967741935,0.9,48.0,31.0,34.2062,210.0,26.5,0.31622776601683794,9,9,0.008011463259429492,True,Tenkasi_RailwyRd_D (Tamil Nadu),Ambasamdrm_Solaiprm_D (Tamil Nadu),IND627811AAA → IND627401AAA,0.14733811433304905
IND600076AAB,IND600056AAB,2,2,1.5946938775510204,1.0,79.0,49.5,53.25595,59.0,78.5,0.7071067811865475,2,2,0.0022508396776492385,True,Chennai_Madhavaram_DPC (Tamil Nadu),MAA_Poonamallee_HB (Tamil Nadu),IND600076AAB → IND600056AAB,0.14728091110786345
IND505325AAA,IND505327AAA,6,6,1.4545454545454546,1.0,27.5,19.5,28.3826,70.0,17.0,0.4082482904638631,6,6,0.002670487753143164,True,Metpally_GunjRDPP_D (Telangana),Jagtial_Aravind_D (Telangana),IND505325AAA → IND505327AAA,0.14726391656182028
IND501359AAE,IND523002AAA,12,12,1.38219738373118,0.8333333333333334,465.0,355.5,455.35900000000004,1522.0,176.5,0.2886751345948129,10,10,0.05806403371834137,True,Hyderabad_Shamshbd_H (Telangana),Ongole_SubhVRTL_I (Andhra Pradesh),IND501359AAE → IND523002AAA,0.1472039434954019
IND751015AAA,IND752050AAA,1,1,1.6363636363636365,1.0,18.0,11.0,15.095,7.0,34.0,1.0,1,1,0.0002670487753143164,True,Bhubaneshwar_Nayapalli (Orissa),Khurdha_JatniDPP_D (Orissa),IND751015AAA → IND752050AAA,0.14715533627478183
IND332404AAA,IND332001AAB,12,12,1.4305555555555556,0.9166666666666666,52.0,36.0,50.9224,215.0,21.0,0.2886751345948129,11,11,0.008202212384654003,True,Reengus_Shop2DPP_D (Rajasthan),Sikar_FatehpRd_I (Rajasthan),IND332404AAA → IND332001AAB,0.1471396984949594
IND277303AAC,IND277211AAA,6,6,1.4447876447876449,1.0,52.0,36.0,40.5045,100.0,27.0,0.4082482904638631,6,6,0.003814982504490234,True,Sikandarpur_Central_D_3 (Uttar Pradesh),Sahatwar_PnchmDPP_D (Uttar Pradesh),IND277303AAC → IND277211AAA,0.14712119281770553
IND282002AAD,IND205001AAB,8,8,1.9232954545454546,0.75,187.0,97.5,125.6653,577.0,46.0,0.35355339059327373,6,6,0.022012449050908652,True,IND282002AAD,Mainpuri_Agraroad_I (Uttar Pradesh),IND282002AAD → IND205001AAB,0.14710007291916669
IND758034AAA,IND756100AAC,1,1,1.6105769230769231,1.0,335.0,208.0,271.6869,127.0,137.0,1.0,1,1,0.004845027780702598,True,Joda_Central_D_1 (Orissa),Bhadrak_Central_I_2 (Orissa),IND758034AAA → IND756100AAC,0.14709823755565352
IND307001AAA,IND306902AAA,2,2,1.5938461538461537,1.0,40.5,25.5,34.9296,30.0,11.0,0.7071067811865475,2,2,0.0011444947513470703,True,Sirohi_Ricco_D (Rajasthan),Sumerpur_BazarDPP_D (Rajasthan),IND307001AAA → IND306902AAA,0.14702007369454473
IND505326AAB,IND505425AAA,1,1,1.631578947368421,1.0,31.0,19.0,26.8409,12.0,5.0,1.0,1,1,0.00045779790053882815,True,IND505326AAB,DhrmpuriTS_HanumDPP_D (Telangana),IND505326AAB → IND505425AAA,0.14700902533616403
IND621802AAA,IND621212AAA,2,2,1.5843406593406593,1.0,95.5,61.0,74.66385,69.0,32.5,0.7071067811865475,2,2,0.0026323379280982617,True,Jayamkondan_Chithbrm_D (Tamil Nadu),Perambalur_goplpurm_D (Tamil Nadu),IND621802AAA → IND621212AAA,0.1469578816358892
IND713145AAB,IND741316AAA,2,2,1.591485507246377,1.0,37.5,23.5,25.98685,28.0,11.5,0.7071067811865475,2,2,0.0010681951012572657,True,Manteswar_MemariRD_D (West Bengal),Nabadwip_Srirmpur_D (West Bengal),IND713145AAB → IND741316AAA,0.1469127760881782
IND571104AAA,IND573142AAA,1,1,1.625,1.0,52.0,32.0,33.8127,20.0,15.0,1.0,1,1,0.0007629965008980469,True,Koppa_BMRd_D (Karnataka),Ramanathapura_Central_D_2 (Karnataka),IND571104AAA → IND573142AAA,0.1468166907447864
IND361305AAC,IND361335AAA,1,1,1.6206896551724137,1.0,94.0,58.0,83.77,36.0,12.0,1.0,1,1,0.0013733937016164844,True,Khambhalia_JdswarRD_D (Gujarat),Dwarka_StnRoad_DC (Gujarat),IND361305AAC → IND361335AAA,0.14677524548092463
IND600056AAB,IND605601AAA,6,6,1.3656716417910446,1.0,181.0,133.0,153.03915,446.0,202.5,0.4082482904638631,6,6,0.017014821970026444,True,MAA_Poonamallee_HB (Tamil Nadu),Villupuram_Thirumtr_IP (Tamil Nadu),IND600056AAB → IND605601AAA,0.14677173568971086
IND505209AAA,IND504201AAA,5,5,1.4642857142857142,1.0,41.0,28.0,38.546,126.0,6.0,0.4472135954999579,5,5,0.0048068779556576955,True,Ramagundam_Pdmavati_D (Telangana),Chinnur_AsnsdhRD_D (Telangana),IND505209AAA → IND504201AAA,0.14674862049346787
IND206122AAA,IND206001AAA,19,19,1.4666666666666666,0.7894736842105263,72.0,48.0,70.2031,416.0,22.0,0.22941573387056174,15,15,0.015870327218679373,True,Auraiya_AryaNagr_D (Uttar Pradesh),Etawah_MhraChng_D (Uttar Pradesh),IND206122AAA → IND206001AAA,0.1467345359126095
IND362001AAA,IND362265AAA,2,2,1.5734744707347446,1.0,108.5,69.5,93.79820000000001,78.0,41.5,0.7071067811865475,2,2,0.002975686353502383,True,Junagadh_DPC (Gujarat),Veraval_DC (Gujarat),IND362001AAA → IND362265AAA,0.14660709205098604
IND733134AAA,IND733129AAB,3,3,1.5454545454545454,1.0,32.0,21.0,22.9574,35.0,39.0,0.5773502691896258,3,3,0.001335243876571582,True,Raiganj_SubrtDPP_D (West Bengal),Kaliyaganj_Central_DPP_1 (West Bengal),IND733134AAA → IND733129AAB,0.1465154483540554
IND181152AAA,IND184121AAA,5,5,1.4666666666666666,1.0,44.0,32.0,36.5022,76.0,23.0,0.4472135954999579,5,5,0.002899386703412578,True,Jammu_TrnptNgr_L (Jammu & Kashmir),Samba_Wardno13_D (Jammu & Kashmir),IND181152AAA → IND184121AAA,0.14644796506007335
IND276128AAA,IND276305AAA,6,6,1.418859649122807,1.0,55.0,39.5,39.721000000000004,139.0,31.0,0.4082482904638631,6,6,0.005302825681241426,True,Azamgarh_ChtwrDPP_D (Uttar Pradesh),Saraimeer_MsmcyDPP_D (Uttar Pradesh),IND276128AAA → IND276305AAA,0.14642192097269613
IND244901AAC,IND244921AAB,1,1,1.6153846153846154,1.0,42.0,26.0,24.3624,16.0,13.0,1.0,1,1,0.0006103972007184375,True,Rampur_ThanaDPP_D (Uttar Pradesh),Bilaspur_GrmNgriya_D (Uttar Pradesh),IND244901AAC → IND244921AAB,0.14641223853747368
IND591304AAA,IND586101AAB,4,4,1.4880952380952381,1.0,95.5,64.0,75.21465,129.0,19.0,0.5,4,4,0.004921327430792402,True,Athani_VikrmMah_D (Karnataka),Bijapur_Central_D_2 (Karnataka),IND591304AAA → IND586101AAB,0.14636251367825642
IND591302AAB,IND591115AAB,2,2,1.5731707317073171,1.0,64.5,41.0,44.18055,47.0,35.5,0.7071067811865475,2,2,0.00179304177711041,True,Khanapur_StatinRD_D (Karnataka),Kittur_ColageRD_D (Karnataka),IND591302AAB → IND591115AAB,0.14635163669291693
IND792001AAA,IND792110AAA,2,2,1.5697674418604652,1.0,67.5,43.0,61.84745,49.0,17.0,0.7071067811865475,2,2,0.001869341427200215,True,Tezu_Farmnala_D (Arunachal Pradesh),Roing_DibngVly_D (Arunachal Pradesh),IND792001AAA → IND792110AAA,0.1462353333164401
IND244921AAB,IND262001AAA,1,1,1.6,1.0,168.0,105.0,88.0145,63.0,9.0,1.0,1,1,0.0024034389778288478,True,Bilaspur_GrmNgriya_D (Uttar Pradesh),Pilibhit_ViksClny_D (Uttar Pradesh),IND244921AAB → IND262001AAA,0.14618486032883574
IND560099AAB,IND560083AAB,1,1,1.608695652173913,1.0,37.0,23.0,19.7681,14.0,126.0,1.0,1,1,0.0005340975506286328,True,Bengaluru_Bomsndra_HB (Karnataka),Bengaluru_Bnnrghta_L (Karnataka),IND560099AAB → IND560083AAB,0.14613703209706264
IND414001AAA,IND414302AAB,1,1,1.606060606060606,1.0,53.0,33.0,42.0274,20.0,79.0,1.0,1,1,0.0007629965008980469,True,AhmedNagar_DC (Maharashtra),Parner_Hindcwk_D (Maharashtra),IND414001AAA → IND414302AAB,0.14608197287644784
IND560043AAC,IND560099AAB,24,24,1.46481178396072,0.7083333333333334,60.5,40.0,32.91985,514.0,37.0,0.20412414523193154,17,17,0.019609010073079806,True,HBR Layout PC (Karnataka),Bengaluru_Bomsndra_HB (Karnataka),IND560043AAC → IND560099AAB,0.14598552996707256
IND177203AAA,IND177101AAA,3,3,1.5135135135135136,1.0,56.0,37.0,32.0739,109.0,24.0,0.5773502691896258,3,3,0.004158330929894356,True,Amb_Adrshngr_D (Himachal Pradesh),DehraGopipur_Central_D_1 (Himachal Pradesh),IND177203AAA → IND177101AAA,0.14585802614653534
IND425401AAA,IND425109AAA,1,1,1.6,1.0,48.0,30.0,33.7629,18.0,40.0,1.0,1,1,0.0006866968508082422,True,Amalner_Murtingr_D (Maharashtra),Erandol_BsStdDPP_D (Maharashtra),IND425401AAA → IND425109AAA,0.14583114235996292
IND504296AAA,IND505001AAB,1,1,1.5873015873015872,1.0,200.0,126.0,142.928,74.0,63.0,1.0,1,1,0.0028230870533227734,True,Kaghaznagar_Central_DPP_1 (Telangana),Karimnagar_KamnHbRD_I (Telangana),IND504296AAA → IND505001AAB,0.14577871388378846
IND712311AAA,IND713145AAB,3,3,1.5,1.0,156.0,106.0,115.07860000000001,160.0,76.0,0.5773502691896258,3,3,0.0061039720071843755,True,Kolkata_Dankuni_HB (West Bengal),Manteswar_MemariRD_D (West Bengal),IND712311AAA → IND713145AAB,0.14573467538357845
IND516360AAB,IND516001AAA,2,2,1.5558139534883721,1.0,68.5,44.0,54.326550000000005,49.0,32.0,0.7071067811865475,2,2,0.001869341427200215,True,Proddatur_Central_D_2 (Andhra Pradesh),Cuddapah_DC (Andhra Pradesh),IND516360AAB → IND516001AAA,0.14569403419855717
IND363330AAB,IND363310AAB,8,8,1.6388888888888888,0.875,59.5,36.0,29.619149999999998,194.0,20.5,0.35355339059327373,7,7,0.007401066058711055,True,Halvad_CrossRD_D (Gujarat),Dhrangadhra_NvygRDPP_D (Gujarat),IND363330AAB → IND363310AAB,0.14555652666120955
IND842001AAA,IND843329AAB,13,13,1.3333333333333333,0.9230769230769231,79.0,59.0,59.84949999999999,242.0,57.0,0.2773500981126146,12,12,0.009232257660866367,True,Muzaffrpur_Bbganj_I (Bihar),Sheohar_Ward9DPP_D (Bihar),IND842001AAA → IND843329AAB,0.14555473652650414
IND184104AAA,IND181152AAA,3,3,1.5072463768115942,1.0,104.0,70.0,77.64269999999999,96.0,48.0,0.5773502691896258,3,3,0.0036623832043106252,True,Kathua_BOB_D (Jammu & Kashmir),Jammu_TrnptNgr_L (Jammu & Kashmir),IND184104AAA → IND181152AAA,0.1455127192731256
IND562132AAA,IND577002AAA,1,1,1.5706806282722514,1.0,300.0,191.0,249.63330000000002,109.0,441.0,1.0,1,1,0.004158330929894356,True,Bangalore_Nelmngla_H (Karnataka),Davangere_Central_I_1 (Karnataka),IND562132AAA → IND577002AAA,0.14540904927654386
IND563101AAB,IND563125AAB,1,1,1.588235294117647,1.0,54.0,34.0,37.1289,20.0,18.0,1.0,1,1,0.0007629965008980469,True,Kolar_Ambedkar_D (Karnataka),Chintamani_Central_D_2 (Karnataka),IND563101AAB → IND563125AAB,0.14539047370624683
IND591126AAA,IND591102AAA,2,2,1.550709939148073,1.0,48.5,31.5,35.09055,34.0,5.0,0.7071067811865475,2,2,0.0012970940515266798,True,Saundatti_ShanthiS_D (Karnataka),Bailhongal_NamoNagr_D (Karnataka),IND591126AAA → IND591102AAA,0.1453781276526282
IND530012AAA,IND751002AAB,3,3,1.4244186046511629,1.0,504.0,344.0,474.8058,475.0,33.0,0.5773502691896258,3,3,0.018121166896328613,True,Visakhapatnam_Gajuwaka_IP (Andhra Pradesh),Bhubaneshwar_Hub (Orissa),IND530012AAA → IND751002AAB,0.14527866427715572
IND585307AAB,IND585222AAA,4,4,1.47140522875817,1.0,51.5,35.5,40.3677,66.0,16.0,0.5,4,4,0.0025178884529635545,True,Chincholi_Mainroad_D (Karnataka),Sedam_DBRCmplx_D (Karnataka),IND585307AAB → IND585222AAA,0.1452198512630689
IND826004AAA,IND209304AAA,3,3,1.363395225464191,1.0,997.0,754.0,1014.4438,766.0,61.0,0.5773502691896258,3,3,0.02922276598439519,True,Dhanbad_Kalynpur_I (Jharkhand),Kanpur_Central_H_6 (Uttar Pradesh),IND826004AAA → IND209304AAA,0.14519875421430306
IND242307AAB,IND242221AAA,5,5,1.4285714285714286,1.0,60.0,43.0,37.557100000000005,102.0,18.0,0.4472135954999579,5,5,0.003891282154580039,True,Tilhar_SingCLNY_D (Uttar Pradesh),Jalalabad_farukngr_D (Uttar Pradesh),IND242307AAB → IND242221AAA,0.14517450292977346
IND606803AAA,IND606801AAB,13,13,1.3478260869565217,0.9230769230769231,31.0,23.0,23.9633,116.0,15.0,0.2773500981126146,12,12,0.004425379705208672,True,Polur_StationRD_D (Tamil Nadu),Chetpet_Blmrgnst_D (Tamil Nadu),IND606803AAA → IND606801AAB,0.145126545104215
IND000000ACB,IND110052AAA,2,2,1.5346153846153845,1.0,102.0,66.5,67.32195,71.0,106.5,0.7071067811865475,2,2,0.0027086375781880663,True,Gurgaon_Bilaspur_HB (Haryana),Delhi_Wazirpur_L (Delhi),IND000000ACB → IND110052AAA,0.14504460470809424
IND341030AAA,IND341303AAA,3,3,1.5,1.0,66.0,44.0,55.556799999999996,67.0,8.0,0.5773502691896258,3,3,0.002556038278008457,True,Tarnau_BsstdDPP_D (Rajasthan),Didwana_KatlaDPP_D (Rajasthan),IND341030AAA → IND341303AAA,0.14500365824790795
IND689101AAA,IND690548AAA,4,4,1.4691666666666667,1.0,35.5,24.5,25.149649999999998,44.0,34.5,0.5,4,4,0.0016785923019757031,True,Tiruvalla_TKRoad_D (Kerala),Haripad_Kumrpurm_D (Kerala),IND689101AAA → IND690548AAA,0.14496008170749558
IND152026AAA,IND152116AAA,2,2,1.5375,1.0,61.5,40.0,57.939499999999995,43.0,23.0,0.7071067811865475,2,2,0.0016404424769308008,True,Muktsar_DPC (Punjab),Abohar_DC (Punjab),IND152026AAA → IND152116AAA,0.14493641671048615
IND630561AAA,IND623701AAA,5,5,1.4210526315789473,1.0,54.0,38.0,42.6597,105.0,18.0,0.4472135954999579,5,5,0.004005731629714746,True,Sivaganga_Wardno3_D (Tamil Nadu),Paramakudi_VagaiNgr_D (Tamil Nadu),IND630561AAA → IND623701AAA,0.1449064066581624
IND531116AAA,IND531001AAA,1,1,1.5714285714285714,1.0,66.0,42.0,48.3598,24.0,28.0,1.0,1,1,0.0009155958010776563,True,Narsiptnm_Wardno8_D (Andhra Pradesh),Anakapalle_Kothuru_D (Andhra Pradesh),IND531116AAA → IND531001AAA,0.14476993037157618
IND560099AAB,IND000000ACS,1,1,1.5714285714285714,1.0,33.0,21.0,19.4779,12.0,87.0,1.0,1,1,0.00045779790053882815,True,Bengaluru_Bomsndra_HB (Karnataka),BLR_HSR_Layout_PC (Karnataka),IND560099AAB → IND000000ACS,0.14467560557987677
IND509124AAA,IND584101AAA,2,2,1.5272727272727273,1.0,84.0,55.0,51.77565,58.0,19.0,0.7071067811865475,2,2,0.002212689852604336,True,JoguGadwal_ColctrOf_D (Telangana),Raichur_LSRoad_DC (Karnataka),IND509124AAA → IND584101AAA,0.1446575750512076
IND560300AAA,IND563131AAB,1,1,1.564102564102564,1.0,122.0,78.0,90.119,44.0,154.0,1.0,1,1,0.0016785923019757031,True,Bengaluru_KGAirprt_HB (Karnataka),Bangarapet_KolarRd_D (Karnataka),IND560300AAA → IND563131AAB,0.14464293979768125
IND581334AAA,IND581320AAA,1,1,1.5666666666666667,1.0,47.0,30.0,34.0561,17.0,0.0,1.0,1,1,0.0006485470257633399,True,Honnavar_Prbhtngr_D (Karnataka),Bhatkal_KmkshBul_D (Karnataka),IND581334AAA → IND581320AAA,0.1445301785123788
IND304001AAA,IND322001AAC,1,1,1.5636363636363637,1.0,86.0,55.0,82.14869999999999,31.0,36.0,1.0,1,1,0.0011826445763919726,True,Tonk_DC (Rajasthan),SawaiMadhopur_Central_DPP_1 (Rajasthan),IND304001AAA → IND322001AAC,0.1445226692437606
IND802119AAA,IND802158AAB,16,16,1.311952861952862,0.875,68.5,54.0,62.909850000000006,318.0,31.5,0.25,14,14,0.012131644364278946,True,Dumraon_Nishangr_D (Bihar),Jagdishpur_Wardno13_D (Bihar),IND802119AAA → IND802158AAB,0.14451501972820596
IND000000ACA,IND152026AAA,1,1,1.5565217391304347,1.0,179.0,115.0,154.5822,64.0,142.0,1.0,1,1,0.00244158880287375,True,Ludhiana_MilrGanj_HB (Punjab),Muktsar_DPC (Punjab),IND000000ACA → IND152026AAA,0.14450606405647987
IND209304AAA,IND212601AAA,16,16,1.516896938013443,0.75,159.0,103.5,147.47805,882.0,113.0,0.25,12,12,0.033648145689603864,True,Kanpur_Central_H_6 (Uttar Pradesh),Fatehpur_Kotwali_D (Uttar Pradesh),IND209304AAA → IND212601AAA,0.14439870168180807
IND752055AAA,IND751002AAB,1,1,1.5625,1.0,50.0,32.0,45.8339,18.0,31.0,1.0,1,1,0.0006866968508082422,True,Khurdha_MunplDPP_D (Orissa),Bhubaneshwar_Hub (Orissa),IND752055AAA → IND751002AAB,0.14437640098065257
IND671323AAD,IND000000ACO,1,1,1.5625,1.0,50.0,32.0,29.360300000000002,18.0,6.0,1.0,1,1,0.0006866968508082422,True,Manjeshwar_Central_D_1 (Kerala),Kasaragod_Nullipad_D (Kerala),IND671323AAD → IND000000ACO,0.14437640098065257
IND335513AAA,IND335804AAD,1,1,1.5576923076923077,1.0,81.0,52.0,56.983000000000004,29.0,57.0,1.0,1,1,0.001106344926302168,True,Hanumangarh_DC (Rajasthan),Suratgarh_Central_DPP_2 (Rajasthan),IND335513AAA → IND335804AAD,0.14427636006800393
IND721602AAB,IND721139AAC,4,4,1.4217681536958646,1.0,111.5,82.5,72.17595,189.0,16.0,0.5,4,4,0.007210316933486544,True,Haldia_Central_D_2 (West Bengal),Panskura_Central_D_3 (West Bengal),IND721602AAB → IND721139AAC,0.14426110419022609
IND533106AAA,IND533201AAA,1,1,1.5460526315789473,1.0,235.0,152.0,183.7527,83.0,91.0,1.0,1,1,0.003166435478726895,True,Rajamundry_AtoNgrRd_I (Andhra Pradesh),Amalapuram_Vijdurg_D (Andhra Pradesh),IND533106AAA → IND533201AAA,0.1442492824710813
IND826004AAA,IND814112AAA,4,4,1.4022556390977443,1.0,191.0,141.0,135.28135,277.0,88.0,0.5,4,4,0.01056750153743795,True,Dhanbad_Kalynpur_I (Jharkhand),Deoghar_Barmasia_D (Jharkhand),IND826004AAA → IND814112AAA,0.1441958683320143
IND345021AAA,IND342301AAA,10,10,1.4659090909090908,0.9,64.5,44.0,62.6704,215.0,20.0,0.31622776601683794,9,9,0.008202212384654003,True,Pokhran_SttinDPP_D (Rajasthan),Phalodi_PalikDPP_D (Rajasthan),IND345021AAA → IND342301AAA,0.14417783851585805
IND722101AAB,IND713205AAB,1,1,1.5555555555555556,1.0,70.0,45.0,50.6013,25.0,8.0,1.0,1,1,0.0009537456261225585,True,Bankura_NapitDPP_D (West Bengal),Durgapur_Central_I_1 (West Bengal),IND722101AAB → IND713205AAB,0.14416202722408644
IND141115AAA,IND000000ACA,14,14,1.4388888888888889,0.8571428571428571,42.0,30.0,29.4784,211.0,8.5,0.2672612419124244,12,12,0.008049613084474395,True,Machhiwara_MnBzrDPP_D (Punjab),Ludhiana_MilrGanj_HB (Punjab),IND141115AAA → IND000000ACA,0.14414581847408095
IND581303AAA,IND581325AAA,2,2,1.5053763440860215,1.0,140.0,93.0,101.27395,94.0,26.5,0.7071067811865475,2,2,0.00358608355422082,True,Karwar_Central_D_1 (Karnataka),Dandeli_RKComplx_D (Karnataka),IND581303AAA → IND581325AAA,0.14409112076820088
IND327001AAB,IND312605AAB,4,4,1.4344262295081966,1.0,87.5,61.0,88.51339999999999,103.0,13.5,0.5,4,4,0.003929431979624941,True,Banswara_KhandDPP_D (Rajasthan),Pratapgarh_Nimachrd_D (Rajasthan),IND327001AAB → IND312605AAB,0.1440761558941575
IND321606AAA,IND321001AAA,3,3,1.469387755102041,1.0,78.0,50.0,63.2092,93.0,26.0,0.5773502691896258,3,3,0.003547933729175918,True,Kherli_GodamDPP_D (Rajasthan),Bharatpur_DC (Rajasthan),IND321606AAA → IND321001AAA,0.14402048464681289
IND480886AAA,IND480661AAA,2,2,1.511111111111111,1.0,72.0,47.5,66.63810000000001,49.0,2.0,0.7071067811865475,2,2,0.001869341427200215,True,Lakhnadon_Central_DPP_1 (Madhya Pradesh),Seoni_Kidwai_D (Madhya Pradesh),IND480886AAA → IND480661AAA,0.14395987220978412
IND201007AAA,IND201001AAA,4,4,1.4455128205128205,1.0,18.0,12.5,10.4857,22.0,42.5,0.5,4,4,0.0008392961509878516,True,GZB_Mohan_Nagar_DPC (Uttar Pradesh),Ghaziabad_Patel Nagar (Uttar Pradesh),IND201007AAA → IND201001AAA,0.14386954682191755
IND480001AAA,IND481661AAA,2,2,1.4841954022988506,1.0,254.0,171.0,204.10219999999998,166.0,26.0,0.7071067811865475,2,2,0.00633287095745379,True,Chhindwara_NagpurRd_D (Madhya Pradesh),Mandla_Mharajpr_D (Madhya Pradesh),IND480001AAA → IND481661AAA,0.14383539505251575
IND581314AAA,IND581334AAA,1,1,1.5454545454545454,1.0,85.0,55.0,59.4354,30.0,25.0,1.0,1,1,0.0011444947513470703,True,Ankola_Kakrmath_D (Karnataka),Honnavar_Prbhtngr_D (Karnataka),IND581314AAA → IND581334AAA,0.14380947969084729
IND209304AAA,IND208006AAA,14,14,1.5742753623188406,0.7857142857142857,69.5,24.0,30.6705,407.0,75.5,0.2672612419124244,11,11,0.015526978793275255,True,Kanpur_Central_H_6 (Uttar Pradesh),Kanpur_GovndNgr_DC (Uttar Pradesh),IND209304AAA → IND208006AAA,0.14379566106491298
IND854334AAA,IND852118AAA,7,7,1.3333333333333333,1.0,28.0,21.0,23.877,48.0,20.0,0.3779644730092272,7,7,0.0018311916021553126,True,Raniganj_Central_DPP_1 (Bihar),Forbesganj_JhumanCk_D (Bihar),IND854334AAA → IND852118AAA,0.14372212675300458
IND422011AAD,IND413709AAA,1,1,1.5354330708661417,1.0,195.0,127.0,135.4168,68.0,48.0,1.0,1,1,0.0025941881030533596,True,Nashik_TgrniaRD_I (Maharashtra),Shrirampur_DavkharRd_D (Maharashtra),IND422011AAD → IND413709AAA,0.1437194107641499
IND140401AAA,IND147301AAA,1,1,1.5454545454545454,1.0,34.0,22.0,32.8339,12.0,35.0,1.0,1,1,0.00045779790053882815,True,Rajpura_DC (Punjab),Mandi_Gobindgarh_DC (Punjab),IND140401AAA → IND147301AAA,0.14366799250329818
IND284001AAA,IND284403AAA,6,6,1.7367479674796749,0.8333333333333334,138.5,79.0,105.59395,338.0,37.5,0.4082482904638631,5,5,0.012894640865176993,True,Jhansi_LVMColge_D (Uttar Pradesh),Lalitpur_RjghatRd_D (Uttar Pradesh),IND284001AAA → IND284403AAA,0.14365134818739458
IND756019AAA,IND756032AAA,1,1,1.542857142857143,1.0,54.0,35.0,50.877,19.0,31.0,1.0,1,1,0.0007248466758531445,True,Balasore_Ganeshwr_D (Orissa),Jaleswar_NaturDPP_D (Orissa),IND756019AAA → IND756032AAA,0.1436222539907983
IND147301AAA,IND000000ACA,1,1,1.5333333333333334,1.0,46.0,30.0,36.9876,16.0,43.0,1.0,1,1,0.0006103972007184375,True,Mandi_Gobindgarh_DC (Punjab),Ludhiana_MilrGanj_HB (Punjab),IND147301AAA → IND000000ACA,0.14322921466479463
IND403507AAA,IND403726AAB,3,3,1.3888888888888888,1.0,50.0,36.0,28.0677,383.0,421.0,0.5773502691896258,3,3,0.014611382992197596,True,Panaji Goa (Goa),Goa_ZuariNgr_IP (Goa),IND403507AAA → IND403726AAB,0.14317719960173977
IND201007AAB,IND110044AAB,10,10,1.4439924906132666,0.9,54.0,40.0,35.2384,193.0,96.0,0.31622776601683794,9,9,0.007362916233666152,True,Ghaziabad_MohanNgr_C (Uttar Pradesh),Del_Okhla_PC (Delhi),IND201007AAB → IND110044AAB,0.14315469678856538
IND501359AAE,IND503111AAC,2,2,1.475806451612903,1.0,183.0,124.0,171.1255,118.0,288.5,0.7071067811865475,2,2,0.004501679355298477,True,Hyderabad_Shamshbd_H (Telangana),Kamareddy_Devenply_I (Telangana),IND501359AAE → IND503111AAC,0.14313266245393563
IND142001AAB,IND151001AAA,1,1,1.5217391304347827,1.0,175.0,115.0,131.7266,60.0,28.0,1.0,1,1,0.0022889895026941406,True,Moga_DPC (Punjab),Bhatinda_DPC (Punjab),IND142001AAB → IND151001AAA,0.14312529712191538
IND641062AAD,IND642001AAA,1,1,1.5263157894736843,1.0,87.0,57.0,58.600300000000004,30.0,86.0,1.0,1,1,0.0011444947513470703,True,Coimbatore_Karayam_H (Tamil Nadu),Pollachi_Venkatsa_DC (Tamil Nadu),IND641062AAD → IND642001AAA,0.14306702795021042
IND131028AAB,IND248001AAD,1,1,1.503787878787879,1.0,397.0,264.0,231.8739,133.0,276.0,1.0,1,1,0.0050739267309720115,True,Sonipat_Kundli_H (Haryana),Dehradun_Nirjanpur_L (Uttarakhand),IND131028AAB → IND248001AAD,0.1430027215092558
IND636016AAA,IND636402AAA,1,1,1.5185185185185186,1.0,164.0,108.0,109.7329,56.0,20.0,1.0,1,1,0.0021363902025145314,True,Salem (Tamil Nadu),Mettur_RTOroad_D (Tamil Nadu),IND636016AAA → IND636402AAA,0.14296891799344785
IND131028AAB,IND248001AAA,2,2,1.4441395082904518,1.0,382.0,264.5,232.16660000000002,235.0,284.5,0.7071067811865475,2,2,0.00896520888555205,True,Sonipat_Kundli_H (Haryana),Dehradun (Uttarakhand),IND131028AAB → IND248001AAA,0.14282387016480644
IND683511AAA,IND680012AAA,11,11,1.3650793650793651,0.9090909090909091,84.0,62.0,62.4592,248.0,355.0,0.30151134457776363,10,10,0.009461156611135781,True,Aluva_Peedika_H (Kerala),Arimbur_Veluthur_D (Kerala),IND683511AAA → IND680012AAA,0.14276815795068185
IND000000ACB,IND201301AAF,9,9,1.4473684210526316,0.8888888888888888,114.0,79.0,75.5451,438.0,77.0,0.3333333333333333,8,8,0.016709623369667227,True,Gurgaon_Bilaspur_HB (Haryana),Noida_Sec 02_DPC (Uttar Pradesh),IND000000ACB → IND201301AAF,0.14276701299341918
IND110043AAC,IND000000ACB,1,1,1.5161290322580645,1.0,94.0,62.0,63.1933,32.0,139.0,1.0,1,1,0.001220794401436875,True,Delhi_Nangli_L (Delhi),Gurgaon_Bilaspur_HB (Haryana),IND110043AAC → IND000000ACB,0.142687572822359
IND148102AAA,IND151001AAA,1,1,1.5142857142857142,1.0,106.0,70.0,64.3664,36.0,121.0,1.0,1,1,0.0013733937016164844,True,Bhadaur_BChwkDPP_D (Punjab),Bhatinda_DPC (Punjab),IND148102AAA → IND151001AAA,0.14264750639480267
IND306902AAA,IND306116AAA,1,1,1.5185185185185186,1.0,41.0,27.0,30.8816,14.0,29.0,1.0,1,1,0.0005340975506286328,True,Sumerpur_BazarDPP_D (Rajasthan),Falna_SbhRDDPP_D (Rajasthan),IND306902AAA → IND306116AAA,0.1426387812224999
IND642001AAA,IND642126AAA,1,1,1.5161290322580645,1.0,47.0,31.0,31.1241,16.0,30.0,1.0,1,1,0.0006103972007184375,True,Pollachi_Venkatsa_DC (Tamil Nadu),Udumalpet_Artclgrd_D (Tamil Nadu),IND642001AAA → IND642126AAA,0.14256180643342645
IND344022AAB,IND344001AAA,9,9,1.4705882352941178,0.8888888888888888,99.0,67.0,96.23140000000001,272.0,22.0,0.3333333333333333,8,8,0.010376752412213438,True,Balotra_BsnoiHPL_D (Rajasthan),Barmer_Nehru3PL_D (Rajasthan),IND344022AAB → IND344001AAA,0.1423629553641636
IND388320AAA,IND390022AAA,6,6,2.1621621621621623,0.6666666666666666,61.0,34.0,39.8163,184.0,38.0,0.4082482904638631,4,4,0.007019567808262031,True,Anand_Vaghasi_IP (Gujarat),Vadodara_Karelibaug_DPC (Gujarat),IND388320AAA → IND390022AAA,0.14227731688993472
IND507002AAA,IND507117AAB,1,1,1.5,1.0,162.0,108.0,135.5658,54.0,29.0,1.0,1,1,0.0020600905524247267,True,Khammam_NSTRoad_I (Telangana),Manuguru_AskNagar_D (Telangana),IND507002AAA → IND507117AAB,0.14223480639023361
IND622407AAA,IND622001AAA,14,14,1.3888888888888888,0.8571428571428571,50.0,36.0,35.27355,206.0,10.5,0.2672612419124244,12,12,0.007858863959249882,True,Ponnamaravathi_Puduvalvu_D (Tamil Nadu),Pudukkotti_Mrthndpr_D (Tamil Nadu),IND622407AAA → IND622001AAA,0.14216686130512574
IND625531AAA,IND625516AAA,7,7,1.2826086956521738,1.0,59.0,45.0,41.411500000000004,94.0,38.0,0.3779644730092272,7,7,0.00358608355422082,True,Theni_Rathnam_D (Tamil Nadu),Cumbum_LFRoad_D (Tamil Nadu),IND625531AAA → IND625516AAA,0.14211593900424413
IND625008AAA,IND685514AAA,1,1,1.4910179640718564,1.0,249.0,167.0,143.3817,82.0,75.0,1.0,1,1,0.003128285653681992,True,Madurai_Kappalur_H (Tamil Nadu),Kattappana_Palikval_D (Kerala),IND625008AAA → IND685514AAA,0.14210645652192896
IND518124AAA,IND518002AAA,1,1,1.5,1.0,105.0,70.0,80.2581,35.0,152.0,1.0,1,1,0.001335243876571582,True,Bngnpalle_Enkndla_D (Andhra Pradesh),Kurnool_AbbasNgr_I (Andhra Pradesh),IND518124AAA → IND518002AAA,0.1420854588033762
IND147001AAD,IND147201AAA,1,1,1.5,1.0,42.0,28.0,26.9467,14.0,7.0,1.0,1,1,0.0005340975506286328,True,Patiala_GainMrkt_L (Punjab),Nabha_Sahni_D (Punjab),IND147001AAD → IND147201AAA,0.14192039041790222
IND571430AAA,IND571124AAA,10,10,1.4166666666666667,0.9,48.0,36.0,37.162850000000006,167.0,14.0,0.31622776601683794,9,9,0.0063710207824986915,True,Malavalli_SulthnRd_D (Karnataka),Tirumakudalu_Narasipr_D (Karnataka),IND571430AAA → IND571124AAA,0.14189027289138012
IND852111AAA,IND854335AAA,1,1,1.5,1.0,24.0,16.0,23.403,8.0,50.0,1.0,1,1,0.00030519860035921873,True,Simrahi_Bazar_D (Bihar),Narpatganj_Central_DPP_1 (Bihar),IND852111AAA → IND854335AAA,0.1418732280220525
IND572201AAB,IND573103AAA,3,3,1.4210526315789473,1.0,27.0,19.0,27.564400000000003,52.0,97.0,0.5773502691896258,3,3,0.0019837909023349217,True,Tiptur_YTRd_D (Karnataka),Arsikere_HsnRdDPP_D (Karnataka),IND572201AAB → IND573103AAA,0.14182313882815664
IND581343AAC,IND581314AAA,6,6,1.7288306451612905,0.8333333333333334,54.5,32.0,34.6189,136.0,9.0,0.4082482904638631,5,5,0.005188376206106719,True,Kumta_Central_DPP_2 (Karnataka),Ankola_Kakrmath_D (Karnataka),IND581343AAC → IND581314AAA,0.1417564100233906
IND345001AAA,IND345021AAA,4,4,1.3733333333333333,1.0,103.0,75.0,109.5489,109.0,13.0,0.5,4,4,0.004158330929894356,True,Jaisalmer_Gopa3PL_D (Rajasthan),Pokhran_SttinDPP_D (Rajasthan),IND345001AAA → IND345021AAA,0.14175333524874098
IND532222AAA,IND532001AAB,1,1,1.4850746268656716,1.0,199.0,134.0,129.9742,65.0,58.0,1.0,1,1,0.0024797386279186524,True,Palasa_Central_DPP_1 (Andhra Pradesh),Srikakulam_Kuslpram_I (Andhra Pradesh),IND532222AAA → IND532001AAB,0.1417422692386206
IND683511AAA,IND680104AAA,16,16,1.3296078921078922,0.8125,120.5,90.0,77.70335,655.0,325.5,0.25,13,13,0.024988135404411034,True,Aluva_Peedika_H (Kerala),Guruvayoor_ManhrBld_D (Kerala),IND683511AAA → IND680104AAA,0.14159886770628446
IND332713AAA,IND332715AAB,1,1,1.4852941176470589,1.0,101.0,68.0,74.1254,33.0,6.0,1.0,1,1,0.0012589442264817772,True,NeemKaThana_War5DPP_D (Rajasthan),Shrimadhopur_RLSTNDPP_D (Rajasthan),IND332713AAA → IND332715AAB,0.14149925118934378
IND273014AAB,IND274301AAB,1,1,1.4848484848484849,1.0,98.0,66.0,83.20519999999999,32.0,105.0,1.0,1,1,0.001220794401436875,True,Gorakhpur_Matriprm_IP (Uttar Pradesh),Kaptanganj_Subshngr_D (Uttar Pradesh),IND273014AAB → IND274301AAB,0.14147410331078047
IND584123AAA,IND584128AAA,1,1,1.4857142857142858,1.0,52.0,35.0,39.7206,17.0,12.0,1.0,1,1,0.0006485470257633399,True,Manvi_APMCYard_D (Karnataka),Sindhanur_VasaviNg_D (Karnataka),IND584123AAA → IND584128AAA,0.14138978442370884
IND560083AAB,IND560058AAD,1,1,1.4848484848484849,1.0,49.0,33.0,32.4864,16.0,33.0,1.0,1,1,0.0006103972007184375,True,Bengaluru_Bnnrghta_L (Karnataka),Bengaluru_Peenya_L (Karnataka),IND560083AAB → IND560058AAD,0.14134833692184792
IND332001AAB,IND333028AAA,2,2,1.4369202226345084,1.0,134.0,93.0,97.28800000000001,82.0,27.0,0.7071067811865475,2,2,0.003128285653681992,True,Sikar_FatehpRd_I (Rajasthan),Sultana_Central_DPP_1 (Rajasthan),IND332001AAB → IND333028AAA,0.14134117057536516
IND403702AAA,IND581314AAA,1,1,1.476923076923077,1.0,96.0,65.0,69.7005,31.0,32.0,1.0,1,1,0.0011826445763919726,True,Canacona_CharRsta_D (Goa),Ankola_Kakrmath_D (Karnataka),IND403702AAA → IND581314AAA,0.14115879174195206
IND131028AAB,IND244001AAA,19,19,1.408839779005525,0.5789473684210527,313.0,254.0,295.6252,2669.0,308.0,0.22941573387056174,11,11,0.10182188304484435,True,Sonipat_Kundli_H (Haryana),Moradabad_DC (Uttar Pradesh),IND131028AAB → IND244001AAA,0.1411480995400974
IND147105AAA,IND147101AAA,1,1,1.48,1.0,37.0,25.0,28.1092,12.0,74.0,1.0,1,1,0.00045779790053882815,True,Patran_MheshNGR_D (Punjab),Samana_PODPP_D (Punjab),IND147105AAA → IND147101AAA,0.14112880755032012
IND530012AAA,IND533106AAA,2,2,1.419234877556672,1.0,226.0,159.0,222.03955000000002,134.0,85.0,0.7071067811865475,2,2,0.005112076556016914,True,Visakhapatnam_Gajuwaka_IP (Andhra Pradesh),Rajamundry_AtoNgrRd_I (Andhra Pradesh),IND530012AAA → IND533106AAA,0.14106384191827304
IND360311AAA,IND360050AAA,1,1,1.4761904761904763,1.0,62.0,42.0,46.9022,20.0,7.0,1.0,1,1,0.0007629965008980469,True,Gondal_DC (Gujarat),Jasdan_MotiDPP_D (Gujarat),IND360311AAA → IND360050AAA,0.14104390749355486
IND474003AAA,IND473551AAA,1,1,1.4661654135338347,1.0,195.0,133.0,117.6842,62.0,56.0,1.0,1,1,0.0023652891527839452,True,Gwalior_HrihrNgr_I (Madhya Pradesh),Shivpuri_BypassRD_D (Madhya Pradesh),IND474003AAA → IND473551AAA,0.14098514097178827
IND390022AAA,IND388320AAA,18,18,1.267788196359625,0.8333333333333334,52.5,40.0,50.22935,236.0,34.0,0.23570226039551587,15,15,0.009003358710596954,True,Vadodara_Karelibaug_DPC (Gujarat),Anand_Vaghasi_IP (Gujarat),IND390022AAA → IND388320AAA,0.14065718254380966
IND341505AAA,IND341510AAB,1,1,1.4527027027027026,1.0,215.0,148.0,104.3853,67.0,28.0,1.0,1,1,0.002556038278008457,True,Makrana_Mwalibad_D (Rajasthan),Merta_Central_DPP_1 (Rajasthan),IND341505AAA → IND341510AAB,0.14050218263436337
IND244921AAB,IND243201AAA,2,2,1.4196933010492332,1.0,87.0,61.0,42.453649999999996,52.0,9.5,0.7071067811865475,2,2,0.0019837909023349217,True,Bilaspur_GrmNgriya_D (Uttar Pradesh),Baheri_HoliCDPP_D (Uttar Pradesh),IND244921AAB → IND243201AAA,0.1404370728449637
IND232104AAB,IND232327AAA,1,1,1.4464285714285714,1.0,162.0,112.0,81.5712,50.0,16.0,1.0,1,1,0.001907491252245117,True,Chandauli_ShubsNGR_D (Uttar Pradesh),Gahmar_Wardnor4_D (Uttar Pradesh),IND232104AAB → IND232327AAA,0.1401251628225571
IND560300AAA,IND560058AAB,37,37,1.2258064516129032,0.5675675675675675,48.0,36.0,32.569,528.0,49.0,0.1643989873053573,21,21,0.020143107623708436,True,Bengaluru_KGAirprt_HB (Karnataka),Bengaluru_Peenya_IP (Karnataka),IND560300AAA → IND560058AAB,0.1400805737316869
IND343029AAB,IND307001AAA,2,2,1.4089026915113871,1.0,98.0,69.5,77.09475,57.0,14.5,0.7071067811865475,2,2,0.0021745400275594334,True,Bhinmal_RwStnDPP_D (Rajasthan),Sirohi_Ricco_D (Rajasthan),IND343029AAB → IND307001AAA,0.1400577736094335
IND600056AAB,IND600044AAE,34,34,1.3303030303030303,0.5588235294117647,66.5,52.5,54.7789,598.0,116.5,0.17149858514250882,19,19,0.0228135953768516,True,MAA_Poonamallee_HB (Tamil Nadu),Chennai_Chrompet_L (Tamil Nadu),IND600056AAB → IND600044AAE,0.13981014445480355
IND503111AAC,IND505001AAB,1,1,1.4367816091954022,1.0,125.0,87.0,97.1469,38.0,53.0,1.0,1,1,0.001449693351706289,True,Kamareddy_Devenply_I (Telangana),Karimnagar_KamnHbRD_I (Telangana),IND503111AAC → IND505001AAB,0.13965660242698474
IND624001AAA,IND624619AAA,11,11,1.5384615384615385,0.8181818181818182,40.0,27.0,29.060399999999998,146.0,13.0,0.30151134457776363,9,9,0.005569874456555743,True,Dindigul_Central_D_1 (Tamil Nadu),Oddnchtram_Palani_D (Tamil Nadu),IND624001AAA → IND624619AAA,0.13960152071842927
IND473226AAA,IND473001AAA,10,10,1.3377192982456139,0.9,51.5,38.5,32.3411,265.0,27.5,0.31622776601683794,9,9,0.010109703636899121,True,Guna_Raghogrh_D (Madhya Pradesh),Guna_HnumnDPP_D (Madhya Pradesh),IND473226AAA → IND473001AAA,0.139597978593465
IND246001AAA,IND249201AAA,4,4,1.2917256289308177,1.0,206.0,160.0,108.59585,219.0,719.0,0.5,4,4,0.008354811684833614,True,Pauri_Khndyusn_D (Uttarakhand),Rishikesh_DC (Uttarakhand),IND246001AAA → IND249201AAA,0.1394521630535892
IND395010AAB,IND395023AAA,1,1,1.4375,1.0,23.0,16.0,17.769299999999998,7.0,63.0,1.0,1,1,0.0002670487753143164,True,Surat_Brpc (Gujarat),Surat_HUB (Gujarat),IND395010AAB → IND395023AAA,0.13944079865722697
IND635001AAA,IND636705AAB,4,4,1.3218677301429045,1.0,72.5,52.5,56.5642,68.0,17.0,0.5,4,4,0.0025941881030533596,True,Krishnagiri_BnglorRd_D (Tamil Nadu),Dharmapuri_Central_D_2 (Tamil Nadu),IND635001AAA → IND636705AAB,0.13943454840850708
IND802301AAA,IND804401AAA,10,10,1.547838412473423,0.8,122.5,81.0,99.9178,468.0,24.5,0.31622776601683794,8,8,0.017854118121014298,True,Arrah_Katira_D (Bihar),Arwal_Rozapar_D (Bihar),IND802301AAA → IND804401AAA,0.1393448121877463
IND423109AAA,IND413709AAA,1,1,1.4285714285714286,1.0,50.0,35.0,31.9807,15.0,34.0,1.0,1,1,0.0005722473756735352,True,Shirdi_SaiBansi_D (Maharashtra),Shrirampur_DavkharRd_D (Maharashtra),IND423109AAA → IND413709AAA,0.13915731485661936
IND854334AAA,IND854335AAA,2,2,1.391705069124424,1.0,41.0,29.5,36.50075,23.0,49.0,0.7071067811865475,2,2,0.0008774459760327539,True,Raniganj_Central_DPP_1 (Bihar),Narpatganj_Central_DPP_1 (Bihar),IND854334AAA → IND854335AAA,0.13912337088863
IND464221AAA,IND470004AAA,1,1,1.4144736842105263,1.0,215.0,152.0,187.675,63.0,28.0,1.0,1,1,0.0024034389778288478,True,GanjBasoda_MnRDDPP_D (Madhya Pradesh),Sagar_Bahreya_I (Madhya Pradesh),IND464221AAA → IND470004AAA,0.1389877187680372
IND415003AAA,IND411033AAA,2,2,1.372376311844078,1.0,158.5,115.5,126.3561,86.0,109.0,0.7071067811865475,2,2,0.0032808849538616017,True,Satara_DC (Maharashtra),Pune_Tathawde_H (Maharashtra),IND415003AAA → IND411033AAA,0.13886875356434886
IND184104AAA,IND181152AAB,2,2,1.3785714285714286,1.0,96.5,70.0,78.2616,53.0,38.5,0.7071067811865475,2,2,0.002021940727379824,True,Kathua_BOB_D (Jammu & Kashmir),Jammu_Central_I_1 (Jammu & Kashmir),IND184104AAA → IND181152AAB,0.1388496881912537
IND816107AAA,IND826004AAA,8,8,1.3473185357812767,0.875,387.0,285.5,253.84470000000002,777.0,33.5,0.35355339059327373,7,7,0.02964241405988912,True,Pakur_Hatpada_D (Jharkhand),Dhanbad_Kalynpur_I (Jharkhand),IND816107AAA → IND826004AAA,0.13882822058738573
IND201301AAF,IND201301AAL,1,1,1.4166666666666667,1.0,34.0,24.0,21.5816,10.0,48.0,1.0,1,1,0.00038149825044902347,True,Noida_Sec 02_DPC (Uttar Pradesh),Dadri_ICDCant_D (Uttar Pradesh),IND201301AAF → IND201301AAL,0.1386561901999794
IND333028AAA,IND333504AAA,1,1,1.4098360655737705,1.0,86.0,61.0,57.8763,25.0,11.0,1.0,1,1,0.0009537456261225585,True,Sultana_Central_DPP_1 (Rajasthan),Khetri_NagarDPP_D (Rajasthan),IND333028AAA → IND333504AAA,0.13850911597479304
IND560058AAB,IND562132AAA,14,14,1.668192219679634,0.7142857142857143,29.5,20.0,14.06465,161.0,34.0,0.2672612419124244,10,10,0.006142121832229277,True,Bengaluru_Peenya_IP (Karnataka),Bangalore_Nelmngla_H (Karnataka),IND560058AAB → IND562132AAA,0.13836247205535201
IND560085AAA,IND562132AAA,7,7,1.5217391304347827,0.8571428571428571,70.0,43.0,34.906,228.0,92.0,0.3779644730092272,6,6,0.008698160110237734,True,Bengaluru_Banshkri_DC (Karnataka),Bangalore_Nelmngla_H (Karnataka),IND560085AAA → IND562132AAA,0.13816012991999296
IND501359AAE,IND505001AAB,2,2,1.346966051857792,1.0,233.0,173.0,208.06455,120.0,338.5,0.7071067811865475,2,2,0.004577979005388281,True,Hyderabad_Shamshbd_H (Telangana),Karimnagar_KamnHbRD_I (Telangana),IND501359AAE → IND505001AAB,0.13815026429653499
IND814133AAB,IND816109AAA,13,13,1.4473684210526316,0.7692307692307693,156.0,114.0,146.2534,689.0,37.0,0.2773500981126146,10,10,0.026285229455937715,True,Godda_Central_D_2 (Jharkhand),Sahebganj_BaraLoha_D (Jharkhand),IND814133AAB → IND816109AAA,0.13810749458732002
IND201204AAA,IND250002AAA,6,6,1.6428571428571428,0.8333333333333334,34.5,21.0,23.08345,96.0,5.5,0.4082482904638631,5,5,0.0036623832043106252,True,Modinagar_SikriKla_DC (Uttar Pradesh),Meerut (Uttar Pradesh),IND201204AAA → IND250002AAA,0.13810681508236383
IND560099AAB,IND515004AAA,1,1,1.3859649122807018,1.0,316.0,228.0,260.1007,88.0,197.0,1.0,1,1,0.0033571846039514063,True,Bengaluru_Bomsndra_HB (Karnataka),Anantapur_KamaStrt_I (Andhra Pradesh),IND560099AAB → IND515004AAA,0.13807828501208733
IND305901AAA,IND342602AAC,6,6,1.5961538461538463,0.8333333333333334,98.0,60.5,87.47755,322.0,40.5,0.4082482904638631,5,5,0.012284243664458554,True,Beawar_DC (Rajasthan),Bilara_Central_DPP_2 (Rajasthan),IND305901AAA → IND342602AAC,0.1380714995056497
IND814133AAA,IND816109AAA,1,1,1.3928571428571428,1.0,156.0,112.0,142.56369999999998,44.0,41.0,1.0,1,1,0.0016785923019757031,True,Godda_PushPlza_D (Jharkhand),Sahebganj_BaraLoha_D (Jharkhand),IND814133AAA → IND816109AAA,0.13799979845626403
IND148023AAA,IND148001AAA,2,2,1.3620689655172415,1.0,39.5,29.0,32.923550000000006,21.0,17.0,0.7071067811865475,2,2,0.0008011463259429491,True,Malerkotla_DC (Punjab),Sangrur_DC (Punjab),IND148023AAA → IND148001AAA,0.13795797365697618
IND474003AAA,IND328001AAA,1,1,1.393939393939394,1.0,92.0,66.0,61.696600000000004,26.0,136.0,1.0,1,1,0.0009918954511674608,True,Gwalior_HrihrNgr_I (Madhya Pradesh),Dholpur_GtRoad_D (Rajasthan),IND474003AAA → IND328001AAA,0.1379002951469057
IND423105AAA,IND423106AAA,1,1,1.393939393939394,1.0,46.0,33.0,36.8306,13.0,42.0,1.0,1,1,0.0004959477255837304,True,Malegaon_Rawlgaon_D (Maharashtra),Manmad_Malegaon_D (Maharashtra),IND423105AAA → IND423106AAA,0.13779810995589797
IND176201AAA,IND176303AAA,9,9,1.3448275862068966,0.8888888888888888,117.0,88.0,64.0094,296.0,8.0,0.3333333333333333,8,8,0.011292348213291094,True,Jassur_AadiDPP_D (Himachal Pradesh),Dalhousie_Banikhet_D (Himachal Pradesh),IND176201AAA → IND176303AAA,0.13767295907779956
IND695614AAA,IND695609AAA,3,3,1.3157894736842106,1.0,25.0,19.0,15.3016,35.0,16.0,0.5773502691896258,3,3,0.001335243876571582,True,Kilimanoor_Krvnkuzy_D (Kerala),Pangodu_Central_D_1 (Kerala),IND695614AAA → IND695609AAA,0.1376060274664131
IND732139AAA,IND732123AAC,1,1,1.3888888888888888,1.0,25.0,18.0,12.792,7.0,21.0,1.0,1,1,0.0002670487753143164,True,Samsi_RatuaDPP_D (West Bengal),Chanchal_BargaDPP_D (West Bengal),IND732139AAA → IND732123AAC,0.137555022795158
IND244715AAA,IND263401AAA,1,1,1.3833333333333333,1.0,83.0,60.0,47.7291,23.0,28.0,1.0,1,1,0.0008774459760327539,True,Ramnagar_BhwniGnj_D (Uttarakhand),Kashipur_BajprDPP_D (Uttarakhand),IND244715AAA → IND263401AAA,0.13746527194271124
IND695121AAA,IND695541AAA,1,1,1.3846153846153846,1.0,54.0,39.0,28.4289,15.0,44.0,1.0,1,1,0.0005722473756735352,True,Neyatinkra_Arlumodu_D (Kerala),Nedumangad_Arsprmbu_D (Kerala),IND695121AAA → IND695541AAA,0.13745212349625557
IND147301AAA,IND140401AAA,1,1,1.3793103448275863,1.0,40.0,29.0,39.0861,11.0,21.0,1.0,1,1,0.0004196480754939258,True,Mandi_Gobindgarh_DC (Punjab),Rajpura_DC (Punjab),IND147301AAA → IND140401AAA,0.13721488294173714
IND691001AAB,IND683511AAA,9,9,1.2787878787878788,0.8888888888888888,211.0,166.0,164.9445,562.0,218.0,0.3333333333333333,8,8,0.021440201675235117,True,Kollam_Central_H_1 (Kerala),Aluva_Peedika_H (Kerala),IND691001AAB → IND683511AAA,0.1372019400922035
IND370201AAA,IND363330AAB,8,8,1.369292725899824,0.875,189.5,141.0,147.1241,456.0,84.5,0.35355339059327373,7,7,0.017396320220475468,True,Gandhidham_Sector1A_IP (Gujarat),Halvad_CrossRD_D (Gujarat),IND370201AAA → IND363330AAB,0.13715747943988718
IND343001AAA,IND343029AAB,2,2,1.3359375,1.0,85.5,64.0,70.80345,43.0,21.0,0.7071067811865475,2,2,0.0016404424769308008,True,Jalore_RoopNgr_D (Rajasthan),Bhinmal_RwStnDPP_D (Rajasthan),IND343001AAA → IND343029AAB,0.13711718179669302
IND560099AAB,IND560060AAB,31,31,1.2580645161290323,0.6129032258064516,44.0,37.0,34.6764,431.0,76.0,0.1796053020267749,19,19,0.016442574594352912,True,Bengaluru_Bomsndra_HB (Karnataka),Bengaluru_Kengeri_IP (Karnataka),IND560099AAB → IND560060AAB,0.13710307125648702
IND262001AAA,IND244901AAB,1,1,1.3703703703703705,1.0,148.0,108.0,151.205,40.0,474.0,1.0,1,1,0.0015259930017960939,True,Pilibhit_ViksClny_D (Uttar Pradesh),Rampur_RoshnBgh_I (Uttar Pradesh),IND262001AAA → IND244901AAB,0.1370960251677337
IND184121AAA,IND181152AAA,1,1,1.375,1.0,44.0,32.0,36.7359,12.0,3.0,1.0,1,1,0.00045779790053882815,True,Samba_Wardno13_D (Jammu & Kashmir),Jammu_TrnptNgr_L (Jammu & Kashmir),IND184121AAA → IND181152AAA,0.13705553168825113
IND122001AAA,IND122101AAC,1,1,1.375,1.0,22.0,16.0,13.6755,6.0,31.0,1.0,1,1,0.00022889895026941408,True,GGN_DPC (Haryana),Gurgaon_SohnaRd_D (Haryana),IND122001AAA → IND122101AAC,0.13700836929240143
IND508206AAA,IND507159AAA,12,12,1.3888888888888888,0.8333333333333334,50.0,36.0,50.973000000000006,178.0,16.5,0.2886751345948129,10,10,0.006790668857992618,True,Kodad_VidyaNgr_D (Telangana),Kusumnchi_SKRoad_D (Telangana),IND508206AAA → IND507159AAA,0.13689915107687473
IND344022AAB,IND342301AAA,1,1,1.3468834688346885,1.0,497.0,369.0,411.0446,128.0,17.0,1.0,1,1,0.0048831776057475,True,Balotra_BsnoiHPL_D (Rajasthan),Phalodi_PalikDPP_D (Rajasthan),IND344022AAB → IND342301AAA,0.13687661050590957
IND691001AAB,IND695012AAA,1,1,1.3650793650793651,1.0,86.0,63.0,63.5388,23.0,17.0,1.0,1,1,0.0008774459760327539,True,Kollam_Central_H_1 (Kerala),Trivandrum_Mnanthla_H (Kerala),IND691001AAB → IND695012AAA,0.1367571438638935
IND184121AAA,IND181152AAB,1,1,1.3666666666666667,1.0,41.0,30.0,34.7509,11.0,50.0,1.0,1,1,0.0004196480754939258,True,Samba_Wardno13_D (Jammu & Kashmir),Jammu_Central_I_1 (Jammu & Kashmir),IND184121AAA → IND181152AAB,0.1367243954268739
IND560300AAB,IND563125AAB,1,1,1.3636363636363635,1.0,75.0,55.0,58.759299999999996,20.0,152.0,1.0,1,1,0.0007629965008980469,True,Bangalore_East_I_20 (Karnataka),Chintamani_Central_D_2 (Karnataka),IND560300AAB → IND563125AAB,0.13667758416171427
IND272155AAA,IND272001AAA,3,3,1.2916666666666667,1.0,31.0,24.0,34.515299999999996,21.0,23.0,0.5773502691896258,3,3,0.0008011463259429491,True,Harraiya_MahuGDPP_D (Uttar Pradesh),Basti_GndhiNgr_D (Uttar Pradesh),IND272155AAA → IND272001AAA,0.13656018332800274
IND732123AAC,IND732139AAA,1,1,1.3529411764705883,1.0,23.0,17.0,11.7622,6.0,27.0,1.0,1,1,0.00022889895026941408,True,Chanchal_BargaDPP_D (West Bengal),Samsi_RatuaDPP_D (West Bengal),IND732123AAC → IND732139AAA,0.13615263906927771
IND425109AAA,IND424201AAA,1,1,1.35,1.0,54.0,40.0,47.2262,14.0,5.0,1.0,1,1,0.0005340975506286328,True,Erandol_BsStdDPP_D (Maharashtra),Pachora_PcrrdDPP_D (Maharashtra),IND425109AAA → IND424201AAA,0.13610142490066082
IND282002AAD,IND110037AAM,1,1,1.334862385321101,1.0,291.0,218.0,254.6963,73.0,43.0,1.0,1,1,0.0027849372282778713,True,IND282002AAD,Delhi_Airport_H (Delhi),IND282002AAD → IND110037AAM,0.13597795340765095
IND491001AAA,IND494334AAB,1,1,1.3391304347826087,1.0,154.0,115.0,132.56380000000001,39.0,19.0,1.0,1,1,0.0014878431767511916,True,Durg_Pulgaon_DC (Chhattisgarh),Kanker_KrisnKunj_D (Chhattisgarh),IND491001AAA → IND494334AAB,0.1358762707154519
IND464001AAA,IND464221AAA,1,1,1.3291139240506329,1.0,105.0,79.0,91.3502,26.0,18.0,1.0,1,1,0.0009918954511674608,True,Vidisha_ShrprDPP_D (Madhya Pradesh),GanjBasoda_MnRDDPP_D (Madhya Pradesh),IND464001AAA → IND464221AAA,0.13538551398742787
IND110077AAA,IND110043AAA,1,1,1.3333333333333333,1.0,20.0,15.0,11.7786,5.0,57.0,1.0,1,1,0.00019074912522451174,True,Delhi_Palam (Delhi),Delhi_Nangli_IP (Delhi),IND110077AAA → IND110043AAA,0.1353841295827483
IND243301AAB,IND244901AAC,2,2,1.2894957983193276,1.0,109.0,84.5,69.3126,49.0,241.0,0.7071067811865475,2,2,0.001869341427200215,True,Aonla_KdidmCLY_D (Uttar Pradesh),Rampur_ThanaDPP_D (Uttar Pradesh),IND243301AAB → IND244901AAC,0.13536272645493044
IND815353AAA,IND814112AAA,2,2,1.2894736842105263,1.0,49.0,38.0,38.9603,22.0,30.0,0.7071067811865475,2,2,0.0008392961509878516,True,Madhupur_Sitarmrd_D (Jharkhand),Deoghar_Barmasia_D (Jharkhand),IND815353AAA → IND814112AAA,0.13514963779869635
IND383315AAC,IND384205AAA,1,1,1.32,1.0,132.0,100.0,118.9748,32.0,16.0,1.0,1,1,0.001220794401436875,True,Modasa_Central_D_1 (Gujarat),Mehsana_Panchot_IP (Gujarat),IND383315AAC → IND384205AAA,0.13507911898476166
IND201307AAA,IND201301AAL,28,28,1.256578947368421,0.6428571428571429,26.0,20.0,18.9271,306.0,25.5,0.1889822365046136,18,18,0.011673846463740117,True,Noida_Chukhndi_D (Uttar Pradesh),Dadri_ICDCant_D (Uttar Pradesh),IND201307AAA → IND201301AAL,0.1350582832254106
IND733202AAB,IND733210AAA,1,1,1.3225806451612903,1.0,41.0,31.0,30.623,10.0,19.0,1.0,1,1,0.00038149825044902347,True,Islampure_ShbdnDPP_D (West Bengal),Lodhan_GoalpDPP_D (West Bengal),IND733202AAB → IND733210AAA,0.13500630143468462
IND110095AAB,IND000000ACB,1,1,1.3170731707317074,1.0,108.0,82.0,77.60900000000001,26.0,57.0,1.0,1,1,0.0009918954511674608,True,Delhi_Jhilmil_L (Delhi),Gurgaon_Bilaspur_HB (Haryana),IND110095AAB → IND000000ACB,0.13491841579833164
IND160002AAC,IND176041AAA,2,2,1.2624351868406936,1.0,298.5,236.5,214.4995,124.0,31.5,0.7071067811865475,2,2,0.0047305783055678905,True,Chandigarh_Mehmdpur_H (Punjab),Bhota_BpassDPP_D (Himachal Pradesh),IND160002AAC → IND176041AAA,0.13490249130258758
IND160002AAC,IND134203AAA,1,1,1.3164556962025316,1.0,104.0,79.0,75.4242,25.0,64.0,1.0,1,1,0.0009537456261225585,True,Chandigarh_Mehmdpur_H (Punjab),Naraingarh_Ward2DPP_D (Haryana),IND160002AAC → IND134203AAA,0.13488660164573638
IND756019AAA,IND756029AAA,1,1,1.3157894736842106,1.0,25.0,19.0,27.9843,6.0,64.0,1.0,1,1,0.00022889895026941408,True,Balasore_Ganeshwr_D (Orissa),Basta_Central_DPP_1 (Orissa),IND756019AAA → IND756029AAA,0.13471140921980615
IND636005AAA,IND636016AAA,4,4,1.85,0.75,17.5,9.5,10.3606,32.0,59.5,0.5,3,3,0.001220794401436875,True,Salem_Kadtmpty_H (Tamil Nadu),Salem (Tamil Nadu),IND636005AAA → IND636016AAA,0.13463946381234787
IND723131AAA,IND722140AAA,12,12,1.333165322580645,0.8333333333333334,42.0,31.0,33.69365,149.0,19.5,0.2886751345948129,10,10,0.005684323931690449,True,Manbazar_Central_DPP_1 (West Bengal),Khatra_KoralDPP_D (West Bengal),IND723131AAA → IND722140AAA,0.13450950942463188
IND160002AAC,IND174103AAA,1,1,1.3076923076923077,1.0,85.0,65.0,69.4702,20.0,261.0,1.0,1,1,0.0007629965008980469,True,Chandigarh_Mehmdpur_H (Punjab),Baddi_ByePass_D (Himachal Pradesh),IND160002AAC → IND174103AAA,0.1345073406121604
IND201007AAA,IND201005AAA,3,3,2.076923076923077,0.6666666666666666,27.0,13.0,10.4686,80.0,87.0,0.5773502691896258,2,2,0.0030519860035921878,True,GZB_Mohan_Nagar_DPC (Uttar Pradesh),Ghaziabad_RjndrNgr_DC (Uttar Pradesh),IND201007AAA → IND201005AAA,0.13415314671035686
IND141003AAB,IND000000ACA,7,7,1.8181818181818181,0.7142857142857143,20.0,11.0,15.2594,59.0,26.0,0.3779644730092272,5,5,0.0022508396776492385,True,Ludhiana_GillChwk_DC (Punjab),Ludhiana_MilrGanj_HB (Punjab),IND141003AAB → IND000000ACA,0.13404594000343423
IND147001AAD,IND148023AAA,1,1,1.2950819672131149,1.0,79.0,61.0,58.925799999999995,18.0,40.0,1.0,1,1,0.0006866968508082422,True,Patiala_GainMrkt_L (Punjab),Malerkotla_DC (Punjab),IND147001AAD → IND148023AAA,0.1340024255708165
IND335804AAD,IND335701AAA,2,2,1.2569460390355913,1.0,83.0,66.0,76.4538,34.0,13.0,0.7071067811865475,2,2,0.0012970940515266798,True,Suratgarh_Central_DPP_2 (Rajasthan),Anupgarh_PrmNrDPP_D (Rajasthan),IND335804AAD → IND335701AAA,0.13398211428619572
IND562132AAA,IND000000ACS,6,6,1.5298245614035089,0.8333333333333334,55.5,33.5,34.8577,116.0,92.0,0.4082482904638631,5,5,0.004425379705208672,True,Bangalore_Nelmngla_H (Karnataka),BLR_HSR_Layout_PC (Karnataka),IND562132AAA → IND000000ACS,0.13387913844317303
IND152116AAA,IND152026AAA,1,1,1.2894736842105263,1.0,98.0,76.0,77.8369,22.0,641.0,1.0,1,1,0.0008392961509878516,True,Abohar_DC (Punjab),Muktsar_DPC (Punjab),IND152116AAA → IND152026AAA,0.13381630446536302
IND504296AAA,IND504208AAB,1,1,1.2881355932203389,1.0,76.0,59.0,59.844300000000004,17.0,14.0,1.0,1,1,0.0006485470257633399,True,Kaghaznagar_Central_DPP_1 (Telangana),Mancherial_Hitech_D (Telangana),IND504296AAA → IND504208AAB,0.13372509376661607
IND508116AAA,IND508223AAA,1,1,1.2857142857142858,1.0,90.0,70.0,69.8551,20.0,6.0,1.0,1,1,0.0007629965008980469,True,Bhuvanagiri_HBColny_D (Telangana),Thirumalagiri_Xroad_D (Telangana),IND508116AAA → IND508223AAA,0.13365474493197851
IND209625AAA,IND241124AAB,11,11,1.353846153846154,0.8181818181818182,88.0,65.0,52.1101,295.0,43.0,0.30151134457776363,9,9,0.011254198388246192,True,Farrukhbad_Pnchlght_D (Uttar Pradesh),Shahabad_KDRoad_D (Uttar Pradesh),IND209625AAA → IND241124AAB,0.13361091650183585
IND244713AAA,IND244715AAA,1,1,1.2857142857142858,1.0,45.0,35.0,24.3297,10.0,34.0,1.0,1,1,0.00038149825044902347,True,Kashipur_Vaishali_D (Uttarakhand),Ramnagar_BhwniGnj_D (Uttarakhand),IND244713AAA → IND244715AAA,0.13357614093889567
IND243301AAB,IND244901AAB,10,10,1.3430672268907564,0.8,113.5,85.0,69.70885000000001,734.0,482.5,0.31622776601683794,8,8,0.02800197158295832,True,Aonla_KdidmCLY_D (Uttar Pradesh),Rampur_RoshnBgh_I (Uttar Pradesh),IND243301AAB → IND244901AAB,0.1334919686182156
IND784101AAA,IND790114AAA,1,1,1.28125,1.0,41.0,32.0,35.4602,9.0,47.0,1.0,1,1,0.0003433484254041211,True,Balipara_EragnDPP_D (Assam),Bhalukpong_Khenewa_D (Arunachal Pradesh),IND784101AAA → IND790114AAA,0.13339509704205044
IND673632AAA,IND673104AAA,1,1,1.278688524590164,1.0,78.0,61.0,60.3226,17.0,129.0,1.0,1,1,0.0006485470257633399,True,Kozhikode_Central_H_4 (Kerala),Vadakara_Mandodi_D (Kerala),IND673632AAA → IND673104AAA,0.13335861265596272
IND000000ACB,IND201007AAA,9,9,1.5,0.7777777777777778,123.0,82.0,79.358,351.0,75.0,0.3333333333333333,7,7,0.013390588590760723,True,Gurgaon_Bilaspur_HB (Haryana),GZB_Mohan_Nagar_DPC (Uttar Pradesh),IND000000ACB → IND201007AAA,0.13301378942923864
IND152116AAA,IND152107AAA,1,1,1.2666666666666666,1.0,19.0,15.0,22.495,4.0,32.0,1.0,1,1,0.00015259930017960937,True,Abohar_DC (Punjab),Malout_DC (Punjab),IND152116AAA → IND152107AAA,0.13279006228688833
IND625008AAA,IND625516AAA,1,1,1.25,1.0,150.0,120.0,110.245,30.0,108.0,1.0,1,1,0.0011444947513470703,True,Madurai_Kappalur_H (Tamil Nadu),Cumbum_LFRoad_D (Tamil Nadu),IND625008AAA → IND625516AAA,0.1323478809447658
IND263153AAB,IND263002AAA,13,13,1.2830188679245282,0.7692307692307693,137.0,109.0,88.257,748.0,87.0,0.2773500981126146,10,10,0.028536069133586955,True,Rudrapur_UdhamNgr_H (Uttarakhand),Nainital_Sookhtal_D (Uttarakhand),IND263153AAB → IND263002AAA,0.13219562893033243
IND481661AAA,IND842003AAB,9,9,1.3419689119170986,0.7777777777777778,259.0,171.0,193.4715,1026.0,41.0,0.3333333333333333,7,7,0.03914172049606981,True,Mandla_Mharajpr_D (Madhya Pradesh),Jabalpur_Adhartal_IP (Madhya Pradesh),IND481661AAA → IND842003AAB,0.13218904261428732
IND177101AAA,IND176001AAB,1,1,1.2413793103448276,1.0,72.0,58.0,42.987700000000004,14.0,33.0,1.0,1,1,0.0005340975506286328,True,DehraGopipur_Central_D_1 (Himachal Pradesh),Kangra_Central_D_2 (Himachal Pradesh),IND177101AAA → IND176001AAB,0.13188769125024466
IND624703AAA,IND624619AAA,1,1,1.2352941176470589,1.0,63.0,51.0,51.8253,12.0,10.0,1.0,1,1,0.00045779790053882815,True,Gujiliam_Parai_D (Tamil Nadu),Oddnchtram_Palani_D (Tamil Nadu),IND624703AAA → IND624619AAA,0.13163590694180083
IND384265AAB,IND385340AAB,1,1,1.2280701754385965,1.0,140.0,114.0,104.3309,26.0,7.0,1.0,1,1,0.0009918954511674608,True,Patan_Central_D_2 (Gujarat),Radhanpur_Santalpr_D (Gujarat),IND384265AAB → IND385340AAB,0.13146571339471957
IND581402AAA,IND577201AAA,1,1,1.2240437158469946,1.0,224.0,183.0,145.68269999999998,41.0,20.0,1.0,1,1,0.001564142826840996,True,Sirsi_Vidygiri_D (Karnataka),Shimoga_DC (Karnataka),IND581402AAA → IND577201AAA,0.13142742052087653
IND246761AAA,IND244601AAB,1,1,1.2291666666666667,1.0,59.0,48.0,46.8614,11.0,30.0,1.0,1,1,0.0004196480754939258,True,Dhampur_NaginaRD_D (Uttar Pradesh),Thakurdwara_Fathuluh_D (Uttar Pradesh),IND246761AAA → IND244601AAB,0.13139034370273597
IND571313AAB,IND571440AAA,10,10,1.380851063829787,0.8,63.5,47.0,39.6939,276.0,10.5,0.31622776601683794,8,8,0.010529351712393047,True,Chamarjngr_BrDbleRd_D (Karnataka),Kollegala_NarsipuraRd_D (Karnataka),IND571313AAB → IND571440AAA,0.13135765803006977
IND560060AAB,IND560099AAB,15,15,1.393939393939394,0.7333333333333333,44.0,31.0,31.8402,210.0,20.0,0.2581988897471611,11,11,0.008011463259429492,True,Bengaluru_Kengeri_IP (Karnataka),Bengaluru_Bomsndra_HB (Karnataka),IND560060AAB → IND560099AAB,0.1313466086196301
IND221010AAB,IND232101AAB,1,1,1.2222222222222223,1.0,33.0,27.0,33.2171,6.0,664.0,1.0,1,1,0.00022889895026941408,True,Varanasi_MahmurGj_IP (Uttar Pradesh),MughalSarai_Central_D_2 (Uttar Pradesh),IND221010AAB → IND232101AAB,0.1310816451544704
IND303008AAB,IND303338AAB,5,5,1.5862068965517242,0.8,44.0,29.0,32.7093,68.0,30.0,0.4472135954999579,4,4,0.0025941881030533596,True,Dudu_NrainaRD_D (Rajasthan),Phulera_NarenaRD_D (Rajasthan),IND303008AAB → IND303338AAB,0.13102241836976877
IND465333A1B,IND462022AAA,1,1,1.2169811320754718,1.0,129.0,106.0,109.8823,23.0,41.0,1.0,1,1,0.0008774459760327539,True,IND465333A1B,Bhopal_Trnsport_H (Madhya Pradesh),IND465333A1B → IND462022AAA,0.1310119537904666
IND144001AAB,IND143001AAA,17,17,1.4838709677419355,0.6470588235294118,97.0,65.0,86.4526,481.0,15.0,0.24253562503633297,11,11,0.018350065846598027,True,Jalandhar_DPC (Punjab),Amritsar_DPC (Punjab),IND144001AAB → IND143001AAA,0.13100471736423808
IND676509AAA,IND678583AAA,1,1,1.21875,1.0,39.0,32.0,33.4675,7.0,24.0,1.0,1,1,0.0002670487753143164,True,Malappuram_Munduprm_D (Kerala),Thachnttukra_Nattukal_D (Kerala),IND676509AAA → IND678583AAA,0.1309548072779166
IND110085AAB,IND110087AAA,3,3,2.0,0.6666666666666666,26.0,13.0,11.7553,45.0,15.0,0.5773502691896258,2,2,0.0017167421270206057,True,Delhi_Rohini_DPC (Delhi),Delhi_Paschim_DC (Delhi),IND110085AAB → IND110087AAA,0.13089394785393027
IND263153AAB,IND263645AAA,1,1,1.2115384615384615,1.0,189.0,156.0,111.4422,33.0,144.0,1.0,1,1,0.0012589442264817772,True,Rudrapur_UdhamNgr_H (Uttarakhand),Ranikhet_Subhash_D (Uttarakhand),IND263153AAB → IND263645AAA,0.13087941970237232
IND505001AAB,IND505302AAB,4,4,1.7357954545454546,0.75,56.5,33.0,34.788650000000004,95.0,50.0,0.5,3,3,0.0036242333792657227,True,Karimnagar_KamnHbRD_I (Telangana),Vemulawada_Central_DPP_2 (Telangana),IND505001AAB → IND505302AAB,0.13070432022268832
IND683572AAA,IND680307AAA,13,13,1.375,0.7692307692307693,15.0,11.0,13.4205,99.0,21.0,0.2773500981126146,10,10,0.0037768326794453324,True,Angamaly_CivilStn_D (Kerala),Chalakudy_SurbhiTh_D (Kerala),IND683572AAA → IND680307AAA,0.13066246335114884
IND328001AAA,IND474003AAA,6,6,1.430337861372344,0.8333333333333334,92.5,60.5,63.11065,154.0,14.5,0.4082482904638631,5,5,0.005875073056914961,True,Dholpur_GtRoad_D (Rajasthan),Gwalior_HrihrNgr_I (Madhya Pradesh),IND328001AAA → IND474003AAA,0.13031843577085128
IND494334AAB,IND493445AAB,11,11,1.3896103896103895,0.7272727272727273,230.0,154.0,176.5804,746.0,26.0,0.30151134457776363,8,8,0.02845976948349715,True,Kanker_KrisnKunj_D (Chhattisgarh),Mahasamund_RajpurRD_D (Chhattisgarh),IND494334AAB → IND493445AAB,0.12945245319671375
IND603001AAA,IND603301AAA,13,13,1.5151515151515151,0.6923076923076923,49.0,33.0,37.4867,225.0,14.0,0.2773500981126146,9,9,0.008583710635103027,True,Chennai_Chnglptu_DC (Tamil Nadu),Malemruvathur_Achipkam_D (Tamil Nadu),IND603001AAA → IND603301AAA,0.1293974781973904
IND507123AAA,IND506314AAA,12,12,1.3579328756674294,0.75,153.5,114.0,98.322,429.0,11.5,0.2886751345948129,9,9,0.016366274944263105,True,Yellandu_Sudimala_D (Telangana),Rayaparthi_Perkadrd_D (Telangana),IND507123AAA → IND506314AAA,0.1293378981466746
IND695101AAB,IND691574AAA,20,20,1.2666666666666666,0.7,18.5,14.5,14.50665,72.0,26.0,0.22360679774997896,14,14,0.002746787403232969,True,Attingal_Central_D_2 (Kerala),Kalluvathukal_Pariplly_D (Kerala),IND695101AAB → IND691574AAA,0.128657902773185
IND623704AAA,IND626607AAB,7,7,1.297872340425532,0.8571428571428571,59.0,47.0,48.7821,91.0,8.0,0.3779644730092272,6,6,0.003471634079086113,True,Muthukulathur_VaiklSRT_D (Tamil Nadu),Narikkudi_MukkuRD_D (Tamil Nadu),IND623704AAA → IND626607AAB,0.12839876767129563
IND624619AAA,IND624601AAA,10,10,1.313076923076923,0.8,34.0,25.5,27.20855,76.0,5.5,0.31622776601683794,8,8,0.002899386703412578,True,Oddnchtram_Palani_D (Tamil Nadu),Palani_RjndraRd_D (Tamil Nadu),IND624619AAA → IND624601AAA,0.1271564089150689
IND560099AAB,IND560002AAA,25,25,1.2619047619047619,0.6,42.0,24.0,20.2365,304.0,80.0,0.2,15,15,0.011597546813650312,True,Bengaluru_Bomsndra_HB (Karnataka),Bengaluru_KHRoad_I (Karnataka),IND560099AAB → IND560002AAA,0.12696345301533435
IND151001AAA,IND151103AAA,5,5,1.4814814814814814,0.8,40.0,27.0,28.3837,53.0,27.0,0.4472135954999579,4,4,0.002021940727379824,True,Bhatinda_DPC (Punjab),RampuraPhul_DC (Punjab),IND151001AAA → IND151103AAA,0.12684188851966094
IND321001AAB,IND321001AAA,6,6,1.3452380952380953,0.8333333333333334,39.0,30.0,32.7987,109.0,30.0,0.4082482904638631,5,5,0.004158330929894356,True,Bharatpur_NraynDPP_D (Rajasthan),Bharatpur_DC (Rajasthan),IND321001AAB → IND321001AAA,0.1266634337709085
IND501101AAB,IND509216AAC,5,5,1.4528301886792452,0.8,78.0,52.0,59.220299999999995,116.0,13.0,0.4472135954999579,4,4,0.004425379705208672,True,Vikarabad_Central_DPP_2 (Telangana),Shadnagar_Central_D_1 (Telangana),IND501101AAB → IND509216AAC,0.1262256211104789
IND638501AAB,IND641062AAD,14,14,1.2873027259684362,0.7142857142857143,106.0,75.0,82.28014999999999,472.0,52.0,0.2672612419124244,10,10,0.018006717421193908,True,Anthiyour_TherSRT_D (Tamil Nadu),Coimbatore_Karayam_H (Tamil Nadu),IND638501AAB → IND641062AAD,0.1260311707083287
IND206001AAA,IND000000ACB,20,20,1.264377405002405,0.55,457.5,376.0,458.53165,1612.0,35.0,0.22360679774997896,11,11,0.06149751797238258,True,Etawah_MhraChng_D (Uttar Pradesh),Gurgaon_Bilaspur_HB (Haryana),IND206001AAA → IND000000ACB,0.12567411014338184
IND142401AAA,IND000000ACA,6,6,1.75,0.6666666666666666,38.5,20.5,29.4052,82.0,43.5,0.4082482904638631,4,4,0.003128285653681992,True,Khanna_DC (Punjab),Ludhiana_MilrGanj_HB (Punjab),IND142401AAA → IND000000ACA,0.12548650676626788
IND302014AAB,IND303008AAB,5,5,1.3918918918918919,0.8,103.0,74.0,84.84,153.0,56.0,0.4472135954999579,4,4,0.005836923231870059,True,Jaipur_Central_I_7 (Rajasthan),Dudu_NrainaRD_D (Rajasthan),IND302014AAB → IND303008AAB,0.12415247023365192
IND131028AAB,IND244235AAA,21,21,1.2371794871794872,0.5714285714285714,213.0,187.0,215.156,1106.0,177.0,0.2182178902359924,12,12,0.042193706499662,True,Sonipat_Kundli_H (Haryana),Gajraula_JawaharN_D (Uttar Pradesh),IND131028AAB → IND244235AAA,0.124117846929898
IND591237AAB,IND591201AAA,4,4,1.5681818181818183,0.75,34.5,22.0,24.0228,48.0,12.0,0.5,3,3,0.0018311916021553126,True,Nipani_AkkolRD_D (Karnataka),Chikodi_IndraNgr_D (Karnataka),IND591237AAB → IND591201AAA,0.1238326283204027
IND147001AAB,IND147201AAA,6,6,1.2814814814814814,0.8333333333333334,36.0,28.0,27.1832,49.0,41.5,0.4082482904638631,5,5,0.001869341427200215,True,Patiala (Punjab),Nabha_Sahni_D (Punjab),IND147001AAB → IND147201AAA,0.1237184928994393
IND363641AAA,IND363621AAB,6,6,1.2692307692307692,0.8333333333333334,49.5,39.0,40.8317,64.0,20.5,0.4082482904638631,5,5,0.00244158880287375,True,Morbi_DC (Gujarat),Wankaner_JivanDPP_D (Gujarat),IND363641AAA → IND363621AAB,0.12336115574140663
IND384205AAA,IND383001AAA,11,11,1.328125,0.7272727272727273,87.0,66.0,73.4534,264.0,13.0,0.30151134457776363,8,8,0.010071553811854218,True,Mehsana_Panchot_IP (Gujarat),Himmatnagar_DC (Gujarat),IND384205AAA → IND383001AAA,0.12327853165040706
IND573103AAA,IND577116AAA,5,5,1.3846153846153846,0.8,37.0,26.0,37.5891,51.0,9.0,0.4472135954999579,4,4,0.0019456410772900196,True,Arsikere_HsnRdDPP_D (Karnataka),IND577116AAA,IND573103AAA → IND577116AAA,0.12306843120468718
IND673305AAA,IND673104AAA,14,14,1.2792207792207793,0.7142857142857143,27.0,22.0,20.833599999999997,96.0,11.5,0.2672612419124244,10,10,0.0036623832043106252,True,Koyilandy_Pshrikvu_D (Kerala),Vadakara_Mandodi_D (Kerala),IND673305AAA → IND673104AAA,0.12276213677216827
IND781018AAB,IND781003AAA,7,7,1.8604651162790697,0.5714285714285714,80.0,43.0,43.327400000000004,226.0,69.0,0.3779644730092272,4,4,0.008621860460147929,True,Guwahati_Hub (Assam),Guwahati_Chandmari (Assam),IND781018AAB → IND781003AAA,0.12271321275942446
IND305624AAA,IND305404AAA,8,8,1.349416208791209,0.75,126.0,91.0,79.27029999999999,302.0,44.5,0.35355339059327373,6,6,0.011521247163560507,True,Bijainagar_Central_DPP_1 (Rajasthan),Kekri_LxmntDPP_D (Rajasthan),IND305624AAA → IND305404AAA,0.12267590616202537
IND424006AAA,IND423106AAA,5,5,1.34375,0.8,86.0,64.0,82.0973,113.0,24.0,0.4472135954999579,4,4,0.004310930230073964,True,Dhule_MIDCAvdn_I (Maharashtra),Manmad_Malegaon_D (Maharashtra),IND424006AAA → IND423106AAA,0.12197048086896264
IND712410AAC,IND712406AAA,6,6,1.6375338753387534,0.6666666666666666,62.0,40.5,37.13785,173.0,22.0,0.4082482904638631,4,4,0.006599919732768105,True,Tarkeshwar_Naraynpr_D (West Bengal),Khanakul_Ramnagar_D (West Bengal),IND712410AAC → IND712406AAA,0.12183889309491136
IND816109AAA,IND826004AAA,10,10,1.3228337236533958,0.6,442.5,332.0,310.2656,1848.0,53.5,0.31622776601683794,6,6,0.07050087668297954,True,Sahebganj_BaraLoha_D (Jharkhand),Dhanbad_Kalynpur_I (Jharkhand),IND816109AAA → IND826004AAA,0.12146353306343696
IND209721AAB,IND209625AAA,10,10,1.3820564516129032,0.7,43.5,31.0,28.744349999999997,138.0,19.0,0.31622776601683794,7,7,0.005264675856196523,True,Chhibramau_Bhainpura_D (Uttar Pradesh),Farrukhbad_Pnchlght_D (Uttar Pradesh),IND209721AAB → IND209625AAA,0.12031968365849213
IND465001AAA,IND462022AAA,4,4,1.4229980749518738,0.75,285.5,200.5,194.57325,305.0,266.5,0.5,3,3,0.011635696638695214,True,Shajapur_MhpraRD_D (Madhya Pradesh),Bhopal_Trnsport_H (Madhya Pradesh),IND465001AAA → IND462022AAA,0.12022062297250476
IND585222AAA,IND585211AAA,4,4,1.47,0.75,36.0,25.0,26.246850000000002,54.0,26.5,0.5,3,3,0.0020600905524247267,True,Sedam_DBRCmplx_D (Karnataka),Chittapur_GlbrgaRD_D (Karnataka),IND585222AAA → IND585211AAA,0.12007101328678532
IND781005AAA,IND781018AAB,10,10,1.3523809523809525,0.7,48.0,36.0,35.51365,248.0,51.5,0.31622776601683794,7,7,0.009461156611135781,True,Guwahati_North (Assam),Guwahati_Hub (Assam),IND781005AAA → IND781018AAB,0.12003312287081919
IND636705AAB,IND635001AAA,4,4,1.4489795918367347,0.75,71.0,49.0,53.146950000000004,88.0,13.0,0.5,3,3,0.0033571846039514063,True,Dharmapuri_Central_D_2 (Tamil Nadu),Krishnagiri_BnglorRd_D (Tamil Nadu),IND636705AAB → IND635001AAA,0.11952281999486447
IND723133AAA,IND723130AAA,13,13,1.4318181818181819,0.6153846153846154,63.0,44.0,30.3566,308.0,13.0,0.2773500981126146,8,8,0.011750146113829922,True,Rghunthpur_barkarRd_D (West Bengal),Hura_Central_D_1 (West Bengal),IND723133AAA → IND723130AAA,0.11912482502698069
IND621306AAA,IND625106AAA,12,12,1.3148474178403755,0.6666666666666666,96.0,72.5,73.04339999999999,291.0,22.0,0.2886751345948129,8,8,0.011101599088066582,True,Manapparai_BypassRd_D (Tamil Nadu),Melur_MduraiRD_D (Tamil Nadu),IND621306AAA → IND625106AAA,0.11824841108619673
IND151505AAA,IND151506AAA,5,5,1.7692307692307692,0.6,46.0,27.0,33.994699999999995,84.0,8.0,0.4472135954999579,3,3,0.0032045853037717966,True,Mansa_GreenVly_D (Punjab),Jhunir_BhaRDDPP_D (Punjab),IND151505AAA → IND151506AAA,0.11824824878504359
IND201301AAL,IND201307AAA,5,5,1.263157894736842,0.8,26.0,20.0,19.5069,30.0,137.0,0.4472135954999579,4,4,0.0011444947513470703,True,Dadri_ICDCant_D (Uttar Pradesh),Noida_Chukhndi_D (Uttar Pradesh),IND201301AAL → IND201307AAA,0.11819164984978697
IND757041AAA,IND756019AAA,4,4,1.3389830508474576,0.75,79.0,59.0,58.19295,424.0,323.0,0.5,3,3,0.016175525819038594,True,Udala_NagplDPP_D (Orissa),Balasore_Ganeshwr_D (Orissa),IND757041AAA → IND756019AAA,0.11789680696889865
IND600056AAB,IND600044AAD,7,7,1.3846153846153846,0.7142857142857143,60.0,41.0,40.5761,114.0,142.0,0.3779644730092272,5,5,0.004349080055118867,True,MAA_Poonamallee_HB (Tamil Nadu),Chennai_Chrompet_DPC (Tamil Nadu),IND600056AAB → IND600044AAD,0.1176588744563472
IND712311AAA,IND826004AAA,7,7,1.273109243697479,0.7142857142857143,319.0,238.0,343.3144,629.0,175.0,0.3779644730092272,5,5,0.023996239953243573,True,Kolkata_Dankuni_HB (West Bengal),Dhanbad_Kalynpur_I (Jharkhand),IND712311AAA → IND826004AAA,0.11738131084036757
IND487001AAA,IND487551AAA,4,4,1.3765032377428308,0.75,64.0,45.5,50.05915,69.0,2.5,0.5,3,3,0.0026323379280982617,True,Narsingpur_JrjolDPP_D (Madhya Pradesh),Gadarwara_MPward_D (Madhya Pradesh),IND487001AAA → IND487551AAA,0.11656188970608837
IND384170AAA,IND384265AAB,12,12,1.3049242424242424,0.6666666666666666,30.0,24.0,26.787100000000002,107.0,4.5,0.2886751345948129,8,8,0.004082031279804551,True,Unjha_DC (Gujarat),Patan_Central_D_2 (Gujarat),IND384170AAA → IND384265AAB,0.11641714684301888
IND184104AAA,IND184121AAA,3,3,1.6153846153846154,0.6666666666666666,63.0,39.0,43.1068,54.0,18.0,0.5773502691896258,2,2,0.0020600905524247267,True,Kathua_BOB_D (Jammu & Kashmir),Samba_Wardno13_D (Jammu & Kashmir),IND184104AAA → IND184121AAA,0.11604426704452184
IND403726AAB,IND403002AAA,4,4,1.3478260869565217,0.75,31.0,23.0,16.117150000000002,42.0,131.0,0.5,3,3,0.0016022926518858983,True,Goa_ZuariNgr_IP (Goa),Central Goa (Goa),IND403726AAB → IND403002AAA,0.1152371832477096
IND382421AAA,IND382721AAA,14,14,1.2678571428571428,0.6428571428571429,20.0,16.0,16.205550000000002,73.0,23.5,0.2672612419124244,9,9,0.0027849372282778713,True,Gandhinagar_DC (Gujarat),Gandhinagar_Kalol_DC (Gujarat),IND382421AAA → IND382721AAA,0.11499765972421744
IND134203AAA,IND140501AAA,14,14,1.2276470588235293,0.6428571428571429,63.0,51.0,54.2517,240.0,33.0,0.2672612419124244,9,9,0.009155958010776562,True,Naraingarh_Ward2DPP_D (Haryana),Lalru_OnkarDPP_D (Punjab),IND134203AAA → IND140501AAA,0.11475047245912119
IND383255AAB,IND384205AAA,9,9,1.2892561983471074,0.6666666666666666,156.0,115.0,114.3172,475.0,83.0,0.3333333333333333,6,6,0.018121166896328613,True,Khedbrahma_Patelfli_D (Gujarat),Mehsana_Panchot_IP (Gujarat),IND383255AAB → IND384205AAA,0.11470196173375126
IND742223AAA,IND742226AAA,17,17,1.2325581395348837,0.5882352941176471,52.0,43.0,45.591300000000004,307.0,55.0,0.24253562503633297,10,10,0.011711996288785019,True,Jangipur_Central_D_1 (West Bengal),Sagardighi_UtBzrDPP_D (West Bengal),IND742223AAA → IND742226AAA,0.1140054504009051
IND854334AAA,IND852118A1B,7,7,1.2857142857142858,0.7142857142857143,27.0,21.0,23.1547,38.0,19.0,0.3779644730092272,5,5,0.001449693351706289,True,Raniganj_Central_DPP_1 (Bihar),IND852118A1B,IND854334AAA → IND852118A1B,0.11322480354809908
IND518206AAA,IND518222AAA,4,4,1.281060606060606,0.75,57.0,43.5,35.96965,64.0,18.0,0.5,3,3,0.00244158880287375,True,Betamcherla_CmtNgRod_D (Andhra Pradesh),Dhone_RmNyrDPP_D (Andhra Pradesh),IND518206AAA → IND518222AAA,0.11282007182532271
IND628204AAA,IND627657AAA,17,17,1.2142857142857142,0.5882352941176471,51.0,42.0,42.212,187.0,13.0,0.24253562503633297,10,10,0.007134017283396739,True,Tirchchndr_Shnmgprm_D (Tamil Nadu),Thisayanvilai_UdnkdiRD_D (Tamil Nadu),IND628204AAA → IND627657AAA,0.112353358400969
IND690548AAA,IND688009AAA,15,15,1.2580645161290323,0.6,38.0,31.0,28.1432,153.0,25.0,0.2581988897471611,9,9,0.005836923231870059,True,Haripad_Kumrpurm_D (Kerala),Alappuzha_Pazhvedu_D (Kerala),IND690548AAA → IND688009AAA,0.11229422433480533
IND689101AAA,IND689650AAA,6,6,1.4142857142857141,0.6666666666666666,20.5,14.5,16.1166,42.0,43.5,0.4082482904638631,4,4,0.0016022926518858983,True,Tiruvalla_TKRoad_D (Kerala),Kozhenchery_Cherukole_D (Kerala),IND689101AAA → IND689650AAA,0.11214869177915814
IND282001AAA,IND110037AAM,7,7,1.4672897196261683,0.5714285714285714,322.0,215.0,252.6115,800.0,94.0,0.3779644730092272,4,4,0.030519860035921872,True,Agra_Idgah_P (Uttar Pradesh),Delhi_Airport_H (Delhi),IND282001AAA → IND110037AAM,0.11197258812670707
IND636016AAA,IND637211AAA,15,15,1.2363636363636363,0.6,68.0,55.0,47.7851,189.0,25.0,0.2581988897471611,9,9,0.007210316933486544,True,Salem (Tamil Nadu),Tirchngode_Mhdhvpur_D (Tamil Nadu),IND636016AAA → IND637211AAA,0.11173535423624598
IND571438AAB,IND571401AAA,9,9,1.2903225806451613,0.6666666666666666,40.0,30.0,24.7471,70.0,11.0,0.3333333333333333,6,6,0.002670487753143164,True,Srirangapatna_Bburynkpl_D (Karnataka),Mandya_Dc (Karnataka),IND571438AAB → IND571401AAA,0.1115598682926997
IND312001AAA,IND312601AAA,6,6,1.3706896551724137,0.6666666666666666,81.0,58.0,50.39765,114.0,14.0,0.4082482904638631,4,4,0.004349080055118867,True,Chittaurgarh_DC (Rajasthan),Nimbahera_MsjidDPP_D (Rajasthan),IND312001AAA → IND312601AAA,0.11102341409823524
IND614804AAA,IND614616AAA,16,16,1.2962962962962963,0.5625,34.5,27.0,25.3667,110.0,19.0,0.25,9,9,0.004196480754939258,True,Peravurani_SH71_D (Tamil Nadu),Aranthangi_HsptlRod_D (Tamil Nadu),IND614804AAA → IND614616AAA,0.11102268990092284
IND560027AAA,IND560099AAA,4,4,1.8680555555555556,0.5,46.0,22.5,19.7179,74.0,99.5,0.5,2,2,0.0028230870533227734,True,Blr_Domlur (Karnataka),Bengaluru_Bomsndra_PC (Karnataka),IND560027AAA → IND560099AAA,0.11067003161777861
IND480661AAA,IND481661AAA,6,6,1.3148209549071619,0.6666666666666666,144.5,116.0,117.21005,212.0,26.5,0.4082482904638631,4,4,0.008087762909519297,True,Seoni_Kidwai_D (Madhya Pradesh),Mandla_Mharajpr_D (Madhya Pradesh),IND480661AAA → IND481661AAA,0.10962641296153652
IND626117AAA,IND626138AAA,9,9,1.24,0.6666666666666666,32.0,25.0,20.7746,54.0,23.0,0.3333333333333333,6,6,0.0020600905524247267,True,Rajpalayam_AshkTalk_D (Tamil Nadu),Maharajapuram_Krsnakcl_D (Tamil Nadu),IND626117AAA → IND626138AAA,0.10948193282701518
IND581303AAA,IND581400AAB,12,12,1.3364583333333333,0.5833333333333334,52.5,47.0,49.7794,128.0,13.0,0.2886751345948129,7,7,0.0048831776057475,True,Karwar_Central_D_1 (Karnataka),Mallapur_ShtDRDPP_D (Karnataka),IND581303AAA → IND581400AAB,0.10947218714594323
IND384265AAB,IND385320AAA,11,11,1.2125,0.6363636363636364,98.0,81.0,78.2801,212.0,17.0,0.30151134457776363,7,7,0.008087762909519297,True,Patan_Central_D_2 (Gujarat),Bhabhar_TirupDPP_D (Gujarat),IND384265AAB → IND385320AAA,0.10929342920926026
IND160002AAC,IND140901AAA,21,21,1.2,0.47619047619047616,68.0,56.0,49.418,571.0,51.0,0.2182178902359924,10,10,0.02178355010063924,False,Chandigarh_Mehmdpur_H (Punjab),Chandigarh_Mullanpr_DC (Chandigarh),IND160002AAC → IND140901AAA,0.10894641608384838
IND263139AAA,IND263153AAB,6,6,1.289309807991697,0.6666666666666666,56.5,41.5,35.54925,200.0,773.0,0.4082482904638631,4,4,0.007629965008980468,True,Haldwani_PiliKoti_D (Uttarakhand),Rudrapur_UdhamNgr_H (Uttarakhand),IND263139AAA → IND263153AAB,0.1085424316084613
IND262001AAA,IND262122AAB,6,6,1.293103448275862,0.6666666666666666,75.0,58.0,44.18445,109.0,17.5,0.4082482904638631,4,4,0.004158330929894356,True,Pilibhit_ViksClny_D (Uttar Pradesh),Puranpur_MdothdRD_D (Uttar Pradesh),IND262001AAA → IND262122AAB,0.10797430235139654
IND605601AAA,IND636102AAA,6,6,1.267818339852238,0.6666666666666666,149.0,118.0,143.111,218.0,26.5,0.4082482904638631,4,4,0.008316661859788712,True,Villupuram_Thirumtr_IP (Tamil Nadu),Attur_KaaduRd_D (Tamil Nadu),IND605601AAA → IND636102AAA,0.10785019804922108
IND484001AAA,IND484224AAA,3,3,1.4047619047619047,0.6666666666666666,59.0,42.0,46.9012,35.0,22.0,0.5773502691896258,2,2,0.001335243876571582,True,Shahdol_Sohagpur_D (Madhya Pradesh),Anuppur_JthriDPP_DC (Madhya Pradesh),IND484001AAA → IND484224AAA,0.10772421085592132
IND560300AAA,IND560085AAA,18,18,1.2621621621621621,0.5,53.0,45.0,40.3664,310.0,75.5,0.23570226039551587,9,9,0.011826445763919727,True,Bengaluru_KGAirprt_HB (Karnataka),Bengaluru_Banshkri_DC (Karnataka),IND560300AAA → IND560085AAA,0.10768726743266369
IND484446AAA,IND842003AAB,3,3,1.3370786516853932,0.6666666666666666,476.0,356.0,321.6222,292.0,28.0,0.5773502691896258,2,2,0.011139748913111485,True,Dola_ChainDPP_D (Madhya Pradesh),Jabalpur_Adhartal_IP (Madhya Pradesh),IND484446AAA → IND842003AAB,0.1071186900398376
IND627005AAA,IND628801AAA,17,17,1.2033898305084745,0.5294117647058824,70.0,58.0,63.5777,276.0,46.0,0.24253562503633297,9,9,0.010529351712393047,True,Tirunelveli_VdkkuSrt_I (Tamil Nadu),Eral_Busstand_D (Tamil Nadu),IND627005AAA → IND628801AAA,0.10674789585169901
IND560099AAB,IND632006AAA,8,8,1.2355422772039395,0.625,233.0,185.5,199.767,418.0,35.5,0.35355339059327373,5,5,0.01594662686876918,True,Bengaluru_Bomsndra_HB (Karnataka),Vellore_GndhiNgr_IP (Tamil Nadu),IND560099AAB → IND632006AAA,0.10667018927365957
IND333001AAA,IND333028AAA,3,3,1.3555555555555556,0.6666666666666666,51.0,41.0,36.0087,38.0,14.0,0.5773502691896258,2,2,0.001449693351706289,True,Jhunjhunu_DC (Rajasthan),Sultana_Central_DPP_1 (Rajasthan),IND333001AAA → IND333028AAA,0.10583892505877229
IND518222AAA,IND518002AAA,5,5,1.4423076923076923,0.6,56.0,41.0,54.9917,84.0,131.0,0.4472135954999579,3,3,0.0032045853037717966,True,Dhone_RmNyrDPP_D (Andhra Pradesh),Kurnool_AbbasNgr_I (Andhra Pradesh),IND518222AAA → IND518002AAA,0.10556588804233802
IND600056AAB,IND635802AAB,3,3,1.328,0.6666666666666666,166.0,129.0,158.7255,102.0,100.0,0.5773502691896258,2,2,0.003891282154580039,True,MAA_Poonamallee_HB (Tamil Nadu),Ambur_Central_D_2 (Tamil Nadu),IND600056AAB → IND635802AAB,0.10527302509726114
IND160055AAA,IND160002AAC,21,21,1.1578947368421053,0.47619047619047616,45.0,40.0,33.5366,292.0,47.0,0.2182178902359924,10,10,0.011139748913111485,False,Chandigarh_Mohali (Chandigarh),Chandigarh_Mehmdpur_H (Punjab),IND160055AAA → IND160002AAC,0.10511997084743581
IND560300AAA,IND560043AAC,33,33,1.032258064516129,0.36363636363636365,38.0,45.0,41.5848,281.0,42.0,0.17407765595569785,12,12,0.010720100837617558,False,Bengaluru_KGAirprt_HB (Karnataka),HBR Layout PC (Karnataka),IND560300AAA → IND560043AAC,0.1049042587731947
IND632006AAA,IND635802AAB,3,3,1.3255813953488371,0.6666666666666666,57.0,43.0,46.4095,33.0,137.0,0.5773502691896258,2,2,0.0012589442264817772,True,Vellore_GndhiNgr_IP (Tamil Nadu),Ambur_Central_D_2 (Tamil Nadu),IND632006AAA → IND635802AAB,0.10463683236455644
IND321001AAA,IND321401AAB,10,10,1.2360150848522942,0.6,46.5,38.5,41.85375,92.0,11.0,0.31622776601683794,6,6,0.0035097839041310155,True,Bharatpur_DC (Rajasthan),Bayana_LalBagh_D (Rajasthan),IND321001AAA → IND321401AAB,0.10429270744183913
IND562132AAA,IND572101AAA,3,3,1.3076923076923077,0.6666666666666666,68.0,54.0,60.0142,43.0,63.0,0.5773502691896258,2,2,0.0016404424769308008,True,Bangalore_Nelmngla_H (Karnataka),Tumkur_Veersagr_I (Karnataka),IND562132AAA → IND572101AAA,0.10402146312958427
IND140406AAA,IND140401AAA,7,7,1.4074074074074074,0.5714285714285714,38.0,32.0,34.4563,54.0,19.0,0.3779644730092272,4,4,0.0020600905524247267,True,SirhindFatehgarh_DC (Punjab),Rajpura_DC (Punjab),IND140406AAA → IND140401AAA,0.10378570951010223
IND246174AAA,IND246444AAB,16,16,1.2084191260581103,0.5,113.0,93.0,62.61,406.0,47.5,0.25,8,8,0.015488828968230351,True,SrinagarUK_Srikot_D (Uttarakhand),Karnaprayag_Umalodge_D (Uttarakhand),IND246174AAA → IND246444AAB,0.10369033994038344
IND332001AAB,IND333001AAA,3,3,1.293103448275862,0.6666666666666666,75.0,58.0,64.1647,48.0,24.0,0.5773502691896258,2,2,0.0018311916021553126,True,Sikar_FatehpRd_I (Rajasthan),Jhunjhunu_DC (Rajasthan),IND332001AAB → IND333001AAA,0.10349481799359117
IND244412AAA,IND244901AAB,3,3,1.2658227848101267,0.6666666666666666,159.0,143.0,123.38940000000001,117.0,514.0,0.5773502691896258,2,2,0.0044635295302535745,True,Chandausi_Ganesh_D (Uttar Pradesh),Rampur_RoshnBgh_I (Uttar Pradesh),IND244412AAA → IND244901AAB,0.10297888394589895
IND322001AAC,IND302014AAB,3,3,1.2515337423312884,0.6666666666666666,204.0,164.0,158.4837,139.0,20.0,0.5773502691896258,2,2,0.005302825681241426,True,SawaiMadhopur_Central_DPP_1 (Rajasthan),Jaipur_Central_I_7 (Rajasthan),IND322001AAC → IND302014AAB,0.10259749642762284
IND282002AAD,IND474003AAA,9,9,1.2534246575342465,0.5555555555555556,186.0,154.0,157.3829,497.0,97.0,0.3333333333333333,5,5,0.018960463047316464,True,IND282002AAD,Gwalior_HrihrNgr_I (Madhya Pradesh),IND282002AAD → IND474003AAA,0.10237376273795798
IND678683AAA,IND000000ABD,13,13,1.2222222222222223,0.5384615384615384,41.0,34.0,32.2485,136.0,35.0,0.2773500981126146,7,7,0.005188376206106719,True,Vadakkencherry_Robinson_D (Kerala),Pallakad_ChndrNgr_D (Kerala),IND678683AAA → IND000000ABD,0.1019496509107013
IND423601AAA,IND413709AAA,3,3,1.2452830188679245,0.6666666666666666,66.0,54.0,38.0506,72.0,27.0,0.5773502691896258,2,2,0.002746787403232969,True,Kopargaon_NkshtrPz_D (Maharashtra),Shrirampur_DavkharRd_D (Maharashtra),IND423601AAA → IND413709AAA,0.10182836471202691
IND413709AAA,IND423109AAA,13,13,1.2142857142857142,0.5384615384615384,51.0,43.0,42.7791,150.0,29.0,0.2773500981126146,7,7,0.005722473756735352,True,Shrirampur_DavkharRd_D (Maharashtra),Shirdi_SaiBansi_D (Maharashtra),IND413709AAA → IND423109AAA,0.10175181472761825
IND184121AAA,IND184104AAA,3,3,1.236842105263158,0.6666666666666666,47.0,38.0,41.0848,50.0,22.0,0.5773502691896258,2,2,0.001907491252245117,True,Samba_Wardno13_D (Jammu & Kashmir),Kathua_BOB_D (Jammu & Kashmir),IND184121AAA → IND184104AAA,0.10132798669257698
IND110085AAB,IND110039AAA,4,4,1.6214285714285714,0.5,28.5,17.0,14.835999999999999,47.0,21.0,0.5,2,2,0.00179304177711041,True,Delhi_Rohini_DPC (Delhi),Delhi_Barwala (Delhi),IND110085AAB → IND110039AAA,0.10089037472808052
IND272001AAA,IND273014AAB,5,5,1.305263157894737,0.6,124.0,99.0,137.30360000000002,147.0,44.0,0.4472135954999579,3,3,0.005608024281600644,True,Basti_GndhiNgr_D (Uttar Pradesh),Gorakhpur_Matriprm_IP (Uttar Pradesh),IND272001AAA → IND273014AAB,0.10074471039825737
IND246763AAA,IND244901AAB,3,3,1.2032085561497325,0.6666666666666666,227.0,187.0,194.6831,129.0,398.0,0.5773502691896258,2,2,0.004921327430792402,True,Najibabad_KotdwrRD_D (Uttar Pradesh),Rampur_RoshnBgh_I (Uttar Pradesh),IND246763AAA → IND244901AAB,0.1006442084878417
IND638452AAA,IND638501AAB,3,3,1.2173913043478262,0.6666666666666666,28.0,23.0,22.7245,20.0,20.0,0.5773502691896258,2,2,0.0007629965008980469,True,Gobicheti_Ward25_D (Tamil Nadu),Anthiyour_TherSRT_D (Tamil Nadu),IND638452AAA → IND638501AAB,0.10033761778126814
IND577101AAA,IND577116AAA,2,2,1.6604166666666667,0.5,43.0,30.5,35.97675,25.0,1.5,0.7071067811865475,1,1,0.0009537456261225585,True,Chikmagalur_DC (Karnataka),IND577116AAA,IND577101AAA → IND577116AAA,0.09956324848845424
IND209304AAA,IND208012AAA,21,21,1.037037037037037,0.47619047619047616,34.0,27.0,36.6229,162.0,112.0,0.2182178902359924,10,10,0.006180271657274179,False,Kanpur_Central_H_6 (Uttar Pradesh),Kanpur_Central_D_7 (Uttar Pradesh),IND209304AAA → IND208012AAA,0.0994096736863001
IND474003AAA,IND000000ACB,26,26,1.0722943722943723,0.3076923076923077,425.0,391.5,400.83195,1248.0,77.5,0.19611613513818404,8,8,0.04761098165603813,False,Gwalior_HrihrNgr_I (Madhya Pradesh),Gurgaon_Bilaspur_HB (Haryana),IND474003AAA → IND000000ACB,0.09913065860589564
IND341505AAA,IND341503AAB,12,12,1.2056074766355138,0.5,129.0,107.0,79.36325,332.0,44.5,0.2886751345948129,6,6,0.01266574191490758,True,Makrana_Mwalibad_D (Rajasthan),Degana_BhukrdPP_D (Rajasthan),IND341505AAA → IND341503AAB,0.09766626445132597
IND383315AAC,IND383255AAB,12,12,1.2141304347826085,0.5,109.0,90.5,92.05835,275.0,3.0,0.2886751345948129,6,6,0.010491201887348145,True,Modasa_Central_D_1 (Gujarat),Khedbrahma_Patelfli_D (Gujarat),IND383315AAC → IND383255AAB,0.0975488536878393
IND695582AAA,IND695101AAB,19,19,1.2,0.42105263157894735,26.0,21.0,19.5126,143.0,28.0,0.22941573387056174,8,8,0.005455424981421035,False,Kazhakkoottam_Rdiosttn_D (Kerala),Attingal_Central_D_2 (Kerala),IND695582AAA → IND695101AAB,0.09740171405208291
IND152101AAA,IND152026AAA,2,2,1.597826086956522,0.5,73.5,46.0,34.68075,55.0,580.0,0.7071067811865475,1,1,0.002098240377469629,True,Giddarbaha_DC (Punjab),Muktsar_DPC (Punjab),IND152101AAA → IND152026AAA,0.09737097763411959
IND403726AAB,IND403507AAA,5,5,1.2121212121212122,0.6,40.0,33.0,26.7027,45.0,90.0,0.4472135954999579,3,3,0.0017167421270206057,True,Goa_ZuariNgr_IP (Goa),Panaji Goa (Goa),IND403726AAB → IND403507AAA,0.09632968453104626
IND506002AAA,IND506132AAA,20,20,1.1408730158730158,0.4,41.5,35.0,34.4353,173.0,48.5,0.22360679774997896,8,8,0.006599919732768105,False,Warangal_HunterRd_I (Telangana),Khanpur_Nrsampt_D (Telangana),IND506002AAA → IND506132AAA,0.0945718769949474
IND422011AAD,IND423109AAA,2,2,1.5158476658476658,0.5,130.5,92.0,119.1968,77.0,45.5,0.7071067811865475,1,1,0.0029375365284574806,True,Nashik_TgrniaRD_I (Maharashtra),Shirdi_SaiBansi_D (Maharashtra),IND422011AAD → IND423109AAA,0.09436370904829969
IND605010AAB,IND604303AAA,4,4,1.428141308711361,0.5,72.5,50.0,34.0346,113.0,29.0,0.5,2,2,0.004310930230073964,True,Pondicherry_Vasanthm_I (Pondicherry),Marakkanam_MJRDPP_D (Tamil Nadu),IND605010AAB → IND604303AAA,0.0939109483046045
IND263002AAA,IND263645AAA,13,13,1.1794871794871795,0.46153846153846156,102.0,84.0,55.6147,266.0,32.0,0.2773500981126146,6,6,0.010147853461944023,False,Nainital_Sookhtal_D (Uttarakhand),Ranikhet_Subhash_D (Uttarakhand),IND263002AAA → IND263645AAA,0.09362137019478362
IND363520AAC,IND363001AAA,13,13,1.1914893617021276,0.46153846153846156,58.0,48.0,58.0517,147.0,34.0,0.2773500981126146,6,6,0.005608024281600644,False,Chotila_Central_D_2 (Gujarat),Surendranagar_DC (Gujarat),IND363520AAC → IND363001AAA,0.09315158457336725
IND524201AAA,IND523002AAA,18,18,1.1622989874925551,0.3333333333333333,78.5,68.5,89.0292,765.0,312.5,0.23570226039551587,6,6,0.02918461615935029,False,Kavali_Kacheri_D (Andhra Pradesh),Ongole_SubhVRTL_I (Andhra Pradesh),IND524201AAA → IND523002AAA,0.09072307998563531
IND505001AAB,IND503111AAC,2,2,1.412878787878788,0.5,125.5,89.0,98.46465,73.0,103.5,0.7071067811865475,1,1,0.0027849372282778713,True,Karimnagar_KamnHbRD_I (Telangana),Kamareddy_Devenply_I (Telangana),IND505001AAB → IND503111AAC,0.09033778511606698
IND201001AAC,IND110037AAM,2,2,1.4026013309134906,0.5,80.5,57.5,47.85105,46.0,102.0,0.7071067811865475,1,1,0.0017548919520655078,True,Ghaziabad_Central_L_8 (Uttar Pradesh),Delhi_Airport_H (Delhi),IND201001AAC → IND110037AAM,0.08972685988350329
IND470117AAA,IND470227AAB,6,6,1.219890510948905,0.5,166.5,137.0,169.90425,213.0,23.0,0.4082482904638631,3,3,0.0081259127345642,True,Khurai_Talaiya_D (Madhya Pradesh),Rehli_Ward7DPP_D (Madhya Pradesh),IND470117AAA → IND470227AAB,0.08928496016131474
IND132103AAB,IND132001AAA,2,2,1.3885618166526492,0.5,47.0,35.0,44.35595,24.0,18.0,0.7071067811865475,1,1,0.0009155958010776563,True,Panipat_PC (Haryana),Karnal (Haryana),IND132103AAB → IND132001AAA,0.08900929476963666
IND641654AAA,IND641664AAA,11,11,1.1875,0.45454545454545453,36.0,31.0,33.5536,61.0,9.0,0.30151134457776363,5,5,0.0023271393277390427,False,Avinashi_Valluvar_D (Tamil Nadu),Tirpur_Palladam_DC (Tamil Nadu),IND641654AAA → IND641664AAA,0.08895486314568415
IND504293AAA,IND504208AAB,2,2,1.376653439153439,0.5,75.5,55.0,60.62935,41.0,58.0,0.7071067811865475,1,1,0.001564142826840996,True,Asifabad_PaikjNGR_D (Telangana),Mancherial_Hitech_D (Telangana),IND504293AAA → IND504208AAB,0.08868095863764952
IND384205AAA,IND384170AAA,6,6,1.2142857142857144,0.5,35.0,28.0,28.23955,70.0,21.0,0.4082482904638631,3,3,0.002670487753143164,True,Mehsana_Panchot_IP (Gujarat),Unjha_DC (Gujarat),IND384205AAA → IND384170AAA,0.08794349560346829
IND781018AAB,IND781005AAA,6,6,1.2080851063829787,0.5,59.0,48.0,45.10875,98.0,118.5,0.4082482904638631,3,3,0.00373868285440043,True,Guwahati_Hub (Assam),Guwahati_North (Assam),IND781018AAB → IND781005AAA,0.08792304596028724
IND207001AAA,IND207302AAA,6,6,1.2016625615763545,0.5,67.5,57.5,40.75735,59.0,43.5,0.4082482904638631,3,3,0.0022508396776492385,True,Etah_CivlLine_D (Uttar Pradesh),Jalesar_ChngiDPP_D (Uttar Pradesh),IND207001AAA → IND207302AAA,0.08736733994217957
IND480886AAA,IND480001AAA,6,6,1.1718196457326893,0.5,154.5,135.5,144.01895000000002,177.0,3.5,0.4082482904638631,3,3,0.006752519032947714,False,Lakhnadon_Central_DPP_1 (Madhya Pradesh),Chhindwara_NagpurRd_D (Madhya Pradesh),IND480886AAA → IND480001AAA,0.0871371677390357
IND247554AAA,IND248001AAD,2,2,1.2969461697722569,0.5,180.5,139.0,105.6651,83.0,46.5,0.7071067811865475,1,1,0.003166435478726895,True,Deoband_Ramvlg_D (Uttar Pradesh),Dehradun_Nirjanpur_L (Uttarakhand),IND247554AAA → IND248001AAD,0.08591900306191369
IND826004AAA,IND821115AAB,4,4,1.184114833386678,0.5,390.5,334.0,425.38985,247.0,90.5,0.5,2,2,0.009423006786090878,False,Dhanbad_Kalynpur_I (Jharkhand),Sasaram_Central_I_2 (Bihar),IND826004AAA → IND821115AAB,0.0854976975105261
IND505302AAB,IND505326AAB,4,4,1.2222222222222223,0.5,66.0,54.0,50.42355,52.0,23.5,0.5,2,2,0.0019837909023349217,True,Vemulawada_Central_DPP_2 (Telangana),IND505326AAB,IND505302AAB → IND505326AAB,0.0854432235226515
IND209304AAA,IND211002AAB,21,21,1.0793650793650793,0.2857142857142857,240.0,218.0,305.8953,584.0,206.0,0.2182178902359924,6,6,0.02227949782622297,False,Kanpur_Central_H_6 (Uttar Pradesh),Allahabad_Central_H_1 (Uttar Pradesh),IND209304AAA → IND211002AAB,0.08532117927157203
IND614715AAA,IND614809AAA,17,17,1.1346153846153846,0.35294117647058826,56.0,50.0,58.9915,123.0,10.0,0.24253562503633297,6,6,0.004692428480522988,False,Thirthurpondi_Madaprum_D (Tamil Nadu),Pushpavanam_Thmpulam_D (Tamil Nadu),IND614715AAA → IND614809AAA,0.08523022173987353
IND560300AAA,IND560002AAA,20,20,1.143939393939394,0.3,38.0,32.0,32.06155,217.0,59.0,0.22360679774997896,6,6,0.008278512034743809,False,Bengaluru_KGAirprt_HB (Karnataka),Bengaluru_KHRoad_I (Karnataka),IND560300AAA → IND560002AAA,0.08503668888605247
IND624001AAA,IND624703AAA,2,2,1.2857142857142856,0.5,45.0,35.0,38.69215,20.0,29.0,0.7071067811865475,1,1,0.0007629965008980469,True,Dindigul_Central_D_1 (Tamil Nadu),Gujiliam_Parai_D (Tamil Nadu),IND624001AAA → IND624703AAA,0.08498807826531184
IND312601AAA,IND458664AAA,6,6,1.125,0.5,63.5,49.5,44.741,39.0,10.0,0.4082482904638631,3,3,0.0014878431767511916,False,Nimbahera_MsjidDPP_D (Rajasthan),Neemuch_KarjuDPP_D (Madhya Pradesh),IND312601AAA → IND458664AAA,0.08423615327417254
IND383001AAA,IND383315AAC,13,13,1.16,0.38461538461538464,50.0,43.0,48.6321,124.0,14.0,0.2773500981126146,5,5,0.0047305783055678905,False,Himmatnagar_DC (Gujarat),Modasa_Central_D_1 (Gujarat),IND383001AAA → IND383315AAC,0.0840569176309382
IND628613AAA,IND627005AAA,14,14,1.1689226266691055,0.35714285714285715,83.0,71.0,72.21245,226.0,10.5,0.2672612419124244,5,5,0.008621860460147929,False,Peikulam_SriVnktpm_D (Tamil Nadu),Tirunelveli_VdkkuSrt_I (Tamil Nadu),IND628613AAA → IND627005AAA,0.08379089532586881
IND335703AAA,IND335701AAA,9,9,1.1290322580645162,0.4444444444444444,36.0,30.0,34.0433,106.0,16.0,0.3333333333333333,4,4,0.004043881454759648,False,Srivijaynagar_BhwanDPP_D (Rajasthan),Anupgarh_PrmNrDPP_D (Rajasthan),IND335703AAA → IND335701AAA,0.08336366827649899
IND273014AAB,IND273304AAA,2,2,1.2277181208053691,0.5,183.5,149.5,144.4883,68.0,73.5,0.7071067811865475,1,1,0.0025941881030533596,True,Gorakhpur_Matriprm_IP (Uttar Pradesh),Nichlaul_Wardno13_D (Uttar Pradesh),IND273014AAB → IND273304AAA,0.08311552620719465
IND202001AAB,IND207123AAA,2,2,1.211210015921262,0.5,144.5,120.5,127.0029,48.0,199.0,0.7071067811865475,1,1,0.0018311916021553126,True,Aligarh_KhirByps_I (Uttar Pradesh),Kasganj_BnkrGate_D (Uttar Pradesh),IND202001AAB → IND207123AAA,0.08231791760052479
IND284403AAA,IND472001AAA,2,2,1.1979245283018867,0.5,123.5,103.0,80.10585,41.0,46.5,0.7071067811865475,1,1,0.001564142826840996,False,Lalitpur_RjghatRd_D (Uttar Pradesh),Tikamgarh_MndiRoad_D (Madhya Pradesh),IND284403AAA → IND472001AAA,0.08174750950978758
IND335803AAA,IND335804AAD,7,7,1.2,0.42857142857142855,25.0,22.0,24.072,62.0,8.0,0.3779644730092272,3,3,0.0023652891527839452,False,Pilibanga_BsstdDPP_D (Rajasthan),Suratgarh_Central_DPP_2 (Rajasthan),IND335803AAA → IND335804AAD,0.08151690140735995
IND141109AAA,IND000000ACA,18,18,1.035024154589372,0.3333333333333333,73.0,72.0,51.69955,200.0,37.0,0.23570226039551587,6,6,0.007629965008980468,False,Raikot_DC (Punjab),Ludhiana_MilrGanj_HB (Punjab),IND141109AAA → IND000000ACA,0.08134456861727915
IND232104AAB,IND233221AAC,2,2,1.1818327330932372,0.5,142.0,116.0,112.114,52.0,73.5,0.7071067811865475,1,1,0.0019837909023349217,False,Chandauli_ShubsNGR_D (Uttar Pradesh),Aunrihar_Central_D_1 (Uttar Pradesh),IND232104AAB → IND233221AAC,0.0812097232259811
IND721139AAC,IND721602AAB,2,2,1.1748251748251748,0.5,168.0,143.0,131.85165,55.0,43.5,0.7071067811865475,1,1,0.002098240377469629,False,Panskura_Central_D_3 (West Bengal),Haldia_Central_D_2 (West Bengal),IND721139AAC → IND721602AAB,0.0809614594910932
IND506343AAA,IND506169AAB,2,2,1.177526595744681,0.5,56.0,47.5,41.999399999999994,17.0,20.0,0.7071067811865475,1,1,0.0006485470257633399,False,Mulugu_LaxmiNGR_D (Telangana),Bhupalpally_JwahrNGR_D (Telangana),IND506343AAA → IND506169AAB,0.08076756081856612
IND415003AAA,IND412803AAB,7,7,1.1627906976744187,0.42857142857142855,55.0,43.0,35.6313,71.0,35.0,0.3779644730092272,3,3,0.0027086375781880663,False,Satara_DC (Maharashtra),Wai_Central_DPP_3 (Maharashtra),IND415003AAA → IND412803AAB,0.08014418068678009
IND302014AAB,IND303301AAB,10,10,1.1277777777777778,0.4,42.0,35.0,41.79565,75.0,50.5,0.31622776601683794,4,4,0.002861236878367676,False,Jaipur_Central_I_7 (Rajasthan),Bassi_DmodrNGR_D (Rajasthan),IND302014AAB → IND303301AAB,0.07996021960329378
IND151506AAA,IND151001AAA,18,18,1.0208333333333335,0.2777777777777778,98.0,96.0,78.7342,760.0,245.0,0.23570226039551587,5,5,0.02899386703412578,False,Jhunir_BhaRDDPP_D (Punjab),Bhatinda_DPC (Punjab),IND151506AAA → IND151001AAA,0.07964033067736163
IND683511AAA,IND000000ABA,16,16,1.128125,0.3125,35.0,32.0,29.674599999999998,88.0,424.0,0.25,5,5,0.0033571846039514063,False,Aluva_Peedika_H (Kerala),Cochin_Chtrpuza_D (Kerala),IND683511AAA → IND000000ABA,0.07932587462188768
IND282001AAC,IND000000ACB,2,2,1.1196763265728782,0.5,291.0,260.0,294.2495,62.0,87.5,0.7071067811865475,1,1,0.0023652891527839452,False,Agra_Idgah_L (Uttar Pradesh),Gurgaon_Bilaspur_HB (Haryana),IND282001AAC → IND000000ACB,0.07887708731094659
IND335701AAA,IND335051AAA,7,7,1.1111111111111112,0.42857142857142855,50.0,45.0,50.9413,99.0,21.0,0.3779644730092272,3,3,0.0037768326794453324,False,Anupgarh_PrmNrDPP_D (Rajasthan),RaisingNgr_BisnolDPP_D (Rajasthan),IND335701AAA → IND335051AAA,0.07835946031969754
IND732204AAB,IND732123AAC,2,2,1.0992275698158052,0.5,110.0,100.5,69.46775,41.0,14.5,0.7071067811865475,1,1,0.001564142826840996,False,Paranpur_Nijgan_D (West Bengal),Chanchal_BargaDPP_D (West Bengal),IND732204AAB → IND732123AAC,0.07791874818920683
IND000000ABA,IND683565AAA,7,7,1.0952380952380953,0.42857142857142855,22.0,21.0,18.2372,91.0,41.0,0.3779644730092272,3,3,0.003471634079086113,False,Cochin_Chtrpuza_D (Kerala),Kunnathund_Pringla_D (Kerala),IND000000ABA → IND683565AAA,0.07768081357843323
IND174307AAA,IND176041AAA,17,17,1.0769230769230769,0.29411764705882354,57.0,54.0,35.9815,173.0,19.0,0.24253562503633297,5,5,0.006599919732768105,False,Bangana_Bhaleti_D (Himachal Pradesh),Bhota_BpassDPP_D (Himachal Pradesh),IND174307AAA → IND176041AAA,0.07750282510363385
IND000000ACB,IND201001AAC,4,4,1.0043062200956938,0.5,170.5,176.5,255.98430000000002,103.0,83.0,0.5,2,2,0.003929431979624941,False,Gurgaon_Bilaspur_HB (Haryana),Ghaziabad_Central_L_8 (Uttar Pradesh),IND000000ACB → IND201001AAC,0.0773904658738449
IND561207AAB,IND562108AAA,12,12,1.1496503496503496,0.3333333333333333,59.0,51.0,43.1181,101.0,16.5,0.2886751345948129,4,4,0.0038531323295351366,False,Bagepalli_TBCross_D (Karnataka),Gauribidanur_Gurukrpa_D (Karnataka),IND561207AAB → IND562108AAA,0.07701309492864171
IND643231AAA,IND643217AAA,11,11,1.1071428571428572,0.36363636363636365,35.0,34.0,22.3329,88.0,14.0,0.30151134457776363,4,4,0.0033571846039514063,False,Coonoor_Fairybnk_D (Tamil Nadu),Kotagiri_CroslySRT_D (Tamil Nadu),IND643231AAA → IND643217AAA,0.07695888188043375
IND560099AAB,IND560058AAD,2,2,1.0780933062880325,0.5,58.0,54.5,49.89945,15.0,164.5,0.7071067811865475,1,1,0.0005722473756735352,False,Bengaluru_Bomsndra_HB (Karnataka),Bengaluru_Peenya_L (Karnataka),IND560099AAB → IND560058AAD,0.07689451413585542
IND781018AAA,IND781018AAB,2,2,1.0629084967320261,0.5,37.0,35.0,34.0619,9.0,1367.5,0.7071067811865475,1,1,0.0003433484254041211,False,Guwahati_East (Assam),Guwahati_Hub (Assam),IND781018AAA → IND781018AAB,0.07625828585205718
IND140501AAA,IND160002AAC,14,14,1.0003205128205128,0.35714285714285715,39.5,39.5,28.50485,89.0,25.5,0.2672612419124244,5,5,0.003395334428996309,False,Lalru_OnkarDPP_D (Punjab),Chandigarh_Mehmdpur_H (Punjab),IND140501AAA → IND160002AAC,0.07617342137650734
IND695572AAB,IND695541AAA,13,13,1.1428571428571428,0.3076923076923077,32.0,28.0,19.9481,60.0,19.0,0.2773500981126146,4,4,0.0022889895026941406,False,Kallikkad_Mutyvila_D (Kerala),Nedumangad_Arsprmbu_D (Kerala),IND695572AAB → IND695541AAA,0.0751965197523584
IND148101AAA,IND148102AAA,5,5,1.1818181818181819,0.4,26.0,22.0,23.934,20.0,27.0,0.4472135954999579,2,2,0.0007629965008980469,False,Barnala_DC (Punjab),Bhadaur_BChwkDPP_D (Punjab),IND148101AAA → IND148102AAA,0.07495762595899746
IND504201AAA,IND505184AAC,5,5,1.1578947368421053,0.4,88.0,74.0,59.6035,92.0,17.0,0.4472135954999579,2,2,0.0035097839041310155,False,Chinnur_AsnsdhRD_D (Telangana),Manthani_Chaitnya_D (Telangana),IND504201AAA → IND505184AAC,0.0745955100333979
IND151001AAA,IND148101AAA,8,8,1.1106060606060606,0.375,71.0,61.5,63.8196,112.0,35.0,0.35355339059327373,3,3,0.004272780405029063,False,Bhatinda_DPC (Punjab),Barnala_DC (Punjab),IND151001AAA → IND148101AAA,0.0744182435104067
IND363001AAA,IND363421AAB,14,14,1.1323529411764706,0.2857142857142857,38.0,33.5,27.498150000000003,86.0,20.0,0.2672612419124244,4,4,0.0032808849538616017,False,Surendranagar_DC (Gujarat),Limbdi_Busstand_D (Gujarat),IND363001AAA → IND363421AAB,0.07412893068746507
IND312403AAA,IND312001AAA,9,9,1.148936170212766,0.3333333333333333,111.0,94.0,100.0902,241.0,29.0,0.3333333333333333,3,3,0.009194107835821464,False,BariSadri_BhmprDPP_D (Rajasthan),Chittaurgarh_DC (Rajasthan),IND312403AAA → IND312001AAA,0.07408584559499878
IND621704AAA,IND621802AAA,17,17,1.1346153846153846,0.23529411764705882,61.0,54.0,44.0046,135.0,23.0,0.24253562503633297,4,4,0.005150226381061817,False,Ariyalur_Kmrajngr_D (Tamil Nadu),Jayamkondan_Chithbrm_D (Tamil Nadu),IND621704AAA → IND621802AAA,0.07355984064922
IND160002AAC,IND160055AAA,16,16,1.126602564102564,0.25,44.5,40.0,33.767849999999996,152.0,75.0,0.25,4,4,0.005798773406825156,False,Chandigarh_Mehmdpur_H (Punjab),Chandigarh_Mohali (Chandigarh),IND160002AAC → IND160055AAA,0.07351988016435532
IND507159AAA,IND508206AAA,5,5,1.135135135135135,0.4,42.0,37.0,34.3921,32.0,19.0,0.4472135954999579,2,2,0.001220794401436875,False,Kusumnchi_SKRoad_D (Telangana),Kodad_VidyaNgr_D (Telangana),IND507159AAA → IND508206AAA,0.07324097049144077
IND000000AFJ,IND695121AAA,20,20,1.125,0.2,28.5,25.0,18.36685,66.0,40.5,0.22360679774997896,4,4,0.0025178884529635545,False,Trivandrum_Pettah_D (Kerala),Neyatinkra_Arlumodu_D (Kerala),IND000000AFJ → IND695121AAA,0.0731150507221629
IND689645AAA,IND691551AAA,15,15,1.105263157894737,0.26666666666666666,42.0,38.0,32.962900000000005,143.0,22.0,0.2581988897471611,4,4,0.005455424981421035,False,Pthnmthitt_Klskhrpt_D (Kerala),Adoor_Town_D (Kerala),IND689645AAA → IND691551AAA,0.07295464811136906
IND723130AAA,IND723131AAA,6,6,1.1120833333333335,0.3333333333333333,54.5,48.5,33.879400000000004,688.0,29.5,0.4082482904638631,2,2,0.026247079630892813,False,Hura_Central_D_1 (West Bengal),Manbazar_Central_DPP_1 (West Bengal),IND723130AAA → IND723131AAA,0.07216980817237587
IND457001AAA,IND457226AAA,16,16,1.0916666666666668,0.25,42.5,39.0,38.1507,124.0,45.0,0.25,4,4,0.0047305783055678905,False,Ratlam_Khjurwli_DC (Madhya Pradesh),Jaora_RtlamNka_D (Madhya Pradesh),IND457001AAA → IND457226AAA,0.07194451710043423
IND781022AAA,IND781018AAB,12,12,0.9825367647058824,0.3333333333333333,33.0,35.0,35.0732,231.0,45.5,0.2886751345948129,4,4,0.008812609585372442,False,Guwahati_Sixmile (Assam),Guwahati_Hub (Assam),IND781022AAA → IND781018AAB,0.0715520922503558
IND562117AAA,IND562132AAA,10,10,1.144289557348985,0.3,104.5,93.0,73.75935000000001,173.0,28.5,0.31622776601683794,3,3,0.006599919732768105,False,Kanakapura_VaniThtr_D (Karnataka),Bangalore_Nelmngla_H (Karnataka),IND562117AAA → IND562132AAA,0.07137108190852667
IND281401AAA,IND321022AAA,9,9,1.0888888888888888,0.3333333333333333,49.0,45.0,33.9092,76.0,13.0,0.3333333333333333,3,3,0.002899386703412578,False,Chhata_GvrdnDPP_D (Uttar Pradesh),Kaman_BsstdDPP_D (Rajasthan),IND281401AAA → IND321022AAA,0.07045945931294688
IND244901AAB,IND244221AAA,20,20,0.8737824675324675,0.25,98.5,110.0,105.55915000000002,315.0,270.5,0.22360679774997896,5,5,0.01201719488914424,False,Rampur_RoshnBgh_I (Uttar Pradesh),Amroha_SamitiRd_D (Uttar Pradesh),IND244901AAB → IND244221AAA,0.07032678242489224
IND335804AAD,IND335703AAA,9,9,1.0789473684210527,0.3333333333333333,41.0,38.0,41.1907,60.0,29.0,0.3333333333333333,3,3,0.0022889895026941406,False,Suratgarh_Central_DPP_2 (Rajasthan),Srivijaynagar_BhwanDPP_D (Rajasthan),IND335804AAD → IND335703AAA,0.0699480304920724
IND244601AAB,IND244901AAB,9,9,1.0222222222222221,0.3333333333333333,92.0,90.0,74.72670000000001,292.0,159.0,0.3333333333333333,3,3,0.011139748913111485,False,Thakurdwara_Fathuluh_D (Uttar Pradesh),Rampur_RoshnBgh_I (Uttar Pradesh),IND244601AAB → IND244901AAB,0.06957109866698469
IND209101AAA,IND209111AAA,17,17,0.8863636363636364,0.29411764705882354,35.0,44.0,63.698800000000006,71.0,11.0,0.24253562503633297,5,5,0.0027086375781880663,False,Akbarpur_NehruNGR_D (Uttar Pradesh),Pukhrayan_Arulimod_D (Uttar Pradesh),IND209101AAA → IND209111AAA,0.06930867228352085
IND581400AAB,IND581325AAA,12,12,0.9377380448582311,0.3333333333333333,114.0,135.0,145.6241,164.0,13.0,0.2886751345948129,4,4,0.006256571307363984,False,Mallapur_ShtDRDPP_D (Karnataka),Dandeli_RKComplx_D (Karnataka),IND581400AAB → IND581325AAA,0.06928756412330044
IND627005AAA,IND627811AAA,10,10,1.0731837606837606,0.3,81.5,77.5,54.79815,130.0,16.5,0.31622776601683794,3,3,0.004959477255837305,False,Tirunelveli_VdkkuSrt_I (Tamil Nadu),Tenkasi_RailwyRd_D (Tamil Nadu),IND627005AAA → IND627811AAA,0.06827467021246429
IND562101AAA,IND561207AAB,13,13,1.1578947368421053,0.23076923076923078,43.0,37.0,40.8746,77.0,24.0,0.2773500981126146,3,3,0.0029375365284574806,False,Chikblapur_ShntiSgr_D (Karnataka),Bagepalli_TBCross_D (Karnataka),IND562101AAA → IND561207AAB,0.06822119378736337
IND415124AAA,IND415605AAA,16,16,1.102413355107966,0.1875,183.0,165.0,89.2316,311.0,19.5,0.25,3,3,0.01186459558896463,False,Karad_Mundhe_D (Maharashtra),Chiplun_LxmiNiws_D (Maharashtra),IND415124AAA → IND415605AAA,0.0675813091675132
IND454001AAA,IND457001AAA,17,17,1.0884955752212389,0.17647058823529413,102.0,113.0,110.7016,279.0,34.0,0.24253562503633297,3,3,0.010643801187527753,False,Dhar_Trimurti_D (Madhya Pradesh),Ratlam_Khjurwli_DC (Madhya Pradesh),IND454001AAA → IND457001AAA,0.0670202546715947
IND504251AAA,IND504296AAA,3,3,1.186046511627907,0.3333333333333333,51.0,43.0,39.631,29.0,10.0,0.5773502691896258,1,1,0.001106344926302168,False,Bellmpalli_BasthDPP_D (Telangana),Kaghaznagar_Central_DPP_1 (Telangana),IND504251AAA → IND504296AAA,0.06585906625516079
IND331023AAA,IND331304AAA,3,3,1.1612903225806452,0.3333333333333333,36.0,31.0,35.141799999999996,22.0,27.0,0.5773502691896258,1,1,0.0008392961509878516,False,Rajgarh_SadulDPP_D (Rajasthan),Taranagar_RajRdDPP_D (Rajasthan),IND331023AAA → IND331304AAA,0.06484367405730729
IND465001AAA,IND465333AAA,3,3,1.1518987341772151,0.3333333333333333,94.0,79.0,73.0592,43.0,36.0,0.5773502691896258,1,1,0.0016404424769308008,False,Shajapur_MhpraRD_D (Madhya Pradesh),Shujalpur_AstrdDPP_D (Madhya Pradesh),IND465001AAA → IND465333AAA,0.06464441358230338
IND147201AAA,IND148023AAA,7,7,1.125,0.2857142857142857,36.0,32.0,30.3812,47.0,34.0,0.3779644730092272,2,2,0.00179304177711041,False,Nabha_Sahni_D (Punjab),Malerkotla_DC (Punjab),IND147201AAA → IND148023AAA,0.06420379837340072
IND741165AAB,IND742121AAB,15,15,1.032258064516129,0.2,96.0,93.0,104.57350000000001,111.0,29.0,0.2581988897471611,3,3,0.00423463057998416,False,Nazirpur_Central_D_1 (West Bengal),Nowda_ArhamDPP_D (West Bengal),IND741165AAB → IND742121AAB,0.06320435452714993
IND562132AAA,IND570020AAA,9,9,1.1477272727272727,0.2222222222222222,204.0,176.0,148.7495,239.0,160.0,0.3333333333333333,2,2,0.00911780818573166,False,Bangalore_Nelmngla_H (Karnataka),Mysore_Yadvgiri_IP (Karnataka),IND562132AAA → IND570020AAA,0.062912116800058
IND638401AAA,IND638452AAA,12,12,0.9607692307692308,0.25,25.0,25.5,27.85925,31.0,7.0,0.2886751345948129,3,3,0.0011826445763919726,False,Sathyamangalam_Mlydpthr_D (Tamil Nadu),Gobicheti_Ward25_D (Tamil Nadu),IND638401AAA → IND638452AAA,0.06080224885954711
IND244235AAA,IND244901AAB,20,20,0.8840552651232263,0.15,91.5,104.0,110.40970000000002,212.0,87.5,0.22360679774997896,3,3,0.008087762909519297,False,Gajraula_JawaharN_D (Uttar Pradesh),Rampur_RoshnBgh_I (Uttar Pradesh),IND244235AAA → IND244901AAB,0.059915674995780405
IND815351AAA,IND814101AAB,12,12,1.0510204081632653,0.16666666666666666,103.5,98.0,82.2385,109.0,22.0,0.2886751345948129,2,2,0.004158330929894356,False,Jamtara_D (Jharkhand),Dumka_Dudhani_D (Jharkhand),IND815351AAA → IND814101AAB,0.05658314993323547
IND673632AAA,IND676306AAA,4,4,1.1240601503759398,0.25,23.0,20.0,19.907449999999997,11.0,163.0,0.5,1,1,0.0004196480754939258,False,Kozhikode_Central_H_4 (Kerala),Tirurangadi_Kooriyad_D (Kerala),IND673632AAA → IND676306AAA,0.0563129357431819
IND385340AAB,IND384205AAA,4,4,1.11171702284451,0.25,129.5,116.5,95.3064,56.0,161.5,0.5,1,1,0.0021363902025145314,False,Radhanpur_Santalpr_D (Gujarat),Mehsana_Panchot_IP (Gujarat),IND385340AAB → IND384205AAA,0.0561878254888527
IND502220AAC,IND501359AAE,22,22,0.8810567604983849,0.09090909090909091,169.5,196.0,199.07585,140.0,45.0,0.21320071635561041,2,2,0.005340975506286328,False,Zahirabad_Mohim_D (Telangana),Hyderabad_Shamshbd_H (Telangana),IND502220AAC → IND501359AAE,0.055990980703058045
IND722140AAA,IND722151AAA,9,9,1.0,0.2222222222222222,42.0,42.0,45.7315,49.0,26.0,0.3333333333333333,2,2,0.001869341427200215,False,Khatra_KoralDPP_D (West Bengal),Simlapal_Central_D_1 (West Bengal),IND722140AAA → IND722151AAA,0.05568784155844313
IND505302AAB,IND505325AAA,5,5,1.1475409836065573,0.2,70.0,61.0,60.1525,57.0,6.0,0.4472135954999579,1,1,0.0021745400275594334,False,Vemulawada_Central_DPP_2 (Telangana),Metpally_GunjRDPP_D (Telangana),IND505302AAB → IND505325AAA,0.053918741837263404
IND563130AAA,IND563131AAB,10,10,0.9685283687943262,0.2,46.0,47.5,30.26735,67.0,41.5,0.31622776601683794,2,2,0.002556038278008457,False,Malur_NharuExt_D (Karnataka),Bangarapet_KolarRd_D (Karnataka),IND563130AAA → IND563131AAB,0.05371955761205567
IND282001AAA,IND000000ACB,5,5,1.0810810810810811,0.2,287.0,260.0,293.46889999999996,106.0,89.0,0.4472135954999579,1,1,0.004043881454759648,False,Agra_Idgah_P (Uttar Pradesh),Gurgaon_Bilaspur_HB (Haryana),IND282001AAA → IND000000ACB,0.051725715529536226
IND623407AAA,IND623315AAB,15,15,1.0833333333333333,0.06666666666666667,26.0,24.0,18.1755,42.0,22.0,0.2581988897471611,1,1,0.0016022926518858983,False,Thiruvadanai_RamnadRD_D (Tamil Nadu),Oriyur_Vllyaprm_D (Tamil Nadu),IND623407AAA → IND623315AAB,0.05131002182841922
IND627657AAA,IND628613AAA,16,16,1.0588235294117647,0.0625,36.0,34.0,28.494349999999997,39.0,21.0,0.25,1,1,0.0014878431767511916,False,Thisayanvilai_UdnkdiRD_D (Tamil Nadu),Peikulam_SriVnktpm_D (Tamil Nadu),IND627657AAA → IND628613AAA,0.05125229593813467
IND781018AAB,IND781022AAA,9,9,0.8780487804878049,0.2222222222222222,38.0,42.0,43.134,49.0,89.0,0.3333333333333333,2,2,0.001869341427200215,False,Guwahati_Hub (Assam),Guwahati_Sixmile (Assam),IND781018AAB → IND781022AAA,0.05095697528426314
IND508116AAA,IND508277AAB,14,14,1.0795454545454546,0.07142857142857142,47.5,44.0,43.6049,60.0,9.0,0.2672612419124244,1,1,0.0022889895026941406,False,Bhuvanagiri_HBColny_D (Telangana),Mothkur_Mainroad_D (Telangana),IND508116AAA → IND508277AAB,0.05044742258515779
IND422011AAD,IND422103AAC,11,11,0.8867924528301887,0.18181818181818182,52.0,60.0,56.1301,98.0,36.0,0.30151134457776363,2,2,0.00373868285440043,False,Nashik_TgrniaRD_I (Maharashtra),Sinnar_Central_D_1 (Maharashtra),IND422011AAD → IND422103AAC,0.05030759166232765
IND721636AAB,IND721602AAB,3,3,0.765625,0.3333333333333333,45.0,64.0,50.509800000000006,21.0,20.0,0.5773502691896258,1,1,0.0008011463259429491,False,Tamluk_Central_DPP_2 (West Bengal),Haldia_Central_D_2 (West Bengal),IND721636AAB → IND721602AAB,0.0494867278682326
IND711303AAA,IND721134AAB,17,17,0.8333333333333334,0.11764705882352941,30.0,36.0,44.986,47.0,36.0,0.24253562503633297,2,2,0.00179304177711041,False,Bagnan_Harop_D (West Bengal),Kolaghat_Central_DPP_2 (West Bengal),IND711303AAA → IND721134AAB,0.04941575384524463
IND283122AAB,IND328001AAA,7,7,1.0923076923076922,0.14285714285714285,72.0,66.0,64.307,44.0,35.0,0.3779644730092272,1,1,0.0016785923019757031,False,Kirauli_AchneraRD_D (Uttar Pradesh),Dholpur_GtRoad_D (Rajasthan),IND283122AAB → IND328001AAA,0.048626266815491016
IND244901AAB,IND246725AAB,14,14,1.0106136820925553,0.07142857142857142,143.5,142.0,140.70615,87.0,71.0,0.2672612419124244,1,1,0.0033190347789065038,False,Rampur_RoshnBgh_I (Uttar Pradesh),Chandpur_NorprRD_D (Uttar Pradesh),IND244901AAB → IND246725AAB,0.047985575986843144
IND152026AAA,IND151001AAA,11,11,1.0384615384615385,0.09090909090909091,54.0,52.0,51.3309,36.0,21.0,0.30151134457776363,1,1,0.0013733937016164844,False,Muktsar_DPC (Punjab),Bhatinda_DPC (Punjab),IND152026AAA → IND151001AAA,0.04661305234310726
IND623701AAA,IND623503AAA,7,7,1.0392156862745099,0.14285714285714285,53.0,51.0,41.6538,41.0,16.0,0.3779644730092272,1,1,0.001564142826840996,False,Paramakudi_VagaiNgr_D (Tamil Nadu),Ramnthpurm_TnhbBlkC_D (Tamil Nadu),IND623701AAA → IND623503AAA,0.04654308193524443
IND571440AAA,IND571430AAA,10,10,1.03,0.1,52.0,50.0,35.8053,38.0,16.0,0.31622776601683794,1,1,0.001449693351706289,False,Kollegala_NarsipuraRd_D (Karnataka),Malavalli_SulthnRd_D (Karnataka),IND571440AAA → IND571430AAA,0.04587628138061138
IND523105AAA,IND524201AAA,19,19,0.9636363636363636,0.0,53.0,54.0,45.234,42.0,13.0,0.22941573387056174,0,0,0.0016022926518858983,False,Kandukur_LICOffce_D (Andhra Pradesh),Kavali_Kacheri_D (Andhra Pradesh),IND523105AAA → IND524201AAA,0.04533327156718621
IND282002AAD,IND281004AAA,8,8,1.0054347826086958,0.125,93.0,92.5,91.9045,40.0,82.5,0.35355339059327373,1,1,0.0015259930017960939,False,IND282002AAD,Mathura_DC (Uttar Pradesh),IND282002AAD → IND281004AAA,0.04477237449307103
IND000000ACB,IND301001AAB,6,6,0.9187310414560161,0.16666666666666666,156.5,168.5,103.147,117.0,144.0,0.4082482904638631,1,1,0.0044635295302535745,False,Gurgaon_Bilaspur_HB (Haryana),Alwar_Central_I_1 (Rajasthan),IND000000ACB → IND301001AAB,0.04351411803992053
IND247554AAA,IND248001AAA,12,12,1.1046814722135334,0.0,153.0,139.0,105.99075,140.0,61.0,0.2886751345948129,0,0,0.005340975506286328,False,Deoband_Ramvlg_D (Uttar Pradesh),Dehradun (Uttarakhand),IND247554AAA → IND248001AAA,0.04224183485397224
IND244715AAA,IND244713AAA,16,16,0.9615384615384615,0.0,37.5,38.5,26.6771,29.0,34.5,0.25,0,0,0.001106344926302168,False,Ramnagar_BhwniGnj_D (Uttarakhand),Kashipur_Vaishali_D (Uttarakhand),IND244715AAA → IND244713AAA,0.041149702243070234
IND151001AAA,IND151302AAA,17,17,0.7272727272727273,0.058823529411764705,32.0,42.0,56.6371,15.0,60.0,0.24253562503633297,1,1,0.0005722473756735352,False,Bhatinda_DPC (Punjab),TalwandiSabo_Wardno3_D (Punjab),IND151001AAA → IND151302AAA,0.039167448063507124
IND577116AAA,IND577101AAA,8,8,0.8201814058956916,0.125,38.5,47.0,52.28005,11.0,7.5,0.35355339059327373,1,1,0.0004196480754939258,False,IND577116AAA,Chikmagalur_DC (Karnataka),IND577116AAA → IND577101AAA,0.03735786950616078
IND244901AAB,IND244301AAA,10,10,0.7936776061776062,0.1,88.5,111.5,104.65889999999999,59.0,95.0,0.31622776601683794,1,1,0.0022508396776492385,False,Rampur_RoshnBgh_I (Uttar Pradesh),Sambhal_Khwssrai_D (Uttar Pradesh),IND244901AAB → IND244301AAA,0.03687367069538905
IND571401AAA,IND562160AAB,10,10,1.0,0.0,47.0,47.0,38.14795,4.0,24.0,0.31622776601683794,0,0,0.00015259930017960937,False,Mandya_Dc (Karnataka),Chanapatna_Central_D_2 (Karnataka),IND571401AAA → IND562160AAB,0.034445234700681414
IND151302AAA,IND151505AAA,16,16,0.7882059800664452,0.0,34.0,42.0,31.3354,3.0,16.0,0.25,0,0,0.00011444947513470704,False,TalwandiSabo_Wardno3_D (Punjab),Mansa_GreenVly_D (Punjab),IND151302AAA → IND151505AAA,0.03422122697636454
IND382430AAB,IND388320AAA,9,9,0.7181818181818181,0.1111111111111111,79.0,110.0,122.89980000000001,72.0,150.0,0.3333333333333333,1,1,0.002746787403232969,False,Ahmedabad_East_H_1 (Gujarat),Anand_Vaghasi_IP (Gujarat),IND382430AAB → IND388320AAA,0.033824917750544824
IND843109AAB,IND843126AAA,10,10,0.6642156862745098,0.1,46.5,69.0,79.27125000000001,261.0,34.0,0.31622776601683794,1,1,0.009957104336719511,False,Kanti_Central_DPP_2 (Bihar),Saraiya_Wardno4_D (Bihar),IND843109AAB → IND843126AAA,0.03343924170424936
IND385320AAA,IND385340AAB,16,16,0.7539464653397392,0.0,28.0,33.5,27.35685,8.0,7.0,0.25,0,0,0.00030519860035921873,False,Bhabhar_TirupDPP_D (Gujarat),Radhanpur_Santalpr_D (Gujarat),IND385320AAA → IND385340AAB,0.03293149607402513
IND623526AAA,IND623704AAA,8,8,1.015625,0.0,131.0,130.0,98.99430000000001,48.0,17.0,0.35355339059327373,0,0,0.0018311916021553126,False,Rameswram_Kdthdstrt_D (Tamil Nadu),Muthukulathur_VaiklSRT_D (Tamil Nadu),IND623526AAA → IND623704AAA,0.03273056784495859
IND560300AAA,IND560048AAB,4,4,1.153010033444816,0.0,47.0,40.5,37.96395,23.0,48.5,0.5,0,0,0.0008774459760327539,False,Bengaluru_KGAirprt_HB (Karnataka),Bengaluru_Hoodi_IP (Karnataka),IND560300AAA → IND560048AAB,0.03253031634358772
IND624601AAA,IND624101AAA,15,15,0.7720588235294118,0.0,105.0,134.0,60.8801,0.0,24.0,0.2581988897471611,0,0,0.0,False,Palani_RjndraRd_D (Tamil Nadu),Kodaikanal_Athithnr_DC (Tamil Nadu),IND624601AAA → IND624101AAA,0.032237914131169706
IND344001AAA,IND342301AAA,4,4,1.1122669048448937,0.0,337.0,304.0,316.74765,141.0,23.5,0.5,0,0,0.00537912533133123,False,Barmer_Nehru3PL_D (Rajasthan),Phalodi_PalikDPP_D (Rajasthan),IND344001AAA → IND342301AAA,0.03187729105938214
IND508252AAB,IND508207AAB,6,6,1.0416666666666667,0.0,112.0,108.0,138.23665,28.0,0.5,0.4082482904638631,0,0,0.0010681951012572657,False,Choutuppal_Nagaram_D (Telangana),Miryalguda_Ragvendr_D (Telangana),IND508252AAB → IND508207AAB,0.030916930261091748
IND673632AAA,IND673305AAA,4,4,1.0849282296650717,0.0,42.5,38.5,38.04215,14.0,248.0,0.5,0,0,0.0005340975506286328,False,Kozhikode_Central_H_4 (Kerala),Koyilandy_Pshrikvu_D (Kerala),IND673632AAA → IND673305AAA,0.029818468292840322
IND122001AAJ,IND507123AAA,13,13,0.7758620689655172,0.0,45.0,58.0,39.4309,0.0,12.0,0.2773500981126146,0,0,0.0,False,Mahbubabad_Yellanda_D (Telangana),Yellandu_Sudimala_D (Telangana),IND122001AAJ → IND507123AAA,0.029718787158145066
IND712310AAE,IND711409AAA,1,1,1.1875,0.0,19.0,16.0,19.579,3.0,47.0,1.0,0,0,0.00011444947513470704,False,Kolkata_North_I_4 (West Bengal),Howrah_Salap_DC (West Bengal),IND712310AAE → IND711409AAA,0.02971108119792485
IND415709AAA,IND416122AAA,1,1,1.1764705882352942,0.0,300.0,255.0,199.8363,45.0,295.0,1.0,0,0,0.0017167421270206057,False,Khed_Mahad_D (Maharashtra),Kolhapur_Central_H_2 (Maharashtra),IND415709AAA → IND416122AAA,0.02961335285731095
IND577401AAA,IND577201AAA,7,7,0.9714285714285714,0.0,99.0,106.0,89.5466,9.0,5.0,0.3779644730092272,0,0,0.0003433484254041211,False,Sagara_Vardhard_D (Karnataka),Shimoga_DC (Karnataka),IND577401AAA → IND577201AAA,0.02937616231298639
IND333028AAA,IND333502AAA,1,1,1.173913043478261,0.0,54.0,46.0,40.769400000000005,8.0,0.0,1.0,0,0,0.00030519860035921873,False,Sultana_Central_DPP_1 (Rajasthan),Buhana_CourtDPP_D (Rajasthan),IND333028AAA → IND333502AAA,0.029223302984571226
IND335524AAA,IND335523AAB,1,1,1.173913043478261,0.0,54.0,46.0,41.4873,8.0,38.0,1.0,0,0,0.00030519860035921873,False,Rawatsar_ShivmDPP_D (Rajasthan),Nohar_Central_DPP_2 (Rajasthan),IND335524AAA → IND335523AAB,0.029223302984571226
IND507111AAA,IND507303AAA,1,1,1.165289256198347,0.0,141.0,121.0,96.9934,20.0,35.0,1.0,0,0,0.0007629965008980469,False,Bhadrachalam_ITDARd_D (Telangana),Sathupally_VidyaNGR_D (Telangana),IND507111AAA → IND507303AAA,0.028983084304205015
IND756100AAC,IND756045AAB,1,1,1.1627906976744187,0.0,50.0,43.0,42.6292,7.0,131.0,1.0,0,0,0.0002670487753143164,False,Bhadrak_Central_I_2 (Orissa),Soro_UttarDPP_D (Orissa),IND756100AAC → IND756045AAB,0.02878397227390699
IND144601AAA,IND144040AAA,1,1,1.1590909090909092,0.0,51.0,44.0,52.5412,7.0,10.0,1.0,0,0,0.0002670487753143164,False,Kapurthala_DC (Punjab),Nakodar_ChowkDPP_D (Punjab),IND144601AAA → IND144040AAA,0.028640445992650154
IND244501AAA,IND244601AAB,8,8,0.911923076923077,0.0,93.0,100.5,54.30325,8.0,18.0,0.35355339059327373,0,0,0.00030519860035921873,False,Kanth_Dayanand_D (Uttar Pradesh),Thakurdwara_Fathuluh_D (Uttar Pradesh),IND244501AAA → IND244601AAB,0.028393232442918977
IND125051AAA,IND125111AAA,4,4,1.0489583333333332,0.0,32.0,31.0,21.792,6.0,16.0,0.5,0,0,0.00022889895026941408,False,Ratia_SchdvDPP_D (Haryana),Fatehabad_BhunaDPP_D (Haryana),IND125051AAA → IND125111AAA,0.028360201188953146
IND412803AAB,IND421802AAA,2,2,1.1150537634408602,0.0,34.0,30.5,23.64775,7.0,7.0,0.7071067811865475,0,0,0.0002670487753143164,False,Wai_Central_DPP_3 (Maharashtra),Khandala_Satara_D (Maharashtra),IND412803AAB → IND421802AAA,0.02826544177921435
IND532222AAA,IND761200AAA,11,11,0.7986577181208053,0.0,119.0,149.0,117.58840000000001,14.0,24.0,0.30151134457776363,0,0,0.0005340975506286328,False,Palasa_Central_DPP_1 (Andhra Pradesh),Paralakhemundi_Ward14_D (Orissa),IND532222AAA → IND761200AAA,0.02804648005764608
IND504296AAA,IND504293AAA,2,2,1.1,0.0,33.0,30.0,25.6401,6.0,9.5,0.7071067811865475,0,0,0.00022889895026941408,False,Kaghaznagar_Central_DPP_1 (Telangana),Asifabad_PaikjNGR_D (Telangana),IND504296AAA → IND504293AAA,0.027673599177458905
IND636102AAA,IND605601AAA,5,5,0.993006993006993,0.0,142.0,146.0,154.1789,15.0,6.0,0.4472135954999579,0,0,0.0005722473756735352,False,Attur_KaaduRd_D (Tamil Nadu),Villupuram_Thirumtr_IP (Tamil Nadu),IND636102AAA → IND605601AAA,0.027593751982711648
IND762001AAA,IND759122AAC,1,1,1.116094986807388,0.0,423.0,379.0,448.8509,44.0,84.0,1.0,0,0,0.0016785923019757031,False,Phulbani_Krusphrma_D (Orissa),Angul_Central_I_2 (Orissa),IND762001AAA → IND759122AAC,0.02726333550605803
IND623503AAA,IND623526AAA,7,7,0.9142857142857143,0.0,64.0,71.0,52.6836,2.0,22.0,0.3779644730092272,0,0,7.629965008980468e-05,False,Ramnthpurm_TnhbBlkC_D (Tamil Nadu),Rameswram_Kdthdstrt_D (Tamil Nadu),IND623503AAA → IND623526AAA,0.027104390749355486
IND695541AAA,IND695572AAB,1,1,1.1153846153846154,0.0,29.0,26.0,20.3415,3.0,56.0,1.0,0,0,0.00011444947513470704,False,Nedumangad_Arsprmbu_D (Kerala),Kallikkad_Mutyvila_D (Kerala),IND695541AAA → IND695572AAB,0.026913501622328036
IND145001AAA,IND176303AAA,1,1,1.1090909090909091,0.0,122.0,110.0,81.99080000000001,12.0,42.0,1.0,0,0,0.00045779790053882815,False,Pathankot_DC (Punjab),Dalhousie_Banikhet_D (Himachal Pradesh),IND145001AAA → IND176303AAA,0.026740092816777788
IND781018AAB,IND781102AAA,1,1,1.108695652173913,0.0,51.0,46.0,49.1018,5.0,39.0,1.0,0,0,0.00019074912522451174,False,Guwahati_Hub (Assam),Hajo_Sardala_D (Assam),IND781018AAB → IND781102AAA,0.02666973677915012
IND815353AAA,IND826004AAA,1,1,1.1,0.0,132.0,120.0,106.71719999999999,12.0,77.0,1.0,0,0,0.00045779790053882815,False,Madhupur_Sitarmrd_D (Jharkhand),Dhanbad_Kalynpur_I (Jharkhand),IND815353AAA → IND826004AAA,0.02638742823997528
IND209304AAA,IND209206AAB,18,18,0.5116279069767442,0.0,45.5,85.5,96.79759999999999,12.0,112.0,0.23570226039551587,0,0,0.00045779790053882815,False,Kanpur_Central_H_6 (Uttar Pradesh),Ghatampur_StatinRD_D (Uttar Pradesh),IND209304AAA → IND209206AAB,0.0262293154359122
IND344001AAA,IND345021AAA,3,3,1.0114068441064639,0.0,266.0,263.0,259.4535,23.0,11.0,0.5773502691896258,0,0,0.0008774459760327539,False,Barmer_Nehru3PL_D (Rajasthan),Pokhran_SttinDPP_D (Rajasthan),IND344001AAA → IND345021AAA,0.0257037558376459
IND691001AAB,IND690573AAA,1,1,1.0810810810810811,0.0,40.0,37.0,30.4345,3.0,123.0,1.0,0,0,0.00011444947513470704,False,Kollam_Central_H_1 (Kerala),Karungaply_Mrtrklgr_D (Kerala),IND691001AAB → IND690573AAA,0.025582761067449552
IND302014AAB,IND303603AAB,1,1,1.0701754385964912,0.0,122.0,114.0,93.676,8.0,27.0,1.0,0,0,0.00030519860035921873,False,Jaipur_Central_I_7 (Rajasthan),Renwal_ChomuRD_D (Rajasthan),IND302014AAB → IND303603AAB,0.02519899934691637
IND532201AAA,IND761200AAA,1,1,1.0666666666666667,0.0,48.0,45.0,35.1297,3.0,42.0,1.0,0,0,0.00011444947513470704,False,Tekkali_AmvdiDPP_D (Andhra Pradesh),Paralakhemundi_Ward14_D (Orissa),IND532201AAA → IND761200AAA,0.02502358119792485
IND756100AAC,IND757037AAA,1,1,1.0476190476190477,0.0,198.0,189.0,218.5909,9.0,31.0,1.0,0,0,0.0003433484254041211,False,Bhadrak_Central_I_2 (Orissa),Karanjia_Sarubali_D (Orissa),IND756100AAC → IND757037AAA,0.024331827337616928
IND244412AAA,IND243301AAB,10,10,0.7371995820271682,0.0,64.5,87.5,97.26190000000001,0.0,27.5,0.31622776601683794,0,0,0.0,False,Chandausi_Ganesh_D (Uttar Pradesh),Aonla_KdidmCLY_D (Uttar Pradesh),IND244412AAA → IND243301AAB,0.024218949302778077
IND639104AAB,IND620012AAA,1,1,1.03125,0.0,66.0,64.0,69.6404,2.0,18.0,1.0,0,0,7.629965008980468e-05,False,Kulithalai_AnnaNGR_D (Tamil Nadu),Tiruchi_Manikndm_H (Tamil Nadu),IND639104AAB → IND620012AAA,0.023641798384823463
IND246761AAA,IND244901AAB,1,1,1.0275862068965518,0.0,149.0,145.0,141.56310000000002,4.0,250.0,1.0,0,0,0.00015259930017960937,False,Dhampur_NaginaRD_D (Uttar Pradesh),Rampur_RoshnBgh_I (Uttar Pradesh),IND246761AAA → IND244901AAB,0.023515389278564884
IND624101AAA,IND624202AAA,10,10,0.7119918699186991,0.0,86.5,119.5,55.520250000000004,29.0,24.5,0.31622776601683794,0,0,0.001106344926302168,False,Kodaikanal_Athithnr_DC (Tamil Nadu),Batlagundu_RTOofice_D (Tamil Nadu),IND624101AAA → IND624202AAA,0.023469015499200142
IND303338AAB,IND303603AAB,6,6,0.849546370967742,0.0,53.5,64.0,56.8916,16.0,17.5,0.4082482904638631,0,0,0.0006103972007184375,False,Phulera_NarenaRD_D (Rajasthan),Renwal_ChomuRD_D (Rajasthan),IND303338AAB → IND303603AAB,0.023369662963830595
IND470113AAA,IND470227AAB,1,1,1.0222222222222221,0.0,184.0,180.0,216.98170000000002,4.0,27.0,1.0,0,0,0.00015259930017960937,False,Bina_Srvdycwk_D (Madhya Pradesh),Rehli_Ward7DPP_D (Madhya Pradesh),IND470113AAA → IND470227AAB,0.02330730366619865
IND495334AAB,IND491995AAB,12,12,0.6439653531315439,0.0,72.0,104.0,85.4354,0.0,14.5,0.2886751345948129,0,0,0.0,False,Mungeli_Panderia_D (Chhattisgarh),Kawardha_TrnsptNGR_D (Chhattisgarh),IND495334AAB → IND491995AAB,0.02326877088297656
IND413709AAA,IND423601AAA,1,1,1.018181818181818,0.0,56.0,55.0,38.710300000000004,1.0,14.0,1.0,0,0,3.814982504490234e-05,False,Shrirampur_DavkharRd_D (Maharashtra),Kopargaon_NkshtrPz_D (Maharashtra),IND413709AAA → IND423601AAA,0.023126982656361574
IND752055AAA,IND752050AAA,1,1,1.0,0.0,16.0,16.0,19.4503,0.0,14.0,1.0,0,0,0.0,False,Khurdha_MunplDPP_D (Orissa),Khurdha_JatniDPP_D (Orissa),IND752055AAA → IND752050AAA,0.022413793103448276
IND756019AAA,IND757041AAA,1,1,0.9864864864864865,0.0,73.0,74.0,76.3466,0.0,797.0,1.0,0,0,0.0,False,Balasore_Ganeshwr_D (Orissa),Udala_NagplDPP_D (Orissa),IND756019AAA → IND757041AAA,0.021889561975768874
IND484224AAA,IND484446AAA,1,1,0.9841269841269841,0.0,62.0,63.0,67.1484,0.0,72.0,1.0,0,0,0.0,False,Anuppur_JthriDPP_DC (Madhya Pradesh),Dola_ChainDPP_D (Madhya Pradesh),IND484224AAA → IND484446AAA,0.021798029556650247
IND361335AAA,IND360002AAB,1,1,0.9727626459143969,0.0,250.0,257.0,307.9912,0.0,33.0,1.0,0,0,0.0,False,Dwarka_StnRoad_DC (Gujarat),Rajkot_PedakRd_P (Gujarat),IND361335AAA → IND360002AAB,0.021357171608748157
IND842003AAB,IND484661AAE,2,2,0.9269864469837895,0.0,197.0,212.5,141.4349,0.0,44.0,0.7071067811865475,0,0,0.0,False,Jabalpur_Adhartal_IP (Madhya Pradesh),Umaria_Central_DPP_3 (Madhya Pradesh),IND842003AAB → IND484661AAE,0.020914704121497582
IND712311AAA,IND821115AAB,1,1,0.9611111111111111,0.0,692.0,720.0,911.2153000000001,0.0,271.0,1.0,0,0,0.0,False,Kolkata_Dankuni_HB (West Bengal),Sasaram_Central_I_2 (Bihar),IND712311AAA → IND821115AAB,0.020905172413793107
IND344001AAA,IND345001AAA,6,6,0.7827225130890052,0.0,149.5,191.5,155.6477,6.0,12.5,0.4082482904638631,0,0,0.00022889895026941408,False,Barmer_Nehru3PL_D (Rajasthan),Jaisalmer_Gopa3PL_D (Rajasthan),IND344001AAA → IND345001AAA,0.020698754139245025
IND328001AAA,IND000000ACB,1,1,0.9384615384615385,0.0,305.0,325.0,332.99170000000004,0.0,9.0,1.0,0,0,0.0,False,Dholpur_GtRoad_D (Rajasthan),Gurgaon_Bilaspur_HB (Haryana),IND328001AAA → IND000000ACB,0.02002652519893899
IND792103AAB,IND792001AAA,11,11,0.5925925925925926,0.0,64.0,109.0,155.1885,0.0,18.0,0.30151134457776363,0,0,0.0,False,Namsai_HelipadRD_D (Arunachal Pradesh),Tezu_Farmnala_D (Arunachal Pradesh),IND792103AAB → IND792001AAA,0.019942528735632185
IND505184AAC,IND505209AAA,2,2,0.8941375968992248,0.0,41.0,45.5,22.036949999999997,1.0,6.5,0.7071067811865475,0,0,3.814982504490234e-05,False,Manthani_Chaitnya_D (Telangana),Ramagundam_Pdmavati_D (Telangana),IND505184AAC → IND505209AAA,0.019648255681318443
IND643217AAA,IND643001AAA,10,10,0.6162974683544304,0.0,48.0,79.0,73.8103,0.0,6.5,0.31622776601683794,0,0,0.0,False,Kotagiri_CroslySRT_D (Tamil Nadu),Ooty_Davisdle_D (Tamil Nadu),IND643217AAA → IND643001AAA,0.019528781099956354
IND152026AAA,IND152101AAA,1,1,0.8888888888888888,0.0,40.0,45.0,37.978,0.0,23.0,1.0,0,0,0.0,False,Muktsar_DPC (Punjab),Giddarbaha_DC (Punjab),IND152026AAA → IND152101AAA,0.018103448275862067
IND303603AAB,IND303338AAB,1,1,0.8771929824561403,0.0,50.0,57.0,50.1738,0.0,16.0,1.0,0,0,0.0,False,Renwal_ChomuRD_D (Rajasthan),Phulera_NarenaRD_D (Rajasthan),IND303603AAB → IND303338AAB,0.0176497277676951
IND141003AAB,IND141109AAA,1,1,0.8703703703703703,0.0,47.0,54.0,35.8752,0.0,40.0,1.0,0,0,0.0,False,Ludhiana_GillChwk_DC (Punjab),Raikot_DC (Punjab),IND141003AAB → IND141109AAA,0.017385057471264367
IND403726AAB,IND403507AAB,1,1,0.8695652173913043,0.0,40.0,46.0,36.3318,0.0,420.0,1.0,0,0,0.0,False,Goa_ZuariNgr_IP (Goa),Goa_Mapusa (Goa),IND403726AAB → IND403507AAB,0.01735382308845577
IND759122AAC,IND767017AAA,1,1,0.8451612903225807,0.0,262.0,310.0,372.3006,0.0,121.0,1.0,0,0,0.0,False,Angul_Central_I_2 (Orissa),Sonepur_BrezeDPP_D (Orissa),IND759122AAC → IND767017AAA,0.016407119021134595
IND396191AAC,IND396105AAA,2,2,0.7509881422924901,0.0,17.0,22.5,20.79925,0.0,91.5,0.7071067811865475,0,0,0.0,False,Vapi_IndEstat_I (Gujarat),Bhilad_Umargaon_DC (Gujarat),IND396191AAC → IND396105AAA,0.01408718368088683
IND201001AAC,IND000000ACB,1,1,0.7749077490774908,0.0,210.0,271.0,348.567,0.0,35.0,1.0,0,0,0.0,False,Ghaziabad_Central_L_8 (Uttar Pradesh),Gurgaon_Bilaspur_HB (Haryana),IND201001AAC → IND000000ACB,0.01368176612800611
IND246761AAA,IND244501AAA,10,10,0.462113558294605,0.0,46.0,98.0,59.06015,0.0,21.5,0.31622776601683794,0,0,0.0,False,Dhampur_NaginaRD_D (Uttar Pradesh),Kanth_Dayanand_D (Uttar Pradesh),IND246761AAA → IND244501AAA,0.013547508726945883
IND465001AAA,IND465333A1B,2,2,0.6974053295932678,0.0,81.0,115.5,92.37010000000001,0.0,34.0,0.7071067811865475,0,0,0.0,False,Shajapur_MhpraRD_D (Madhya Pradesh),IND465333A1B,IND465001AAA → IND465333A1B,0.01200854008479631
IND768028AAB,IND767001AAA,1,1,0.6681614349775785,0.0,149.0,223.0,264.9791,0.0,4.0,1.0,0,0,0.0,False,Bargarh_GurpdDPP_D (Orissa),Balangir_Rjndpara_D (Orissa),IND768028AAB → IND767001AAA,0.009540745322406063
IND465333A1B,IND465333AAA,1,1,0.6388888888888888,0.0,46.0,72.0,58.2535,0.0,14.0,1.0,0,0,0.0,False,IND465333A1B,Shujalpur_AstrdDPP_D (Madhya Pradesh),IND465333A1B → IND465333AAA,0.008405172413793101
IND732204AAB,IND732139AAA,6,6,0.4341692789968652,0.0,36.0,87.0,60.117850000000004,0.0,48.0,0.4082482904638631,0,0,0.0,False,Paranpur_Nijgan_D (West Bengal),Samsi_RatuaDPP_D (West Bengal),IND732204AAB → IND732139AAA,0.007130130076027817
IND768028AAA,IND767001AAA,1,1,0.5625,0.0,126.0,224.0,265.0194,0.0,11.0,1.0,0,0,0.0,False,Bargarh_JJCpxDPP_D (Orissa),Balangir_Rjndpara_D (Orissa),IND768028AAA → IND767001AAA,0.005441810344827586
IND826004AAA,IND828401AAB,3,3,0.4222222222222222,0.0,38.0,90.0,85.1622,0.0,68.0,0.5773502691896258,0,0,0.0,False,Dhanbad_Kalynpur_I (Jharkhand),Gomoh_KhsmiDPP_D (Jharkhand),IND826004AAA → IND828401AAB,0.002666666666666667
