source_center,destination_center,route_type,time_bucket,edge_observations,unique_trips,median_delay_ratio,median_actual_minutes,median_osrm_minutes,breach_rate,excess_minutes,fallback_delay_ratio,delay_ratio_weight
IND000000AAL,IND411033AAA,Carting,afternoon,10,10,2.602564102564102,76.0,29.5,1.0,679.0,2.234668335419274,2.357300257800883
IND000000AAL,IND411033AAA,Carting,evening,5,5,2.6551724137931036,77.0,29.0,1.0,260.0,1.7540983606557377,1.9343131712832107
IND000000AAL,IND411033AAA,Carting,late_evening,1,1,1.875,45.0,24.0,1.0,21.0,1.8148148148148149,1.8176807760141094
IND000000AAL,IND411033AAA,Carting,morning,1,1,3.142857142857143,88.0,28.0,1.0,60.0,2.2,2.2448979591836737
IND000000AAL,IND411033AAA,Carting,night,1,1,1.9259259259259258,52.0,27.0,1.0,25.0,2.125,2.1155202821869485
IND000000AAQ,IND700028AAB,Carting,night,2,2,6.071428571428571,85.0,14.0,1.0,142.0,2.125,2.4837662337662336
IND000000AAS,IND783370AAC,FTL,afternoon,5,5,2.4615384615384617,64.0,29.0,1.0,180.0,1.7676767676767677,1.9064491064491065
IND000000AAS,IND783370AAC,FTL,evening,4,4,1.7166666666666668,51.5,30.0,1.0,111.0,1.7703025992499675,1.7613632771527508
IND000000AAZ,IND444203AAA,FTL,night,1,1,3.7532467532467533,289.0,77.0,1.0,212.0,1.8226866738120757,1.9146181061661083
IND000000AAZ,IND444303AAA,FTL,morning,1,1,2.3529411764705883,160.0,68.0,1.0,92.0,1.8750586854460094,1.897814994542418
IND000000ABA,IND683565AAA,Carting,night,7,7,1.0952380952380953,22.0,21.0,0.42857142857142855,91.0,2.125,1.858024691358025
IND000000ABD,IND562132AAA,FTL,morning,1,1,1.56,624.0,400.0,1.0,224.0,1.8750586854460094,1.8600558909009617
IND000000ABD,IND562132AAA,FTL,night,11,11,1.5631313131313131,632.0,404.0,1.0,2782.0,1.8226866738120757,1.7305863845382568
IND000000ABG,IND501359AAF,Carting,afternoon,11,11,5.470588235294118,189.0,34.0,1.0,1848.0,2.234668335419274,3.3828979773103476
IND000000ACA,IND140406AAA,FTL,late_evening,2,2,1.78003003003003,65.0,36.5,1.0,57.0,1.8333333333333333,1.8284875784875785
IND000000ACA,IND142001AAB,FTL,afternoon,9,9,1.603448275862069,98.0,58.0,1.0,321.0,1.7676767676767677,1.7167093046997923
IND000000ACA,IND142401AAA,FTL,late_evening,11,11,2.111111111111111,42.0,19.0,0.9090909090909091,338.0,1.8333333333333333,1.9318996415770608
IND000000ACA,IND142401AAA,FTL,night,1,1,1.6842105263157894,32.0,19.0,1.0,13.0,1.8226866738120757,1.8160925715503478
IND000000ACA,IND143001AAA,FTL,afternoon,1,1,1.7339449541284404,189.0,109.0,1.0,80.0,1.7676767676767677,1.766070490841133
IND000000ACA,IND144001AAB,FTL,afternoon,16,16,1.645235892691952,80.5,48.0,1.0,594.0,1.7676767676767677,1.7132586010168496
IND000000ACA,IND144001AAB,FTL,evening,1,1,1.3859649122807018,79.0,57.0,1.0,22.0,1.7703025992499675,1.7520008046323834
IND000000ACA,IND144514AAA,FTL,late_evening,12,12,1.7348484848484849,114.5,66.0,0.8333333333333334,802.0,1.8333333333333333,1.7964015151515151
IND000000ACA,IND147301AAA,FTL,late_evening,3,3,1.7307692307692308,46.0,27.0,1.0,119.0,1.8333333333333333,1.8199554069119286
IND000000ACA,IND152026AAA,FTL,afternoon,1,1,1.5565217391304347,179.0,115.0,1.0,64.0,1.7676767676767677,1.7576217663174185
IND000000ACA,IND160002AAC,Carting,morning,1,1,1.4444444444444444,130.0,90.0,1.0,40.0,2.2,2.1640211640211637
IND000000ACA,IND160002AAC,FTL,afternoon,12,12,2.3656571269797166,148.5,61.0,1.0,1050.0,1.7676767676767677,1.9919194024153737
IND000000ACA,IND160002AAC,FTL,evening,12,12,1.9840031729243786,127.5,69.0,1.0,818.0,1.7703025992499675,1.8504403143778716
IND000000ACA,IND160002AAC,FTL,morning,21,21,1.9666666666666666,121.0,61.0,1.0,1408.0,1.8750586854460094,1.921979846559029
IND000000ACA,IND160002AAC,FTL,night,25,25,2.129032258064516,128.0,61.0,1.0,1781.0,1.8226866738120757,1.9928786650634316
IND000000ACB,IND000000AEL,Carting,afternoon,2,2,1.8629128058921358,121.0,65.0,1.0,112.0,2.234668335419274,2.200872378189534
IND000000ACB,IND000000AEL,Carting,evening,3,3,1.8421052631578947,120.0,59.0,1.0,158.0,1.7540983606557377,1.7655775218516712
IND000000ACB,IND000000AEL,Carting,late_evening,13,13,1.4833333333333334,95.0,62.0,1.0,714.0,1.8148148148148149,1.6842312008978677
IND000000ACB,IND000000AEL,Carting,night,5,5,3.096774193548387,236.0,62.0,1.0,720.0,2.125,2.3193548387096774
IND000000ACB,IND110024AAA,Carting,afternoon,6,6,1.9862261806130903,138.0,67.0,1.0,406.0,2.234668335419274,2.177335530464001
IND000000ACB,IND110030AAD,Carting,afternoon,21,21,1.6382978723404256,79.0,48.0,0.9523809523809523,814.0,2.234668335419274,1.929210293354498
IND000000ACB,IND110030AAD,Carting,evening,3,3,1.6785714285714286,94.0,56.0,1.0,118.0,1.7540983606557377,1.7442470216882189
IND000000ACB,IND110030AAD,Carting,night,4,4,2.2429608127721337,127.0,58.5,1.0,293.0,2.125,2.1446601354620225
IND000000ACB,IND110037AAK,Carting,evening,23,23,1.8103448275862069,76.0,39.0,1.0,1732.0,1.7540983606557377,1.7841836801766864
IND000000ACB,IND110037AAK,Carting,late_evening,16,16,1.75,63.0,37.0,1.0,453.0,1.8148148148148149,1.7860082304526752
IND000000ACB,IND110043AAA,Carting,afternoon,13,13,1.7714285714285714,62.0,36.0,0.9230769230769231,485.0,2.234668335419274,2.052179943544149
IND000000ACB,IND110043AAA,Carting,evening,2,2,2.6538461538461537,103.5,39.0,1.0,129.0,1.7540983606557377,1.835893614582139
IND000000ACB,IND110043AAA,Carting,night,2,2,2.060846560846561,93.0,48.0,0.5,90.0,2.125,2.1191678691678693
IND000000ACB,IND110043AAC,Carting,afternoon,2,2,2.498977206312098,146.5,58.5,1.0,176.0,2.234668335419274,2.258696414591349
IND000000ACB,IND110043AAC,Carting,late_evening,7,7,1.7241379310344827,100.0,60.0,1.0,271.0,1.8148148148148149,1.791305993093988
IND000000ACB,IND110052AAA,Carting,evening,2,2,1.5346153846153845,102.0,66.5,1.0,71.0,1.7540983606557377,1.7341453628338874
IND000000ACB,IND110064AAA,Carting,afternoon,19,19,1.6379310344827587,96.0,58.0,1.0,927.0,2.234668335419274,1.9439501631681513
IND000000ACB,IND110064AAA,Carting,evening,14,14,1.2357897384305834,73.5,58.5,0.7142857142857143,206.0,1.7540983606557377,1.5406771632689094
IND000000ACB,IND110064AAA,Carting,night,15,15,1.7662337662337662,127.0,73.0,0.9333333333333333,822.0,2.125,1.9712430426716139
IND000000ACB,IND110085AAB,Carting,afternoon,17,17,1.578125,109.0,66.0,1.0,781.0,2.234668335419274,1.9330132894158234
IND000000ACB,IND110085AAB,Carting,evening,3,3,1.3972602739726028,102.0,73.0,0.6666666666666666,88.0,1.7540983606557377,1.70755426239272
IND000000ACB,IND110085AAB,Carting,night,4,4,2.2284382284382285,159.0,70.5,1.0,319.0,2.125,2.142239704739705
IND000000ACB,IND110092AAC,Carting,afternoon,2,2,1.7794713486397837,128.0,72.0,1.0,112.0,2.234668335419274,2.1932867911665928
IND000000ACB,IND110092AAC,Carting,evening,3,3,1.4,112.0,78.0,1.0,105.0,1.7540983606557377,1.707911617961511
IND000000ACB,IND110095AAB,Carting,evening,17,17,0.9651162790697675,81.0,84.0,0.058823529411764705,71.0,1.7540983606557377,1.3915930799270486
IND000000ACB,IND110095AAB,Carting,late_evening,2,2,3.0599700149925035,268.5,89.5,0.5,366.0,1.8148148148148149,1.9280107421036958
IND000000ACB,IND110095AAB,Carting,night,17,17,2.515463917525773,260.0,99.0,1.0,2907.0,2.125,2.3044023404848146
IND000000ACB,IND121002AAB,Carting,afternoon,14,14,2.5310214375788145,162.0,63.0,1.0,1330.0,2.234668335419274,2.35669608336732
IND000000ACB,IND121002AAB,Carting,evening,22,22,1.6616915422885572,111.0,67.0,1.0,972.0,1.7540983606557377,1.705694789130072
IND000000ACB,IND121002AAB,Carting,night,21,21,1.9672131147540983,134.0,63.0,1.0,1730.0,2.125,2.0441823270691724
IND000000ACB,IND121004AAB,Carting,evening,16,16,1.7578754578754578,110.5,63.0,1.0,790.0,1.7540983606557377,1.7557770705311688
IND000000ACB,IND121004AAB,Carting,night,15,15,2.1076923076923078,137.0,63.0,1.0,1059.0,2.125,2.1175824175824176
IND000000ACB,IND122001AAA,Carting,afternoon,16,16,1.8284313725490196,60.5,34.0,0.875,634.0,2.234668335419274,2.0541185741436054
IND000000ACB,IND122001AAA,Carting,evening,3,3,1.40625,47.0,33.0,1.0,42.0,1.7540983606557377,1.7087268353528153
IND000000ACB,IND122001AAA,Carting,late_evening,17,17,1.3783783783783783,51.0,34.0,0.7058823529411765,254.0,1.8148148148148149,1.614289965641317
IND000000ACB,IND122001AAA,Carting,morning,2,2,1.7439903846153846,62.0,35.5,1.0,53.0,2.2,2.1585445804195804
IND000000ACB,IND122001AAA,Carting,night,19,19,1.9375,68.0,38.0,0.9473684210526315,626.0,2.125,2.0336538461538463
IND000000ACB,IND122015AAC,Carting,night,2,2,2.4684343434343434,84.5,34.5,1.0,100.0,2.125,2.1562213039485765
IND000000ACB,IND124103AAA,FTL,evening,13,13,1.7142857142857142,88.0,49.0,1.0,535.0,1.7703025992499675,1.7482353415367768
IND000000ACB,IND124112AAA,FTL,morning,7,7,1.7142857142857142,192.0,112.0,1.0,678.0,1.8750586854460094,1.8333768040340812
IND000000ACB,IND125001AAA,FTL,afternoon,2,2,1.5784313725490198,241.5,153.0,1.0,177.0,1.7676767676767677,1.7504726408469724
IND000000ACB,IND125001AAA,FTL,morning,13,13,1.9483870967741936,302.0,153.0,1.0,1907.0,1.8750586854460094,1.903945635363173
IND000000ACB,IND125005AAA,FTL,afternoon,4,4,1.724025974025974,265.5,154.0,1.0,461.0,1.7676767676767677,1.7604016354016354
IND000000ACB,IND125033AAA,FTL,morning,2,2,1.9575503442563544,272.0,139.0,1.0,266.0,1.8750586854460094,1.8825579271560409
IND000000ACB,IND127021AAA,FTL,evening,2,2,1.784476843910806,192.5,108.0,1.0,169.0,1.7703025992499675,1.7715911669464075
IND000000ACB,IND131028AAB,Carting,afternoon,15,15,0.9791666666666666,188.0,189.0,0.4,831.0,2.234668335419274,1.6965961916681565
IND000000ACB,IND131028AAB,Carting,evening,11,11,2.2211538461538463,236.0,106.0,0.8181818181818182,1352.0,1.7540983606557377,1.919827726477647
IND000000ACB,IND131028AAB,Carting,late_evening,18,18,1.0748663101604277,201.0,186.0,0.2222222222222222,725.0,1.8148148148148149,1.4643128915574735
IND000000ACB,IND131028AAB,Carting,morning,15,15,1.0621761658031088,197.0,189.0,0.26666666666666666,472.0,2.2,1.7123612139156181
IND000000ACB,IND131028AAB,Carting,night,33,33,1.0102564102564102,194.0,188.0,0.30303030303030304,1393.0,2.125,1.4309143686502175
IND000000ACB,IND160002AAC,FTL,afternoon,4,4,1.9766837688595156,424.0,214.5,1.0,1207.0,1.7676767676767677,1.8025112678738926
IND000000ACB,IND160002AAC,FTL,evening,13,13,2.047846889952153,444.0,211.0,1.0,3098.0,1.7703025992499675,1.8796382289205256
IND000000ACB,IND160002AAC,FTL,late_evening,6,6,2.1475557153127247,456.0,214.5,1.0,1591.0,1.8333333333333333,1.9058461907131927
IND000000ACB,IND160002AAC,FTL,morning,16,16,2.237259742549815,481.0,215.0,1.0,5186.0,1.8750586854460094,2.036036933047701
IND000000ACB,IND160002AAC,FTL,night,19,19,2.146118721461187,491.0,234.0,1.0,6715.0,1.8226866738120757,1.9802561329231811
IND000000ACB,IND201001AAC,Carting,afternoon,1,1,1.6071428571428572,180.0,112.0,1.0,68.0,2.234668335419274,2.2047861697870634
IND000000ACB,IND201001AAC,Carting,evening,2,2,0.6979152426520847,168.5,243.0,0.0,0.0,1.7540983606557377,1.6580817135644963
IND000000ACB,IND201001AAC,Carting,late_evening,1,1,1.263157894736842,168.0,133.0,1.0,35.0,1.8148148148148149,1.7885454376682448
IND000000ACB,IND201007AAA,Carting,afternoon,2,2,1.5099551687763713,130.0,87.5,1.0,85.0,2.234668335419274,2.168785320269919
IND000000ACB,IND201007AAA,Carting,evening,3,3,1.048780487804878,89.0,82.0,0.3333333333333333,21.0,1.7540983606557377,1.6621003772404082
IND000000ACB,IND201007AAA,Carting,night,4,4,1.5366387893269615,133.5,87.5,1.0,245.0,2.125,2.0269397982211603
IND000000ACB,IND201301AAF,Carting,afternoon,2,2,1.5719988172678887,130.5,82.5,1.0,96.0,2.234668335419274,2.174425651950966
IND000000ACB,IND201301AAF,Carting,evening,3,3,1.236842105263158,94.0,79.0,0.6666666666666666,42.0,1.7540983606557377,1.6866301534306185
IND000000ACB,IND201301AAF,Carting,night,4,4,1.8774989055887932,156.5,79.5,1.0,300.0,2.125,2.083749817598132
IND000000ACB,IND201301AAM,Carting,afternoon,8,8,1.4318597878094446,275.0,188.5,0.75,666.0,2.234668335419274,2.005294464673608
IND000000ACB,IND201301AAM,Carting,evening,16,16,1.0565672661051673,210.0,189.5,0.0625,208.0,1.7540983606557377,1.444084540855484
IND000000ACB,IND201301AAM,Carting,night,15,15,2.488372093023256,207.0,85.0,1.0,1829.0,2.125,2.280730897009967
IND000000ACB,IND209304AAA,FTL,evening,6,6,1.8052819115489416,723.0,398.0,1.0,1953.0,1.7703025992499675,1.7783747482420382
IND000000ACB,IND209304AAA,FTL,late_evening,6,6,2.2381956438841657,788.0,331.0,1.0,2576.0,1.8333333333333333,1.9267630973066023
IND000000ACB,IND209304AAA,FTL,night,3,3,2.118155619596542,735.0,347.0,1.0,1077.0,1.8226866738120757,1.8612261015230933
IND000000ACB,IND282002AAD,FTL,morning,9,9,1.8125,261.0,145.0,1.0,1231.0,1.8750586854460094,1.855643920997248
IND000000ACB,IND301001AAB,FTL,afternoon,4,4,0.9187310414560161,156.0,168.5,0.25,100.0,1.7676767676767677,1.6261858133066427
IND000000ACB,IND301001AAB,FTL,morning,2,2,1.006216539870386,169.5,168.5,0.0,17.0,1.8750586854460094,1.7960730358482258
IND000000ACB,IND301705AAA,FTL,evening,1,1,3.75,210.0,56.0,1.0,154.0,1.7703025992499675,1.8645739040475882
IND000000ACB,IND302014AAA,FTL,afternoon,2,2,1.7662498489790988,320.5,182.0,1.0,277.0,1.7676767676767677,1.7675470477951614
IND000000ACB,IND302014AAA,FTL,morning,12,12,1.7082267215485594,321.0,190.0,1.0,1573.0,1.8750586854460094,1.8124966989844657
IND000000ACB,IND302014AAA,FTL,night,16,16,1.6859398724567263,315.0,193.0,1.0,1965.0,1.8226866738120757,1.7619103176541426
IND000000ACB,IND302022AAD,FTL,afternoon,1,1,1.7062146892655368,302.0,177.0,1.0,125.0,1.7676767676767677,1.7647500020381377
IND000000ACB,IND302022AAD,FTL,evening,19,19,1.4301675977653632,285.0,200.0,1.0,2095.0,1.7703025992499675,1.604595803654904
IND000000ACB,IND328001AAA,FTL,morning,5,5,1.5324074074074074,360.0,228.0,1.0,641.0,1.8750586854460094,1.806528429838289
IND000000ACB,IND382430AAB,FTL,afternoon,1,1,1.7819905213270142,1128.0,633.0,1.0,495.0,1.7676767676767677,1.7683583749934464
IND000000ACB,IND382430AAB,FTL,evening,15,15,1.7880690737833596,1185.0,637.0,1.0,7876.0,1.7703025992499675,1.7779168026214214
IND000000ACB,IND382430AAB,FTL,late_evening,1,1,1.826086956521739,1176.0,644.0,1.0,532.0,1.8333333333333333,1.8329882677708764
IND000000ACB,IND390022AAA,FTL,evening,2,2,1.6728736397956916,1229.0,735.5,1.0,987.0,1.7703025992499675,1.7614454211177608
IND000000ACB,IND390022AAA,FTL,late_evening,9,9,1.7142857142857142,1242.0,731.0,1.0,4679.0,1.8333333333333333,1.7963875205254514
IND000000ACB,IND411033AAA,FTL,late_evening,20,20,1.5551732745096087,1785.5,1147.5,1.0,12629.0,1.8333333333333333,1.6942533039214709
IND000000ACB,IND411033AAA,FTL,night,2,2,1.5769145240315887,1747.0,1108.0,1.0,1278.0,1.8226866738120757,1.8003437511047589
IND000000ACB,IND421302AAG,FTL,afternoon,12,12,1.734062625681264,1854.0,1059.0,1.0,9472.0,1.7676767676767677,1.755071464428454
IND000000ACB,IND421302AAG,FTL,evening,1,1,1.6345811051693404,1834.0,1122.0,1.0,712.0,1.7703025992499675,1.7638396709604138
IND000000ACB,IND421302AAG,FTL,late_evening,14,14,1.7924845242168788,1871.5,1048.5,1.0,11848.0,1.8333333333333333,1.816513235461852
IND000000ACB,IND421302AAG,FTL,morning,3,3,1.7536496350364963,1922.0,1064.0,1.0,2534.0,1.8750586854460094,1.8592227223491165
IND000000ACB,IND421302AAG,FTL,night,3,3,1.6588124410933083,1760.0,1085.0,1.0,3158.0,1.8226866738120757,1.8013117738922366
IND000000ACB,IND462022AAA,FTL,evening,1,1,1.3136482939632546,1001.0,762.0,1.0,239.0,1.7703025992499675,1.7485571561410764
IND000000ACB,IND462022AAA,FTL,night,17,17,1.5271966527196652,1095.0,719.0,1.0,6256.0,1.8226866738120757,1.6869209884452927
IND000000ACB,IND474003AAA,FTL,morning,2,2,4.109434237386994,1134.5,316.0,1.0,1637.0,1.8750586854460094,2.0781837356224626
IND000000ACB,IND501359AAE,FTL,afternoon,3,3,1.7177358490566037,2432.0,1333.0,1.0,3040.0,1.7676767676767677,1.7611627348132683
IND000000ACB,IND501359AAE,FTL,evening,13,13,1.844884488448845,2282.0,1254.0,1.0,14337.0,1.7703025992499675,1.7996833434798285
IND000000ACB,IND501359AAE,FTL,night,13,13,1.7420604182804027,2196.0,1248.0,1.0,12390.0,1.8226866738120757,1.7909248155723259
IND000000ACB,IND521225AAB,FTL,night,11,11,1.5974884335756774,2501.0,1576.0,1.0,10532.0,1.8226866738120757,1.7427776208249668
IND000000ACB,IND562132AAA,FTL,afternoon,2,2,1.743021795922847,3022.5,1734.0,1.0,2577.0,1.7676767676767677,1.7654354066082296
IND000000ACB,IND562132AAA,FTL,evening,19,19,1.6745144202472042,2890.0,1722.0,1.0,23585.0,1.7703025992499675,1.7236365633255442
IND000000ACB,IND562132AAA,FTL,morning,27,27,1.6572254335260115,2850.0,1730.0,1.0,30333.0,1.8750586854460094,1.749920434343032
IND000000ACB,IND562132AAA,FTL,night,18,18,1.6109609751170073,2817.5,1747.0,1.0,19837.0,1.8226866738120757,1.7223955533775694
IND000000ACB,IND600056AAB,FTL,morning,6,6,1.663465143954542,3022.5,1776.0,1.0,7656.0,1.8750586854460094,1.8262294066402862
IND000000ACB,IND600056AAB,FTL,night,8,8,1.7058798082239903,2970.5,1741.5,1.0,11269.0,1.8226866738120757,1.7893132836440515
IND000000ACB,IND712311AAA,FTL,afternoon,15,15,2.0342275670675303,2205.0,1078.0,1.0,18771.0,1.7676767676767677,1.8819128245585228
IND000000ACB,IND712311AAA,FTL,evening,2,2,1.9684370726916351,2143.5,1087.0,1.0,2113.0,1.7703025992499675,1.7883148241083011
IND000000ACB,IND712311AAA,FTL,late_evening,14,14,1.8023105665270567,1896.0,1074.5,1.0,13990.0,1.8333333333333333,1.8205592528836898
IND000000ACB,IND712311AAA,FTL,night,17,17,1.763840830449827,2051.0,1183.0,1.0,14982.0,1.8226866738120757,1.7956493944294207
IND000000ACB,IND751002AAB,FTL,late_evening,3,3,1.8066037735849056,2379.0,1317.0,1.0,3166.0,1.8333333333333333,1.829846869018321
IND000000ACB,IND751002AAB,FTL,night,12,12,1.3333461130374178,2384.5,1828.0,0.9166666666666666,8267.0,1.8226866738120757,1.639183963521579
IND000000ACB,IND821115AAB,FTL,late_evening,1,1,1.7571428571428571,1230.0,700.0,1.0,530.0,1.8333333333333333,1.829705215419501
IND000000ACB,IND821115AAB,FTL,night,17,17,1.771712158808933,1328.0,742.0,1.0,9714.0,1.8226866738120757,1.7992659507025237
IND000000ACB,IND834002AAB,FTL,late_evening,4,4,1.710274230349683,1606.0,920.5,1.0,2612.0,1.8333333333333333,1.812823482836058
IND000000ACB,IND834002AAB,FTL,night,12,12,1.667905494216614,1604.5,970.0,1.0,7744.0,1.8226866738120757,1.7646437314637777
IND000000ACB,IND842001AAA,FTL,morning,1,1,1.8560885608856088,1509.0,813.0,1.0,696.0,1.8750586854460094,1.8741553461812286
IND000000ACB,IND842001AAA,FTL,night,18,18,1.769671807038355,1508.0,844.0,1.0,11971.0,1.8226866738120757,1.797574368498208
IND000000ACK,IND501359AAF,Carting,afternoon,32,32,2.5946969696969697,71.0,27.0,1.0,1511.0,2.234668335419274,2.456224418051702
IND000000ACN,IND501359AAF,Carting,afternoon,8,8,2.3888888888888893,43.0,18.0,1.0,343.0,2.234668335419274,2.2787313506963067
IND000000ACN,IND501359AAF,Carting,evening,8,8,1.9444444444444444,33.5,18.5,1.0,219.0,1.7540983606557377,1.8084829560239395
IND000000ACT,IND000000ACB,Carting,afternoon,2,2,2.928525641025641,115.0,39.5,1.0,151.0,2.234668335419274,2.2977462722925797
IND000000ACT,IND000000ACB,Carting,evening,10,10,1.431547619047619,64.5,42.0,0.7,218.0,1.7540983606557377,1.6465814467863646
IND000000ACT,IND000000ACB,Carting,late_evening,8,8,1.6720238095238096,68.5,40.5,1.0,206.0,1.8148148148148149,1.7740173847316707
IND000000ACT,IND000000ACB,Carting,morning,8,8,1.9711779448621551,83.5,42.5,1.0,438.0,2.2,2.134622269960616
IND000000ACT,IND000000ACB,Carting,night,15,15,1.6829268292682926,69.0,39.0,1.0,540.0,2.125,1.9355400696864113
IND000000ACT,IND000000ACB,FTL,evening,53,53,1.2142857142857142,51.0,42.0,0.5660377358490566,1124.0,1.7703025992499675,1.3666191074266054
IND000000ACT,IND000000ACB,FTL,late_evening,4,4,1.1946428571428571,49.5,41.0,0.5,33.0,1.8333333333333333,1.7268849206349206
IND000000ACT,IND131028AAB,Carting,afternoon,19,19,1.8245614035087718,102.0,57.0,1.0,833.0,2.234668335419274,2.0348726506423627
IND000000ACT,IND131028AAB,Carting,evening,12,12,1.4764150943396226,85.0,58.0,0.75,373.0,1.7540983606557377,1.6499671357871946
IND000000ACT,IND131028AAB,Carting,late_evening,4,4,1.3421052631578947,76.5,57.0,1.0,79.0,1.8148148148148149,1.7360298895386617
IND000000ACT,IND131028AAB,Carting,morning,4,4,2.1198830409356724,117.5,55.5,1.0,238.0,2.2,2.1866471734892787
IND000000ACT,IND160002AAC,FTL,morning,3,3,1.9796954314720812,391.0,199.0,1.0,595.0,1.8750586854460094,1.8887069566668016
IND000000ACT,IND160002AAC,FTL,night,18,18,1.9712996291448517,380.0,192.5,1.0,3450.0,1.8226866738120757,1.8930822842328643
IND000000ADM,IND683511AAA,Carting,night,1,1,3.3076923076923075,86.0,26.0,1.0,60.0,2.125,2.181318681318681
IND000000ADV,IND600044AAC,Carting,afternoon,12,12,1.5510204081632653,76.5,49.0,1.0,381.0,2.234668335419274,1.9783003626982705
IND000000ADV,IND600044AAC,Carting,evening,6,6,1.5044897959183674,74.5,49.0,1.0,143.0,1.7540983606557377,1.6964963841778828
IND000000AEL,IND000000ACB,Carting,afternoon,1,1,1.8305084745762712,108.0,59.0,1.0,49.0,2.234668335419274,2.2154226277600833
IND000000AEL,IND000000ACB,Carting,evening,10,10,1.8152709359605912,106.5,56.5,0.9,540.0,1.7540983606557377,1.7744892190906887
IND000000AEL,IND000000ACB,Carting,late_evening,2,2,2.086206896551724,121.0,58.0,1.0,126.0,1.8148148148148149,1.8394868222454432
IND000000AEL,IND000000ACB,Carting,morning,3,3,1.894736842105263,108.0,57.0,1.0,388.0,2.2,2.1601830663615558
IND000000AEL,IND000000ACB,Carting,night,1,1,10.0,597.0,57.0,1.0,540.0,2.125,2.5
IND000000AEM,IND110037AAB,Carting,evening,3,3,1.8636363636363635,89.0,52.0,1.0,178.0,1.7540983606557377,1.7683859262619064
IND000000AEM,IND110037AAB,Carting,morning,4,4,3.928698752228164,185.0,44.0,1.0,497.0,2.2,2.488116458704694
IND000000AEM,IND110037AAB,Carting,night,4,4,4.415909090909091,207.5,47.0,1.0,726.0,2.125,2.506818181818182
IND000000AEM,IND110064AAB,Carting,morning,1,1,1.462962962962963,79.0,54.0,1.0,25.0,2.2,2.1649029982363315
IND000000AEM,IND110064AAB,Carting,night,10,10,2.066037735849057,115.0,59.5,1.0,545.0,2.125,2.105345911949686
IND000000AET,IND000000AAS,FTL,afternoon,8,8,2.5208333333333335,119.0,48.0,1.0,550.0,1.7676767676767677,1.9828643578643579
IND000000AFF,IND734203AAA,FTL,afternoon,3,3,4.842105263157895,92.0,19.0,1.0,205.0,1.7676767676767677,2.1686891801308277
IND000000AFG,IND673027AAB,FTL,night,1,1,1.826086956521739,84.0,46.0,1.0,38.0,1.8226866738120757,1.8228485920363457
IND000000AFG,IND673632AAA,FTL,night,3,3,2.404255319148936,113.0,47.0,1.0,169.0,1.8226866738120757,1.898543453638623
IND000000AFJ,IND695121AAA,Carting,late_evening,2,2,1.0,27.0,27.0,0.0,2.0,1.8148148148148149,1.7407407407407407
IND000000AFJ,IND695121AAA,Carting,night,18,18,1.1394230769230769,28.5,25.0,0.2222222222222222,64.0,2.125,1.6581477732793524
IND000000AFJ,IND695572AAB,Carting,late_evening,1,1,2.3076923076923075,60.0,26.0,1.0,34.0,1.8148148148148149,1.838285171618505
IND000000AFR,IND683511AAA,Carting,night,8,8,1.9714285714285715,67.0,32.0,1.0,323.0,2.125,2.081122448979592
IND000000AFT,IND400072AAB,Carting,evening,10,10,2.026315789473684,37.5,18.0,1.0,174.0,1.7540983606557377,1.844837503595053
IND000000AFT,IND400701AAA,Carting,night,1,1,3.111111111111111,56.0,18.0,1.0,38.0,2.125,2.171957671957672
IND000000AFT,IND400706AAA,Carting,night,2,2,3.511111111111111,56.0,14.0,1.0,84.0,2.125,2.251010101010101
IND000000AFT,IND410206AAA,Carting,morning,1,1,2.4210526315789473,46.0,19.0,1.0,27.0,2.2,2.2105263157894735
IND000000AFT,IND410206AAA,Carting,night,1,1,3.78125,121.0,32.0,1.0,89.0,2.125,2.2038690476190474
IND000000AFT,IND410206AAB,Carting,morning,1,1,2.9444444444444446,53.0,18.0,1.0,35.0,2.2,2.2354497354497354
IND000000AFT,IND410209AAA,Carting,late_evening,2,2,4.598717948717949,84.0,20.5,1.0,127.0,1.8148148148148149,2.067896917896918
IND000000AFT,IND410209AAA,Carting,morning,15,15,2.142857142857143,32.0,14.0,1.0,237.0,2.2,2.1755102040816325
IND000000AFT,IND410209AAA,Carting,night,23,23,2.0714285714285716,32.0,16.0,0.9565217391304348,391.0,2.125,2.096345514950166
IND000000AFT,IND410210AAA,Carting,late_evening,8,8,3.664835164835165,48.5,14.5,1.0,303.0,1.8148148148148149,2.343392057677772
IND000000AFT,IND410210AAA,Carting,night,5,5,2.263157894736842,43.0,18.0,1.0,117.0,2.125,2.1526315789473687
IND000000AFT,IND421302AAG,Carting,evening,8,8,2.2861111111111114,46.5,22.5,1.0,574.0,1.7540983606557377,1.9061020036429872
IND000000AFT,IND421302AAG,Carting,late_evening,1,1,2.2857142857142856,48.0,21.0,1.0,27.0,1.8148148148148149,1.837238599143361
IND000000AFT,IND421302AAG,Carting,morning,2,2,3.5100250626566414,70.5,20.0,1.0,101.0,2.2,2.31909318751424
IND000000AFT,IND421302AAG,Carting,night,4,4,3.142857142857143,66.0,21.0,1.0,187.0,2.125,2.294642857142857
IND110014AAA,IND110024AAA,Carting,morning,7,7,2.909090909090909,24.0,11.0,1.0,159.0,2.2,2.3838383838383836
IND110014AAA,IND110024AAA,Carting,night,4,4,3.3636363636363638,32.5,11.0,1.0,89.0,2.125,2.331439393939394
IND110020AAB,IND110037AAM,Carting,morning,4,4,3.937747035573123,88.0,24.0,1.0,629.0,2.2,2.489624505928854
IND110024AAA,IND110014AAA,Carting,late_evening,1,1,2.0,14.0,7.0,1.0,7.0,1.8148148148148149,1.8236331569664903
IND110024AAA,IND110014AAA,Carting,morning,3,3,3.142857142857143,22.0,7.0,1.0,42.0,2.2,2.3229813664596275
IND110024AAA,IND110014AAA,Carting,night,5,5,1.6428571428571428,12.0,8.0,1.0,27.0,2.125,2.0285714285714285
IND110030AAD,IND000000ACB,Carting,late_evening,3,3,1.5918367346938775,78.0,49.0,1.0,157.0,1.8148148148148149,1.7857307174077361
IND110030AAD,IND000000ACB,Carting,morning,2,2,4.675854287556415,279.5,56.5,1.0,446.0,2.2,2.4250776625051285
IND110030AAD,IND000000ACB,Carting,night,2,2,4.906313131313132,217.5,44.5,1.0,346.0,2.125,2.377846648301194
IND110035AAC,IND110037AAM,Carting,evening,2,2,1.7861111111111112,33.5,19.0,1.0,29.0,1.7540983606557377,1.7570086106971352
IND110035AAC,IND110037AAM,Carting,morning,1,1,1.7647058823529411,30.0,17.0,1.0,13.0,2.2,2.1792717086834736
IND110037AAK,IND000000ACB,Carting,evening,11,11,1.564102564102564,61.0,38.0,1.0,309.0,1.7540983606557377,1.686680497362676
IND110037AAK,IND000000ACB,Carting,late_evening,13,13,2.324324324324324,86.0,38.0,1.0,2494.0,1.8148148148148149,2.015530682197349
IND110037AAK,IND000000ACB,Carting,morning,1,1,1.8421052631578947,70.0,38.0,1.0,32.0,2.2,2.182957393483709
IND110037AAK,IND000000ACB,Carting,night,18,18,2.4460227272727275,107.5,39.5,1.0,1458.0,2.125,2.2770633971291865
IND110037AAM,IND000000ACB,FTL,night,12,12,1.558139534883721,66.5,42.5,1.0,292.0,1.8226866738120757,1.723481496713943
IND110037AAM,IND110020AAB,Carting,morning,9,9,3.4615384615384617,90.0,25.0,1.0,674.0,2.2,2.591511936339523
IND110037AAM,IND110024AAA,Carting,night,14,14,2.560897435897436,63.5,24.5,1.0,533.0,2.125,2.3044871794871793
IND110037AAM,IND110035AAC,Carting,evening,20,20,1.6842105263157894,36.5,21.0,0.8,465.0,1.7540983606557377,1.7191544434857633
IND110037AAM,IND110035AAC,Carting,morning,14,14,2.7447368421052634,57.5,22.0,1.0,773.0,2.2,2.4243034055727555
IND110037AAM,IND110035AAC,Carting,night,2,2,5.073099415204679,127.5,23.0,1.0,209.0,2.125,2.39300903774588
IND110037AAM,IND110064AAA,Carting,night,2,2,5.39375,103.5,18.0,1.0,171.0,2.125,2.422159090909091
IND110037AAM,IND110085AAB,Carting,night,22,22,1.9782608695652173,47.5,24.0,1.0,775.0,2.125,2.048136645962733
IND110037AAM,IND110092AAC,Carting,night,1,1,1.8888888888888888,68.0,36.0,1.0,32.0,2.125,2.1137566137566135
IND110037AAM,IND121004AAB,Carting,afternoon,12,12,2.5384615384615383,66.0,27.0,1.0,571.0,2.234668335419274,2.348590786560123
IND110037AAM,IND121004AAB,Carting,evening,11,11,1.4814814814814814,40.0,27.0,1.0,152.0,1.7540983606557377,1.6573633390132594
IND110037AAM,IND121004AAB,Carting,late_evening,8,8,1.603988603988604,43.0,28.0,1.0,122.0,1.8148148148148149,1.7545787545787548
IND110037AAM,IND121004AAB,Carting,night,15,15,3.257142857142857,106.0,31.0,1.0,1155.0,2.125,2.610204081632653
IND110037AAM,IND125001AAA,FTL,night,1,1,2.9502762430939224,534.0,181.0,1.0,353.0,1.8226866738120757,1.8763814152064495
IND110037AAM,IND131028AAB,Carting,morning,1,1,2.210526315789474,126.0,57.0,1.0,69.0,2.2,2.200501253132832
IND110037AAM,IND201001AAC,Carting,evening,1,1,2.263157894736842,129.0,57.0,1.0,72.0,1.7540983606557377,1.778339290850076
IND110037AAM,IND201001AAC,Carting,late_evening,4,4,1.4076923076923076,79.0,60.0,0.75,84.0,1.8148148148148149,1.7469610636277304
IND110037AAM,IND201001AAC,Carting,night,3,3,2.19672131147541,119.0,59.0,1.0,188.0,2.125,2.1343549536707056
IND110037AAM,IND201007AAA,Carting,night,6,6,2.0235587583148558,88.0,42.5,1.0,287.0,2.125,2.1015904826880436
IND110037AAM,IND201301AAD,Carting,morning,1,1,4.5675675675675675,169.0,37.0,1.0,132.0,2.2,2.312741312741313
IND110037AAM,IND201301AAD,Carting,night,2,2,3.916269841269841,138.5,35.5,1.0,206.0,2.125,2.287842712842713
IND110037AAM,IND201301AAF,Carting,night,5,5,2.210526315789474,84.0,39.0,1.0,220.0,2.125,2.142105263157895
IND110037AAM,IND202001AAB,FTL,afternoon,16,16,1.6705226071638286,218.5,131.0,1.0,1664.0,1.7676767676767677,1.7244971407821281
IND110037AAM,IND202001AAB,FTL,morning,1,1,1.7407407407407407,235.0,135.0,1.0,100.0,1.8750586854460094,1.8686625928409968
IND110037AAM,IND202001AAB,FTL,night,9,9,1.8962962962962964,258.0,135.0,1.0,1092.0,1.8226866738120757,1.8455310394106272
IND110037AAM,IND209304AAA,FTL,evening,3,3,1.9774011299435028,700.0,354.0,1.0,1007.0,1.7703025992499675,1.797315451079559
IND110037AAM,IND209304AAA,FTL,morning,1,1,2.0172413793103448,702.0,348.0,1.0,354.0,1.8750586854460094,1.8818292899157396
IND110037AAM,IND209304AAA,FTL,night,21,21,1.9364640883977902,712.0,362.0,1.0,7824.0,1.8226866738120757,1.8809629105511005
IND110037AAM,IND226004AAC,FTL,evening,1,1,1.5953488372093023,686.0,430.0,1.0,256.0,1.7703025992499675,1.7619714677242215
IND110037AAM,IND250002AAC,FTL,afternoon,1,1,1.163265306122449,114.0,98.0,0.0,16.0,1.7676767676767677,1.7388952695075144
IND110037AAM,IND250002AAC,FTL,evening,1,1,10.0,1496.0,131.0,1.0,1365.0,1.7703025992499675,2.162192951666636
IND110037AAM,IND282001AAA,FTL,morning,1,1,3.391566265060241,563.0,166.0,1.0,397.0,1.8750586854460094,1.9472733320943063
IND110037AAM,IND282001AAA,FTL,night,3,3,1.9735099337748345,298.0,151.0,1.0,430.0,1.8226866738120757,1.8423592729376532
IND110037AAM,IND282001AAC,FTL,night,1,1,2.0921052631578947,318.0,152.0,1.0,166.0,1.8226866738120757,1.835516130447591
IND110037AAM,IND282002AAD,FTL,afternoon,1,1,1.9539473684210527,297.0,152.0,1.0,145.0,1.7676767676767677,1.7765467962836385
IND110037AAM,IND421302AAG,FTL,late_evening,2,2,1.7394761909379586,2013.0,1158.0,1.0,1710.0,1.8333333333333333,1.8248008658428447
IND110037AAM,IND421302AAG,FTL,night,16,16,1.7824311318868111,1985.5,1101.0,1.0,15060.0,1.8226866738120757,1.8047953218452915
IND110037AAM,IND781018AAB,FTL,night,1,1,2.145360155743024,3306.0,1541.0,1.0,1765.0,1.8226866738120757,1.8380520777135498
IND110037AAM,IND811399AAA,FTL,evening,11,11,2.1052631578947367,80.0,38.0,0.7272727272727273,584.0,1.7703025992499675,1.8891595716723049
IND110039AAA,IND110085AAB,Carting,morning,2,2,3.416666666666667,53.0,15.5,1.0,75.0,2.2,2.3106060606060606
IND110039AAA,IND110085AAB,Carting,night,1,1,4.285714285714286,90.0,21.0,1.0,69.0,2.125,2.227891156462585
IND110043AAA,IND000000ACB,Carting,late_evening,2,2,3.0061320754716983,126.5,46.5,0.5,162.0,1.8148148148148149,1.9231163839654406
IND110043AAA,IND000000ACB,Carting,morning,1,1,7.340425531914893,345.0,47.0,1.0,298.0,2.2,2.4447821681864235
IND110043AAA,IND000000ACB,Carting,night,2,2,3.935096153846154,172.5,43.5,1.0,258.0,2.125,2.289554195804196
IND110043AAA,IND110078AAA,Carting,morning,17,17,1.6842105263157894,36.0,23.0,0.9411764705882353,303.0,2.2,1.9630156472261733
IND110043AAA,IND110078AAA,Carting,night,16,16,1.6408695652173915,39.5,22.0,0.875,319.0,2.125,1.9098309178743962
IND110043AAC,IND000000ACB,Carting,late_evening,1,1,1.5161290322580645,94.0,62.0,1.0,32.0,1.8148148148148149,1.8005916823121124
IND110044AAB,IND000000ACB,Carting,afternoon,15,15,1.7419354838709677,108.0,60.0,1.0,793.0,2.234668335419274,2.0234971133271427
IND110044AAB,IND000000ACB,Carting,evening,28,28,1.6050847457627118,101.5,64.0,0.9642857142857143,1369.0,1.7540983606557377,1.6671737519681393
IND110044AAB,IND000000ACB,Carting,late_evening,19,19,1.5076923076923077,102.0,62.0,1.0,735.0,1.8148148148148149,1.6651910292935934
IND110044AAB,IND000000ACB,Carting,morning,14,14,1.9961231723526804,123.5,61.0,1.0,940.0,2.2,2.1160507180275743
IND110044AAB,IND110030AAD,Carting,evening,18,18,1.688095238095238,25.0,15.0,1.0,234.0,1.7540983606557377,1.7228337236533957
IND110044AAB,IND110030AAD,Carting,late_evening,12,12,1.5857142857142859,23.5,15.0,0.9166666666666666,133.0,1.8148148148148149,1.7289021164021166
IND110044AAB,IND110037AAM,Carting,night,3,3,1.8666666666666667,43.0,22.0,1.0,67.0,2.125,2.091304347826087
IND110044AAB,IND131028AAB,Carting,afternoon,21,21,2.090909090909091,114.0,56.0,1.0,1250.0,2.234668335419274,2.161035551645765
IND110044AAB,IND131028AAB,Carting,evening,12,12,1.3269230769230769,69.5,52.5,0.9166666666666666,206.0,1.7540983606557377,1.5939076292559897
IND110044AAB,IND131028AAB,Carting,late_evening,7,7,1.3454545454545455,74.0,55.0,1.0,166.0,1.8148148148148149,1.6931288190547449
IND110044AAB,IND201007AAA,Carting,evening,8,8,2.8211462450592886,62.5,23.0,1.0,371.0,1.7540983606557377,2.058969184771038
IND110044AAB,IND201007AAA,Carting,late_evening,3,3,2.142857142857143,48.0,22.0,1.0,81.0,1.8148148148148149,1.8576029445594664
IND110044AAB,IND201301AAF,Carting,afternoon,1,1,1.3333333333333333,20.0,15.0,1.0,5.0,2.234668335419274,2.1917476210342293
IND110044AAB,IND201301AAF,Carting,evening,10,10,2.5357142857142856,35.5,13.5,1.0,252.0,1.7540983606557377,2.01463700234192
IND110044AAB,IND201301AAF,Carting,late_evening,1,1,1.3846153846153846,18.0,13.0,1.0,5.0,1.8148148148148149,1.794329127662461
IND110052AAA,IND000000ACB,Carting,evening,8,8,1.726255529534218,107.0,62.0,1.0,485.0,1.7540983606557377,1.746143266049589
IND110052AAA,IND000000ACB,Carting,late_evening,1,1,1.6774193548387097,104.0,62.0,1.0,42.0,1.8148148148148149,1.8082721738635719
IND110052AAA,IND000000ACB,Carting,night,1,1,1.8870967741935485,117.0,62.0,1.0,55.0,2.125,2.1136712749615976
IND110064AAA,IND000000ACB,Carting,evening,1,1,5.6461538461538465,367.0,65.0,1.0,302.0,1.7540983606557377,1.9394343361556474
IND110064AAA,IND000000ACB,Carting,late_evening,20,20,1.3401360544217686,70.5,52.5,0.65,371.0,1.8148148148148149,1.5774754346182918
IND110064AAA,IND000000ACB,Carting,morning,15,15,10.0,654.0,53.0,1.0,8759.0,2.2,5.542857142857143
IND110064AAA,IND000000ACB,Carting,night,3,3,10.0,707.0,53.0,1.0,2020.0,2.125,3.152173913043478
IND110064AAA,IND110005AAA,Carting,late_evening,1,1,2.3076923076923075,30.0,13.0,1.0,17.0,1.8148148148148149,1.838285171618505
IND110064AAA,IND110005AAA,Carting,night,1,1,3.0,33.0,11.0,1.0,22.0,2.125,2.1666666666666665
IND110064AAA,IND110046AAA,Carting,morning,1,1,3.0,45.0,15.0,1.0,30.0,2.2,2.238095238095238
IND110077AAA,IND110043AAA,Carting,night,1,1,1.3333333333333333,20.0,15.0,1.0,5.0,2.125,2.0873015873015874
IND110078AAA,IND110043AAA,Carting,morning,8,8,2.9166666666666665,70.0,24.0,1.0,349.0,2.2,2.4047619047619047
IND110078AAA,IND110043AAA,Carting,night,6,6,2.325,50.0,22.5,1.0,218.0,2.125,2.1711538461538464
IND110083AAA,IND110085AAB,Carting,night,1,1,2.6315789473684212,50.0,19.0,1.0,31.0,2.125,2.149122807017544
IND110085AAB,IND000000ACB,Carting,late_evening,3,3,1.971830985915493,140.0,74.0,1.0,208.0,1.8148148148148149,1.8352951849583816
IND110085AAB,IND000000ACB,Carting,morning,3,3,4.476190476190476,282.0,61.0,1.0,739.0,2.2,2.4968944099378882
IND110085AAB,IND000000ACB,Carting,night,1,1,2.5,155.0,62.0,1.0,93.0,2.125,2.142857142857143
IND110085AAB,IND110039AAA,Carting,morning,2,2,2.1333333333333333,40.5,19.0,1.0,43.0,2.2,2.193939393939394
IND110085AAB,IND110039AAA,Carting,night,2,2,1.1339285714285714,17.0,15.0,0.0,4.0,2.125,2.0349025974025974
IND110085AAB,IND110083AAA,Carting,night,3,3,4.0,56.0,15.0,1.0,119.0,2.125,2.369565217391304
IND110085AAB,IND110085AAA,Carting,afternoon,1,1,2.076923076923077,27.0,13.0,1.0,14.0,2.234668335419274,2.2271566564432645
IND110085AAB,IND110087AAA,Carting,morning,2,2,2.6923076923076925,35.0,13.0,1.0,44.0,2.2,2.244755244755245
IND110085AAB,IND110087AAA,Carting,night,1,1,1.0769230769230769,14.0,13.0,0.0,1.0,2.125,2.0750915750915753
IND110092AAC,IND000000ACB,Carting,late_evening,3,3,1.736842105263158,132.0,79.0,1.0,150.0,1.8148148148148149,1.8046444613950334
IND110092AAC,IND000000ACB,Carting,morning,2,2,2.4210810810810814,180.5,74.5,1.0,212.0,2.2,2.2200982800982803
IND110092AAC,IND000000ACB,Carting,night,1,1,1.9393939393939394,128.0,66.0,1.0,62.0,2.125,2.116161616161616
IND110092AAC,IND110093AAA,Carting,late_evening,1,1,3.25,52.0,16.0,1.0,36.0,1.8148148148148149,1.8831569664902998
IND110093AAA,IND110092AAC,Carting,night,1,1,3.2222222222222223,58.0,18.0,1.0,40.0,2.125,2.177248677248677
IND110095AAB,IND000000ACB,Carting,late_evening,1,1,1.3170731707317074,108.0,82.0,1.0,26.0,1.8148148148148149,1.7911128317632385
IND121001AAA,IND121004AAB,Carting,morning,15,15,1.9,21.0,11.0,0.9333333333333333,236.0,2.2,2.0714285714285716
IND121001AAA,IND121004AAB,Carting,night,12,12,2.0,20.5,11.0,1.0,206.0,2.125,2.078125
IND121002AAA,IND121004AAB,Carting,night,1,1,10.0,229.0,12.0,1.0,217.0,2.125,2.5
IND121002AAB,IND000000ACB,Carting,afternoon,3,3,1.6333333333333333,98.0,62.0,1.0,105.0,2.234668335419274,2.1562333351471947
IND121002AAB,IND000000ACB,Carting,evening,8,8,2.0447523491001753,161.5,73.0,1.0,750.0,1.7540983606557377,1.8371423573541483
IND121002AAB,IND000000ACB,Carting,late_evening,10,10,1.7101223002862347,106.0,65.5,0.8,653.0,1.8148148148148149,1.7799173099719547
IND121002AAB,IND000000ACB,Carting,morning,5,5,2.0793650793650795,131.0,65.0,1.0,935.0,2.2,2.175873015873016
IND121002AAB,IND000000ACB,Carting,night,3,3,1.654320987654321,134.0,76.0,1.0,338.0,2.125,2.0636070853462156
IND121004AAA,IND121004AAB,Carting,morning,1,1,2.066666666666667,31.0,15.0,1.0,16.0,2.2,2.193650793650794
IND121004AAA,IND121004AAB,Carting,night,9,9,2.6666666666666665,34.0,15.0,1.0,310.0,2.125,2.293103448275862
IND121004AAB,IND000000ACB,Carting,late_evening,17,17,1.8208955223880596,121.0,65.0,1.0,1381.0,1.8148148148148149,1.8176086534295488
IND121004AAB,IND000000ACB,Carting,morning,17,17,1.8095238095238095,114.0,63.0,1.0,946.0,2.2,2.0205920205920207
IND121004AAB,IND110037AAM,Carting,evening,19,19,2.260869565217391,52.0,24.0,1.0,580.0,1.7540983606557377,2.000986896211415
IND121004AAB,IND110037AAM,Carting,morning,9,9,3.090909090909091,71.0,23.0,1.0,605.0,2.2,2.476489028213166
IND121004AAB,IND110037AAM,Carting,night,9,9,2.72,68.0,25.0,1.0,441.0,2.125,2.3096551724137933
IND121004AAB,IND121001AAA,Carting,morning,17,17,1.5555555555555556,18.0,11.0,1.0,120.0,2.2,1.9039039039039038
IND121004AAB,IND121001AAA,Carting,night,7,7,1.8888888888888888,21.0,11.0,1.0,92.0,2.125,2.0637860082304527
IND121004AAB,IND121002AAA,Carting,night,1,1,2.909090909090909,32.0,11.0,1.0,21.0,2.125,2.162337662337662
IND121004AAB,IND121004AAA,Carting,late_evening,7,7,1.9090909090909092,22.0,11.0,1.0,85.0,1.8148148148148149,1.8392567651826912
IND121004AAB,IND121004AAA,Carting,morning,13,13,1.9166666666666667,23.0,12.0,1.0,161.0,2.2,2.0883838383838387
IND121004AAB,IND121004AAA,Carting,night,3,3,1.6363636363636365,18.0,12.0,1.0,23.0,2.125,2.061264822134387
IND121004AAB,IND121004AAC,Carting,late_evening,1,1,5.846153846153846,76.0,13.0,1.0,63.0,1.8148148148148149,2.0067833401166735
IND121004AAB,IND121004AAC,Carting,morning,6,6,2.03525641025641,26.0,12.0,1.0,73.0,2.2,2.16198224852071
IND121004AAB,IND121004AAC,Carting,night,2,2,2.0,23.0,11.5,1.0,23.0,2.125,2.1136363636363638
IND121004AAB,IND121102AAA,Carting,late_evening,1,1,2.566666666666667,77.0,30.0,1.0,47.0,1.8148148148148149,1.8506172839506174
IND121004AAB,IND121102AAA,Carting,morning,21,21,2.2,62.0,28.0,1.0,785.0,2.2,2.2
IND121004AAB,IND121102AAA,Carting,night,19,19,1.6923076923076923,48.0,28.0,1.0,455.0,2.125,1.9142011834319528
IND121004AAC,IND121004AAB,Carting,morning,3,3,4.0,84.0,13.0,1.0,150.0,2.2,2.4347826086956523
IND121004AAC,IND121004AAB,Carting,night,3,3,2.1666666666666665,39.0,13.0,1.0,147.0,2.125,2.130434782608696
IND121102AAA,IND121004AAB,Carting,night,12,12,3.250487329434698,115.0,32.5,1.0,1044.0,2.125,2.5470577485380117
IND122001AAA,IND000000ACB,Carting,evening,20,20,1.5975033738191633,61.5,36.5,0.8,446.0,1.7540983606557377,1.6758008672374505
IND122001AAA,IND110037AAM,Carting,evening,1,1,3.8666666666666667,58.0,15.0,1.0,43.0,1.7540983606557377,1.8546968514181628
IND122001AAA,IND122001AAD,Carting,morning,2,2,2.577272727272727,37.5,16.0,1.0,43.0,2.2,2.234297520661157
IND122001AAA,IND122001AAD,Carting,night,1,1,3.1538461538461537,41.0,13.0,1.0,28.0,2.125,2.173992673992674
IND122001AAA,IND122050AAA,Carting,morning,1,1,4.892857142857143,137.0,28.0,1.0,109.0,2.2,2.328231292517007
IND122001AAA,IND122101AAC,Carting,morning,1,1,1.375,22.0,16.0,1.0,6.0,2.2,2.1607142857142856
IND122001AAD,IND122050AAA,Carting,morning,7,7,2.55,50.0,19.0,1.0,194.0,2.2,2.2907407407407407
IND122001AAD,IND122050AAA,Carting,night,3,3,1.2777777777777777,23.0,18.0,0.6666666666666666,24.0,2.125,2.0144927536231885
IND122001AAJ,IND507123AAA,FTL,night,13,13,0.7758620689655172,45.0,58.0,0.0,0.0,1.8226866738120757,1.410301223417977
IND122002AAD,IND122503AAA,Carting,morning,2,2,2.4416475972540046,51.0,21.0,1.0,60.0,2.2,2.2219679633867275
IND122004AAA,IND000000ACB,Carting,evening,1,1,1.6666666666666667,55.0,33.0,1.0,22.0,1.7540983606557377,1.749934946656258
IND122004AAA,IND122413AAE,Carting,afternoon,11,11,2.085714285714286,73.0,34.0,1.0,415.0,2.234668335419274,2.18181367262073
IND122004AAA,IND122413AAE,Carting,evening,27,27,1.7837837837837838,60.0,35.0,1.0,817.0,1.7540983606557377,1.771151688835679
IND122004AAA,IND122413AAE,Carting,late_evening,4,4,1.2624113475177303,46.0,40.5,0.5,34.0,1.8148148148148149,1.7227475702653008
IND122004AAA,IND122413AAE,Carting,night,1,1,1.5,54.0,36.0,1.0,18.0,2.125,2.0952380952380953
IND122503AAA,IND122001AAA,Carting,morning,2,2,2.5622783687943262,121.5,47.5,1.0,148.0,2.2,2.232934397163121
IND123001AAA,IND123401AAB,FTL,night,13,13,1.6666666666666667,65.0,38.0,1.0,393.0,1.8226866738120757,1.7612242467547934
IND123401AAB,IND000000ACB,FTL,night,3,3,2.0327868852459017,124.0,61.0,1.0,213.0,1.8226866738120757,1.850091049216488
IND123401AAB,IND123106AAB,FTL,night,10,10,2.0,98.0,49.0,1.0,481.0,1.8226866738120757,1.8817911158747171
IND124001AAB,IND126102AAA,FTL,night,4,4,2.546511627906977,109.5,43.0,1.0,309.0,1.8226866738120757,1.943324166161226
IND124103AAA,IND127021AAA,FTL,late_evening,9,9,1.5806451612903225,98.0,61.0,1.0,354.0,1.8333333333333333,1.7549128661475712
IND124112AAA,IND125001AAA,FTL,afternoon,2,2,2.8522727272727275,125.5,44.0,1.0,163.0,1.7676767676767677,1.8662764003673096
IND124112AAA,IND125005AAA,FTL,afternoon,2,2,2.506060606060606,111.5,44.5,1.0,134.0,1.7676767676767677,1.8348025711662075
IND124112AAA,IND125033AAA,FTL,afternoon,4,4,1.7524630541871922,50.0,28.0,1.0,88.0,1.7676767676767677,1.7651411487618385
IND124141AAA,IND000000ACB,FTL,night,10,10,1.604742268041237,158.0,98.5,1.0,639.0,1.8226866738120757,1.7500385385551298
IND124507AAA,IND131028AAB,FTL,night,9,9,2.26,104.0,47.0,1.0,585.0,1.8226866738120757,1.9584046026290176
IND124507AAA,IND131028AAE,FTL,night,3,3,2.347826086956522,108.0,45.0,1.0,209.0,1.8226866738120757,1.8911831190048298
IND125001AAA,IND000000ACB,FTL,evening,9,9,1.7025316455696202,270.0,158.0,1.0,1140.0,1.7703025992499675,1.7492702343146873
IND125001AAA,IND000000ACB,FTL,late_evening,1,1,1.910828025477707,300.0,157.0,1.0,143.0,1.8333333333333333,1.8370235567687796
IND125001AAA,IND110037AAM,FTL,afternoon,9,9,2.820809248554913,488.0,171.0,1.0,3034.0,1.7676767676767677,2.09451098588033
IND125001AAA,IND110037AAM,FTL,evening,1,1,1.9661016949152543,348.0,177.0,1.0,171.0,1.7703025992499675,1.7796263657102191
IND125001AAA,IND110037AAM,FTL,morning,1,1,3.625698324022346,649.0,179.0,1.0,470.0,1.8750586854460094,1.9584224777591683
IND125001AAA,IND125047AAB,FTL,evening,2,2,2.2021008403361346,76.0,34.5,1.0,83.0,1.7703025992499675,1.8095569848032556
IND125001AAA,IND125047AAB,FTL,late_evening,5,5,2.085714285714286,72.0,35.0,1.0,181.0,1.8333333333333333,1.8838095238095238
IND125001AAA,IND125051AAA,FTL,evening,1,1,2.573170731707317,211.0,82.0,1.0,129.0,1.7703025992499675,1.8085344150812699
IND125001AAA,IND335501AAA,FTL,afternoon,1,1,2.8035714285714284,628.0,224.0,1.0,404.0,1.7676767676767677,1.817005084862228
IND125001AAA,IND335513AAA,FTL,afternoon,1,1,1.8588957055214723,303.0,163.0,1.0,140.0,1.7676767676767677,1.7720205266217537
IND125001AAA,IND335513AAA,FTL,evening,6,6,1.7007601351351351,261.5,154.5,1.0,654.0,1.7703025992499675,1.7542543383003908
IND125001AAA,IND335523AAB,FTL,evening,4,4,2.033050193050193,372.5,179.5,1.0,762.0,1.7703025992499675,1.8140938648833387
IND125001AAA,IND335524AAA,FTL,evening,5,5,1.8461538461538463,312.0,171.0,1.0,733.0,1.7703025992499675,1.7854728486307434
IND125005AAA,IND000000ACB,FTL,evening,4,4,1.7104430379746836,268.5,157.5,1.0,434.0,1.7703025992499675,1.760326005704087
IND125005AAA,IND000000ACB,FTL,late_evening,1,1,1.5875,254.0,160.0,1.0,94.0,1.8333333333333333,1.8216269841269839
IND125005AAA,IND125047AAB,FTL,late_evening,3,3,2.1714285714285713,74.0,35.0,1.0,119.0,1.8333333333333333,1.8774327122153207
IND125005AAA,IND335513AAA,FTL,evening,3,3,1.7371794871794872,266.0,153.0,1.0,336.0,1.7703025992499675,1.7659821933277309
IND125005AAA,IND335523AAB,FTL,evening,1,1,1.6756756756756757,310.0,185.0,1.0,125.0,1.7703025992499675,1.7657965552702395
IND125005AAA,IND335524AAA,FTL,evening,2,2,1.6239460084319326,278.5,171.5,1.0,214.0,1.7703025992499675,1.7569974546301461
IND125033AAA,IND125001AAA,FTL,afternoon,3,3,2.0,34.0,17.0,1.0,52.0,1.7676767676767677,1.797979797979798
IND125033AAA,IND125005AAA,FTL,afternoon,2,2,2.0620915032679736,36.0,17.5,1.0,37.0,1.7676767676767677,1.794441743639605
IND125047AAB,IND125050AAA,FTL,night,1,1,2.7142857142857144,95.0,35.0,1.0,60.0,1.8226866738120757,1.8651437709774872
IND125047AAB,IND125051AAA,FTL,late_evening,6,6,2.288485221674877,129.0,57.5,1.0,402.0,1.8333333333333333,1.938368384489074
IND125047AAB,IND125051AAA,FTL,night,4,4,2.146551724137931,123.5,58.0,1.0,234.0,1.8226866738120757,1.8766641821997183
IND125050AAA,IND125051AAA,FTL,night,2,2,1.6428571428571428,37.0,22.5,1.0,29.0,1.8226866738120757,1.8063385346343546
IND125051AAA,IND125111AAA,FTL,night,4,4,1.0489583333333332,32.0,31.0,0.0,6.0,1.8226866738120757,1.693731950398952
IND125104AAA,IND125005AAA,FTL,morning,1,1,2.1526717557251906,282.0,131.0,1.0,151.0,1.8750586854460094,1.8882783554593041
IND125111AAA,IND125121AAA,FTL,night,2,2,2.8352201257861633,103.5,41.5,1.0,124.0,1.8226866738120757,1.9147351694460837
IND125121AAA,IND125001AAA,FTL,morning,1,1,4.066666666666666,122.0,30.0,1.0,92.0,1.8750586854460094,1.9794209702660406
IND125121AAA,IND125001AAA,FTL,night,2,2,3.070812807881773,88.0,28.5,1.0,119.0,1.8226866738120757,1.93615268600023
IND126102AAA,IND126116AAA,FTL,night,5,5,2.3333333333333335,52.0,23.0,1.0,144.0,1.8226866738120757,1.9248160057163273
IND126102AAA,IND131301AAA,FTL,night,2,2,2.189915966386555,75.5,34.5,1.0,82.0,1.8226866738120757,1.8560711549552102
IND126112AAA,IND131028AAB,FTL,morning,16,16,2.308336505519604,163.0,70.5,0.9375,1715.0,1.8750586854460094,2.067626605478718
IND126116AAA,IND131301AAA,FTL,night,5,5,2.8666666666666667,172.0,60.0,1.0,569.0,1.8226866738120757,2.031482672382994
IND127021AAA,IND127201AAA,FTL,late_evening,5,5,1.8157894736842106,69.0,38.0,1.0,207.0,1.8333333333333333,1.8298245614035087
IND127021AAA,IND127201AAA,FTL,night,3,3,2.1621621621621623,80.0,38.0,1.0,118.0,1.8226866738120757,1.866966085336
IND127201AAA,IND124141AAA,FTL,night,3,3,2.3333333333333335,78.0,33.0,1.0,134.0,1.8226866738120757,1.8892927598365876
IND131021AAA,IND131028AAA,Carting,afternoon,8,8,1.5416666666666665,18.0,11.5,0.625,47.0,2.234668335419274,2.0366678586328146
IND131021AAA,IND131028AAA,Carting,evening,10,10,1.422222222222222,14.0,10.0,0.9,55.0,1.7540983606557377,1.6434729811778992
IND131021AAA,IND131028AAA,Carting,late_evening,19,19,1.5833333333333333,17.0,11.0,0.6842105263157895,135.0,1.8148148148148149,1.7020417853751189
IND131021AAA,IND131028AAA,Carting,morning,21,21,1.5833333333333333,16.0,9.0,0.9047619047619048,141.0,2.2,1.8841463414634145
IND131028AAB,IND000000ACB,Carting,afternoon,31,31,1.05625,173.0,169.0,0.3225806451612903,1632.0,2.234668335419274,1.518374837419323
IND131028AAB,IND000000ACB,Carting,evening,15,15,1.010989010989011,184.0,182.0,0.2,581.0,1.7540983606557377,1.4356229250842834
IND131028AAB,IND000000ACB,Carting,late_evening,6,6,1.1470099667774085,198.0,189.0,0.3333333333333333,188.0,1.8148148148148149,1.6607060037292596
IND131028AAB,IND000000ACB,Carting,morning,17,17,1.0116279069767442,167.0,166.0,0.23529411764705882,744.0,2.2,1.6539912005028283
IND131028AAB,IND000000ACB,Carting,night,17,17,1.1657142857142857,218.0,180.0,0.47058823529411764,1252.0,2.125,1.684247104247104
IND131028AAB,IND110037AAM,Carting,night,7,7,2.216666666666667,133.0,60.0,1.0,540.0,2.125,2.1487654320987652
IND131028AAB,IND124001AAB,FTL,evening,2,2,1.7164786967418546,97.0,56.5,1.0,81.0,1.7703025992499675,1.7654095172037756
IND131028AAB,IND124001AAB,FTL,late_evening,2,2,1.5535087719298244,91.0,58.5,1.0,65.0,1.8333333333333333,1.807894736842105
IND131028AAB,IND124507AAA,FTL,evening,2,2,1.691304347826087,81.0,48.0,1.0,66.0,1.7703025992499675,1.7631209400296148
IND131028AAB,IND124507AAA,FTL,late_evening,8,8,1.9333333333333333,89.0,46.0,1.0,380.0,1.8333333333333333,1.861904761904762
IND131028AAB,IND132103AAA,FTL,evening,1,1,5.470588235294118,372.0,68.0,1.0,304.0,1.7703025992499675,1.9465066771568318
IND131028AAB,IND132103AAA,FTL,late_evening,1,1,3.58974358974359,140.0,39.0,1.0,101.0,1.8333333333333333,1.9169719169719168
IND131028AAB,IND136118AAA,FTL,evening,17,17,2.032608695652174,187.0,94.0,1.0,1828.0,1.7703025992499675,1.890821616515846
IND131028AAB,IND160002AAC,FTL,afternoon,7,7,1.6934306569343065,232.0,134.0,1.0,792.0,1.7676767676767677,1.7484277760027964
IND131028AAB,IND160002AAC,FTL,morning,10,10,1.6330687830687831,213.0,129.0,1.0,868.0,1.8750586854460094,1.794395384653601
IND131028AAB,IND160002AAC,FTL,night,13,13,1.6369863013698631,235.0,145.0,1.0,1184.0,1.8226866738120757,1.7495319816378707
IND131028AAB,IND201204AAA,FTL,evening,7,7,2.0,99.0,47.0,0.8571428571428571,326.0,1.7703025992499675,1.829853777222198
IND131028AAB,IND201204AAA,FTL,late_evening,2,2,1.8043478260869565,84.0,46.5,1.0,75.0,1.8333333333333333,1.8306982872200264
IND131028AAB,IND244001AAA,FTL,morning,1,1,1.3206751054852321,313.0,237.0,1.0,76.0,1.8750586854460094,1.848659467352639
IND131028AAB,IND244001AAA,FTL,night,18,18,1.4295281146109877,303.5,260.0,0.5555555555555556,2593.0,1.8226866738120757,1.6364536720852447
IND131028AAB,IND244235AAA,FTL,morning,21,21,1.2371794871794872,213.0,187.0,0.5714285714285714,1106.0,1.8750586854460094,1.548340071699742
IND131028AAB,IND247667AAA,FTL,afternoon,5,5,1.8958333333333333,273.0,144.0,1.0,601.0,1.7676767676767677,1.7933080808080808
IND131028AAB,IND247667AAB,FTL,afternoon,15,15,1.8503401360544218,270.0,145.0,1.0,1831.0,1.7676767676767677,1.8031039255529053
IND131028AAB,IND248001AAA,FTL,afternoon,2,2,1.4441395082904518,382.0,264.5,1.0,235.0,1.7676767676767677,1.738264289550739
IND131028AAB,IND248001AAD,FTL,afternoon,1,1,1.503787878787879,397.0,264.0,1.0,133.0,1.7676767676767677,1.7551106301106305
IND131028AAB,IND249407AAA,FTL,afternoon,1,1,1.826086956521739,336.0,184.0,1.0,152.0,1.7676767676767677,1.7704582052408142
IND131028AAB,IND250002AAA,FTL,evening,1,1,1.8333333333333333,132.0,72.0,1.0,60.0,1.7703025992499675,1.773304062777747
IND131028AAB,IND250002AAC,FTL,afternoon,1,1,5.625,405.0,72.0,1.0,333.0,1.7676767676767677,1.9513588263588264
IND131028AAB,IND250609AAA,FTL,late_evening,1,1,2.9545454545454546,65.0,22.0,1.0,43.0,1.8333333333333333,1.8867243867243866
IND131028AAB,IND250611AAA,FTL,late_evening,3,3,3.3142857142857145,116.0,35.0,1.0,244.0,1.8333333333333333,2.0265010351966875
IND131028AAB,IND251001AAA,FTL,afternoon,9,9,1.8282828282828283,182.0,100.0,1.0,738.0,1.7676767676767677,1.786485545106235
IND131028AAB,IND251001AAA,FTL,morning,1,1,1.6699029126213591,172.0,103.0,1.0,69.0,1.8750586854460094,1.86528936293055
IND131028AAE,IND124507AAA,FTL,late_evening,1,1,1.7333333333333334,78.0,45.0,1.0,33.0,1.8333333333333333,1.8285714285714285
IND131301AAA,IND131028AAB,FTL,night,2,2,3.0736842105263156,120.0,39.0,1.0,162.0,1.8226866738120757,1.9364137226042795
IND132001AAA,IND131028AAB,FTL,night,2,2,3.676140350877193,278.5,75.5,1.0,406.0,1.8226866738120757,1.9911824626361776
IND132001AAA,IND132103AAA,FTL,night,1,1,3.1470588235294117,107.0,34.0,1.0,73.0,1.8226866738120757,1.885752014274806
IND132001AAA,IND132103AAB,FTL,night,3,3,4.0588235294117645,138.0,34.0,1.0,593.0,1.8226866738120757,2.1143566984555138
IND132103AAA,IND131028AAB,FTL,afternoon,3,3,2.9649122807017543,169.0,48.0,1.0,327.0,1.7676767676767677,1.9238379215495924
IND132103AAA,IND132001AAA,FTL,night,5,5,1.5476190476190477,62.0,35.0,1.0,116.0,1.8226866738120757,1.7676731485734702
IND132103AAB,IND131028AAB,FTL,afternoon,2,2,2.0864624505928853,93.5,45.0,1.0,97.0,1.7676767676767677,1.796657284305506
IND132103AAB,IND131028AAB,FTL,morning,4,4,4.311111111111111,194.0,44.5,1.0,559.0,1.8750586854460094,2.2810674230568595
IND132103AAB,IND132001AAA,FTL,night,2,2,1.3885618166526492,47.0,35.0,0.5,24.0,1.8226866738120757,1.7832207777066735
IND133004AAA,IND135001AAA,FTL,night,6,6,1.675925925925926,90.5,53.0,1.0,222.0,1.8226866738120757,1.7888188089152721
IND134102AAA,IND174103AAA,FTL,morning,2,2,3.14010989010989,42.0,13.5,1.0,57.0,1.8750586854460094,1.9900633404154533
IND134102AAA,IND174103AAA,FTL,night,14,14,2.75,38.5,14.0,1.0,380.0,1.8226866738120757,2.204521572830633
IND134109AAA,IND160002AAC,Carting,morning,13,13,10.0,479.0,36.0,1.0,5957.0,2.2,5.2727272727272725
IND134109AAA,IND160002AAC,Carting,night,2,2,1.5135135135135136,56.0,37.0,1.0,38.0,2.125,2.0694103194103195
IND134203AAA,IND140501AAA,Carting,night,14,14,1.2276470588235293,63.0,51.0,0.6428571428571429,240.0,2.125,1.7555017301038063
IND134203AAA,IND160002AAC,Carting,night,1,1,1.732394366197183,123.0,71.0,1.0,52.0,2.125,2.1063044936284374
IND135001AAA,IND173025AAA,FTL,morning,1,1,2.4130434782608696,111.0,46.0,1.0,65.0,1.8750586854460094,1.9006770089133838
IND135001AAA,IND173025AAA,FTL,night,11,11,2.2888888888888888,103.0,44.0,1.0,680.0,1.8226866738120757,1.988113266258687
IND136027AAA,IND132039AAA,FTL,night,21,21,1.8235294117647058,62.0,34.0,1.0,765.0,1.8226866738120757,1.823118320080496
IND136118AAA,IND136128AAA,FTL,night,22,22,1.4074074074074074,38.0,27.0,1.0,255.0,1.8226866738120757,1.6051594390286783
IND136128AAA,IND136027AAA,FTL,night,22,22,2.1055555555555556,42.0,20.0,1.0,490.0,1.8226866738120757,1.9708560880586607
IND140001AAA,IND140118AAA,FTL,morning,1,1,1.9696969696969697,65.0,33.0,1.0,32.0,1.8750586854460094,1.879565270410341
IND140001AAA,IND140118AAA,FTL,night,18,18,1.734375,58.0,33.0,1.0,413.0,1.8226866738120757,1.7808548283221455
IND140118AAA,IND160002AAC,FTL,morning,5,5,1.7450980392156863,186.0,104.0,1.0,429.0,1.8750586854460094,1.8490665561999449
IND140118AAA,IND160002AAC,FTL,night,12,12,1.4683929931454682,155.0,103.0,1.0,663.0,1.8226866738120757,1.689826543562098
IND140301AAA,IND140001AAA,FTL,night,21,21,1.6666666666666667,40.0,23.0,1.0,423.0,1.8226866738120757,1.742773987225403
IND140301AAA,IND140901AAA,Carting,morning,19,19,1.9285714285714286,28.0,14.0,1.0,282.0,2.2,2.0677655677655675
IND140401AAA,IND000000ACA,FTL,night,3,3,1.8048780487804879,148.0,81.0,1.0,176.0,1.8226866738120757,1.8203638096775208
IND140401AAA,IND142401AAA,FTL,night,3,3,1.59375,51.0,32.0,1.0,57.0,1.8226866738120757,1.79282536853224
IND140401AAA,IND147301AAA,FTL,night,1,1,1.5454545454545454,34.0,22.0,1.0,12.0,1.8226866738120757,1.8094851438902888
IND140406AAA,IND140401AAA,FTL,night,7,7,1.4074074074074074,38.0,32.0,0.5714285714285714,54.0,1.8226866738120757,1.715021678818273
IND140501AAA,IND160002AAC,Carting,morning,5,5,1.131578947368421,43.0,38.0,0.4,27.0,2.2,1.986315789473684
IND140501AAA,IND160002AAC,Carting,night,9,9,0.975,39.0,40.0,0.3333333333333333,62.0,2.125,1.768103448275862
IND140901AAA,IND160002AAC,Carting,morning,20,20,1.606963249516441,86.0,55.0,0.85,597.0,2.2,1.9034816247582207
IND140901AAA,IND160055AAA,Carting,night,20,20,1.85,25.0,14.0,1.0,260.0,2.125,1.9875
IND141003AAB,IND000000ACA,Carting,morning,7,7,1.8181818181818181,20.0,11.0,0.7142857142857143,59.0,2.2,2.1010101010101008
IND141003AAB,IND141109AAA,FTL,night,1,1,0.8703703703703703,47.0,54.0,0.0,0.0,1.8226866738120757,1.77733827841009
IND141003AAB,IND142026AAA,FTL,night,21,21,1.6774193548387097,56.0,31.0,1.0,456.0,1.8226866738120757,1.7482814616549858
IND141010AAA,IND000000ACA,Carting,morning,1,1,1.8181818181818181,20.0,11.0,1.0,9.0,2.2,2.181818181818182
IND141109AAA,IND000000ACA,FTL,night,18,18,1.035024154589372,73.0,72.0,0.3333333333333333,200.0,1.8226866738120757,1.4495833752329004
IND141115AAA,IND000000ACA,FTL,night,14,14,1.4388888888888889,42.0,30.0,0.8571428571428571,211.0,1.8226866738120757,1.6646522917848812
IND142001AAB,IND151001AAA,FTL,evening,1,1,1.5217391304347827,175.0,115.0,1.0,60.0,1.7703025992499675,1.7584662435921015
IND142001AAB,IND152026AAA,FTL,evening,28,28,1.7227247032221593,103.0,60.5,1.0,1238.0,1.7703025992499675,1.7425488265670797
IND142001AAB,IND152026AAA,FTL,late_evening,1,1,1.6896551724137931,98.0,58.0,1.0,40.0,1.8333333333333333,1.8264915161466884
IND142026AAA,IND000000ACA,FTL,night,1,1,2.7,108.0,40.0,1.0,68.0,1.8226866738120757,1.8644634988686437
IND142026AAA,IND141109AAA,FTL,night,18,18,1.436904761904762,51.0,35.0,1.0,278.0,1.8226866738120757,1.639947873434927
IND142401AAA,IND000000ACA,FTL,morning,3,3,1.0408163265306123,42.0,49.0,0.3333333333333333,23.0,1.8750586854460094,1.7662444647179143
IND142401AAA,IND000000ACA,FTL,night,3,3,1.75,35.0,20.0,1.0,59.0,1.8226866738120757,1.8132058033148486
IND143001AAA,IND144001AAB,FTL,evening,4,4,2.580367231638418,153.5,61.0,1.0,373.0,1.7703025992499675,1.9053133713147092
IND143001AAA,IND144001AAB,FTL,late_evening,15,15,2.0833333333333335,130.0,64.0,1.0,1194.0,1.8333333333333333,1.9404761904761907
IND144001AAA,IND144040AAA,FTL,night,16,16,1.8,36.0,20.0,1.0,330.0,1.8226866738120757,1.8126037076733756
IND144001AAB,IND000000ACA,FTL,evening,1,1,2.849056603773585,151.0,53.0,1.0,98.0,1.7703025992499675,1.821671837560616
IND144001AAB,IND000000ACA,FTL,late_evening,1,1,2.6153846153846154,136.0,52.0,1.0,84.0,1.8333333333333333,1.8705738705738704
IND144001AAB,IND000000ACA,FTL,night,21,21,2.358490566037736,122.0,52.0,1.0,1491.0,1.8226866738120757,2.0971228137325357
IND144001AAB,IND143001AAA,FTL,evening,17,17,1.4838709677419355,97.0,65.0,0.6470588235294118,481.0,1.7703025992499675,1.638698876665196
IND144001AAB,IND144401AAB,Carting,morning,2,2,1.9148351648351647,25.5,13.5,1.0,24.0,2.2,2.174075924075924
IND144001AAB,IND144401AAB,Carting,night,12,12,1.85,23.0,14.0,0.75,168.0,2.125,2.021875
IND144001AAB,IND144601AAA,FTL,late_evening,1,1,3.6875,59.0,16.0,1.0,43.0,1.8333333333333333,1.921626984126984
IND144001AAB,IND144601AAA,FTL,night,2,2,3.342672413793103,75.0,22.5,1.0,105.0,1.8226866738120757,1.9608671956285328
IND144001AAB,IND160002AAC,FTL,evening,1,1,5.349206349206349,674.0,126.0,1.0,548.0,1.7703025992499675,1.9407265873431285
IND144001AAC,IND000000ACA,Carting,late_evening,1,1,1.6491228070175439,94.0,57.0,1.0,37.0,1.8148148148148149,1.806924719205421
IND144001AAC,IND000000ACA,FTL,late_evening,5,5,1.9361702127659575,96.0,53.0,1.0,333.0,1.8333333333333333,1.853900709219858
IND144001AAC,IND000000ACA,FTL,night,6,6,1.9807692307692308,99.0,49.5,1.0,298.0,1.8226866738120757,1.8591672638791117
IND144001AAC,IND160002AAC,Carting,afternoon,12,12,2.009760189883778,289.0,133.0,1.0,1930.0,2.234668335419274,2.1503277808434627
IND144001AAC,IND160002AAC,Carting,evening,3,3,2.6153846153846154,272.0,106.0,1.0,459.0,1.7540983606557377,1.8664400460551565
IND144040AAA,IND144001AAB,FTL,night,10,10,2.049043062200957,41.0,19.0,1.0,211.0,1.8226866738120757,1.8981388032750361
IND144401AAB,IND144001AAB,Carting,morning,10,10,2.0454545454545454,21.0,9.5,1.0,110.0,2.2,2.1484848484848484
IND144401AAB,IND144001AAB,Carting,night,7,7,1.8888888888888888,18.0,10.0,1.0,88.0,2.125,2.0637860082304527
IND144514AAA,IND000000ACA,FTL,night,1,1,1.7241379310344827,100.0,58.0,1.0,42.0,1.8226866738120757,1.8179938765369523
IND144514AAA,IND141115AAA,FTL,night,5,5,1.75,49.0,28.0,1.0,95.0,1.8226866738120757,1.8081493390496606
IND144527AAA,IND141115AAA,FTL,night,4,4,1.8957219251336899,63.5,33.5,1.0,120.0,1.8226866738120757,1.8348592156990116
IND144601AAA,IND144001AAA,FTL,night,2,2,2.0018382352941178,33.0,16.5,1.0,33.0,1.8226866738120757,1.8389731794013526
IND144601AAA,IND144040AAA,FTL,night,1,1,1.1590909090909092,51.0,44.0,0.0,7.0,1.8226866738120757,1.7910868754920202
IND145001AAA,IND176201AAA,FTL,morning,1,1,1.4761904761904763,31.0,21.0,1.0,10.0,1.8750586854460094,1.856064961195746
IND145001AAA,IND176201AAA,FTL,night,6,6,1.9791666666666665,47.5,22.0,1.0,137.0,1.8226866738120757,1.8587974413939046
IND145001AAA,IND176303AAA,FTL,night,1,1,1.1090909090909091,122.0,110.0,0.0,12.0,1.8226866738120757,1.788705923111068
IND147001AAB,IND147201AAA,FTL,night,6,6,1.2814814814814814,36.0,28.0,0.8333333333333334,49.0,1.8226866738120757,1.697793167889631
IND147001AAB,IND160002AAC,FTL,morning,7,7,1.9411764705882353,234.0,150.0,1.0,660.0,1.8750586854460094,1.8922003334458457
IND147001AAD,IND147201AAA,FTL,night,1,1,1.5,42.0,28.0,1.0,14.0,1.8226866738120757,1.8073206417257865
IND147001AAD,IND148023AAA,FTL,night,1,1,1.2950819672131149,79.0,61.0,1.0,18.0,1.8226866738120757,1.7975626401645062
IND147001AAD,IND160002AAC,FTL,morning,5,5,2.1818181818181817,130.0,33.0,1.0,578.0,1.8750586854460094,1.936410584720444
IND147101AAA,IND147105AAA,FTL,night,9,9,1.391304347826087,33.0,23.0,1.0,83.0,1.8226866738120757,1.6888094002302172
IND147101AAA,IND160002AAC,FTL,night,1,1,7.140350877192983,407.0,57.0,1.0,350.0,1.8226866738120757,2.075908778734976
IND147105AAA,IND147101AAA,FTL,night,1,1,1.48,37.0,25.0,1.0,12.0,1.8226866738120757,1.8063682607734055
IND147105AAA,IND160002AAC,FTL,night,7,7,8.511904761904763,715.0,83.0,1.0,4104.0,1.8226866738120757,3.5569284003546247
IND147201AAA,IND148023AAA,FTL,night,7,7,1.125,36.0,32.0,0.2857142857142857,47.0,1.8226866738120757,1.6418049435645006
IND147301AAA,IND000000ACA,FTL,night,1,1,1.5333333333333334,46.0,30.0,1.0,16.0,1.8226866738120757,1.8089079433130881
IND147301AAA,IND140401AAA,FTL,night,1,1,1.3793103448275863,40.0,29.0,1.0,11.0,1.8226866738120757,1.801573515289005
IND148023AAA,IND148001AAA,FTL,night,2,2,1.3620689655172415,39.5,29.0,1.0,21.0,1.8226866738120757,1.7808123366943638
IND148023AAA,IND148024AAB,FTL,night,1,1,2.0,36.0,18.0,1.0,18.0,1.8226866738120757,1.8311301655353103
IND148028AAA,IND147001AAB,FTL,night,10,10,1.829100145137881,96.0,52.0,1.0,470.0,1.8226866738120757,1.8248244975873442
IND148028AAA,IND147001AAD,FTL,night,2,2,1.8180769230769231,92.5,51.0,1.0,83.0,1.8226866738120757,1.8222676055634255
IND148101AAA,IND148102AAA,FTL,night,5,5,1.1818181818181819,26.0,22.0,0.4,20.0,1.8226866738120757,1.694512975413297
IND148102AAA,IND151001AAA,FTL,night,1,1,1.5142857142857142,106.0,70.0,1.0,36.0,1.8226866738120757,1.80800091383463
IND151001AAA,IND148101AAA,FTL,night,8,8,1.1106060606060606,71.0,61.5,0.375,112.0,1.8226866738120757,1.6192350700389286
IND151001AAA,IND151103AAA,FTL,night,5,5,1.4814814814814814,40.0,27.0,0.8,53.0,1.8226866738120757,1.7544456353459568
IND151001AAA,IND151302AAA,FTL,night,17,17,0.7272727272727273,32.0,42.0,0.058823529411764705,15.0,1.8226866738120757,1.3193883740507537
IND151001AAA,IND160002AAC,FTL,late_evening,21,21,1.4567901234567902,244.0,165.0,1.0,2078.0,1.8333333333333333,1.6404697380307134
IND151103AAA,IND151001AAA,FTL,night,2,2,10.0,416.0,26.5,1.0,779.0,1.8226866738120757,2.5660787943746146
IND151302AAA,IND151505AAA,FTL,night,16,16,0.7882059800664452,34.0,42.0,0.0,3.0,1.8226866738120757,1.3629174765917955
IND151505AAA,IND151506AAA,FTL,night,5,5,1.7692307692307692,46.0,27.0,0.6,84.0,1.8226866738120757,1.8119954928958146
IND151506AAA,IND151001AAA,FTL,morning,2,2,0.9845360824742269,95.0,96.5,0.0,0.0,1.8750586854460094,1.7941020851758476
IND151506AAA,IND151001AAA,FTL,night,16,16,1.0513392857142856,102.0,96.0,0.3125,760.0,1.8226866738120757,1.4798656124352803
IND152024AAA,IND152123AAA,FTL,night,2,2,1.732258064516129,53.0,30.5,1.0,45.0,1.8226866738120757,1.8144658911488079
IND152026AAA,IND000000ACA,FTL,late_evening,19,19,4.0,548.0,138.0,1.0,7782.0,1.8333333333333333,2.888888888888889
IND152026AAA,IND151001AAA,FTL,evening,10,10,1.047008547008547,55.5,52.5,0.1,36.0,1.7703025992499675,1.5292045818361608
IND152026AAA,IND151001AAA,FTL,late_evening,1,1,1.0,52.0,52.0,0.0,0.0,1.8333333333333333,1.7936507936507935
IND152026AAA,IND152024AAA,FTL,night,2,2,2.051190476190476,42.0,20.5,1.0,43.0,1.8226866738120757,1.843459746755567
IND152026AAA,IND152101AAA,FTL,night,1,1,0.8888888888888888,40.0,45.0,0.0,0.0,1.8226866738120757,1.7782201126252573
IND152026AAA,IND152107AAA,FTL,night,1,1,2.0952380952380953,44.0,21.0,1.0,23.0,1.8226866738120757,1.8356653129276006
IND152026AAA,IND152116AAA,FTL,night,2,2,1.5375,61.5,40.0,1.0,43.0,1.8226866738120757,1.7967606125564328
IND152026AAA,IND160002AAC,FTL,late_evening,1,1,3.9950738916256157,811.0,203.0,1.0,608.0,1.8333333333333333,1.93627335991868
IND152101AAA,IND152026AAA,FTL,night,2,2,1.597826086956522,73.5,46.0,0.5,55.0,1.8226866738120757,1.8022448022797528
IND152107AAA,IND152026AAA,FTL,night,1,1,1.9591836734693877,96.0,49.0,1.0,47.0,1.8226866738120757,1.8291865309386146
IND152116AAA,IND152026AAA,FTL,night,1,1,1.2894736842105263,98.0,76.0,1.0,22.0,1.8226866738120757,1.797295579069145
IND152116AAA,IND152107AAA,FTL,night,1,1,1.2666666666666666,19.0,15.0,1.0,4.0,1.8226866738120757,1.7962095306146755
IND152123AAA,IND152026AAA,FTL,night,1,1,1.6753246753246753,129.0,77.0,1.0,52.0,1.8226866738120757,1.8156694357888663
IND160002AAC,IND000000ACA,FTL,afternoon,1,1,1.1326530612244898,111.0,98.0,0.0,13.0,1.7676767676767677,1.7374375435599927
IND160002AAC,IND000000ACA,FTL,morning,10,10,1.3888134057971016,127.0,91.0,0.8,411.0,1.8750586854460094,1.7129769255630403
IND160002AAC,IND000000ACA,FTL,night,17,17,1.5555555555555556,125.0,72.0,1.0,833.0,1.8226866738120757,1.6999507546131343
IND160002AAC,IND000000ACB,FTL,afternoon,2,2,1.9868500100126827,421.0,212.0,1.0,418.0,1.7676767676767677,1.787601607889124
IND160002AAC,IND000000ACB,FTL,evening,24,24,1.9265765765765765,425.0,219.5,1.0,5334.0,1.7703025992499675,1.855542950519027
IND160002AAC,IND000000ACB,FTL,late_evening,8,8,1.985803145212953,451.0,218.5,1.0,1756.0,1.8333333333333333,1.87689613672751
IND160002AAC,IND000000ACB,FTL,morning,15,15,1.8657407407407407,405.0,218.0,1.0,3268.0,1.8750586854460094,1.8710652805723231
IND160002AAC,IND000000ACB,FTL,night,17,17,2.062780269058296,460.0,218.0,1.0,4490.0,1.8226866738120757,1.9329999473035824
IND160002AAC,IND110037AAM,FTL,afternoon,9,9,1.7659574468085106,334.0,185.0,1.0,1353.0,1.7676767676767677,1.7671431853383432
IND160002AAC,IND131028AAB,FTL,evening,12,12,1.889846153846154,249.0,129.5,1.0,1397.0,1.7703025992499675,1.8151314322235375
IND160002AAC,IND134203AAA,Carting,night,1,1,1.3164556962025316,104.0,79.0,1.0,25.0,2.125,2.086497890295359
IND160002AAC,IND135001AAA,FTL,night,1,1,1.9,114.0,60.0,1.0,54.0,1.8226866738120757,1.8263682607734055
IND160002AAC,IND140301AAA,FTL,late_evening,3,3,1.5217391304347827,70.0,46.0,1.0,74.0,1.8333333333333333,1.7926906112161312
IND160002AAC,IND140301AAA,FTL,night,18,18,1.434782608695652,66.5,47.0,1.0,532.0,1.8226866738120757,1.6389426429674543
IND160002AAC,IND140603AAA,Carting,late_evening,2,2,1.3478835978835977,37.0,27.5,1.0,19.0,1.8148148148148149,1.7723665223665224
IND160002AAC,IND140603AAA,Carting,morning,11,11,1.2857142857142858,36.0,28.0,0.9090909090909091,128.0,2.2,1.8755760368663597
IND160002AAC,IND140603AAA,Carting,night,16,16,1.2413793103448276,35.5,29.0,0.75,176.0,2.125,1.73227969348659
IND160002AAC,IND140901AAA,Carting,late_evening,2,2,1.0818181818181818,59.5,55.0,0.0,9.0,1.8148148148148149,1.7481787572696665
IND160002AAC,IND140901AAA,Carting,night,19,19,1.2321428571428572,69.0,56.0,0.5263157894736842,562.0,2.125,1.6900183150183152
IND160002AAC,IND142001AAB,FTL,afternoon,18,18,1.5420885447687116,222.0,139.5,1.0,1402.0,1.7676767676767677,1.6608191884045307
IND160002AAC,IND143001AAA,FTL,morning,11,11,1.9941520467836258,354.0,177.0,1.0,1934.0,1.8750586854460094,1.917317620114196
IND160002AAC,IND144001AAB,FTL,afternoon,1,1,1.9487179487179487,228.0,117.0,1.0,111.0,1.7676767676767677,1.7762977762977765
IND160002AAC,IND144001AAB,FTL,morning,12,12,2.1872393661384484,244.0,116.5,1.0,1826.0,1.8750586854460094,1.992126440705674
IND160002AAC,IND147001AAB,FTL,evening,2,2,2.102521008403361,72.5,34.5,1.0,76.0,1.7703025992499675,1.800504272809367
IND160002AAC,IND147001AAB,FTL,late_evening,1,1,2.1142857142857143,74.0,35.0,1.0,39.0,1.8333333333333333,1.8467120181405894
IND160002AAC,IND147001AAD,FTL,evening,2,2,1.776315789473684,67.5,38.0,1.0,59.0,1.7703025992499675,1.770849252906669
IND160002AAC,IND147001AAD,FTL,late_evening,5,5,2.090909090909091,78.0,33.0,1.0,194.0,1.8333333333333333,1.8848484848484848
IND160002AAC,IND147101AAA,FTL,late_evening,9,9,2.2758620689655173,148.0,58.0,1.0,728.0,1.8333333333333333,1.9706698374950455
IND160002AAC,IND147105AAA,FTL,late_evening,3,3,2.0843373493975905,178.0,84.0,1.0,327.0,1.8333333333333333,1.866072987602584
IND160002AAC,IND151001AAA,FTL,afternoon,1,1,1.5870967741935484,246.0,155.0,1.0,91.0,1.7676767676767677,1.759077720368043
IND160002AAC,IND151001AAA,FTL,morning,13,13,1.6821192052980132,274.0,159.0,1.0,1502.0,1.8750586854460094,1.7990522235695263
IND160002AAC,IND151001AAA,FTL,night,1,1,1.7361963190184049,283.0,163.0,1.0,120.0,1.8226866738120757,1.8185680854885677
IND160002AAC,IND160003AAA,Carting,morning,1,1,2.0,62.0,31.0,1.0,31.0,2.2,2.1904761904761907
IND160002AAC,IND160055AAA,Carting,morning,10,10,1.141025641025641,44.5,39.5,0.3,130.0,2.2,1.8470085470085469
IND160002AAC,IND160055AAA,Carting,night,6,6,1.0744047619047619,44.0,41.0,0.16666666666666666,22.0,2.125,1.882554945054945
IND160002AAC,IND160102AAC,Carting,evening,11,11,1.5151515151515151,52.0,35.0,1.0,277.0,1.7540983606557377,1.6693107703155297
IND160002AAC,IND160102AAC,Carting,night,14,14,1.896218487394958,66.0,34.0,1.0,470.0,2.125,2.030795847750865
IND160002AAC,IND173212AAA,FTL,evening,17,17,2.1379310344827585,186.0,88.0,1.0,1729.0,1.7703025992499675,1.9392129613839524
IND160002AAC,IND173212AAA,FTL,late_evening,1,1,2.2298850574712645,194.0,87.0,1.0,107.0,1.8333333333333333,1.8522167487684729
IND160002AAC,IND174001AAA,FTL,evening,13,13,2.0579710144927534,284.0,138.0,1.0,2124.0,1.7703025992499675,1.8836265204062166
IND160002AAC,IND174001AAA,FTL,late_evening,3,3,2.072463768115942,286.0,138.0,1.0,445.0,1.8333333333333333,1.8645242596093257
IND160002AAC,IND174103AAA,FTL,evening,1,1,1.3076923076923077,85.0,65.0,1.0,20.0,1.7703025992499675,1.7482735377472218
IND160002AAC,IND174307AAA,FTL,late_evening,13,13,1.3160621761658031,245.0,188.0,0.9230769230769231,842.0,1.8333333333333333,1.6295598471764274
IND160002AAC,IND174307AAA,FTL,night,1,1,1.2620320855614973,236.0,187.0,1.0,49.0,1.8226866738120757,1.795988836276334
IND160002AAC,IND176041AAA,FTL,late_evening,2,2,1.2624351868406936,298.5,236.5,1.0,124.0,1.8333333333333333,1.7814335018340024
IND160002AAC,IND181152AAA,FTL,morning,2,2,1.6278409090909092,573.0,352.0,1.0,442.0,1.8750586854460094,1.8525843421410004
IND160002AAC,IND184104AAA,FTL,morning,6,6,1.5995841294818478,452.5,282.0,1.0,1029.0,1.8750586854460094,1.8114876340696644
IND160002AAC,IND421302AAG,FTL,morning,1,1,2.274586939417781,2891.0,1271.0,1.0,1620.0,1.8750586854460094,1.8940838403970464
IND160002AAC,IND562132AAA,FTL,evening,1,1,2.0300429184549356,3784.0,1864.0,1.0,1920.0,1.7703025992499675,1.7826711858787756
IND160003AAA,IND160002AAC,Carting,morning,1,1,2.7567567567567566,102.0,37.0,1.0,65.0,2.2,2.2265122265122264
IND160055AAA,IND160002AAC,Carting,night,21,21,1.1578947368421053,45.0,40.0,0.47619047619047616,292.0,2.125,1.629653401797176
IND160102AAC,IND160002AAC,Carting,afternoon,10,10,2.190909090909091,75.0,35.5,1.0,426.0,2.234668335419274,2.220081920582546
IND160102AAC,IND160002AAC,Carting,late_evening,12,12,1.8595238095238096,66.0,35.0,1.0,364.0,1.8148148148148149,1.831580687830688
IND160102AAC,IND160002AAC,Carting,morning,2,2,2.485294117647059,84.5,34.0,1.0,101.0,2.2,2.2259358288770055
IND160102AAC,IND160002AAC,Carting,night,4,4,1.8823529411764706,67.5,36.0,1.0,119.0,2.125,2.0845588235294117
IND160102AAD,IND160002AAC,Carting,night,12,12,1.5269607843137254,52.5,35.0,1.0,254.0,2.125,1.900735294117647
IND160102AAD,IND160002AAD,Carting,afternoon,3,3,1.7560975609756098,72.0,38.0,1.0,114.0,2.234668335419274,2.1722460604918394
IND173025AAA,IND160002AAC,FTL,morning,3,3,2.22,222.0,100.0,1.0,372.0,1.8750586854460094,1.9200510308226169
IND173025AAA,IND160002AAC,FTL,night,8,8,2.474747474747475,248.5,99.0,1.0,1168.0,1.8226866738120757,2.0089897597936184
IND173212AAA,IND134102AAA,FTL,morning,1,1,3.787878787878788,125.0,33.0,1.0,92.0,1.8750586854460094,1.9661453569904277
IND173212AAA,IND134102AAA,FTL,night,1,1,3.909090909090909,129.0,33.0,1.0,96.0,1.8226866738120757,1.922039256444401
IND173212AAA,IND160002AAC,FTL,morning,1,1,2.0105263157894737,191.0,95.0,1.0,96.0,1.8750586854460094,1.8815095249861746
IND173212AAA,IND173220AAA,FTL,night,5,5,3.3076923076923075,86.0,28.0,1.0,304.0,1.8226866738120757,2.1196878005881223
IND173212AAA,IND174103AAA,FTL,night,1,1,3.375,162.0,48.0,1.0,114.0,1.8226866738120757,1.8966063560115007
IND173220AAA,IND173212AAA,FTL,night,1,1,3.53125,113.0,32.0,1.0,81.0,1.8226866738120757,1.904046832201977
IND173220AAA,IND174103AAA,FTL,morning,1,1,3.1904761904761907,67.0,21.0,1.0,46.0,1.8750586854460094,1.9376976142569706
IND173220AAA,IND174103AAA,FTL,night,1,1,2.066666666666667,31.0,15.0,1.0,16.0,1.8226866738120757,1.8343047687099137
IND174001AAA,IND175018AAA,FTL,night,15,15,2.5185185185185186,68.0,26.0,1.0,667.0,1.8226866738120757,2.1209003215434086
IND174021AAA,IND176048AAA,FTL,morning,2,2,2.4512820512820515,68.0,28.0,1.0,80.0,1.8750586854460094,1.9274426277947405
IND174021AAA,IND176048AAA,FTL,night,10,10,1.945925925925926,50.5,26.5,1.0,277.0,1.8226866738120757,1.8637664245166927
IND174101AAB,IND134102AAA,FTL,night,1,1,2.6666666666666665,56.0,21.0,1.0,35.0,1.8226866738120757,1.862876197281342
IND174101AAB,IND160002AAC,FTL,morning,10,10,2.519736842105263,191.5,76.0,1.0,1131.0,1.8750586854460094,2.089951404332427
IND174101AAB,IND160002AAC,FTL,night,1,1,2.8684210526315788,218.0,76.0,1.0,142.0,1.8226866738120757,1.872483548993957
IND174103AAA,IND160002AAC,FTL,morning,2,2,2.16018711018711,148.5,69.5,1.0,158.0,1.8750586854460094,1.900979451331564
IND174103AAA,IND160002AAC,FTL,night,4,4,3.184615384615385,207.0,64.5,1.0,511.0,1.8226866738120757,2.049674792279294
IND174307AAA,IND176041AAA,FTL,morning,1,1,1.2142857142857142,68.0,56.0,1.0,12.0,1.8750586854460094,1.843593305866948
IND174307AAA,IND176041AAA,FTL,night,16,16,1.0573294629898404,56.5,53.5,0.25,161.0,1.8226866738120757,1.4825279134466378
IND175001AAA,IND175101AAA,FTL,morning,7,7,1.4166666666666667,136.0,95.0,1.0,347.0,1.8750586854460094,1.7562163102069208
IND175001AAA,IND175101AAA,FTL,night,10,10,1.5521432447097125,148.0,95.5,1.0,562.0,1.8226866738120757,1.7325055307779549
IND175015AAA,IND174001AAA,FTL,morning,13,13,7.1231884057971016,966.0,138.0,1.0,10832.0,1.8750586854460094,3.9425037267964393
IND175018AAA,IND175001AAA,FTL,morning,3,3,3.066666666666667,46.0,15.0,1.0,93.0,1.8750586854460094,2.0304858134313126
IND175018AAA,IND175001AAA,FTL,night,13,13,2.8,42.0,15.0,1.0,417.0,1.8226866738120757,2.20768889321944
IND175101AAA,IND160002AAC,FTL,morning,4,4,2.1267577118456895,607.0,284.5,1.0,1278.0,1.8750586854460094,1.9170085231792895
IND176048AAA,IND175015AAA,FTL,morning,4,4,1.8623984710941235,173.0,92.5,1.0,324.0,1.8750586854460094,1.8729486497206953
IND176048AAA,IND175015AAA,FTL,night,7,7,2.074468085106383,195.0,94.0,1.0,703.0,1.8226866738120757,1.8879633359994887
IND176061AAA,IND160002AAC,FTL,afternoon,1,1,3.878892733564014,1121.0,289.0,1.0,832.0,1.7676767676767677,1.8682108612904462
IND176061AAA,IND160002AAC,FTL,morning,1,1,1.9081632653061225,561.0,294.0,1.0,267.0,1.8750586854460094,1.8766350940107768
IND176110AAB,IND177033AAA,FTL,morning,9,9,2.1,63.0,30.0,1.0,278.0,1.8750586854460094,1.9448680589282827
IND176201AAA,IND176303AAA,FTL,morning,9,9,1.3448275862068966,117.0,88.0,0.8888888888888888,296.0,1.8750586854460094,1.7105042063718021
IND176215AAA,IND176061AAA,FTL,afternoon,1,1,1.8695652173913044,86.0,46.0,1.0,40.0,1.7676767676767677,1.7725285986155552
IND176215AAA,IND176061AAA,FTL,morning,2,2,1.6856884057971016,79.0,47.0,1.0,64.0,1.8750586854460094,1.857843205477927
IND176303AAA,IND176310AAA,FTL,morning,10,10,1.335704291044776,90.0,69.0,0.8,2627.0,1.8750586854460094,1.695273887312265
IND176310AAA,IND145001AAA,FTL,afternoon,3,3,5.822485207100592,984.0,172.0,1.0,2360.0,1.7676767676767677,2.296564824992919
IND176310AAA,IND145001AAA,FTL,morning,10,10,6.240691031729645,1066.0,170.5,1.0,9116.0,1.8750586854460094,3.3302694675405546
IND177001AAA,IND176110AAB,FTL,morning,2,2,1.8136363636363635,47.5,26.0,1.0,43.0,1.8750586854460094,1.869474838008769
IND177001AAA,IND176110AAB,FTL,night,5,5,1.8095238095238095,38.0,21.0,1.0,99.0,1.8226866738120757,1.8200541009544224
IND177033AAA,IND160002AAC,FTL,morning,18,18,2.894484678293428,583.0,200.5,1.0,6724.0,1.8750586854460094,2.3579446820579446
IND177101AAA,IND176001AAA,FTL,morning,2,2,1.6966101694915254,101.0,59.5,1.0,83.0,1.8750586854460094,1.8588360930865109
IND177101AAA,IND176001AAB,FTL,night,1,1,1.2413793103448276,72.0,58.0,1.0,14.0,1.8226866738120757,1.795005370789826
IND177203AAA,IND177101AAA,FTL,morning,1,1,1.4054054054054055,52.0,37.0,1.0,15.0,1.8750586854460094,1.8526942435393141
IND177203AAA,IND177101AAA,FTL,night,2,2,2.328185328185328,83.0,36.0,1.0,94.0,1.8226866738120757,1.868641096936917
IND181152AAA,IND184121AAA,FTL,morning,5,5,1.4666666666666666,44.0,32.0,1.0,76.0,1.8750586854460094,1.7933802816901412
IND181152AAB,IND160002AAC,FTL,morning,1,1,1.8354037267080745,591.0,322.0,1.0,269.0,1.8750586854460094,1.8731703540775364
IND181152AAB,IND181201AAB,Carting,night,7,7,2.6451612903225805,74.0,28.0,1.0,393.0,2.125,2.259856630824373
IND181152AAB,IND184121AAA,FTL,morning,3,3,1.71875,55.0,32.0,1.0,70.0,1.8750586854460094,1.8546705960400083
IND181152AAB,IND184121AAA,FTL,night,1,1,1.5625,50.0,32.0,1.0,18.0,1.8226866738120757,1.810296832201977
IND181201AAB,IND181152AAB,Carting,morning,5,5,4.548387096774194,136.0,29.0,1.0,541.0,2.2,2.669677419354839
IND181201AAB,IND181152AAB,Carting,night,3,3,4.5,99.0,22.0,1.0,256.0,2.125,2.4347826086956523
IND184104AAA,IND160002AAC,FTL,morning,4,4,1.7171314741035857,427.5,248.5,1.0,716.0,1.8750586854460094,1.8487374835556054
IND184104AAA,IND181152AAA,FTL,night,3,3,1.5072463768115942,104.0,70.0,1.0,96.0,1.8226866738120757,1.7815422872467956
IND184104AAA,IND181152AAB,FTL,night,2,2,1.3785714285714286,96.5,70.0,1.0,53.0,1.8226866738120757,1.7823125606083807
IND184104AAA,IND184121AAA,FTL,late_evening,1,1,1.6829268292682926,69.0,41.0,1.0,28.0,1.8333333333333333,1.8261711188540455
IND184104AAA,IND184121AAA,FTL,night,2,2,1.334008097165992,51.5,38.5,0.5,26.0,1.8226866738120757,1.778261348662432
IND184121AAA,IND160002AAC,FTL,afternoon,1,1,1.677304964539007,473.0,282.0,1.0,191.0,1.7676767676767677,1.7633733484797314
IND184121AAA,IND160002AAC,FTL,morning,4,4,1.7503919860627177,496.5,287.0,1.0,1062.0,1.8750586854460094,1.854280902215461
IND184121AAA,IND181152AAA,FTL,night,1,1,1.375,44.0,32.0,1.0,12.0,1.8226866738120757,1.8013682607734056
IND184121AAA,IND181152AAB,FTL,night,1,1,1.3666666666666667,41.0,30.0,1.0,11.0,1.8226866738120757,1.8009714353765802
IND184121AAA,IND184104AAA,FTL,morning,3,3,1.236842105263158,47.0,38.0,0.6666666666666666,50.0,1.8750586854460094,1.7918130445525942
IND201001AAA,IND201007AAA,Carting,morning,3,3,3.076923076923077,40.0,13.0,1.0,80.0,2.2,2.3143812709030103
IND201001AAA,IND201007AAA,Carting,night,2,2,2.9642857142857144,41.5,14.0,1.0,55.0,2.125,2.2012987012987013
IND201001AAC,IND000000ACB,Carting,night,1,1,0.7749077490774908,210.0,271.0,0.0,0.0,2.125,2.0607098928132137
IND201001AAC,IND110037AAM,Carting,afternoon,1,1,1.7017543859649122,97.0,57.0,1.0,40.0,2.234668335419274,2.2092914806833517
IND201001AAC,IND110037AAM,Carting,evening,1,1,1.103448275862069,64.0,58.0,0.0,6.0,1.7540983606557377,1.7231150232846106
IND201005AAA,IND201007AAA,Carting,night,1,1,3.2857142857142856,46.0,14.0,1.0,32.0,2.125,2.1802721088435373
IND201007AAA,IND201001AAA,Carting,late_evening,1,1,1.3076923076923077,17.0,13.0,1.0,4.0,1.8148148148148149,1.7906661239994572
IND201007AAA,IND201001AAA,Carting,night,3,3,1.5833333333333333,19.0,12.0,1.0,18.0,2.125,2.0543478260869565
IND201007AAA,IND201005AAA,Carting,late_evening,3,3,2.076923076923077,27.0,13.0,0.6666666666666666,80.0,1.8148148148148149,1.8490028490028492
IND201007AAA,IND201007AAB,Carting,morning,1,1,5.1,102.0,20.0,1.0,82.0,2.2,2.3380952380952382
IND201007AAA,IND245101AAA,Carting,night,2,2,2.1265384615384617,108.5,51.0,1.0,115.0,2.125,2.12513986013986
IND201007AAA,IND245304AAA,Carting,late_evening,8,8,2.1865079365079367,85.0,41.0,1.0,385.0,1.8148148148148149,1.9210128495842782
IND201007AAA,IND245304AAA,Carting,night,3,3,1.6818181818181819,74.0,42.0,1.0,99.0,2.125,2.067193675889328
IND201007AAB,IND110044AAB,Carting,afternoon,6,6,1.4385369532428356,54.0,40.0,1.0,125.0,2.234668335419274,2.0509457087631726
IND201007AAB,IND110044AAB,Carting,evening,4,4,1.4782608695652173,59.0,39.5,0.75,68.0,1.7540983606557377,1.708125445473984
IND201007AAB,IND201007AAA,Carting,afternoon,2,2,4.035714285714286,56.5,14.0,1.0,85.0,2.234668335419274,2.398399785446093
IND201007AAB,IND201301AAF,Carting,afternoon,4,4,3.247916666666667,50.5,16.0,1.0,136.0,2.234668335419274,2.4035430572938394
IND201007AAB,IND201301AAF,Carting,evening,1,1,2.466666666666667,37.0,15.0,1.0,22.0,1.7540983606557377,1.788030184751496
IND201204AAA,IND250002AAA,FTL,night,6,6,1.6428571428571428,34.5,21.0,0.8333333333333334,96.0,1.8226866738120757,1.7811875512840143
IND201301AAD,IND110037AAM,Carting,morning,2,2,5.367224880382775,188.5,35.5,1.0,306.0,2.2,2.4879295345802523
IND201301AAF,IND201301AAL,Carting,morning,1,1,1.4166666666666667,34.0,24.0,1.0,10.0,2.2,2.1626984126984126
IND201301AAF,IND201304AAA,Carting,late_evening,5,5,1.3333333333333333,24.0,17.0,1.0,118.0,1.8148148148148149,1.7185185185185186
IND201301AAF,IND201304AAA,Carting,morning,6,6,1.8395833333333333,29.0,15.5,1.0,75.0,2.2,2.116826923076923
IND201301AAF,IND201304AAA,Carting,night,1,1,1.6666666666666667,30.0,18.0,1.0,12.0,2.125,2.1031746031746033
IND201301AAF,IND203205AAA,FTL,late_evening,17,17,1.5806451612903225,89.0,63.0,0.9411764705882353,582.0,1.8333333333333333,1.7172333623946525
IND201301AAF,IND203205AAA,FTL,night,2,2,1.592037890424987,99.5,62.5,1.0,74.0,1.8226866738120757,1.8017186025950678
IND201301AAL,IND201301AAF,Carting,morning,5,5,1.625,47.0,25.0,1.0,94.0,2.2,2.085
IND201301AAL,IND201301AAF,Carting,night,6,6,1.6108333333333333,41.0,25.5,1.0,115.0,2.125,2.006346153846154
IND201301AAL,IND201307AAA,Carting,morning,1,1,1.5,30.0,20.0,1.0,10.0,2.2,2.1666666666666665
IND201301AAL,IND201307AAA,Carting,night,4,4,1.25062656641604,25.5,20.5,0.75,20.0,2.125,1.9792710944026732
IND201301AAM,IND000000ACB,Carting,evening,11,11,1.8333333333333333,143.0,77.0,1.0,861.0,1.7540983606557377,1.7822139961219812
IND201301AAM,IND000000ACB,Carting,late_evening,8,8,1.1530690537084398,248.5,230.5,0.5,417.0,1.8148148148148149,1.6257445973558506
IND201301AAM,IND000000ACB,Carting,night,8,8,1.1179039301310043,245.5,229.5,0.5,392.0,2.125,1.8372582657517156
IND201304AAA,IND201301AAF,Carting,morning,10,10,2.044642857142857,29.0,14.0,1.0,218.0,2.2,2.148214285714286
IND201304AAA,IND201301AAF,Carting,night,8,8,2.287179487179487,30.5,13.0,1.0,139.0,2.125,2.171336996336996
IND201306AAA,IND201301AAF,Carting,morning,5,5,1.962962962962963,53.0,27.0,1.0,187.0,2.2,2.1525925925925926
IND201306AAA,IND201301AAF,Carting,night,3,3,2.48,62.0,25.0,1.0,113.0,2.125,2.1713043478260867
IND201306AAA,IND201304AAA,Carting,night,1,1,2.1333333333333333,32.0,15.0,1.0,17.0,2.125,2.1253968253968254
IND201307AAA,IND201301AAL,Carting,morning,13,13,1.4210526315789473,26.0,20.0,0.8461538461538461,146.0,2.2,1.8931419457735248
IND201307AAA,IND201301AAL,Carting,night,15,15,1.1666666666666667,26.0,22.0,0.4666666666666667,160.0,2.125,1.7142857142857142
IND202001AAB,IND110037AAM,FTL,night,1,1,2.053030303030303,271.0,132.0,1.0,139.0,1.8226866738120757,1.8336554180605629
IND202001AAB,IND205001AAB,FTL,afternoon,8,8,2.566482128982129,264.5,102.5,1.0,1345.0,1.7676767676767677,1.9959068709068712
IND202001AAB,IND207123AAA,FTL,late_evening,2,2,1.211210015921262,144.5,120.5,0.5,48.0,1.8333333333333333,1.7767766681140542
IND202001AAB,IND282002AAD,FTL,afternoon,1,1,2.472972972972973,183.0,74.0,1.0,109.0,1.7676767676767677,1.8012623012623015
IND202001AAB,IND282002AAD,FTL,late_evening,8,8,1.7813157894736842,134.5,74.0,1.0,582.0,1.8333333333333333,1.818471177944862
IND202001AAB,IND282002AAD,FTL,morning,1,1,2.7,189.0,70.0,1.0,119.0,1.8750586854460094,1.914341605186676
IND202001AAC,IND204215AAA,Carting,night,4,4,3.050595238095238,68.5,22.0,1.0,183.0,2.125,2.279265873015873
IND203001AAA,IND203131AAA,FTL,night,5,5,3.6153846153846154,45.0,12.0,1.0,153.0,1.8226866738120757,2.1812262621265837
IND203131AAA,IND203135AAA,FTL,night,16,16,1.519894894894895,57.0,37.5,1.0,359.0,1.8226866738120757,1.6881125498488843
IND203135AAA,IND203390AAA,FTL,night,4,4,1.508225488045624,144.0,96.5,1.0,209.0,1.8226866738120757,1.770276476184334
IND203135AAA,IND203396AAB,FTL,night,12,12,1.5701754385964912,89.5,56.0,1.0,503.0,1.8226866738120757,1.7279949606062317
IND203390AAA,IND201301AAF,FTL,morning,20,20,2.123478701825558,249.5,116.5,1.0,3641.0,1.8750586854460094,1.9992686936357837
IND203396AAB,IND203390AAA,FTL,morning,15,15,1.2926829268292683,52.0,39.0,0.9333333333333333,216.0,1.8750586854460094,1.6254690746102634
IND204101AAA,IND202001AAB,FTL,night,2,2,3.0580357142857144,94.0,30.0,1.0,128.0,1.8226866738120757,1.9349911320369522
IND204101AAA,IND282002AAD,FTL,night,2,2,3.9200542005420056,319.5,81.5,1.0,476.0,1.8226866738120757,2.013356448969342
IND204215AAA,IND207001AAA,Carting,night,6,6,3.2824675324675323,70.5,21.0,1.0,377.0,2.125,2.392107892107892
IND205001AAB,IND110037AAM,FTL,evening,1,1,2.2190201729106627,770.0,347.0,1.0,423.0,1.7703025992499675,1.7916701027576196
IND205001AAB,IND205135AAA,Carting,evening,1,1,2.189189189189189,81.0,37.0,1.0,44.0,1.7540983606557377,1.7748169715382827
IND205001AAB,IND205135AAA,FTL,evening,5,5,2.0,78.0,39.0,1.0,525.0,1.7703025992499675,1.816242079399974
IND205001AAB,IND205135AAA,FTL,late_evening,2,2,4.826056826056826,186.0,38.0,1.0,296.0,1.8333333333333333,2.1053991053991052
IND205001AAB,IND209625AAA,FTL,late_evening,1,1,2.1944444444444446,158.0,72.0,1.0,86.0,1.8333333333333333,1.8505291005291002
IND205001AAB,IND209721AAB,FTL,afternoon,2,2,2.725,113.5,41.5,1.0,144.0,1.7676767676767677,1.8547061524334254
IND205001AAB,IND209721AAB,FTL,evening,2,2,2.3225609756097563,94.0,40.5,1.0,107.0,1.7703025992499675,1.8205079061917666
IND205001AAB,IND209721AAB,FTL,late_evening,6,6,2.2413461538461537,88.5,40.0,1.0,290.0,1.8333333333333333,1.9274901380670608
IND205001AAB,IND283203AAA,FTL,evening,1,1,4.689655172413793,272.0,58.0,1.0,214.0,1.7703025992499675,1.909319388448245
IND205135AAA,IND283203AAA,Carting,night,1,1,2.2,44.0,20.0,1.0,24.0,2.125,2.1285714285714286
IND205135AAA,IND283203AAA,FTL,night,12,12,2.1764705882352944,38.0,18.0,1.0,313.0,1.8226866738120757,1.9553556417207827
IND206001AAA,IND000000ACB,FTL,night,20,20,1.264377405002405,457.5,376.0,0.55,1612.0,1.8226866738120757,1.5435320394072405
IND206122AAA,IND206001AAA,FTL,night,19,19,1.4666666666666666,72.0,48.0,0.7894736842105263,416.0,1.8226866738120757,1.6492410293053381
IND207001AAA,IND207302AAA,Carting,night,6,6,1.2016625615763545,67.5,57.5,0.5,59.0,2.125,1.9119221295945434
IND207123AAA,IND202001AAB,FTL,night,1,1,8.098039215686274,413.0,51.0,1.0,362.0,1.8226866738120757,2.121512985329895
IND207247AAB,IND205001AAB,FTL,afternoon,1,1,1.8113207547169812,96.0,53.0,1.0,43.0,1.7676767676767677,1.7697550527739208
IND207247AAB,IND205001AAB,FTL,morning,9,9,2.3333333333333335,126.0,54.0,1.0,606.0,1.8750586854460094,2.0172818520317306
IND207302AAA,IND202001AAB,Carting,morning,2,2,0.5140894819466248,100.5,195.5,0.0,0.0,2.2,2.046735407449693
IND207302AAA,IND202001AAB,Carting,night,4,4,6.529611844737895,326.5,50.0,1.0,1023.0,2.125,2.859101974122982
IND208006AAA,IND209304AAA,Carting,night,3,3,5.515151515151516,190.0,33.0,1.0,491.0,2.125,2.567193675889328
IND208012AAA,IND209304AAA,Carting,night,13,13,10.0,666.0,19.0,1.0,7679.0,2.125,5.2272727272727275
IND208017AAA,IND209304AAA,Carting,afternoon,5,5,10.0,227.0,12.0,1.0,959.0,2.234668335419274,3.787734668335419
IND208017AAA,IND209304AAA,Carting,night,1,1,10.0,357.0,31.0,1.0,326.0,2.125,2.5
IND208019AAA,IND209304AAA,Carting,afternoon,6,6,8.358455882352942,187.0,17.0,1.0,1022.0,2.234668335419274,3.647850077019351
IND209101AAA,IND209111AAA,FTL,morning,1,1,1.2444444444444445,56.0,45.0,1.0,11.0,1.8750586854460094,1.8450294358745065
IND209101AAA,IND209111AAA,FTL,night,16,16,0.8863636363636364,35.0,44.0,0.25,60.0,1.8226866738120757,1.4065431016127694
IND209111AAA,IND285001AAD,FTL,morning,1,1,2.6285714285714286,92.0,35.0,1.0,57.0,1.8750586854460094,1.910940244642458
IND209111AAA,IND285001AAD,FTL,night,20,20,2.155555555555556,76.5,35.0,1.0,900.0,1.8226866738120757,1.989121114683816
IND209206AAB,IND210301AAA,Carting,night,15,15,2.357142857142857,33.0,14.0,1.0,376.0,2.125,2.2244897959183674
IND209304AAA,IND000000ACB,FTL,afternoon,7,7,1.3253796095444685,611.0,460.0,0.8571428571428571,1001.0,1.7676767676767677,1.6530071340869126
IND209304AAA,IND000000ACB,FTL,evening,2,2,1.463213559061768,668.0,456.5,1.0,423.0,1.7703025992499675,1.742385413778313
IND209304AAA,IND000000ACB,FTL,late_evening,1,1,1.3576642335766422,744.0,548.0,1.0,196.0,1.8333333333333333,1.8106824238211099
IND209304AAA,IND000000ACB,FTL,morning,12,12,1.6263528138528138,660.5,464.0,1.0,3099.0,1.8750586854460094,1.7817939835985612
IND209304AAA,IND000000ACB,FTL,night,13,13,1.3731617647058822,623.0,480.0,0.8461538461538461,2447.0,1.8226866738120757,1.6456011035581208
IND209304AAA,IND110037AAM,FTL,afternoon,1,1,1.736842105263158,693.0,399.0,1.0,294.0,1.7676767676767677,1.7662084504189768
IND209304AAA,IND110037AAM,FTL,morning,5,5,1.800420168067227,857.0,435.0,1.0,2298.0,1.8750586854460094,1.860130981970253
IND209304AAA,IND206122AAA,FTL,afternoon,9,9,1.6326530612244898,82.0,49.0,0.5555555555555556,201.0,1.7676767676767677,1.725772858777785
IND209304AAA,IND206122AAA,FTL,evening,11,11,1.6274509803921569,79.0,48.0,0.9090909090909091,295.0,1.7703025992499675,1.7196133151391317
IND209304AAA,IND208006AAA,Carting,late_evening,6,6,1.6383779264214047,81.5,38.0,0.6666666666666666,169.0,1.8148148148148149,1.774098609800951
IND209304AAA,IND208006AAA,Carting,night,8,8,1.5416666666666665,55.5,24.0,0.875,238.0,2.125,1.9583333333333333
IND209304AAA,IND208012AAA,Carting,late_evening,5,5,1.037037037037037,30.0,27.0,0.4,27.0,1.8148148148148149,1.6592592592592592
IND209304AAA,IND208012AAA,Carting,night,16,16,0.94,35.5,47.5,0.5,135.0,2.125,1.5983333333333334
IND209304AAA,IND208019AAA,Carting,late_evening,10,10,5.341911764705882,93.5,16.0,1.0,703.0,1.8148148148148149,2.990513798111837
IND209304AAA,IND208019AAA,Carting,night,8,8,4.483333333333333,69.5,15.0,1.0,406.0,2.125,2.798809523809524
IND209304AAA,IND209101AAA,FTL,late_evening,14,14,3.0,56.0,14.0,0.8571428571428571,482.0,1.8333333333333333,2.313725490196078
IND209304AAA,IND209101AAA,FTL,night,2,2,3.3004385964912277,169.5,45.5,1.0,248.0,1.8226866738120757,1.957027757691999
IND209304AAA,IND209206AAB,Carting,late_evening,16,16,0.5116279069767442,45.5,85.0,0.0,12.0,1.8148148148148149,1.23562063355345
IND209304AAA,IND209206AAB,Carting,night,2,2,0.5290697674418605,45.5,86.0,0.0,0.0,2.125,1.9799154334038056
IND209304AAA,IND209801AAA,Carting,night,20,20,2.0603085553997196,122.5,45.5,0.85,1221.0,2.125,2.09265427769986
IND209304AAA,IND211002AAB,FTL,afternoon,1,1,1.0456621004566211,229.0,219.0,0.0,10.0,1.7676767676767677,1.733295116856761
IND209304AAA,IND211002AAB,FTL,evening,20,20,1.0896825396825398,241.5,215.5,0.3,574.0,1.7703025992499675,1.4299925694662536
IND209304AAA,IND212601AAA,FTL,late_evening,13,13,1.5145631067961165,160.0,103.0,0.7692307692307693,754.0,1.8333333333333333,1.7077571834853387
IND209304AAA,IND212601AAA,FTL,night,3,3,1.569767441860465,146.0,128.0,0.6666666666666666,128.0,1.8226866738120757,1.7896972087749092
IND209304AAA,IND221313AAA,FTL,afternoon,6,6,1.8173076923076923,475.0,262.0,0.8333333333333334,1222.0,1.7676767676767677,1.779130057976212
IND209304AAA,IND282001AAA,FTL,afternoon,1,1,1.1556420233463034,297.0,257.0,0.0,40.0,1.7676767676767677,1.7385322560419838
IND209304AAA,IND282001AAA,FTL,morning,8,8,1.997808416335476,469.0,215.5,1.0,1752.0,1.8750586854460094,1.9101300371287142
IND209625AAA,IND241124AAB,FTL,late_evening,1,1,1.4307692307692308,93.0,65.0,1.0,28.0,1.8333333333333333,1.814163614163614
IND209625AAA,IND241124AAB,FTL,night,10,10,1.353846153846154,88.0,65.0,0.8,267.0,1.8226866738120757,1.6664065004901019
IND209721AAB,IND209625AAA,FTL,late_evening,4,4,1.390625,44.5,31.5,1.0,50.0,1.8333333333333333,1.759548611111111
IND209721AAB,IND209625AAA,FTL,night,6,6,1.3150921658986174,40.5,31.0,0.5,88.0,1.8226866738120757,1.705549479678201
IND209801AAA,IND209304AAA,Carting,night,5,5,10.0,685.0,45.0,1.0,2469.0,2.125,3.7
IND210001AAA,IND210427AAA,FTL,morning,8,8,3.8471153846153845,152.0,39.5,1.0,929.0,1.8750586854460094,2.43850345663726
IND210001AAA,IND210427AAA,FTL,night,2,2,4.049203049203049,154.0,38.0,1.0,232.0,1.8226866738120757,2.0250972533930733
IND210427AAA,IND209304AAA,FTL,afternoon,2,2,4.053791503552269,480.5,117.5,1.0,726.0,1.7676767676767677,1.975505380029086
IND210427AAA,IND209304AAA,FTL,morning,7,7,3.043103448275862,360.0,117.0,1.0,2144.0,1.8750586854460094,2.1778851054389343
IND210431AAA,IND209304AAA,FTL,afternoon,1,1,4.675675675675675,519.0,111.0,1.0,408.0,1.7676767676767677,1.9061529061529063
IND210431AAA,IND209304AAA,FTL,morning,4,4,2.283277731442869,258.0,110.0,1.0,610.0,1.8750586854460094,1.9430951931121527
IND210501AAB,IND209304AAA,Carting,morning,2,2,1.730653568564555,172.5,101.0,1.0,143.0,2.2,2.1573321425967777
IND210501AAB,IND209304AAA,Carting,night,14,14,2.612670408981556,226.0,87.0,1.0,1926.0,2.125,2.325805462521817
IND211002AAB,IND209304AAA,FTL,night,16,16,1.468016209665202,262.5,187.5,0.8125,1346.0,1.8226866738120757,1.6650553564134654
IND211002AAB,IND211011AAA,Carting,night,13,13,4.428571428571429,31.0,7.0,1.0,325.0,2.125,3.0324675324675328
IND211002AAB,IND211013AAA,Carting,night,7,7,5.428571428571429,74.0,14.0,1.0,448.0,2.125,2.9814814814814814
IND211002AAB,IND485001AAC,FTL,night,13,13,2.511627906976744,329.0,131.0,1.0,2631.0,1.8226866738120757,2.094087765664824
IND211008AAA,IND211002AAB,Carting,morning,5,5,8.1875,139.0,19.0,1.0,2404.0,2.2,3.3975
IND211008AAA,IND211002AAB,Carting,night,1,1,9.875,158.0,16.0,1.0,142.0,2.125,2.494047619047619
IND211010AAB,IND211002AAB,Carting,morning,1,1,4.0,24.0,6.0,1.0,18.0,2.2,2.2857142857142856
IND211011AAA,IND212501AAA,Carting,morning,1,1,3.6818181818181817,81.0,22.0,1.0,59.0,2.2,2.2705627705627704
IND211011AAA,IND212501AAA,Carting,night,12,12,4.074534161490684,86.5,23.0,1.0,851.0,2.125,2.8560753105590067
IND212402AAA,IND211002AAB,Carting,morning,13,13,10.0,1049.0,38.0,1.0,13154.0,2.2,5.2727272727272725
IND212501AAA,IND212402AAA,Carting,morning,13,13,1.7916666666666667,43.0,24.0,1.0,251.0,2.2,2.0391414141414144
IND212601AAA,IND210001AAA,FTL,morning,1,1,2.4642857142857144,138.0,56.0,1.0,82.0,1.8750586854460094,1.9031171153907576
IND212601AAA,IND210001AAA,FTL,night,15,15,2.3684210526315788,147.0,62.0,1.0,1282.0,1.8226866738120757,2.056572836163291
IND221010AAA,IND221005A1A,Carting,afternoon,1,1,4.166666666666667,50.0,12.0,1.0,38.0,2.234668335419274,2.3266682559548637
IND221010AAB,IND222001AAA,FTL,morning,1,1,2.871794871794872,112.0,39.0,1.0,73.0,1.8750586854460094,1.9225223133673839
IND221010AAB,IND232101AAB,Carting,afternoon,1,1,1.2222222222222223,33.0,27.0,1.0,6.0,2.234668335419274,2.1864566157432237
IND221010AAB,IND233001AAA,FTL,afternoon,2,2,9.320754716981131,543.0,54.5,1.0,977.0,1.7676767676767677,2.454320217613528
IND221010AAB,IND233001AAA,FTL,morning,1,1,10.0,693.0,56.0,1.0,637.0,1.8750586854460094,2.2619606528057234
IND221303AAA,IND231001AAA,FTL,night,3,3,1.625,39.0,23.0,1.0,43.0,1.8226866738120757,1.7969014554887617
IND221313AAA,IND211002AAB,FTL,afternoon,2,2,2.8677441127943606,332.0,115.5,1.0,433.0,1.7676767676767677,1.8676828899601852
IND221313AAA,IND211002AAB,FTL,morning,4,4,3.4469026548672566,389.5,113.0,1.0,1081.0,1.8750586854460094,2.137032680349551
IND221313AAA,IND221010AAA,Carting,morning,2,2,4.517857142857142,32.5,7.5,1.0,50.0,2.2,2.4107142857142856
IND221313AAA,IND221401AAA,FTL,afternoon,1,1,10.0,585.0,35.0,1.0,550.0,1.7676767676767677,2.1596921596921597
IND221313AAA,IND222136AAA,FTL,morning,1,1,10.0,734.0,41.0,1.0,693.0,1.8750586854460094,2.2619606528057234
IND221313AAA,IND232101AAB,Carting,afternoon,3,3,10.0,632.0,40.0,1.0,1694.0,2.234668335419274,3.2475376829732814
IND221313AAA,IND276128AAA,FTL,afternoon,2,2,7.360596546310832,831.0,114.0,1.0,1434.0,1.7676767676767677,2.2761240202798647
IND221401AAA,IND221303AAA,FTL,night,2,2,2.71875,43.5,16.0,1.0,55.0,1.8226866738120757,1.9041469761927963
IND221706AAA,IND273014AAB,FTL,morning,11,11,2.7704918032786887,338.0,121.0,1.0,2466.0,1.8750586854460094,2.192793017580186
IND222001AAA,IND222136AAA,FTL,late_evening,1,1,2.9166666666666665,35.0,12.0,1.0,23.0,1.8333333333333333,1.8849206349206347
IND222125AAB,IND222001AAA,FTL,morning,1,1,2.7777777777777777,50.0,18.0,1.0,32.0,1.8750586854460094,1.9180453088903795
IND223101AAB,IND222125AAB,FTL,morning,7,7,2.107142857142857,56.0,26.0,1.0,187.0,1.8750586854460094,1.935228655885933
IND224001AAA,IND224141AAB,Carting,morning,11,11,3.04,78.0,25.0,1.0,620.0,2.2,2.4980645161290322
IND224001AAA,IND224141AAB,FTL,morning,2,2,3.403985507246377,80.0,23.5,1.0,113.0,1.8750586854460094,2.0140520328824065
IND224141AAB,IND224122AAA,Carting,afternoon,3,3,3.0526315789473686,58.0,19.0,1.0,122.0,2.234668335419274,2.3413591932707645
IND224141AAB,IND224122AAA,Carting,morning,13,13,3.0714285714285716,55.0,18.0,1.0,556.0,2.2,2.5432900432900434
IND224141AAB,IND224122AAA,FTL,afternoon,1,1,3.0555555555555554,55.0,18.0,1.0,37.0,1.7676767676767677,1.8290043290043292
IND226004AAA,IND226016AAA,Carting,night,6,6,3.675,91.0,25.5,1.0,385.0,2.125,2.4826923076923078
IND226004AAA,IND226024AAA,Carting,night,1,1,2.6923076923076925,35.0,13.0,1.0,22.0,2.125,2.152014652014652
IND231205AAA,IND231216AAA,FTL,morning,3,3,3.3,66.0,21.0,1.0,130.0,1.8750586854460094,2.0609205960400083
IND231208AAA,IND231217AAA,FTL,late_evening,5,5,1.875,45.0,24.0,1.0,119.0,1.8333333333333333,1.8416666666666666
IND231208AAA,IND231217AAA,FTL,night,1,1,1.565217391304348,36.0,23.0,1.0,13.0,1.8226866738120757,1.8104262317878985
IND231217AAA,IND231225AAB,FTL,night,7,7,2.44,61.0,25.0,1.0,257.0,1.8226866738120757,1.9827308694904264
IND231225AAB,IND486886AAA,FTL,night,7,7,1.6296296296296295,44.0,27.0,1.0,121.0,1.8226866738120757,1.7726348475425526
IND232101AAB,IND232104AAB,Carting,night,7,7,3.230769230769231,42.0,11.0,1.0,169.0,2.125,2.4116809116809117
IND232104AAB,IND221010AAB,Carting,night,1,1,1.6744186046511629,72.0,43.0,1.0,29.0,2.125,2.103543743078627
IND232104AAB,IND232327AAA,Carting,night,1,1,1.4464285714285714,162.0,112.0,1.0,50.0,2.125,2.0926870748299318
IND232104AAB,IND233221AAC,Carting,night,2,2,1.1818327330932372,142.0,116.0,0.5,52.0,2.125,2.039257521190294
IND233001AAA,IND275101AAA,FTL,night,3,3,3.5714285714285716,100.0,28.0,1.0,215.0,1.8226866738120757,2.0507834430664014
IND233001AAA,IND275503AAA,FTL,night,1,1,3.5365853658536586,145.0,41.0,1.0,104.0,1.8226866738120757,1.9043008972426274
IND241124AAB,IND242001AAA,FTL,night,4,4,2.1856617647058822,36.0,16.5,1.0,77.0,1.8226866738120757,1.883182522294377
IND242001AAA,IND242307AAB,FTL,night,1,1,6.230769230769231,81.0,13.0,1.0,68.0,1.8226866738120757,2.032595367000512
IND242221AAA,IND207247AAB,FTL,morning,1,1,2.979381443298969,289.0,97.0,1.0,192.0,1.8750586854460094,1.9276454834390075
IND242221AAA,IND207247AAB,FTL,night,4,4,2.5858585858585856,256.0,99.0,1.0,621.0,1.8226866738120757,1.9498819924864943
IND242307AAB,IND207247AAB,FTL,morning,3,3,1.8472222222222223,266.0,144.0,1.0,395.0,1.8750586854460094,1.8714278424168198
IND242307AAB,IND207247AAB,FTL,night,2,2,2.0941901408450705,299.5,143.0,1.0,313.0,1.8226866738120757,1.8473688071787118
IND242307AAB,IND242221AAA,FTL,night,5,5,1.4285714285714286,60.0,43.0,1.0,102.0,1.8226866738120757,1.7438636247639465
IND243001AAA,IND243503AAB,FTL,night,13,13,1.8387096774193548,62.0,32.0,1.0,450.0,1.8226866738120757,1.828998766142216
IND243001AAA,IND244901AAB,FTL,night,2,2,1.9230769230769231,91.0,48.0,1.0,86.0,1.8226866738120757,1.8318130601088802
IND243002AAA,IND243503AAB,FTL,night,1,1,1.84375,59.0,32.0,1.0,27.0,1.8226866738120757,1.8236896893448342
IND243201AAA,IND262001AAA,Carting,night,4,4,2.0892857142857144,89.0,42.5,1.0,184.0,2.125,2.119047619047619
IND243301AAB,IND244901AAB,FTL,morning,1,1,1.4823529411764707,126.0,85.0,1.0,41.0,1.8750586854460094,1.856358411909365
IND243301AAB,IND244901AAB,FTL,night,9,9,1.3214285714285714,111.0,85.0,0.7777777777777778,693.0,1.8226866738120757,1.667123814451678
IND243301AAB,IND244901AAC,FTL,morning,1,1,1.3647058823529412,116.0,85.0,1.0,31.0,1.8750586854460094,1.8507561710130065
IND243301AAB,IND244901AAC,FTL,night,1,1,1.2142857142857142,102.0,84.0,1.0,18.0,1.8226866738120757,1.7937151995489158
IND243503AAB,IND244901AAB,FTL,morning,1,1,2.8153846153846156,183.0,65.0,1.0,118.0,1.8750586854460094,1.9198361106811812
IND243503AAB,IND244901AAB,FTL,night,10,10,2.655448717948718,181.5,65.5,1.0,1657.0,1.8226866738120757,2.1002740218576235
IND244001AAA,IND263153AAB,FTL,afternoon,16,16,1.905241935483871,177.0,92.0,1.0,1397.0,1.7676767676767677,1.8288168422577025
IND244221AAA,IND131028AAB,FTL,late_evening,1,1,1.3868613138686132,190.0,137.0,1.0,53.0,1.8333333333333333,1.8120727609778704
IND244221AAA,IND131028AAB,FTL,night,20,20,1.6967460881934566,246.5,136.0,0.9,1932.0,1.8226866738120757,1.7597163810027663
IND244235AAA,IND244901AAB,FTL,afternoon,17,17,0.8653846153846154,90.0,104.0,0.17647058823529413,176.0,1.7676767676767677,1.3531101031101032
IND244235AAA,IND244901AAB,FTL,evening,3,3,1.1610169491525424,121.0,104.0,0.0,36.0,1.7703025992499675,1.6908305579329121
IND244301AAA,IND244412AAA,FTL,night,11,11,1.6666666666666667,50.0,30.0,1.0,217.0,1.8226866738120757,1.767324735792737
IND244412AAA,IND243301AAB,FTL,night,10,10,0.7371995820271682,64.5,87.5,0.0,0.0,1.8226866738120757,1.4608576432171068
IND244412AAA,IND244901AAB,FTL,night,3,3,1.2658227848101267,159.0,143.0,0.6666666666666666,117.0,1.8226866738120757,1.7500522535074736
IND244501AAA,IND244601AAB,FTL,morning,8,8,0.911923076923077,93.0,100.5,0.0,8.0,1.8750586854460094,1.599877083010886
IND244601AAB,IND244901AAB,FTL,morning,9,9,1.0222222222222221,92.0,90.0,0.3333333333333333,292.0,1.8750586854460094,1.610385300307593
IND244713AAA,IND244715AAA,FTL,morning,1,1,1.2857142857142858,45.0,35.0,1.0,10.0,1.8750586854460094,1.8469946664111656
IND244713AAA,IND263401AAA,FTL,night,16,16,2.0217391304347827,45.5,22.0,1.0,396.0,1.8226866738120757,1.9111544323110568
IND244715AAA,IND244713AAA,FTL,night,16,16,0.9615384615384615,37.5,38.5,0.0,29.0,1.8226866738120757,1.4399541350238028
IND244715AAA,IND263401AAA,FTL,morning,1,1,1.3833333333333333,83.0,60.0,1.0,23.0,1.8750586854460094,1.851643192488263
IND244901AAB,IND243002AAA,FTL,evening,15,15,2.488888888888889,110.0,44.0,1.0,945.0,1.7703025992499675,2.0782681519523627
IND244901AAB,IND243002AAA,FTL,late_evening,1,1,2.090909090909091,92.0,44.0,1.0,48.0,1.8333333333333333,1.8455988455988457
IND244901AAB,IND243201AAA,Carting,late_evening,1,1,2.5,180.0,72.0,1.0,108.0,1.8148148148148149,1.8474426807760143
IND244901AAB,IND243503AAB,FTL,afternoon,1,1,5.390625,345.0,64.0,1.0,281.0,1.7676767676767677,1.9401981120731122
IND244901AAB,IND244221AAA,FTL,evening,17,17,0.8636363636363636,98.0,110.0,0.23529411764705882,280.0,1.7703025992499675,1.3537262207247982
IND244901AAB,IND244221AAA,FTL,late_evening,3,3,0.9464285714285714,106.0,110.0,0.3333333333333333,35.0,1.8333333333333333,1.7176501035196687
IND244901AAB,IND244301AAA,FTL,late_evening,9,9,0.8035714285714286,90.0,112.0,0.1111111111111111,59.0,1.8333333333333333,1.5137520525451558
IND244901AAB,IND244301AAA,FTL,night,1,1,0.7117117117117117,79.0,111.0,0.0,0.0,1.8226866738120757,1.769783104188249
IND244901AAB,IND244921AAB,Carting,evening,4,4,2.0623655913978496,63.0,31.0,1.0,165.0,1.7540983606557377,1.8054762324460896
IND244901AAB,IND244921AAB,Carting,late_evening,1,1,2.121212121212121,70.0,33.0,1.0,37.0,1.8148148148148149,1.829405162738496
IND244901AAB,IND246725AAB,FTL,late_evening,9,9,1.0071428571428571,143.0,142.0,0.1111111111111111,66.0,1.8333333333333333,1.5769293924466337
IND244901AAB,IND246725AAB,FTL,night,5,5,1.0352112676056338,147.0,143.0,0.0,21.0,1.8226866738120757,1.6651915925707874
IND244901AAC,IND244921AAB,Carting,night,1,1,1.6153846153846154,42.0,26.0,1.0,16.0,2.125,2.100732600732601
IND244921AAB,IND243201AAA,Carting,night,2,2,1.4196933010492332,87.0,61.0,1.0,52.0,2.125,2.060881209186294
IND244921AAB,IND262001AAA,Carting,night,1,1,1.6,168.0,105.0,1.0,63.0,2.125,2.1
IND245101AAA,IND201007AAA,Carting,night,2,2,2.7508333333333335,134.5,49.0,1.0,171.0,2.125,2.181893939393939
IND245101AAA,IND245304AAA,Carting,night,15,15,2.2941176470588234,42.0,17.0,1.0,380.0,2.125,2.1974789915966384
IND245304AAA,IND201007AAA,Carting,night,13,13,2.727272727272727,90.0,34.0,1.0,753.0,2.125,2.3622589531680442
IND245304AAA,IND245101AAA,Carting,night,14,14,1.809090909090909,26.5,15.5,1.0,168.0,2.125,1.9949197860962566
IND246001AAA,IND249201AAA,FTL,afternoon,1,1,1.23125,197.0,160.0,1.0,37.0,1.7676767676767677,1.7421326358826361
IND246001AAA,IND249201AAA,FTL,morning,3,3,1.3522012578616351,215.0,160.0,1.0,182.0,1.8750586854460094,1.8068598905436999
IND246149AAA,IND249407AAA,FTL,morning,1,1,2.7301587301587302,172.0,63.0,1.0,109.0,1.8750586854460094,1.9157777351942342
IND246149AAA,IND249407AAA,FTL,night,14,14,2.4719662058371736,154.0,62.0,1.0,1473.0,1.8226866738120757,2.0900370693518218
IND246174AAA,IND246444AAB,FTL,afternoon,2,2,1.2647342995169084,115.0,91.0,0.5,48.0,1.7676767676767677,1.7219547251167808
IND246174AAA,IND246444AAB,FTL,morning,14,14,1.2084191260581103,113.0,93.0,0.5,358.0,1.8750586854460094,1.60056004334511
IND246424AAA,IND246174AAA,FTL,afternoon,12,12,1.2229961304588168,169.5,137.5,0.6666666666666666,3178.0,1.7676767676767677,1.5634215287200361
IND246424AAA,IND246174AAA,FTL,morning,4,4,1.4047705943691344,194.5,138.0,1.0,267.0,1.8750586854460094,1.796677336933197
IND246444AAB,IND246424AAA,FTL,afternoon,4,4,1.4138477801268499,61.5,42.5,1.0,67.0,1.7676767676767677,1.7087052697517813
IND246444AAB,IND246424AAA,FTL,morning,9,9,1.3953488372093024,56.0,41.0,1.0,140.0,1.8750586854460094,1.7261832153035832
IND246444AAB,IND246424AAA,FTL,night,2,2,1.555094130675526,66.0,42.5,1.0,47.0,1.8226866738120757,1.7983600789814802
IND246701AAA,IND246763AAA,FTL,night,12,12,1.96,49.0,25.0,1.0,315.0,1.8226866738120757,1.8741791711325475
IND246725AAB,IND246701AAA,FTL,night,10,10,1.5071428571428571,49.0,33.5,1.0,158.0,1.8226866738120757,1.7175054015890028
IND246761AAA,IND244501AAA,FTL,morning,8,8,0.4693877551020408,46.0,98.0,0.0,0.0,1.8750586854460094,1.4734384196334471
IND246761AAA,IND244501AAA,FTL,night,2,2,0.4598459845984598,46.0,100.0,0.0,0.0,1.8226866738120757,1.698792065701747
IND246761AAA,IND244601AAB,FTL,morning,1,1,1.2291666666666667,59.0,48.0,1.0,11.0,1.8750586854460094,1.8443019226469932
IND246761AAA,IND244901AAB,FTL,morning,1,1,1.0275862068965518,149.0,145.0,0.0,4.0,1.8750586854460094,1.8347028531341305
IND246763AAA,IND244901AAB,FTL,morning,1,1,1.3977272727272727,246.0,176.0,1.0,70.0,1.8750586854460094,1.8523286181736889
IND246763AAA,IND244901AAB,FTL,night,2,2,1.152575151861274,226.0,196.5,0.5,59.0,1.8226866738120757,1.7617674445438212
IND246763AAA,IND246761AAA,FTL,morning,4,4,2.360752688172043,72.5,31.0,1.0,197.0,1.8750586854460094,1.9560076859003486
IND246763AAA,IND246761AAA,FTL,night,7,7,2.566666666666667,78.0,30.0,1.0,331.0,1.8226866738120757,2.015570375663266
IND247554AAA,IND248001AAA,FTL,late_evening,11,11,1.1079136690647482,154.0,139.0,0.0,140.0,1.8333333333333333,1.5759263556896417
IND247554AAA,IND248001AAA,FTL,night,1,1,0.9856115107913669,137.0,139.0,0.0,0.0,1.8226866738120757,1.7828259517634706
IND247554AAA,IND248001AAD,FTL,late_evening,2,2,1.2969461697722569,180.5,139.0,0.5,83.0,1.8333333333333333,1.7845708639186901
IND247667AAA,IND249407AAA,FTL,late_evening,10,10,1.7679738562091503,62.5,36.0,1.0,482.0,1.8333333333333333,1.8115468409586055
IND247667AAA,IND249407AAA,FTL,night,4,4,2.1535714285714285,80.0,36.5,1.0,171.0,1.8226866738120757,1.8778341329386345
IND247667AAB,IND249407AAA,FTL,late_evening,1,1,2.4324324324324325,90.0,37.0,1.0,53.0,1.8333333333333333,1.8618618618618619
IND247667AAB,IND249407AAA,FTL,night,1,1,2.8857142857142857,101.0,35.0,1.0,66.0,1.8226866738120757,1.8733070362836097
IND247776AAA,IND251309AAB,FTL,night,9,9,1.7777777777777777,32.0,18.0,1.0,128.0,1.8226866738120757,1.8087494302152247
IND248001AAA,IND131028AAB,FTL,afternoon,2,2,1.733187992621164,463.5,267.5,1.0,392.0,1.7676767676767677,1.764541424489895
IND248001AAA,IND131028AAB,FTL,morning,5,5,1.6325757575757576,430.0,263.0,1.0,946.0,1.8750586854460094,1.8265620998719592
IND248001AAA,IND131028AAB,FTL,night,5,5,1.6691449814126393,449.0,269.0,1.0,890.0,1.8226866738120757,1.7919783353321883
IND248001AAD,IND131028AAB,Carting,morning,2,2,1.9734074519230769,508.5,258.0,1.0,501.0,2.2,2.1794006774475525
IND248001AAD,IND131028AAB,Carting,night,3,3,1.7470817120622568,449.0,256.0,1.0,538.0,2.125,2.07570631026899
IND248001AAD,IND131028AAB,FTL,afternoon,2,2,1.5089722447382397,403.5,267.5,1.0,272.0,1.7676767676767677,1.744158174682356
IND248001AAD,IND131028AAB,FTL,night,2,2,2.1490566037735848,569.5,265.0,1.0,609.0,1.8226866738120757,1.8523566674449403
IND248122AAB,IND248001AAA,FTL,morning,13,13,2.210526315789474,74.0,38.0,1.0,512.0,1.8750586854460094,2.0072126004297988
IND248122AAB,IND248001AAA,FTL,night,2,2,2.1072874493927127,81.0,38.5,1.0,85.0,1.8226866738120757,1.8485594715921336
IND248197AAA,IND248122AAB,FTL,morning,1,1,2.2142857142857144,93.0,42.0,1.0,51.0,1.8750586854460094,1.8912123534859955
IND248197AAA,IND248122AAB,FTL,night,15,15,2.2222222222222223,92.0,45.0,1.0,878.0,1.8226866738120757,1.9939161945592816
IND249201AAA,IND246174AAA,FTL,night,4,4,1.6984208134514884,276.0,162.0,1.0,463.0,1.8226866738120757,1.8019756970853111
IND249201AAA,IND249407AAA,FTL,morning,1,1,5.888888888888889,159.0,27.0,1.0,132.0,1.8750586854460094,2.0661934570385276
IND249201AAA,IND249407AAA,FTL,night,16,16,8.828888888888889,230.5,26.5,1.0,4396.0,1.8226866738120757,4.936554324957326
IND249407AAA,IND131028AAB,FTL,afternoon,16,16,2.6983695652173916,496.5,182.5,1.0,5152.0,1.7676767676767677,2.181318011028156
IND249407AAA,IND131028AAB,FTL,evening,1,1,2.2967032967032965,418.0,182.0,1.0,236.0,1.7703025992499675,1.7953692991286976
IND249407AAA,IND131028AAB,FTL,morning,1,1,2.6648351648351647,485.0,182.0,1.0,303.0,1.8750586854460094,1.9126670892264457
IND249407AAA,IND246149AAA,FTL,night,18,18,2.4140804597701147,142.5,58.5,1.0,1680.0,1.8226866738120757,2.1028205724237785
IND249407AAA,IND249201AAA,FTL,night,18,18,1.8397435897435899,48.0,26.0,1.0,553.0,1.8226866738120757,1.8307662655691088
IND250002AAA,IND131028AAB,FTL,afternoon,4,4,2.015625,131.0,65.5,1.0,392.0,1.7676767676767677,1.8090014730639732
IND250002AAA,IND131028AAB,FTL,morning,1,1,2.4925373134328357,167.0,67.0,1.0,100.0,1.8750586854460094,1.9044624296358583
IND250221AAA,IND251201AAA,FTL,night,1,1,3.125,50.0,16.0,1.0,34.0,1.8226866738120757,1.8847015941067389
IND250611AAA,IND247776AAA,FTL,night,11,11,1.96875,63.0,32.0,1.0,340.0,1.8226866738120757,1.8745155960077908
IND251001AAA,IND247554AAA,FTL,late_evening,12,12,2.128623188405797,50.0,24.0,1.0,351.0,1.8333333333333333,1.944067028985507
IND251201AAA,IND131028AAB,FTL,morning,1,1,6.36734693877551,624.0,98.0,1.0,526.0,1.8750586854460094,2.0889771736997953
IND251201AAA,IND250002AAA,FTL,night,1,1,1.95,78.0,40.0,1.0,38.0,1.8226866738120757,1.8287492131543581
IND251309AAB,IND131028AAB,FTL,night,10,10,2.0074626865671643,139.5,68.0,1.0,688.0,1.8226866738120757,1.884278678063772
IND261001AAA,IND262701AAA,FTL,afternoon,1,1,1.6896551724137931,98.0,58.0,1.0,40.0,1.7676767676767677,1.7639614536166262
IND261001AAA,IND262701AAA,FTL,morning,19,19,1.955223880597015,111.0,58.0,1.0,1138.0,1.8750586854460094,1.9141135241093201
IND261201AAB,IND261001AAA,FTL,morning,18,18,1.630546955624355,87.5,54.5,1.0,675.0,1.8750586854460094,1.7592373397410155
IND261201AAB,IND261001AAA,FTL,night,1,1,1.4464285714285714,81.0,56.0,1.0,25.0,1.8226866738120757,1.8047696213176232
IND262001AAA,IND244901AAB,Carting,night,1,1,1.3703703703703705,148.0,108.0,1.0,40.0,2.125,2.0890652557319225
IND262001AAA,IND262122AAB,Carting,morning,2,2,1.6911045943304006,67.5,47.5,0.5,52.0,2.2,2.1537367813027637
IND262001AAA,IND262122AAB,Carting,night,4,4,1.293103448275862,75.0,58.0,0.75,57.0,2.125,1.9863505747126435
IND262122AAB,IND244901AAB,Carting,morning,3,3,2.7916666666666665,277.0,99.0,1.0,476.0,2.2,2.277173913043478
IND262122AAB,IND244901AAB,Carting,night,1,1,3.9245283018867925,416.0,106.0,1.0,310.0,2.125,2.210691823899371
IND262405AAA,IND263153AAB,FTL,night,2,2,6.097560975609756,307.0,41.0,1.0,532.0,1.8226866738120757,2.2113116103391377
IND262501AAA,IND263153AAB,FTL,morning,8,8,1.3973665223665224,429.0,307.0,1.0,1003.0,1.8750586854460094,1.7385752102804417
IND262701AAA,IND262802AAA,FTL,afternoon,5,5,2.391304347826087,55.0,23.0,1.0,201.0,1.7676767676767677,1.8924022837066314
IND262701AAA,IND262802AAA,FTL,morning,15,15,2.130434782608696,51.0,23.0,1.0,422.0,1.8750586854460094,1.9845055842300179
IND262802AAA,IND262723AAB,FTL,afternoon,18,18,2.5554214223002636,173.0,68.0,1.0,1988.0,1.7676767676767677,2.140818972498424
IND262802AAA,IND262723AAB,FTL,morning,3,3,2.7058823529411766,184.0,68.0,1.0,368.0,1.8750586854460094,1.9834269899019008
IND263002AAA,IND263645AAA,FTL,night,13,13,1.1794871794871795,102.0,84.0,0.46153846153846156,266.0,1.8226866738120757,1.5693050548356016
IND263139AAA,IND263153AAB,FTL,night,6,6,1.289309807991697,56.5,41.5,0.6666666666666666,200.0,1.8226866738120757,1.6995997047766038
IND263153AAB,IND131028AAB,FTL,evening,16,16,1.852072072072072,456.0,253.0,1.0,3193.0,1.7703025992499675,1.8066445871709031
IND263153AAB,IND131028AAB,FTL,late_evening,1,1,1.812720848056537,513.0,283.0,1.0,230.0,1.8333333333333333,1.8323517864153904
IND263153AAB,IND244713AAA,FTL,night,1,1,3.8076923076923075,198.0,52.0,1.0,146.0,1.8226866738120757,1.9172107516158963
IND263153AAB,IND244715AAA,FTL,evening,1,1,1.858695652173913,171.0,92.0,1.0,79.0,1.7703025992499675,1.774511792246346
IND263153AAB,IND244715AAA,FTL,late_evening,15,15,1.6956521739130435,156.0,92.0,1.0,1093.0,1.8333333333333333,1.7743271221532089
IND263153AAB,IND263002AAA,FTL,evening,5,5,1.2363636363636363,136.0,109.0,0.6,317.0,1.7703025992499675,1.6635148066727012
IND263153AAB,IND263002AAA,FTL,late_evening,8,8,1.3687821612349915,148.5,109.0,0.875,431.0,1.8333333333333333,1.7006044270195215
IND263153AAB,IND263139AAA,FTL,late_evening,6,6,2.3292682926829267,95.5,40.5,1.0,379.0,1.8333333333333333,1.9477798624140088
IND263153AAB,IND263139AAA,FTL,night,1,1,1.425,57.0,40.0,1.0,17.0,1.8226866738120757,1.8037492131543578
IND263153AAB,IND263401AAA,FTL,night,1,1,2.5384615384615383,99.0,39.0,1.0,60.0,1.8226866738120757,1.856771191176336
IND263153AAB,IND263645AAA,FTL,late_evening,1,1,1.2115384615384615,189.0,156.0,1.0,33.0,1.8333333333333333,1.8037240537240535
IND263401AAA,IND244713AAA,FTL,night,1,1,2.409090909090909,53.0,22.0,1.0,31.0,1.8226866738120757,1.8506106850158297
IND263401AAA,IND263153AAB,FTL,morning,2,2,2.5965250965250966,105.0,39.5,1.0,131.0,1.8750586854460094,1.9406465409986537
IND263401AAA,IND263153AAB,FTL,night,13,13,1.868421052631579,71.0,38.0,1.0,621.0,1.8226866738120757,1.8407032472864255
IND263601AAA,IND262501AAA,FTL,morning,4,4,2.007308743169399,243.0,120.0,1.0,516.0,1.8750586854460094,1.8971003617332414
IND263601AAA,IND262501AAA,FTL,night,6,6,1.9420798898071627,234.5,121.0,1.0,692.0,1.8226866738120757,1.8502389544263265
IND263601AAA,IND263153AAB,FTL,morning,1,1,1.8636363636363635,328.0,176.0,1.0,152.0,1.8750586854460094,1.8745147653598362
IND263601AAA,IND263645AAA,FTL,night,1,1,1.9444444444444444,105.0,54.0,1.0,51.0,1.8226866738120757,1.8284846628898077
IND263645AAA,IND262501AAA,FTL,night,1,1,2.1265822784810124,336.0,158.0,1.0,178.0,1.8226866738120757,1.8371578930820252
IND263645AAA,IND263601AAA,FTL,morning,1,1,3.0444444444444443,137.0,45.0,1.0,92.0,1.8750586854460094,1.9307437215887922
IND263645AAA,IND263601AAA,FTL,night,11,11,2.0392156862745097,100.0,51.0,1.0,591.0,1.8226866738120757,1.8995195492019716
IND271001AAA,IND271201AAA,Carting,afternoon,2,2,3.927807486631016,131.5,33.5,1.0,196.0,2.234668335419274,2.388590076438523
IND271001AAA,IND271201AAA,Carting,morning,3,3,3.7333333333333334,112.0,29.0,1.0,2512.0,2.2,2.4
IND271001AAA,IND271210AAA,Carting,morning,1,1,10.0,2536.0,47.0,1.0,2489.0,2.2,2.5714285714285716
IND271201AAA,IND271210AAA,Carting,night,6,6,2.488157894736842,48.5,19.0,1.0,171.0,2.125,2.2088056680161943
IND271210AAA,IND271001AAA,Carting,night,12,12,3.246212121212121,144.5,44.0,1.0,1474.0,2.125,2.5454545454545454
IND272001AAA,IND272175AAA,FTL,afternoon,2,2,1.8358585858585856,44.0,24.5,1.0,39.0,1.7676767676767677,1.7738751147842058
IND272001AAA,IND273014AAB,FTL,afternoon,5,5,1.305263157894737,124.0,99.0,0.6,147.0,1.7676767676767677,1.6751940457203616
IND272155AAA,IND272001AAA,FTL,afternoon,2,2,1.2916666666666667,31.0,24.0,1.0,14.0,1.7676767676767677,1.724403122130395
IND272155AAA,IND272001AAA,FTL,morning,1,1,1.2592592592592593,34.0,27.0,1.0,7.0,1.8750586854460094,1.8457349032466406
IND272207AAB,IND272153AAC,Carting,night,3,3,3.25,52.0,16.0,1.0,105.0,2.125,2.2717391304347827
IND273014AAB,IND209304AAA,FTL,afternoon,3,3,1.9259259259259258,676.0,331.0,1.0,879.0,1.7676767676767677,1.788317962231006
IND273014AAB,IND273155AAA,Carting,late_evening,3,3,2.3125,74.0,32.0,1.0,221.0,1.8148148148148149,1.879730273752013
IND273014AAB,IND273155AAA,Carting,night,2,2,2.486206896551724,73.5,29.5,1.0,88.0,2.125,2.1578369905956114
IND273014AAB,IND273304AAA,Carting,late_evening,1,1,1.14,171.0,150.0,0.0,21.0,1.8148148148148149,1.7826807760141095
IND273014AAB,IND273304AAA,Carting,night,1,1,1.3154362416107384,196.0,149.0,1.0,47.0,2.125,2.0864493448386066
IND273014AAB,IND274001AAA,FTL,evening,2,2,2.716755319148936,129.0,47.5,1.0,163.0,1.7703025992499675,1.8563437556044193
IND273014AAB,IND274001AAA,FTL,late_evening,11,11,2.8085106382978724,132.0,47.0,1.0,875.0,1.8333333333333333,2.1793639899336537
IND273014AAB,IND274001AAA,FTL,night,3,3,2.234042553191489,105.0,47.0,1.0,173.0,1.8226866738120757,1.8763417885137383
IND273014AAB,IND274301AAB,FTL,late_evening,1,1,1.4848484848484849,98.0,66.0,1.0,32.0,1.8333333333333333,1.8167388167388165
IND273014AAB,IND277303AAC,FTL,late_evening,16,16,1.98989898989899,197.0,99.0,1.0,1626.0,1.8333333333333333,1.9029180695847363
IND273014AAB,IND277303AAC,FTL,night,2,2,2.186468646864687,218.5,100.0,1.0,237.0,1.8226866738120757,1.855757762271404
IND273155AAA,IND273014AAB,Carting,morning,1,1,3.0344827586206895,88.0,29.0,1.0,59.0,2.2,2.2397372742200328
IND273155AAA,IND273303AAA,Carting,night,1,1,1.7692307692307692,23.0,13.0,1.0,10.0,2.125,2.108058608058608
IND273303AAA,IND273304AAA,Carting,night,1,1,2.4871794871794872,97.0,39.0,1.0,58.0,2.125,2.142246642246642
IND273304AAA,IND273014AAB,Carting,morning,2,2,3.796700428109011,301.0,109.0,1.0,384.0,2.2,2.3451545843735464
IND273304AAA,IND273014AAB,Carting,night,12,12,2.5395604395604394,247.0,98.0,0.8333333333333334,2014.0,2.125,2.280460164835165
IND274001AAA,IND273014AAB,FTL,morning,1,1,5.780487804878049,237.0,41.0,1.0,196.0,1.8750586854460094,2.061031500657059
IND274001AAA,IND274509AAB,FTL,night,13,13,1.8461538461538463,46.0,25.0,1.0,386.0,1.8226866738120757,1.831931317461864
IND274301AAB,IND273014AAB,FTL,afternoon,1,1,2.7735849056603774,147.0,53.0,1.0,94.0,1.7676767676767677,1.8155771551997968
IND274301AAB,IND273014AAB,FTL,morning,15,15,2.983050847457627,176.0,59.0,1.0,2011.0,1.8750586854460094,2.3499124691652744
IND274304AAA,IND274304AAB,FTL,morning,3,3,5.076923076923077,66.0,13.0,1.0,146.0,1.8750586854460094,2.292693171290844
IND274304AAA,IND274304AAB,FTL,night,3,3,5.0,60.0,12.0,1.0,141.0,1.8226866738120757,2.2371188467931096
IND274304AAB,IND274301AAB,FTL,morning,12,12,2.264705882352941,38.5,17.0,1.0,275.0,1.8750586854460094,2.021176384286109
IND274304AAB,IND274301AAB,FTL,night,1,1,1.8235294117647058,31.0,17.0,1.0,14.0,1.8226866738120757,1.8227268041907725
IND274304AAB,IND274304AAA,FTL,night,1,1,2.909090909090909,32.0,11.0,1.0,21.0,1.8226866738120757,1.8744202088253534
IND274402AAA,IND274301AAB,FTL,morning,1,1,3.3333333333333335,100.0,30.0,1.0,70.0,1.8750586854460094,1.944500335345406
IND274402AAA,IND274304AAB,FTL,morning,2,2,2.833333333333333,34.0,12.0,1.0,44.0,1.8750586854460094,1.9621745625266753
IND274402AAA,IND274304AAB,FTL,night,2,2,3.5384615384615383,46.0,13.0,1.0,66.0,1.8226866738120757,1.9786662069620269
IND274509AAB,IND274001AAA,FTL,morning,1,1,2.125,51.0,24.0,1.0,27.0,1.8750586854460094,1.8869606528057234
IND274509AAB,IND274304AAA,FTL,night,2,2,1.9981857764876634,105.0,52.5,1.0,105.0,1.8226866738120757,1.8386411376916747
IND274509AAB,IND274402AAA,FTL,night,2,2,2.3744444444444444,124.5,52.0,1.0,145.0,1.8226866738120757,1.8728464711422914
IND275101AAA,IND275503AAA,FTL,night,2,2,4.136363636363637,45.5,11.0,1.0,69.0,1.8226866738120757,2.033020943134945
IND275303AAA,IND276140AAA,FTL,night,4,4,2.1525735294117645,35.5,16.0,1.0,86.0,1.8226866738120757,1.877667816412024
IND275503AAA,IND275303AAA,FTL,night,4,4,4.26923076923077,55.5,13.0,1.0,168.0,1.8226866738120757,2.2304440230485247
IND276128AAA,IND276305AAA,FTL,morning,1,1,1.3658536585365855,56.0,41.0,1.0,15.0,1.8750586854460094,1.8508108270217514
IND276128AAA,IND276305AAA,FTL,night,5,5,1.4210526315789473,54.0,38.0,1.0,124.0,1.8226866738120757,1.74235986536545
IND276129AAA,IND221010AAB,FTL,morning,1,1,2.9263157894736844,278.0,95.0,1.0,183.0,1.8750586854460094,1.9251185475425654
IND276140AAA,IND276129AAA,FTL,morning,1,1,2.4444444444444446,88.0,36.0,1.0,52.0,1.8750586854460094,1.9021722930173635
IND276305AAA,IND223101AAB,FTL,morning,2,2,2.25,58.5,26.0,1.0,65.0,1.8750586854460094,1.9091442594963723
IND276305AAA,IND223101AAB,FTL,night,5,5,2.04,51.0,25.0,1.0,129.0,1.8226866738120757,1.8661493390496604
IND277201AAA,IND221706AAA,FTL,morning,3,3,1.630952380952381,142.0,89.0,1.0,203.0,1.8750586854460094,1.8432187326859708
IND277201AAA,IND221706AAA,FTL,night,4,4,1.7445190463140587,149.5,89.5,1.0,257.0,1.8226866738120757,1.8096587358957397
IND277211AAA,IND277201AAA,FTL,morning,1,1,2.65,53.0,20.0,1.0,33.0,1.8750586854460094,1.9119606528057234
IND277211AAA,IND277201AAA,FTL,night,4,4,2.4523809523809526,51.5,21.0,1.0,122.0,1.8226866738120757,1.927635720240222
IND277303AAC,IND277211AAA,FTL,night,6,6,1.4447876447876449,52.0,36.0,1.0,100.0,1.8226866738120757,1.7354792055756685
IND281121AAB,IND110037AAM,FTL,night,13,13,1.9253731343283582,254.0,133.0,1.0,2060.0,1.8226866738120757,1.8631389158336416
IND281401AAA,IND121004AAB,Carting,night,3,3,2.45,147.0,62.0,1.0,274.0,2.125,2.1673913043478263
IND281401AAA,IND321022AAA,Carting,night,9,9,1.0888888888888888,49.0,45.0,0.3333333333333333,76.0,2.125,1.803448275862069
IND282001AAA,IND000000ACB,FTL,afternoon,1,1,0.9896551724137931,287.0,290.0,0.0,0.0,1.7676767676767677,1.7306281202832927
IND282001AAA,IND000000ACB,FTL,evening,4,4,1.0943866943866944,284.0,259.5,0.25,106.0,1.7703025992499675,1.657649948439422
IND282001AAA,IND110037AAM,Carting,evening,2,2,0.9597746581254827,318.0,332.0,0.0,3.0,1.7540983606557377,1.681887114971169
IND282001AAA,IND110037AAM,Carting,morning,1,1,1.5627118644067797,461.0,295.0,1.0,166.0,2.2,2.1696529459241325
IND282001AAA,IND110037AAM,FTL,evening,4,4,1.514018691588785,324.0,214.0,0.75,631.0,1.7703025992499675,1.7275886146397703
IND282001AAC,IND000000ACB,FTL,afternoon,1,1,1.003831417624521,262.0,261.0,0.0,1.0,1.7676767676767677,1.7313031795790417
IND282001AAC,IND000000ACB,FTL,evening,1,1,1.2355212355212355,320.0,259.0,1.0,61.0,1.7703025992499675,1.7448368200247897
IND282001AAF,IND283122AAB,Carting,night,11,11,2.0384615384615383,49.0,23.0,1.0,304.0,2.125,2.094292803970223
IND282001AAF,IND283122AAB,FTL,night,7,7,2.1666666666666665,39.0,18.0,1.0,146.0,1.8226866738120757,1.9118666719595623
IND282002AAD,IND110037AAM,FTL,night,1,1,1.334862385321101,291.0,218.0,1.0,73.0,1.8226866738120757,1.7994569457886962
IND282002AAD,IND204101AAA,FTL,late_evening,1,1,3.13953488372093,135.0,43.0,1.0,92.0,1.8333333333333333,1.895533407161314
IND282002AAD,IND204101AAA,FTL,night,3,3,2.0,78.0,39.0,1.0,112.0,1.8226866738120757,1.8458144989670224
IND282002AAD,IND205001AAB,FTL,afternoon,8,8,1.9232954545454546,187.0,97.5,0.75,577.0,1.7676767676767677,1.8121392496392497
IND282002AAD,IND281004AAA,FTL,night,8,8,1.0054347826086958,93.0,92.5,0.125,40.0,1.8226866738120757,1.589186133468253
IND282002AAD,IND474003AAA,FTL,afternoon,6,6,1.2630759651307595,189.5,150.0,0.6666666666666666,365.0,1.7676767676767677,1.651230428627689
IND282002AAD,IND474003AAA,FTL,evening,3,3,1.169811320754717,186.0,159.0,0.3333333333333333,132.0,1.7703025992499675,1.691977649881022
IND283122AAB,IND282005AAA,Carting,night,3,3,10.0,401.0,23.0,1.0,1432.0,2.125,3.152173913043478
IND283122AAB,IND328001AAA,FTL,night,7,7,1.0923076923076922,72.0,66.0,0.14285714285714285,44.0,1.8226866738120757,1.633329160088717
IND283203AAA,IND110037AAM,Carting,night,1,1,1.2055555555555555,434.0,360.0,1.0,74.0,2.125,2.081216931216931
IND283203AAA,IND110037AAM,FTL,night,12,12,1.6102443792766374,430.5,270.0,0.9166666666666666,1683.0,1.8226866738120757,1.7430208133612863
IND283203AAA,IND282002AAD,FTL,night,1,1,2.176470588235294,74.0,34.0,1.0,40.0,1.8226866738120757,1.8395335268798483
IND284001AAA,IND284403AAA,FTL,night,6,6,1.7367479674796749,138.5,79.0,0.8333333333333334,338.0,1.8226866738120757,1.802854664658445
IND284403AAA,IND472001AAA,FTL,morning,2,2,1.1979245283018867,123.5,103.0,0.5,41.0,1.8750586854460094,1.813501034796544
IND284403AAA,IND474003AAA,FTL,morning,1,1,2.5048076923076925,521.0,208.0,1.0,313.0,1.8750586854460094,1.905046733391804
IND285001AAD,IND285205AAB,FTL,morning,1,1,1.34375,43.0,32.0,1.0,11.0,1.8750586854460094,1.8497582718533425
IND285001AAD,IND285205AAB,FTL,night,20,20,1.484375,46.0,31.0,0.9,344.0,1.8226866738120757,1.6535308369060382
IND285205AAB,IND210431AAA,FTL,morning,4,4,2.075,166.0,80.0,1.0,384.0,1.8750586854460094,1.9083822378716746
IND285205AAB,IND210431AAA,FTL,night,1,1,2.575,206.0,80.0,1.0,126.0,1.8226866738120757,1.8585111179162628
IND301001AAB,IND302014AAA,FTL,evening,2,2,2.318604651162791,306.5,132.0,1.0,349.0,1.7703025992499675,1.8201482403329514
IND301001AAB,IND321001AAB,FTL,late_evening,13,13,1.7647058823529411,114.0,64.0,1.0,694.0,1.8333333333333333,1.8062982768865121
IND301001AAB,IND321606AAA,FTL,late_evening,3,3,2.0704225352112675,155.0,79.0,1.0,313.0,1.8333333333333333,1.8642580118391507
IND301019AAA,IND123001AAA,FTL,late_evening,2,2,2.5198514344262293,156.5,62.5,1.0,188.0,1.8333333333333333,1.8957440697963237
IND301019AAA,IND301705AAA,FTL,late_evening,6,6,3.3478260869565215,156.0,46.0,1.0,665.0,1.8333333333333333,2.1828316610925307
IND301705AAA,IND123001AAA,FTL,night,1,1,2.051282051282051,80.0,39.0,1.0,41.0,1.8226866738120757,1.8335721679773127
IND302004AAA,IND302014AAB,Carting,night,8,8,2.758928571428571,41.5,15.5,1.0,323.0,2.125,2.306122448979592
IND302004AAA,IND302033AAB,Carting,night,1,1,2.9,29.0,10.0,1.0,19.0,2.125,2.1619047619047618
IND302006AAA,IND302014AAB,Carting,night,13,13,3.3333333333333335,54.0,12.0,1.0,472.0,2.125,2.601010101010101
IND302006AAC,IND302014AAB,Carting,night,1,1,3.5,63.0,18.0,1.0,45.0,2.125,2.1904761904761907
IND302014AAA,IND000000ACB,FTL,afternoon,8,8,1.637362282317211,302.5,180.0,1.0,958.0,1.7676767676767677,1.7304440575740372
IND302014AAA,IND000000ACB,FTL,evening,2,2,1.7743955497544905,317.0,179.5,1.0,275.0,1.7703025992499675,1.7706746856594697
IND302014AAA,IND000000ACB,FTL,late_evening,2,2,1.5175438596491229,293.5,196.5,1.0,194.0,1.8333333333333333,1.8046251993620415
IND302014AAA,IND000000ACB,FTL,night,11,11,1.7624309392265194,327.0,181.0,1.0,1372.0,1.8226866738120757,1.801305606701072
IND302014AAA,IND110037AAM,FTL,late_evening,3,3,1.4864864864864864,356.0,231.0,1.0,364.0,1.8333333333333333,1.7880924402663532
IND302014AAA,IND110037AAM,FTL,morning,1,1,2.382775119617225,498.0,209.0,1.0,289.0,1.8750586854460094,1.8992356585017816
IND302014AAA,IND110037AAM,FTL,night,10,10,1.563856486390951,348.0,234.0,1.0,1240.0,1.8226866738120757,1.7364099446717007
IND302014AAA,IND301001AAB,FTL,afternoon,21,21,1.6131386861313868,221.0,139.0,1.0,1665.0,1.7676767676767677,1.688523116153524
IND302014AAA,IND303702AAB,FTL,afternoon,9,9,2.2222222222222223,84.0,38.0,1.0,490.0,1.7676767676767677,1.9087425983977708
IND302014AAA,IND305001AAC,FTL,morning,14,14,2.1904761904761907,269.5,124.0,1.0,2069.0,1.8750586854460094,2.004936481634908
IND302014AAA,IND306401AAB,FTL,morning,2,2,2.193711551606288,495.0,227.0,1.0,536.0,1.8750586854460094,1.9040271278242167
IND302014AAA,IND313001AAB,FTL,evening,12,12,1.8848345058240112,547.0,281.5,1.0,3236.0,1.7703025992499675,1.8132520642152339
IND302014AAA,IND332404AAA,FTL,afternoon,1,1,2.2580645161290325,140.0,62.0,1.0,78.0,1.7676767676767677,1.7910285652221138
IND302014AAB,IND302004AAA,Carting,late_evening,4,4,1.7427536231884058,40.5,23.5,0.5,98.0,1.8148148148148149,1.8028046162104134
IND302014AAB,IND302004AAA,Carting,morning,16,16,2.2606951871657754,40.5,17.0,0.9375,355.0,2.2,2.2269756387403445
IND302014AAB,IND302004AAA,Carting,night,6,6,1.3541666666666665,27.5,16.5,0.8333333333333334,105.0,2.125,1.9471153846153846
IND302014AAB,IND302006AAA,Carting,morning,15,15,1.6875,31.0,18.0,0.8666666666666667,191.0,2.2,1.980357142857143
IND302014AAB,IND302006AAA,Carting,night,1,1,1.0740740740740742,29.0,27.0,0.0,2.0,2.125,2.0749559082892417
IND302014AAB,IND302006AAC,Carting,late_evening,1,1,6.352941176470588,108.0,17.0,1.0,91.0,1.8148148148148149,2.0309160701317563
IND302014AAB,IND302006AAC,Carting,morning,17,17,1.8,40.0,22.0,1.0,386.0,2.2,2.016216216216216
IND302014AAB,IND302006AAC,Carting,night,4,4,4.126315789473685,80.5,19.5,1.0,235.0,2.125,2.4585526315789474
IND302014AAB,IND302020AAA,Carting,morning,18,18,1.9230769230769231,24.0,13.0,1.0,294.0,2.2,2.068825910931174
IND302014AAB,IND302023AAA,Carting,late_evening,1,1,3.5714285714285716,75.0,21.0,1.0,54.0,1.8148148148148149,1.8984630889392793
IND302014AAB,IND302023AAA,Carting,morning,17,17,2.423076923076923,61.0,25.0,1.0,615.0,2.2,2.302494802494802
IND302014AAB,IND302023AAA,Carting,night,1,1,4.142857142857143,87.0,21.0,1.0,66.0,2.125,2.22108843537415
IND302014AAB,IND302026AAA,Carting,evening,1,1,4.7368421052631575,90.0,19.0,1.0,71.0,1.7540983606557377,1.8961337770656148
IND302014AAB,IND302026AAA,Carting,late_evening,6,6,4.5,81.0,18.5,1.0,377.0,1.8148148148148149,2.4344729344729346
IND302014AAB,IND302026AAA,Carting,night,12,12,2.445887445887446,52.5,21.0,1.0,510.0,2.125,2.245332792207792
IND302014AAB,IND303008AAB,Carting,late_evening,5,5,1.3918918918918919,103.0,74.0,0.8,153.0,1.8148148148148149,1.7302302302302304
IND302014AAB,IND303301AAB,Carting,late_evening,10,10,1.1277777777777778,42.0,35.0,0.4,75.0,1.8148148148148149,1.5858024691358026
IND302014AAB,IND303303AAA,Carting,late_evening,3,3,2.484375,159.0,63.0,0.6666666666666666,205.0,1.8148148148148149,1.9021487520128826
IND302014AAB,IND303603AAB,Carting,late_evening,1,1,1.0701754385964912,122.0,114.0,0.0,8.0,1.8148148148148149,1.7793557968996567
IND302014AAB,IND303901AAA,Carting,late_evening,10,10,2.0910256410256407,55.0,26.5,0.9,395.0,1.8148148148148149,1.9068850902184236
IND302014AAB,IND304001AAA,Carting,late_evening,1,1,2.4833333333333334,149.0,60.0,1.0,89.0,1.8148148148148149,1.8466490299823635
IND302020AAA,IND302014AAB,Carting,night,19,19,5.75,68.0,11.0,1.0,829.0,2.125,3.891025641025641
IND302022AAD,IND000000ACB,Carting,late_evening,7,7,1.5242718446601942,314.0,206.0,1.0,779.0,1.8148148148148149,1.7394888595895428
IND302026AAA,IND302014AAB,Carting,morning,3,3,10.0,184.0,18.0,1.0,563.0,2.2,3.217391304347826
IND303002AAA,IND302014AAA,FTL,morning,1,1,1.6666666666666667,60.0,36.0,1.0,24.0,1.8750586854460094,1.8651352559803265
IND303002AAA,IND302014AAA,FTL,night,9,9,2.0588235294117645,70.0,34.0,1.0,337.0,1.8226866738120757,1.8959705255499102
IND303008AAB,IND303338AAB,Carting,night,5,5,1.5862068965517242,44.0,29.0,0.8,68.0,2.125,2.0172413793103448
IND303106AAA,IND302014AAA,FTL,night,2,2,2.3049360689860245,133.5,58.0,1.0,151.0,1.8226866738120757,1.8665275279187983
IND303106AAA,IND303002AAA,FTL,night,9,9,1.5,35.0,19.0,1.0,102.0,1.8226866738120757,1.7225425336635005
IND303108AAB,IND303106AAA,FTL,night,9,9,1.6,48.0,30.0,1.0,204.0,1.8226866738120757,1.7535770164221212
IND303301AAB,IND303303AAA,Carting,late_evening,6,6,1.7321428571428572,35.5,21.5,1.0,99.0,1.8148148148148149,1.7957366707366709
IND303301AAB,IND303303AAA,Carting,night,6,6,1.45,29.5,20.0,1.0,56.0,2.125,1.9692307692307693
IND303303AAA,IND322230AAA,Carting,night,16,16,1.4178082191780823,103.5,73.0,0.875,518.0,2.125,1.8106925418569257
IND303338AAB,IND303603AAB,Carting,night,6,6,0.849546370967742,53.5,64.0,0.0,16.0,2.125,1.8306645471464018
IND303503AAA,IND302014AAB,Carting,morning,10,10,1.780154986522911,97.0,56.0,1.0,442.0,2.2,2.0600516621743035
IND303503AAA,IND302014AAB,Carting,night,1,1,1.671875,107.0,64.0,1.0,43.0,2.125,2.103422619047619
IND303603AAB,IND302014AAB,Carting,night,6,6,2.4439473684210524,184.5,75.5,0.8333333333333334,679.0,2.125,2.1986032388663967
IND303603AAB,IND303338AAB,Carting,night,1,1,0.8771929824561403,50.0,57.0,0.0,0.0,2.125,2.065580618212197
IND303702AAB,IND332001AAB,FTL,evening,4,4,1.6347170809095717,100.5,61.0,1.0,156.0,1.7703025992499675,1.7477050128599014
IND303702AAB,IND332404AAA,FTL,evening,8,8,1.55,38.5,25.0,1.0,117.0,1.7703025992499675,1.7073589994642624
IND303901AAA,IND304001AAA,Carting,night,3,3,2.0,80.0,40.0,1.0,97.0,2.125,2.108695652173913
IND304001AAA,IND322001AAC,Carting,night,1,1,1.5636363636363637,86.0,55.0,1.0,31.0,2.125,2.0982683982683983
IND305001AAC,IND305802AAA,FTL,evening,8,8,2.1483516483516483,53.5,25.0,1.0,271.0,1.7703025992499675,1.878316613279019
IND305001AAC,IND305802AAA,FTL,late_evening,3,3,2.4166666666666665,58.0,25.0,1.0,126.0,1.8333333333333333,1.9094202898550723
IND305001AAC,IND305901AAA,FTL,evening,16,16,1.8702325581395347,88.5,49.0,1.0,1085.0,1.7703025992499675,1.8147159143119973
IND305001AAC,IND305901AAA,FTL,late_evening,1,1,1.7872340425531914,84.0,47.0,1.0,37.0,1.8333333333333333,1.8311381290104696
IND305001AAC,IND306401AAB,FTL,afternoon,12,12,2.155506549051056,261.0,121.0,1.0,1749.0,1.7676767676767677,1.913112935692126
IND305001AAC,IND306401AAB,FTL,evening,3,3,1.8416666666666666,221.0,120.0,1.0,318.0,1.7703025992499675,1.779610955869537
IND305001AAC,IND342602AAC,FTL,evening,2,2,1.7925531914893618,183.5,104.0,1.0,159.0,1.7703025992499675,1.7723253803626398
IND305404AAA,IND305001AAC,FTL,morning,1,1,2.2888888888888888,206.0,90.0,1.0,116.0,1.8750586854460094,1.8947648856099564
IND305404AAA,IND305601AAC,FTL,afternoon,10,10,1.3746503496503495,73.5,54.0,0.9,225.0,1.7676767676767677,1.6366679616679616
IND305404AAA,IND305601AAC,FTL,morning,3,3,1.5272727272727273,84.0,55.0,1.0,153.0,1.8750586854460094,1.8296952995973204
IND305601AAC,IND305001AAC,FTL,afternoon,18,18,1.9575163398692812,67.5,34.0,1.0,624.0,1.7676767676767677,1.8576007755574317
IND305624AAA,IND305404AAA,FTL,morning,8,8,1.349416208791209,126.0,91.0,0.75,302.0,1.8750586854460094,1.724875120687495
IND305802AAA,IND341512AAA,FTL,night,6,6,2.0737639553429026,70.0,34.5,1.0,245.0,1.8226866738120757,1.8806275849345744
IND305901AAA,IND305624AAA,FTL,night,1,1,2.8714285714285714,402.0,140.0,1.0,262.0,1.8226866738120757,1.8726267641747663
IND305901AAA,IND342602AAC,FTL,late_evening,6,6,1.5961538461538463,98.0,60.5,0.8333333333333334,322.0,1.8333333333333333,1.7785996055226823
IND306116AAA,IND306001AAA,FTL,morning,3,3,1.962962962962963,159.0,81.0,1.0,296.0,1.8750586854460094,1.8865244607743077
IND306304AAB,IND311302AAA,FTL,night,1,1,1.9555555555555555,88.0,45.0,1.0,43.0,1.8226866738120757,1.8290137634189083
IND306401AAB,IND302014AAA,FTL,morning,17,17,1.8888888888888888,425.0,222.0,1.0,3371.0,1.8750586854460094,1.8814131032440893
IND306401AAB,IND305001AAC,Carting,afternoon,3,3,1.8841463414634145,269.0,141.0,1.0,399.0,2.234668335419274,2.188948075338075
IND306401AAB,IND305001AAC,Carting,morning,17,17,2.6690647482014387,364.0,141.0,1.0,3809.0,2.2,2.4155162356601205
IND306401AAB,IND342005AAD,FTL,evening,2,2,2.2235690235690235,121.5,54.5,1.0,134.0,1.7703025992499675,1.8115086378244272
IND306401AAB,IND342005AAD,FTL,late_evening,16,16,1.7214407502131288,91.5,52.5,1.0,744.0,1.8333333333333333,1.7836032963910202
IND306401AAB,IND343001AAA,FTL,late_evening,4,4,1.7107954545454547,175.5,102.0,1.0,277.0,1.8333333333333333,1.8129103535353535
IND306401AAB,IND343001AAA,FTL,night,1,1,1.4747474747474747,146.0,99.0,1.0,47.0,1.8226866738120757,1.8061181405232853
IND306902AAA,IND306116AAA,FTL,morning,1,1,1.5185185185185186,41.0,27.0,1.0,14.0,1.8750586854460094,1.8580805822589863
IND307001AAA,IND306902AAA,FTL,morning,2,2,1.5938461538461537,40.5,25.5,1.0,30.0,1.8750586854460094,1.8494939098460228
IND311001AAA,IND313324AAA,FTL,night,5,5,1.8461538461538463,120.0,65.0,1.0,284.0,1.8226866738120757,1.82738010828043
IND311301AAA,IND305624AAA,FTL,morning,1,1,3.3793103448275863,98.0,29.0,1.0,69.0,1.8750586854460094,1.9466897168451323
IND311301AAA,IND305624AAA,FTL,night,5,5,4.7272727272727275,156.0,33.0,1.0,637.0,1.8226866738120757,2.403603884504206
IND311302AAA,IND305624AAA,FTL,morning,1,1,7.3125,234.0,32.0,1.0,202.0,1.8750586854460094,2.1339844623295328
IND311302AAA,IND305624AAA,FTL,night,2,2,7.015151515151516,231.5,33.0,1.0,397.0,1.8226866738120757,2.294728932115661
IND312001AAA,IND311001AAA,FTL,late_evening,3,3,1.5,72.0,48.0,1.0,76.0,1.8333333333333333,1.789855072463768
IND312001AAA,IND311001AAA,FTL,night,10,10,1.5520833333333335,71.0,48.0,1.0,257.0,1.8226866738120757,1.7324855603191618
IND312001AAA,IND312601AAA,FTL,night,6,6,1.3706896551724137,81.0,58.0,0.6666666666666666,114.0,1.8226866738120757,1.7183796695106155
IND312403AAA,IND312001AAA,FTL,morning,3,3,1.4831460674157304,132.0,92.0,0.6666666666666666,104.0,1.8750586854460094,1.8239396483116255
IND312403AAA,IND312001AAA,FTL,night,6,6,1.1336078700526195,109.5,98.5,0.16666666666666666,137.0,1.8226866738120757,1.6636684883291244
IND312601AAA,IND458664AAA,FTL,night,6,6,1.125,63.5,49.5,0.5,39.0,1.8226866738120757,1.66168205677852
IND312605AAB,IND313001AAB,FTL,night,7,7,1.8305084745762712,324.0,178.0,1.0,1054.0,1.8226866738120757,1.8247145480842746
IND312605AAB,IND458001AAB,FTL,night,12,12,1.7878787878787878,57.5,32.0,1.0,321.0,1.8226866738120757,1.8096337165870928
IND313001AAB,IND306401AAB,FTL,night,17,17,2.0785714285714287,287.0,138.0,1.0,2587.0,1.8226866738120757,1.9402553449177247
IND313001AAB,IND311001AAA,FTL,afternoon,1,1,2.346774193548387,291.0,124.0,1.0,167.0,1.7676767676767677,1.7952528355754163
IND313001AAB,IND312001AAA,FTL,afternoon,13,13,2.051282051282051,164.0,78.0,1.0,1087.0,1.7676767676767677,1.879400061218243
IND313001AAB,IND327001AAB,FTL,afternoon,7,7,2.258503401360544,332.0,148.0,1.0,1743.0,1.7676767676767677,1.8949281171503396
IND313001AAB,IND327001AAB,FTL,morning,1,1,3.4630872483221475,516.0,149.0,1.0,367.0,1.8750586854460094,1.9506790932020162
IND313001AAB,IND382430AAB,FTL,morning,14,14,1.9822042730588847,405.0,205.0,1.0,2986.0,1.8750586854460094,1.919177456816017
IND313324AAA,IND313001AAB,FTL,night,14,14,1.837419056429232,85.5,47.0,1.0,636.0,1.8226866738120757,1.8287529490073755
IND321001AAA,IND301001AAB,FTL,night,3,3,4.45925925925926,602.0,135.0,1.0,1413.0,1.8226866738120757,2.166587445826926
IND321001AAA,IND321401AAB,FTL,night,10,10,1.2360150848522942,46.5,38.5,0.6,92.0,1.8226866738120757,1.6271294774921485
IND321001AAB,IND321001AAA,FTL,night,6,6,1.3452380952380953,39.0,30.0,0.8333333333333334,109.0,1.8226866738120757,1.7125062326026959
IND321001AAB,IND321401AAB,FTL,night,2,2,1.890625,121.0,64.0,1.0,114.0,1.8226866738120757,1.8288628852837052
IND321022AAA,IND121004AAB,Carting,night,9,9,2.7710843373493974,264.0,84.0,1.0,1482.0,2.125,2.3255089322808478
IND321408AAB,IND301001AAB,FTL,night,1,1,3.742857142857143,524.0,140.0,1.0,384.0,1.8226866738120757,1.9141233628142218
IND321408AAB,IND321606AAA,FTL,night,4,4,1.8934634974533107,64.5,34.5,1.0,115.0,1.8226866738120757,1.834482811085615
IND321606AAA,IND301001AAB,FTL,morning,2,2,3.792074905183312,426.5,112.5,1.0,628.0,1.8750586854460094,2.04933288724031
IND321606AAA,IND301001AAB,FTL,night,4,4,4.518595041322314,531.0,113.0,1.0,1671.0,1.8226866738120757,2.272004735063782
IND321606AAA,IND321001AAA,FTL,night,3,3,1.469387755102041,78.0,50.0,1.0,93.0,1.8226866738120757,1.776604206154245
IND322001AAC,IND302014AAB,Carting,night,3,3,1.2515337423312884,204.0,164.0,0.6666666666666666,139.0,2.125,2.0110696185649504
IND322201AAA,IND302014AAB,Carting,night,2,2,2.256019151846785,193.0,85.5,1.0,215.0,2.125,2.1369108319860715
IND322201AAA,IND303503AAA,Carting,night,12,12,1.8174603174603174,50.0,27.5,1.0,289.0,2.125,2.009672619047619
IND322230AAA,IND322241AAA,Carting,night,14,14,1.6369047619047619,45.0,27.0,1.0,280.0,2.125,1.924019607843137
IND322241AAA,IND322201AAA,Carting,night,15,15,2.380952380952381,50.0,22.0,1.0,415.0,2.125,2.234693877551021
IND327001AAB,IND312605AAB,FTL,late_evening,1,1,1.4262295081967213,87.0,61.0,1.0,26.0,1.8333333333333333,1.8139474368982564
IND327001AAB,IND312605AAB,FTL,night,3,3,1.4426229508196722,88.0,61.0,1.0,77.0,1.8226866738120757,1.7731131447261104
IND328001AAA,IND000000ACB,FTL,late_evening,1,1,0.9384615384615385,305.0,325.0,0.0,0.0,1.8333333333333333,1.7907203907203906
IND328001AAA,IND282002AAD,FTL,night,7,7,2.71875,174.0,61.0,1.0,776.0,1.8226866738120757,2.054999388008945
IND328001AAA,IND474003AAA,FTL,afternoon,1,1,1.3434343434343434,133.0,99.0,1.0,34.0,1.7676767676767677,1.7474747474747478
IND328001AAA,IND474003AAA,FTL,evening,5,5,1.5172413793103448,88.0,58.0,0.8,120.0,1.7703025992499675,1.7196903552620428
IND331022A1B,IND331001A1C,FTL,night,1,1,2.6666666666666665,128.0,48.0,1.0,80.0,1.8226866738120757,1.862876197281342
IND331023AAA,IND331304AAA,FTL,night,3,3,1.1612903225806452,36.0,31.0,0.3333333333333333,22.0,1.8226866738120757,1.7364175845210197
IND331304AAA,IND332001AAB,FTL,morning,2,2,3.658384615384615,415.5,114.5,1.0,602.0,1.8750586854460094,2.0371792245313376
IND331304AAA,IND332001AAB,FTL,night,2,2,4.442583732057416,498.0,112.0,1.0,772.0,1.8226866738120757,2.0608591336525617
IND331507AAA,IND302014AAA,FTL,morning,3,3,2.3179190751445087,401.0,173.0,1.0,675.0,1.8750586854460094,1.9328230841023355
IND331701AAA,IND125001AAA,FTL,morning,2,2,4.333333333333333,351.0,81.0,1.0,540.0,1.8750586854460094,2.098538198890312
IND332001AAB,IND333001AAA,FTL,late_evening,3,3,1.293103448275862,75.0,58.0,0.6666666666666666,48.0,1.8333333333333333,1.7628685657171415
IND332001AAB,IND333028AAA,FTL,late_evening,2,2,1.4369202226345084,134.0,93.0,1.0,82.0,1.8333333333333333,1.7972957778152583
IND332001AAB,IND333031AAA,FTL,late_evening,2,2,2.211489898989899,215.0,97.5,1.0,235.0,1.8333333333333333,1.8677112029384757
IND332001AAB,IND333042AAA,FTL,late_evening,14,14,1.609090909090909,67.5,32.0,0.8571428571428571,546.0,1.8333333333333333,1.7409982174688055
IND332001AAB,IND334001AAB,FTL,evening,10,10,1.65,249.5,150.0,1.0,1044.0,1.7703025992499675,1.7302017328333117
IND332001AAB,IND334001AAC,FTL,evening,3,3,1.614864864864865,243.0,150.0,1.0,257.0,1.7703025992499675,1.7500281121562586
IND332404AAA,IND332001AAB,FTL,evening,12,12,1.4305555555555556,52.0,36.0,0.9166666666666666,215.0,1.7703025992499675,1.6428974578645632
IND332713AAA,IND332709AAA,FTL,night,6,6,1.7097560975609756,103.5,55.5,1.0,256.0,1.8226866738120757,1.7966257716002834
IND332713AAA,IND332715AAB,FTL,night,1,1,1.4852941176470589,101.0,68.0,1.0,33.0,1.8226866738120757,1.8066203616137417
IND333001AAA,IND333028AAA,FTL,night,3,3,1.3555555555555556,51.0,41.0,0.6666666666666666,38.0,1.8226866738120757,1.7617565279525298
IND333028AAA,IND333502AAA,FTL,night,1,1,1.173913043478261,54.0,46.0,0.0,8.0,1.8226866738120757,1.7917926914152273
IND333028AAA,IND333504AAA,FTL,night,1,1,1.4098360655737705,86.0,61.0,1.0,25.0,1.8226866738120757,1.8030271210388231
IND333031AAA,IND331023AAA,FTL,night,5,5,2.896551724137931,84.0,28.0,1.0,274.0,1.8226866738120757,2.037459683877247
IND333042AAA,IND333031AAA,FTL,late_evening,2,2,1.3704819277108435,116.0,84.5,1.0,63.0,1.8333333333333333,1.791255932822198
IND333042AAA,IND333031AAA,FTL,night,11,11,1.4216867469879517,118.0,82.0,1.0,417.0,1.8226866738120757,1.680396377197064
IND333504AAA,IND332713AAA,FTL,night,2,2,1.799342105263158,70.0,39.0,1.0,62.0,1.8226866738120757,1.8205644403076287
IND334001AAB,IND334803AAA,FTL,night,2,2,1.9388586956521738,91.5,47.0,1.0,89.0,1.8226866738120757,1.8332477667066305
IND334001AAC,IND334803AAA,FTL,night,4,4,1.74791280148423,78.0,44.5,1.0,133.0,1.8226866738120757,1.8102243617574347
IND334001AAC,IND341001AAC,FTL,night,2,2,1.6646341463414633,136.5,82.0,1.0,109.0,1.8226866738120757,1.8083182622238383
IND334803AAA,IND341001AAC,FTL,night,3,3,2.0789473684210527,79.0,36.0,1.0,108.0,1.8226866738120757,1.856111981804551
IND335001AAA,IND125104AAA,FTL,night,10,10,1.625,149.5,92.0,1.0,583.0,1.8226866738120757,1.7567911158747171
IND335051AAA,IND335513AAA,Carting,afternoon,1,1,1.9130434782608696,176.0,92.0,1.0,84.0,2.234668335419274,2.2193528660307784
IND335051AAA,IND335513AAA,Carting,morning,9,9,2.2291666666666665,214.0,96.0,0.8888888888888888,1126.0,2.2,2.209051724137931
IND335501AAA,IND331701AAA,FTL,night,1,1,1.7142857142857142,36.0,21.0,1.0,15.0,1.8226866738120757,1.8175247233584397
IND335513AAA,IND335001AAA,FTL,night,6,6,1.8468085106382979,89.5,49.5,1.0,268.0,1.8226866738120757,1.8282532515412042
IND335513AAA,IND335803AAA,Carting,morning,1,1,1.4074074074074074,38.0,27.0,1.0,11.0,2.2,2.1622574955908287
IND335513AAA,IND335803AAA,Carting,night,8,8,1.333743842364532,38.0,28.5,1.0,111.0,2.125,1.898926812104152
IND335513AAA,IND335804AAD,Carting,night,1,1,1.5576923076923077,81.0,52.0,1.0,29.0,2.125,2.097985347985348
IND335523AAB,IND125001AAA,FTL,night,1,1,2.83974358974359,443.0,156.0,1.0,287.0,1.8226866738120757,1.8711179555231003
IND335524AAA,IND335523AAB,FTL,night,1,1,1.173913043478261,54.0,46.0,0.0,8.0,1.8226866738120757,1.7917926914152273
IND335701AAA,IND335051AAA,Carting,morning,7,7,1.1111111111111112,50.0,45.0,0.42857142857142855,99.0,2.2,1.9176954732510287
IND335703AAA,IND335701AAA,Carting,morning,7,7,1.125,35.0,30.0,0.2857142857142857,35.0,2.2,1.9212962962962963
IND335703AAA,IND335701AAA,Carting,night,2,2,2.2211981566820276,65.0,29.5,1.0,71.0,2.125,2.1337452869710933
IND335803AAA,IND335804AAD,Carting,morning,4,4,1.1952380952380952,24.5,21.0,0.25,24.0,2.2,2.0325396825396824
IND335803AAA,IND335804AAD,Carting,night,3,3,1.5909090909090908,35.0,22.0,0.6666666666666666,38.0,2.125,2.0553359683794468
IND335804AAD,IND335701AAA,Carting,night,2,2,1.2569460390355913,83.0,66.0,1.0,34.0,2.125,2.04608600354869
IND335804AAD,IND335703AAA,Carting,morning,6,6,1.0526315789473686,40.0,38.0,0.16666666666666666,33.0,2.2,1.9352226720647774
IND335804AAD,IND335703AAA,Carting,night,3,3,1.2702702702702702,47.0,37.0,0.6666666666666666,27.0,2.125,2.013513513513513
IND341001AAC,IND341030AAA,FTL,night,2,2,1.9102564102564104,71.0,37.5,1.0,67.0,1.8226866738120757,1.8306475589433788
IND341001AAC,IND341303AAA,FTL,night,7,7,1.5903614457831325,132.0,83.0,1.0,512.0,1.8226866738120757,1.7624542072860534
IND341030AAA,IND341303AAA,FTL,morning,3,3,1.5,66.0,44.0,1.0,67.0,1.8750586854460094,1.8261379873443562
IND341303AAA,IND341306AAA,FTL,morning,14,14,1.723731884057971,42.0,24.0,1.0,266.0,1.8750586854460094,1.8127476495803467
IND341306AAA,IND302014AAA,FTL,morning,4,4,2.286883317650222,394.5,174.0,1.0,886.0,1.8750586854460094,1.9436961241467117
IND341503AAB,IND341510AAB,FTL,morning,12,12,2.109375,68.0,33.0,1.0,514.0,1.8750586854460094,1.962927303403756
IND341505AAA,IND341503AAB,FTL,morning,1,1,1.5420560747663552,165.0,107.0,1.0,58.0,1.8750586854460094,1.859201418270788
IND341505AAA,IND341503AAB,FTL,night,11,11,1.1775700934579438,126.0,107.0,0.45454545454545453,274.0,1.8226866738120757,1.5937743388477066
IND341505AAA,IND341510AAB,FTL,night,1,1,1.4527027027027026,215.0,148.0,1.0,67.0,1.8226866738120757,1.8050683894735342
IND341510AAB,IND305001AAC,FTL,morning,14,14,2.394781144781145,130.5,54.0,1.0,1125.0,1.8750586854460094,2.0890620510545945
IND341512AAA,IND341505AAA,FTL,night,5,5,1.7272727272727273,42.0,23.0,1.0,96.0,1.8226866738120757,1.803603884504206
IND342005AAD,IND342601AAA,FTL,late_evening,1,1,2.204081632653061,108.0,49.0,1.0,59.0,1.8333333333333333,1.8509880142533204
IND342005AAD,IND342601AAA,FTL,night,8,8,2.13265306122449,104.5,49.0,1.0,587.0,1.8226866738120757,1.9112484987870513
IND342005AAD,IND342902A1B,FTL,night,1,1,1.7173913043478262,158.0,92.0,1.0,66.0,1.8226866738120757,1.8176726085994925
IND342005AAD,IND342902AAA,FTL,night,5,5,2.25,207.0,92.0,1.0,716.0,1.8226866738120757,1.9081493390496607
IND342005AAD,IND344022AAB,FTL,night,4,4,1.7835255948089401,133.0,74.5,1.0,227.0,1.8226866738120757,1.8161598273115533
IND342301AAA,IND342005AAD,FTL,afternoon,14,14,5.697958669354838,750.0,125.0,1.0,7899.0,1.7676767676767677,3.386028138955973
IND342601AAA,IND342902A1B,FTL,morning,1,1,2.1315789473684212,81.0,38.0,1.0,43.0,1.8750586854460094,1.8872739360137436
IND342601AAA,IND342902A1B,FTL,night,5,5,1.9473684210526316,79.0,43.0,1.0,205.0,1.8226866738120757,1.847623023260187
IND342601AAA,IND342902AAA,FTL,night,3,3,1.9142857142857144,68.0,41.0,1.0,97.0,1.8226866738120757,1.83463437474342
IND342602AAC,IND306304AAB,FTL,night,1,1,2.2142857142857144,93.0,42.0,1.0,51.0,1.8226866738120757,1.8413342471679635
IND342602AAC,IND311302AAA,FTL,night,3,3,1.5757575757575757,154.0,99.0,1.0,162.0,1.8226866738120757,1.790478530587576
IND342902A1B,IND302014AAA,FTL,morning,9,9,2.0,431.0,214.0,1.0,2072.0,1.8750586854460094,1.9138335761696619
IND342902AAA,IND302014AAA,FTL,morning,5,5,2.0273972602739727,458.0,208.0,1.0,1265.0,1.8750586854460094,1.905526400411602
IND343001AAA,IND343029AAB,FTL,night,2,2,1.3359375,85.5,64.0,1.0,43.0,1.8226866738120757,1.778436748920069
IND343029AAB,IND307001AAA,FTL,night,2,2,1.4089026915113871,98.0,69.5,1.0,57.0,1.8226866738120757,1.7850699481483767
IND344001AAA,IND342301AAA,FTL,morning,4,4,1.1122669048448937,337.0,304.0,0.0,141.0,1.8750586854460094,1.7479267220124903
IND344001AAA,IND345001AAA,FTL,morning,6,6,0.7827225130890052,149.5,191.5,0.0,6.0,1.8750586854460094,1.622981107209778
IND344001AAA,IND345021AAA,FTL,morning,3,3,1.0114068441064639,266.0,263.0,0.0,23.0,1.8750586854460094,1.7624084452712865
IND344022AAB,IND342301AAA,FTL,night,1,1,1.3468834688346885,497.0,369.0,1.0,128.0,1.8226866738120757,1.8000293783369623
IND344022AAB,IND344001AAA,FTL,morning,4,4,1.2803030303030303,84.5,67.0,0.75,81.0,1.8750586854460094,1.7759327429221798
IND344022AAB,IND344001AAA,FTL,night,5,5,1.5692307692307692,102.0,67.0,1.0,191.0,1.8226866738120757,1.7719954928958146
IND345001AAA,IND342301AAA,FTL,morning,1,1,1.794871794871795,210.0,117.0,1.0,93.0,1.8750586854460094,1.8712402620853328
IND345001AAA,IND345021AAA,FTL,morning,4,4,1.3733333333333333,103.0,75.0,1.0,109.0,1.8750586854460094,1.79143779342723
IND345021AAA,IND342301AAA,FTL,afternoon,10,10,1.4659090909090908,64.5,44.0,0.9,215.0,1.7676767676767677,1.6670875420875422
IND360003AAA,IND360311AAA,Carting,night,2,2,1.7644230769230769,53.5,31.5,1.0,44.0,2.125,2.0922202797202796
IND360311AAA,IND360050AAA,Carting,night,1,1,1.4761904761904763,62.0,42.0,1.0,20.0,2.125,2.0941043083900226
IND360370AAA,IND360410AAA,FTL,night,1,1,2.4615384615384617,32.0,13.0,1.0,19.0,1.8226866738120757,1.8531081875133322
IND360410AAA,IND360490AAA,FTL,night,2,2,2.8241758241758244,38.0,13.5,1.0,49.0,1.8226866738120757,1.913731142026962
IND360490AAA,IND362001AAA,FTL,night,10,10,2.343980343980344,80.5,36.0,1.0,569.0,1.8226866738120757,1.9964512305348319
IND360510AAB,IND360530AAB,Carting,morning,5,5,1.68,42.0,24.0,0.8,109.0,2.2,2.096
IND360510AAB,IND360530AAB,Carting,night,8,8,1.4289297658862876,35.0,24.0,1.0,109.0,2.125,1.9261227902532252
IND360530AAB,IND362001AAA,Carting,morning,13,13,2.028985507246377,140.0,69.0,0.9230769230769231,1057.0,2.2,2.132630654369785
IND360530AAB,IND362001AAA,Carting,night,2,2,1.8323742540494459,125.5,68.5,1.0,114.0,2.125,2.0983976594590406
IND360575AAA,IND360510AAB,Carting,night,10,10,1.8417582417582419,69.5,40.0,0.9,328.0,2.125,2.030586080586081
IND361001AAA,IND361305AAC,FTL,night,16,16,1.814968814968815,68.5,38.0,1.0,533.0,1.8226866738120757,1.819256514326182
IND361305AAC,IND361315AAA,FTL,night,10,10,1.7497556207233627,52.5,31.0,1.0,216.0,1.8226866738120757,1.7983763227825047
IND361305AAC,IND361335AAA,FTL,night,1,1,1.6206896551724137,94.0,58.0,1.0,36.0,1.8226866738120757,1.813067768162568
IND361315AAA,IND361335AAA,FTL,night,11,11,1.5925925925925926,43.0,27.0,1.0,186.0,1.8226866738120757,1.741040386927743
IND361335AAA,IND360002AAB,FTL,night,1,1,0.9727626459143969,250.0,257.0,0.0,0.0,1.8226866738120757,1.7822141010550434
IND362001AAA,IND360370AAA,FTL,night,10,10,2.159090909090909,47.5,22.0,1.0,285.0,1.8226866738120757,1.9348214189050204
IND362001AAA,IND360575AAA,Carting,night,11,11,1.5365853658536586,123.0,80.0,1.0,531.0,2.125,1.9162077104642015
IND362001AAA,IND362220AAA,Carting,morning,1,1,4.590909090909091,101.0,22.0,1.0,79.0,2.2,2.313852813852814
IND362001AAA,IND362220AAA,Carting,night,13,13,1.8846153846153846,51.0,28.0,1.0,372.0,2.125,2.0303030303030303
IND362001AAA,IND362265AAA,Carting,morning,1,1,1.8181818181818181,120.0,66.0,1.0,54.0,2.2,2.181818181818182
IND362001AAA,IND362265AAA,Carting,night,1,1,1.3287671232876712,97.0,73.0,1.0,24.0,2.125,2.087084148727984
IND362150AAA,IND362001AAA,Carting,morning,11,11,1.6615384615384616,109.0,65.0,1.0,512.0,2.2,2.0089330024813896
IND362220AAA,IND362225AAA,Carting,night,6,6,2.020833333333333,48.5,23.5,1.0,151.0,2.125,2.1009615384615383
IND362220AAA,IND362265AAA,Carting,night,2,2,1.7132183908045977,50.5,29.5,1.0,42.0,2.125,2.0875653082549634
IND362225AAA,IND362265AAA,Carting,night,6,6,1.9175,49.0,25.5,1.0,139.0,2.125,2.0771153846153845
IND362265AAA,IND362720AAA,Carting,night,16,16,2.4583333333333335,85.5,34.5,1.0,845.0,2.125,2.2731481481481484
IND362560AAA,IND362150AAA,Carting,morning,11,11,1.7903225806451613,108.0,59.0,1.0,519.0,2.2,2.054630593132154
IND362720AAA,IND362560AAA,Carting,morning,13,13,2.1481481481481484,58.0,26.0,1.0,411.0,2.2,2.1795735129068463
IND362720AAA,IND362560AAA,Carting,night,4,4,2.0,50.0,25.5,1.0,105.0,2.125,2.1041666666666665
IND363001AAA,IND363421AAB,FTL,night,14,14,1.1323529411764706,38.0,33.5,0.2857142857142857,86.0,1.8226866738120757,1.538431607432709
IND363310AAB,IND382430AAB,FTL,morning,9,9,1.3655172413793104,203.0,147.0,1.0,503.0,1.8750586854460094,1.716925133839103
IND363330AAB,IND363310AAB,FTL,morning,6,6,1.6388888888888888,59.0,36.0,0.8333333333333334,131.0,1.8750586854460094,1.8205579631635969
IND363330AAB,IND363310AAB,FTL,night,2,2,1.8674924924924925,68.0,36.5,1.0,63.0,1.8226866738120757,1.82675993005575
IND363421AAB,IND364710AAA,FTL,night,13,13,1.945945945945946,72.0,37.0,1.0,460.0,1.8226866738120757,1.8712433567739035
IND363520AAC,IND363001AAA,FTL,night,13,13,1.1914893617021276,58.0,48.0,0.46153846153846156,147.0,1.8226866738120757,1.5740331872233084
IND363621AAB,IND360002AAB,Carting,night,2,2,1.84375,59.0,32.0,1.0,54.0,2.125,2.0994318181818183
IND363641AAA,IND360002AAB,Carting,night,1,1,1.7428571428571429,122.0,70.0,1.0,52.0,2.125,2.1068027210884352
IND363641AAA,IND363621AAB,Carting,night,6,6,1.2692307692307692,49.5,39.0,0.8333333333333334,64.0,2.125,1.9275147928994083
IND364004AAB,IND365560AAA,FTL,late_evening,7,7,1.9733333333333334,148.0,76.0,1.0,548.0,1.8333333333333333,1.8696296296296295
IND364270AAA,IND364001AAA,FTL,morning,2,2,1.9213900134952766,74.0,38.5,1.0,71.0,1.8750586854460094,1.8792706243595794
IND364290AAA,IND365560AAB,FTL,morning,1,1,2.1724137931034484,63.0,29.0,1.0,34.0,1.8750586854460094,1.8892184524773161
IND365560AAA,IND365560AAB,FTL,night,7,7,1.7777777777777777,100.0,58.0,1.0,335.0,1.8226866738120757,1.8110436266920726
IND365560AAB,IND364290AAA,FTL,night,11,11,2.4827586206896552,74.0,29.0,1.0,536.0,1.8226866738120757,2.056905751736378
IND370001AAA,IND370110AAA,FTL,afternoon,3,3,6.033333333333333,181.0,29.0,1.0,441.0,1.7676767676767677,2.3240667545015374
IND370001AAA,IND370110AAA,FTL,morning,2,2,7.796296296296296,385.0,27.0,1.0,716.0,1.8750586854460094,2.4133530137051267
IND370001AAA,IND370201AAA,FTL,afternoon,1,1,6.627906976744186,285.0,43.0,1.0,242.0,1.7676767676767677,1.999116301441883
IND370001AAA,IND370615AAB,FTL,morning,2,2,1.7347847600197923,78.0,45.0,1.0,66.0,1.8750586854460094,1.8623065104072625
IND370001AAA,IND370615AAB,FTL,night,6,6,1.9075052854122623,83.0,43.0,1.0,207.0,1.8226866738120757,1.8422601995659649
IND370110AAA,IND370001AAA,FTL,night,14,14,2.1776470588235295,67.0,31.0,1.0,538.0,1.8226866738120757,1.9688468323462038
IND370110AAA,IND370615AAB,FTL,afternoon,1,1,2.125,153.0,72.0,1.0,81.0,1.7676767676767677,1.7846921596921599
IND370201AAA,IND363310AAB,FTL,night,1,1,1.7409638554216869,289.0,166.0,1.0,123.0,1.8226866738120757,1.8187951110315812
IND370201AAA,IND363330AAB,FTL,night,8,8,1.369292725899824,189.5,141.0,0.875,456.0,1.8226866738120757,1.693145545837147
IND370615AAB,IND370001AAA,FTL,morning,2,2,4.118206521739131,195.5,47.0,1.0,297.0,1.8750586854460094,2.0789812160181116
IND370615AAB,IND370001AAA,FTL,night,1,1,10.0,449.0,39.0,1.0,410.0,1.8226866738120757,2.212082546487691
IND380005AAA,IND382421AAA,Carting,morning,4,4,2.6277777777777778,25.0,9.5,1.0,66.0,2.2,2.2712962962962964
IND380005AAA,IND382421AAA,Carting,night,3,3,3.5555555555555554,32.0,9.0,1.0,131.0,2.125,2.3115942028985508
IND380005AAA,IND382430AAB,Carting,night,1,1,2.225806451612903,69.0,31.0,1.0,38.0,2.125,2.129800307219662
IND380005AAA,IND382721AAA,Carting,night,2,2,3.139473684210526,61.0,19.5,1.0,83.0,2.125,2.217224880382775
IND380006AAA,IND382430AAB,Carting,morning,8,8,1.6666666666666667,20.0,12.0,1.0,84.0,2.2,2.047619047619048
IND380006AAA,IND382430AAB,Carting,night,10,10,2.4909090909090907,27.0,11.5,1.0,169.0,2.125,2.246969696969697
IND380006AAB,IND382430AAB,Carting,morning,20,20,2.7727272727272725,38.0,14.0,1.0,510.0,2.2,2.4863636363636363
IND380006AAB,IND382430AAB,Carting,night,7,7,3.375,54.0,16.0,1.0,296.0,2.125,2.449074074074074
IND380021AAA,IND382430AAB,Carting,morning,15,15,2.25,37.0,16.0,1.0,486.0,2.2,2.2214285714285715
IND380021AAA,IND382430AAB,Carting,night,17,17,2.375,38.0,16.0,1.0,1019.0,2.125,2.239864864864865
IND380054AAA,IND382430AAB,Carting,late_evening,1,1,1.5625,25.0,16.0,1.0,9.0,1.8148148148148149,1.802799823633157
IND380054AAA,IND382430AAB,Carting,morning,16,16,2.074013157894737,39.0,19.5,1.0,356.0,2.2,2.1440058479532165
IND380054AAA,IND382430AAB,Carting,night,7,7,2.2,42.0,18.0,1.0,177.0,2.125,2.144444444444445
IND382421AAA,IND382430AAB,Carting,morning,15,15,3.5365853658536586,145.0,41.0,1.0,1562.0,2.2,2.7728222996515677
IND382421AAA,IND382721AAA,Carting,night,14,14,1.2678571428571428,20.0,16.0,0.6428571428571429,73.0,2.125,1.7720588235294117
IND382430AAB,IND000000ACB,FTL,afternoon,6,6,1.7486060055346742,1141.5,642.0,1.0,3200.0,1.7676767676767677,1.763275822567054
IND382430AAB,IND000000ACB,FTL,evening,1,1,1.6846846846846846,1122.0,666.0,1.0,456.0,1.7703025992499675,1.7662255556992397
IND382430AAB,IND000000ACB,FTL,morning,10,10,2.2628792122338393,1459.5,642.5,1.0,7824.0,1.8750586854460094,2.0043321943752863
IND382430AAB,IND313001AAB,FTL,evening,14,14,1.9643340622722065,387.5,193.5,1.0,2712.0,1.7703025992499675,1.8501979075532426
IND382430AAB,IND364004AAB,FTL,afternoon,11,11,1.5851851851851853,214.0,135.0,1.0,915.0,1.7676767676767677,1.7029216900184643
IND382430AAB,IND370201AAA,FTL,afternoon,12,12,1.4640344458828163,478.0,328.0,1.0,2145.0,1.7676767676767677,1.653810897004036
IND382430AAB,IND380005AAA,Carting,late_evening,19,19,1.6818181818181819,36.0,21.0,1.0,385.0,1.8148148148148149,1.7500215833549169
IND382430AAB,IND380005AAA,Carting,night,17,17,2.1153846153846154,57.0,27.0,1.0,690.0,2.125,2.1205821205821205
IND382430AAB,IND380015AAB,Carting,late_evening,15,15,2.3333333333333335,26.0,12.0,1.0,275.0,1.8148148148148149,2.037037037037037
IND382430AAB,IND380015AAB,Carting,night,20,20,2.5454545454545454,29.5,11.5,1.0,603.0,2.125,2.3352272727272725
IND382430AAB,IND380054AAA,Carting,late_evening,19,19,1.8888888888888888,33.0,19.0,1.0,411.0,1.8148148148148149,1.8509021842355178
IND382430AAB,IND380054AAA,Carting,night,21,21,2.25,40.0,19.0,1.0,724.0,2.125,2.1890243902439024
IND382430AAB,IND382345AAA,Carting,late_evening,15,15,1.9375,34.0,16.0,1.0,403.0,1.8148148148148149,1.8673941798941802
IND382430AAB,IND382345AAA,Carting,night,19,19,2.1538461538461537,34.0,16.0,1.0,634.0,2.125,2.1390532544378695
IND382430AAB,IND384205AAA,FTL,afternoon,6,6,1.6199042407660738,138.5,85.0,1.0,1082.0,1.7676767676767677,1.7335754153127616
IND382430AAB,IND384205AAA,FTL,evening,12,12,1.2807113543091657,112.5,87.5,0.9166666666666666,664.0,1.7703025992499675,1.586705882397167
IND382430AAB,IND384205AAA,FTL,morning,2,2,1.5682072829131655,132.5,84.5,1.0,96.0,1.8750586854460094,1.847163103397569
IND382430AAB,IND387620AAB,Carting,late_evening,1,1,1.6615384615384616,108.0,65.0,1.0,43.0,1.8148148148148149,1.8075159408492742
IND382430AAB,IND388320AAA,FTL,evening,9,9,0.7181818181818181,79.0,110.0,0.1111111111111111,72.0,1.7703025992499675,1.4437823568495074
IND382430AAB,IND389001AAA,FTL,evening,17,17,1.6875,164.0,96.0,1.0,1195.0,1.7703025992499675,1.7322581617567392
IND382430AAB,IND389001AAA,FTL,late_evening,4,4,1.8098169191919191,176.5,96.0,1.0,308.0,1.8333333333333333,1.8294139309764308
IND382430AAB,IND395023AAA,FTL,afternoon,8,8,1.807397504456328,369.5,201.0,1.0,1358.0,1.7676767676767677,1.779025549613785
IND382430AAB,IND395023AAA,FTL,evening,15,15,1.770334928229665,372.0,208.0,1.0,2495.0,1.7703025992499675,1.7703164545269807
IND382430AAB,IND395023AAA,FTL,late_evening,7,7,1.819905213270142,378.0,211.0,1.0,1038.0,1.8333333333333333,1.8298519688725057
IND382715AAA,IND382430AAB,FTL,night,18,18,1.893796992481203,108.0,55.5,1.0,1052.0,1.8226866738120757,1.8563705089711362
IND382721AAA,IND382430AAB,Carting,night,15,15,2.5714285714285716,109.0,43.0,1.0,977.0,2.125,2.3163265306122454
IND383001AAA,IND383315AAC,FTL,night,13,13,1.16,50.0,43.0,0.38461538461538464,124.0,1.8226866738120757,1.5616282871588338
IND383255AAB,IND384205AAA,FTL,morning,7,7,1.226890756302521,146.0,109.0,0.5714285714285714,349.0,1.8750586854460094,1.7070151482606608
IND383255AAB,IND384205AAA,FTL,night,2,2,1.5145467983605454,185.0,122.0,1.0,126.0,1.8226866738120757,1.7946739578619366
IND383315AAC,IND383255AAB,FTL,night,12,12,1.2141304347826085,109.0,90.5,0.5,275.0,1.8226866738120757,1.5944780841760255
IND383315AAC,IND384205AAA,FTL,night,1,1,1.32,132.0,100.0,1.0,32.0,1.8226866738120757,1.7987492131543579
IND384170AAA,IND384265AAB,FTL,night,12,12,1.3049242424242424,30.0,24.0,0.6666666666666666,107.0,1.8226866738120757,1.6285257620416385
IND384205AAA,IND382430AAB,FTL,late_evening,1,1,1.869047619047619,157.0,84.0,1.0,73.0,1.8333333333333333,1.8350340136054422
IND384205AAA,IND382715AAA,FTL,late_evening,7,7,1.5384615384615385,60.0,39.0,1.0,164.0,1.8333333333333333,1.7568850902184234
IND384205AAA,IND382715AAA,FTL,night,11,11,1.435897435897436,56.0,39.0,1.0,244.0,1.8226866738120757,1.6854388797133326
IND384205AAA,IND383001AAA,FTL,late_evening,3,3,1.3181818181818181,87.0,64.0,0.6666666666666666,62.0,1.8333333333333333,1.7661396574440051
IND384205AAA,IND383001AAA,FTL,night,8,8,1.361032196969697,89.5,66.0,0.75,202.0,1.8226866738120757,1.6907853947142535
IND384205AAA,IND384170AAA,FTL,late_evening,2,2,1.5357142857142858,43.0,28.0,1.0,30.0,1.8333333333333333,1.806277056277056
IND384205AAA,IND384170AAA,FTL,night,4,4,1.138095238095238,33.0,28.0,0.25,40.0,1.8226866738120757,1.7085881011926027
IND384205AAA,IND384355AAB,FTL,late_evening,4,4,1.9402852049910875,63.0,32.0,1.0,112.0,1.8333333333333333,1.851158645276292
IND384205AAA,IND384355AAB,FTL,night,9,9,1.6666666666666667,55.0,33.0,1.0,238.0,1.8226866738120757,1.774266671594535
IND384205AAA,IND385001AAA,FTL,late_evening,1,1,1.7525773195876289,170.0,97.0,1.0,73.0,1.8333333333333333,1.829487808869252
IND384265AAB,IND385320AAA,FTL,night,11,11,1.2125,98.0,81.0,0.6363636363636364,212.0,1.8226866738120757,1.6061688218142425
IND384265AAB,IND385340AAB,FTL,night,1,1,1.2280701754385965,140.0,114.0,1.0,26.0,1.8226866738120757,1.7943716024609577
IND384355AAB,IND384205AAA,FTL,morning,1,1,2.3666666666666667,71.0,30.0,1.0,41.0,1.8750586854460094,1.89846858931366
IND384355AAB,IND385001AAA,FTL,night,12,12,1.4253565062388591,95.5,66.5,1.0,384.0,1.8226866738120757,1.6736878609721195
IND385001AAA,IND385535AAA,FTL,night,14,14,1.5277777777777777,26.0,16.0,1.0,167.0,1.8226866738120757,1.7012535989744235
IND385320AAA,IND385340AAB,FTL,night,16,16,0.7539464653397392,28.0,33.5,0.0,8.0,1.8226866738120757,1.3476910256021484
IND385340AAB,IND384205AAA,FTL,morning,1,1,1.1217391304347826,129.0,115.0,0.0,14.0,1.8750586854460094,1.83918632568357
IND385340AAB,IND384205AAA,FTL,night,3,3,1.1016949152542372,130.0,118.0,0.3333333333333333,42.0,1.8226866738120757,1.728644270521923
IND385535AAA,IND384205AAA,FTL,night,17,17,2.0,156.0,78.0,1.0,1370.0,1.8226866738120757,1.9041549588173385
IND387001AAA,IND388220AAA,Carting,night,14,14,1.7713043478260868,44.0,23.5,1.0,353.0,2.125,1.9793606138107416
IND387620AAB,IND389230AAB,Carting,night,1,1,2.2903225806451615,142.0,62.0,1.0,80.0,2.125,2.132872503840246
IND388121AAA,IND388620AAB,Carting,night,11,11,1.5681818181818181,68.0,44.0,1.0,308.0,2.125,1.9274193548387097
IND388220AAA,IND388320AAA,Carting,morning,1,1,2.347826086956522,54.0,23.0,1.0,31.0,2.2,2.20703933747412
IND388220AAA,IND388320AAA,Carting,night,13,13,1.7692307692307692,46.0,24.0,1.0,359.0,2.125,1.9848484848484849
IND388320AAA,IND387001AAA,Carting,night,11,11,1.7857142857142858,26.0,14.0,1.0,195.0,2.125,2.0046082949308754
IND388320AAA,IND388121AAA,Carting,night,1,1,4.25,51.0,12.0,1.0,39.0,2.125,2.2261904761904763
IND388320AAA,IND388220AAA,Carting,night,1,1,1.8333333333333333,44.0,24.0,1.0,20.0,2.125,2.111111111111111
IND388320AAA,IND390022AAA,FTL,late_evening,6,6,2.1621621621621623,61.0,34.0,0.6666666666666666,184.0,1.8333333333333333,1.9092169092169091
IND388620AAB,IND388320AAA,Carting,morning,1,1,1.6818181818181819,74.0,44.0,1.0,30.0,2.2,2.175324675324675
IND388620AAB,IND388320AAA,Carting,night,12,12,1.889990328820116,81.5,44.0,1.0,468.0,2.125,2.0368713733075436
IND389001AAA,IND389151AAA,FTL,night,21,21,1.7346938775510203,88.0,49.0,0.7142857142857143,646.0,1.8226866738120757,1.7776171928003157
IND389151AAA,IND457661AAA,FTL,night,11,11,2.8484848484848486,92.0,32.0,1.0,638.0,1.8226866738120757,2.186679574502415
IND390018AAB,IND390020AAA,Carting,night,1,1,2.0,24.0,12.0,1.0,12.0,2.125,2.119047619047619
IND390020AAA,IND390018AAB,Carting,morning,1,1,3.3636363636363638,37.0,11.0,1.0,26.0,2.2,2.2554112554112558
IND390020AAA,IND390022AAA,Carting,morning,2,2,4.770588235294118,68.5,13.5,1.0,110.0,2.2,2.4336898395721924
IND390020AAA,IND391110AAD,Carting,night,7,7,1.9090909090909092,63.0,32.0,1.0,274.0,2.125,2.0690235690235688
IND390022AAA,IND382430AAB,FTL,late_evening,8,8,1.608695652173913,111.0,69.0,1.0,381.0,1.8333333333333333,1.769151138716356
IND390022AAA,IND388320AAA,Carting,late_evening,11,11,1.236842105263158,50.0,40.0,0.8181818181818182,143.0,1.8148148148148149,1.6097277243287431
IND390022AAA,IND388320AAA,Carting,night,7,7,1.2790697674418605,54.0,43.0,0.8571428571428571,93.0,2.125,1.9056847545219637
IND390022AAA,IND390020AAA,Carting,morning,1,1,6.8,102.0,15.0,1.0,87.0,2.2,2.419047619047619
IND390022AAA,IND390020AAA,Carting,night,2,2,3.3901515151515156,39.5,11.5,1.0,56.0,2.125,2.2400137741046833
IND390022AAA,IND395023AAA,FTL,evening,12,12,1.7370222282461372,209.0,119.5,1.0,1036.0,1.7703025992499675,1.7578224601235313
IND390022AAA,IND395023AAA,FTL,late_evening,7,7,2.0330578512396693,246.0,121.0,1.0,806.0,1.8333333333333333,1.8851137639016426
IND390022AAA,IND395023AAA,FTL,night,2,2,1.7728813559322034,211.0,119.0,1.0,184.0,1.8226866738120757,1.8181589176411783
IND391110AAD,IND390020AAA,Carting,night,4,4,3.291176470588235,105.5,32.0,1.0,317.0,2.125,2.319362745098039
IND391110AAD,IND390022AAA,Carting,night,1,1,3.7714285714285714,132.0,35.0,1.0,97.0,2.125,2.2034013605442175
IND395001AAA,IND395023AAD,Carting,morning,1,1,4.071428571428571,57.0,14.0,1.0,43.0,2.2,2.2891156462585034
IND395001AAA,IND395023AAD,Carting,night,13,13,10.0,144.0,14.0,1.0,1656.0,2.125,5.2272727272727275
IND395004AAB,IND395023AAD,Carting,morning,2,2,4.322058823529412,80.0,18.5,1.0,123.0,2.2,2.3929144385026735
IND395004AAB,IND395023AAD,Carting,night,2,2,9.205882352941178,151.0,16.0,1.0,270.0,2.125,2.7687165775401072
IND395006AAA,IND395023AAD,Carting,morning,1,1,10.0,770.0,11.0,1.0,759.0,2.2,2.5714285714285716
IND395006AAA,IND395023AAD,Carting,night,2,2,8.304166666666667,128.0,15.5,1.0,225.0,2.125,2.6867424242424245
IND395009AAA,IND395023AAD,Carting,morning,1,1,3.1052631578947367,59.0,19.0,1.0,40.0,2.2,2.243107769423559
IND395009AAA,IND395023AAD,Carting,night,15,15,9.666666666666666,159.0,17.0,1.0,2150.0,2.125,5.357142857142857
IND395010AAB,IND395023AAA,Carting,morning,1,1,1.4375,23.0,16.0,1.0,7.0,2.2,2.1636904761904763
IND395023AAA,IND110037AAM,FTL,afternoon,18,18,1.736656001028649,1543.5,892.5,1.0,12101.0,1.7676767676767677,1.7529827203171324
IND395023AAA,IND382430AAB,FTL,morning,14,14,1.7023300773300774,340.0,198.5,1.0,1993.0,1.8750586854460094,1.8039351409276845
IND395023AAA,IND382430AAB,FTL,night,7,7,1.638743455497382,322.0,192.0,1.0,1022.0,1.8226866738120757,1.7749976912860441
IND395023AAA,IND390022AAA,FTL,afternoon,8,8,1.7437841530054645,213.5,124.5,1.0,834.0,1.7676767676767677,1.76085030634211
IND395023AAA,IND394221AAA,Carting,afternoon,1,1,1.9090909090909092,21.0,11.0,1.0,10.0,2.234668335419274,2.2191646484512564
IND395023AAA,IND394221AAA,Carting,morning,1,1,6.117647058823529,104.0,17.0,1.0,87.0,2.2,2.3865546218487395
IND395023AAA,IND396191AAC,FTL,evening,5,5,1.8333333333333333,148.0,77.0,1.0,344.0,1.7703025992499675,1.7829087460666406
IND395023AAA,IND396191AAC,FTL,late_evening,1,1,2.026315789473684,154.0,76.0,1.0,78.0,1.8333333333333333,1.8425229741019213
IND395023AAA,IND396191AAC,FTL,morning,3,3,2.3289473684210527,177.0,77.0,1.0,339.0,1.8750586854460094,1.9342615571384065
IND395023AAA,IND396191AAC,FTL,night,1,1,2.2435897435897436,175.0,78.0,1.0,97.0,1.8226866738120757,1.842729677134822
IND395023AAA,IND411033AAA,FTL,morning,5,5,2.3525835866261398,774.0,329.0,1.0,2263.0,1.8750586854460094,1.9705636656820353
IND395023AAA,IND411033AAA,FTL,night,6,6,2.3819713599725603,813.5,334.0,1.0,3087.0,1.8226866738120757,1.9517523706183415
IND395023AAA,IND421302AAG,FTL,morning,1,1,2.375,494.0,208.0,1.0,286.0,1.8750586854460094,1.8988654147104853
IND395023AAA,IND421302AAG,FTL,night,2,2,2.375143184421535,484.0,205.0,1.0,558.0,1.8226866738120757,1.8729099929583903
IND395023AAA,IND562132AAA,FTL,morning,19,19,1.714720812182741,1681.0,965.0,1.0,13530.0,1.8750586854460094,1.7969453625741612
IND395023AAA,IND562132AAA,FTL,night,1,1,1.5435005117707268,1508.0,977.0,1.0,531.0,1.8226866738120757,1.8093920946672495
IND395023AAD,IND395001AAA,Carting,morning,5,5,2.3333333333333335,29.0,12.0,1.0,104.0,2.2,2.226666666666667
IND395023AAD,IND395001AAA,Carting,night,3,3,1.8571428571428572,26.0,13.0,1.0,84.0,2.125,2.090062111801242
IND395023AAD,IND395004AAB,Carting,night,17,17,2.4285714285714284,38.0,15.0,1.0,436.0,2.125,2.2644787644787643
IND395023AAD,IND395006AAA,Carting,morning,10,10,2.0625,27.0,13.0,1.0,155.0,2.2,2.154166666666667
IND395023AAD,IND395006AAA,Carting,night,17,17,1.8333333333333333,24.0,13.0,1.0,207.0,2.125,1.9909909909909906
IND395023AAD,IND395009AAA,Carting,morning,2,2,3.0270833333333336,47.0,15.5,1.0,63.0,2.2,2.275189393939394
IND395023AAD,IND395009AAA,Carting,night,2,2,2.5357142857142856,35.5,14.0,1.0,43.0,2.125,2.1623376623376624
IND395023AAD,IND396445AAA,Carting,late_evening,7,7,1.875,30.0,16.0,1.0,126.0,1.8148148148148149,1.8304183813443073
IND396001AAA,IND395023AAD,Carting,night,5,5,1.8717948717948718,146.0,78.0,1.0,1113.0,2.125,2.074358974358974
IND396105AAA,IND396191AAC,Carting,night,2,2,2.213675213675214,23.0,11.0,1.0,24.0,2.125,2.133061383061383
IND396191AAB,IND421302AAG,FTL,morning,1,1,1.6216216216216217,240.0,148.0,1.0,92.0,1.8750586854460094,1.8629902538353245
IND396191AAB,IND421302AAG,FTL,night,1,1,2.292307692307692,298.0,130.0,1.0,168.0,1.8226866738120757,1.8450495794547244
IND396191AAC,IND395023AAA,FTL,morning,1,1,2.225,178.0,80.0,1.0,98.0,1.8750586854460094,1.8917225575676282
IND396191AAC,IND396105AAA,Carting,night,2,2,0.7509881422924901,17.0,22.5,0.0,0.0,2.125,2.000089831117499
IND396191AAC,IND396210AAA,Carting,night,1,1,3.909090909090909,43.0,11.0,1.0,32.0,2.125,2.20995670995671
IND396191AAC,IND396232AAA,Carting,night,17,17,2.1875,36.0,17.0,1.0,319.0,2.125,2.1537162162162162
IND396191AAC,IND421302AAG,FTL,morning,3,3,2.1544117647058822,293.0,135.0,1.0,554.0,1.8750586854460094,1.9114960436103408
IND396191AAC,IND421302AAG,FTL,night,5,5,2.5037037037037035,338.0,136.0,1.0,1004.0,1.8226866738120757,1.9588900797904014
IND396232AAA,IND396191AAC,Carting,afternoon,13,13,2.8333333333333335,49.0,17.0,1.0,392.0,2.234668335419274,2.470506061870267
IND396232AAA,IND396191AAC,Carting,morning,2,2,3.166666666666667,57.0,18.0,1.0,78.0,2.2,2.287878787878788
IND396321AAA,IND396001AAA,Carting,night,8,8,1.4285714285714286,40.0,27.0,1.0,120.0,2.125,1.9260204081632655
IND396321AAA,IND396580AAB,Carting,night,17,17,1.9393939393939394,58.0,30.0,1.0,496.0,2.125,2.0397215397215396
IND396445AAA,IND396321AAA,Carting,night,7,7,1.8333333333333333,54.0,30.0,1.0,183.0,2.125,2.0493827160493825
IND396580AAB,IND396321AAA,Carting,night,8,8,2.101223581757508,63.0,30.0,1.0,620.0,2.125,2.1182067376450022
IND400011AAA,IND400072AAB,Carting,afternoon,1,1,4.071428571428571,57.0,14.0,1.0,43.0,2.234668335419274,2.3221331085625736
IND400011AAA,IND400072AAB,Carting,evening,11,11,2.2666666666666666,34.0,15.0,1.0,223.0,1.7540983606557377,1.9359774369821965
IND400011AAA,IND400072AAD,Carting,afternoon,28,28,3.41640866873065,57.5,17.0,0.9642857142857143,1119.0,2.234668335419274,2.9240168631842436
IND400011AAA,IND400072AAD,Carting,evening,25,25,2.411764705882353,42.0,18.0,1.0,635.0,1.7540983606557377,2.1194685524483012
IND400015AAA,IND400072AAB,Carting,evening,20,20,2.343137254901961,39.5,17.0,1.0,535.0,1.7540983606557377,2.0486178077788493
IND400015AAA,IND400072AAB,Carting,late_evening,1,1,2.4285714285714284,34.0,14.0,1.0,20.0,1.8148148148148149,1.8440413202317967
IND400015AAA,IND400072AAB,Carting,morning,6,6,3.607843137254902,69.5,17.0,1.0,287.0,2.2,2.5248868778280547
IND400015AAA,IND400072AAB,Carting,night,9,9,4.411764705882353,75.0,17.0,1.0,726.0,2.125,2.8346855983772823
IND400015AAA,IND421302AAG,Carting,morning,1,1,3.7586206896551726,109.0,29.0,1.0,80.0,2.2,2.2742200328407227
IND400015AAB,IND400072AAB,Carting,morning,2,2,5.111111111111111,92.0,18.0,1.0,148.0,2.2,2.4646464646464645
IND400015AAB,IND400072AAB,Carting,night,4,4,3.1677083333333336,66.5,17.5,1.0,159.0,2.125,2.2987847222222224
IND400015AAB,IND421302AAG,Carting,afternoon,2,2,6.4707207207207205,254.0,39.5,1.0,429.0,2.234668335419274,2.6197640068103145
IND400015AAB,IND421302AAG,Carting,evening,11,11,2.689655172413793,78.0,30.0,1.0,722.0,1.7540983606557377,2.0860701325698865
IND400015AAB,IND421302AAG,Carting,late_evening,1,1,6.0588235294117645,206.0,34.0,1.0,172.0,1.8148148148148149,2.01691046789086
IND400015AAB,IND421302AAG,Carting,morning,6,6,3.392857142857143,104.5,31.5,1.0,416.0,2.2,2.4752747252747254
IND400015AAB,IND421302AAG,Carting,night,3,3,2.5517241379310347,74.0,31.0,1.0,196.0,2.125,2.1806596701649177
IND400016AAA,IND400015AAA,Carting,night,1,1,1.8,18.0,10.0,1.0,8.0,2.125,2.1095238095238096
IND400016AAB,IND400072AAB,Carting,afternoon,1,1,5.0,60.0,12.0,1.0,48.0,2.234668335419274,2.3663507956374037
IND400016AAB,IND400072AAD,Carting,afternoon,7,7,2.923076923076923,38.0,13.0,1.0,180.0,2.234668335419274,2.413144635923109
IND400016AAB,IND400072AAD,Carting,evening,8,8,2.708333333333333,35.0,13.0,1.0,240.0,1.7540983606557377,2.0267369242779076
IND400037AAA,IND400072AAJ,Carting,morning,4,4,3.4038461538461537,42.5,12.5,1.0,141.0,2.2,2.4006410256410255
IND400037AAA,IND400072AAJ,Carting,night,9,9,2.6956521739130435,40.0,13.0,1.0,235.0,2.125,2.3020989505247376
IND400064AAB,IND400072AAB,Carting,afternoon,3,3,3.090909090909091,35.0,12.0,1.0,73.0,2.234668335419274,2.3463519122222936
IND400064AAB,IND400072AAB,Carting,evening,1,1,3.076923076923077,40.0,13.0,1.0,27.0,1.7540983606557377,1.8170900138113253
IND400064AAB,IND400072AAD,Carting,afternoon,17,17,3.0,40.0,13.0,1.0,539.0,2.234668335419274,2.5863072083347425
IND400072AAA,IND421302AAG,Carting,night,1,1,4.0,84.0,21.0,1.0,63.0,2.125,2.2142857142857144
IND400072AAB,IND000000AFT,Carting,afternoon,6,6,2.3982683982683985,49.0,20.5,1.0,173.0,2.234668335419274,2.272422196076764
IND400072AAB,IND000000AFT,Carting,evening,30,30,2.2744360902255636,44.5,20.0,1.0,912.0,1.7540983606557377,2.066300998397633
IND400072AAB,IND000000AFT,Carting,morning,1,1,3.263157894736842,62.0,19.0,1.0,43.0,2.2,2.2506265664160403
IND400072AAB,IND000000AFT,Carting,night,30,30,2.9486842105263156,55.0,19.0,1.0,1287.0,2.125,2.6192105263157894
IND400072AAB,IND400011AAA,Carting,night,2,2,3.7058823529411766,63.0,17.0,1.0,92.0,2.125,2.2687165775401072
IND400072AAB,IND400015AAA,Carting,afternoon,5,5,2.9411764705882355,50.0,17.0,1.0,219.0,2.234668335419274,2.375969962453066
IND400072AAB,IND400015AAA,Carting,evening,29,29,2.888888888888889,49.0,17.0,1.0,1055.0,1.7540983606557377,2.425709081446786
IND400072AAB,IND400015AAA,Carting,late_evening,14,14,2.6547619047619047,47.5,17.0,1.0,650.0,1.8148148148148149,2.1606753812636166
IND400072AAB,IND400015AAA,Carting,night,12,12,4.147058823529411,70.5,17.5,1.0,714.0,2.125,2.883272058823529
IND400072AAB,IND400015AAB,Carting,night,1,1,2.9411764705882355,50.0,17.0,1.0,33.0,2.125,2.1638655462184873
IND400072AAB,IND400701AAB,Carting,night,3,3,2.5,46.0,19.0,1.0,95.0,2.125,2.1739130434782608
IND400072AAB,IND401104AAA,Carting,afternoon,8,8,3.53125,58.0,17.0,1.0,350.0,2.234668335419274,2.605120239585195
IND400072AAB,IND401104AAA,Carting,evening,28,28,2.71875,44.5,16.0,1.0,853.0,1.7540983606557377,2.316811816939891
IND400072AAB,IND401104AAA,Carting,late_evening,6,6,3.7,55.5,15.5,1.0,262.0,1.8148148148148149,2.24985754985755
IND400072AAB,IND401104AAA,Carting,night,30,30,3.033333333333333,46.5,15.0,1.0,1009.0,2.125,2.67
IND400072AAB,IND401104AAB,Carting,night,1,1,3.7142857142857144,52.0,14.0,1.0,38.0,2.125,2.2006802721088436
IND400072AAB,IND411033AAA,FTL,evening,8,8,1.7142428785607196,198.5,115.5,1.0,764.0,1.7703025992499675,1.7542855361958967
IND400072AAB,IND421302AAG,Carting,afternoon,14,14,5.5375,124.0,22.0,1.0,1402.0,2.234668335419274,3.5946578443642787
IND400072AAB,IND421302AAG,Carting,evening,11,11,2.0,51.0,22.0,1.0,417.0,1.7540983606557377,1.8413537810682177
IND400072AAB,IND421302AAG,Carting,late_evening,10,10,2.1578947368421053,50.5,22.5,1.0,278.0,1.8148148148148149,1.9291747888239117
IND400072AAB,IND421302AAG,Carting,morning,18,18,3.25,75.5,22.5,1.0,1308.0,2.2,2.6973684210526314
IND400072AAB,IND421302AAG,Carting,night,10,10,3.696428571428571,84.0,22.0,1.0,960.0,2.125,2.6488095238095237
IND400072AAB,IND421302AAR,Carting,evening,9,9,2.28,57.0,25.0,1.0,501.0,1.7540983606557377,1.917309214245336
IND400072AAB,IND421302AAR,Carting,late_evening,7,7,1.826086956521739,42.0,24.0,1.0,180.0,1.8148148148148149,1.8177372219240173
IND400072AAB,IND421302AAR,Carting,morning,1,1,1.88,47.0,25.0,1.0,22.0,2.2,2.184761904761905
IND400072AAB,IND421302AAR,Carting,night,4,4,2.4264069264069263,52.0,22.0,1.0,181.0,2.125,2.1752344877344876
IND400072AAB,IND421302AAS,Carting,late_evening,1,1,1.5217391304347827,35.0,23.0,1.0,12.0,1.8148148148148149,1.800858829844337
IND400072AAB,IND421302AAS,Carting,night,1,1,7.739130434782608,178.0,23.0,1.0,155.0,2.125,2.3923395445134576
IND400072AAC,IND400011AAA,Carting,night,17,17,3.0454545454545454,56.0,19.0,1.0,677.0,2.125,2.547911547911548
IND400072AAD,IND421302AAG,Carting,afternoon,10,10,5.838768115942029,137.0,22.0,1.0,1184.0,2.234668335419274,3.4360349289268592
IND400072AAD,IND421302AAG,Carting,evening,35,35,2.608695652173913,55.0,21.0,1.0,1443.0,1.7540983606557377,2.2979330007127583
IND400072AAD,IND421302AAG,Carting,late_evening,21,21,2.111111111111111,42.0,20.0,1.0,682.0,1.8148148148148149,1.966576332429991
IND400072AAD,IND421302AAG,Carting,morning,19,19,3.85,77.0,21.0,1.0,1743.0,2.2,3.003846153846154
IND400072AAD,IND421302AAG,Carting,night,14,14,2.480769230769231,51.0,20.0,1.0,549.0,2.125,2.271493212669683
IND400072AAI,IND000000AFS,Carting,morning,1,1,9.416666666666666,113.0,12.0,1.0,101.0,2.2,2.5436507936507935
IND400072AAJ,IND400037AAA,Carting,morning,1,1,9.833333333333334,118.0,12.0,1.0,106.0,2.2,2.5634920634920637
IND400072AAJ,IND400037AAA,Carting,night,1,1,8.166666666666666,98.0,12.0,1.0,86.0,2.125,2.4126984126984126
IND400102AAB,IND421302AAG,Carting,evening,11,11,1.6774193548387097,48.0,30.0,1.0,505.0,1.7540983606557377,1.726889681172276
IND400102AAB,IND421302AAG,Carting,morning,9,9,3.037037037037037,90.0,29.0,1.0,1137.0,2.2,2.459770114942529
IND400102AAC,IND400052AAA,Carting,late_evening,3,3,5.111111111111111,59.0,14.0,1.0,160.0,1.8148148148148149,2.244766505636071
IND400102AAC,IND400052AAA,Carting,night,5,5,3.4285714285714284,40.0,10.0,1.0,177.0,2.125,2.3857142857142857
IND400102AAC,IND421302AAG,Carting,evening,8,8,2.5014025245441793,82.0,29.0,1.0,580.0,1.7540983606557377,1.9676138360524351
IND400102AAC,IND421302AAG,Carting,morning,15,15,4.882352941176471,153.0,28.0,1.0,1932.0,2.2,3.3495798319327736
IND400102AAC,IND421302AAG,Carting,night,5,5,4.647058823529412,157.0,32.0,1.0,483.0,2.125,2.6294117647058823
IND400612AAA,IND421302AAR,Carting,night,10,10,2.375,28.5,12.0,1.0,267.0,2.125,2.2083333333333335
IND400701AAA,IND400705AAA,Carting,morning,1,1,3.6666666666666665,55.0,15.0,1.0,40.0,2.2,2.2698412698412698
IND400701AAA,IND410206AAA,Carting,morning,4,4,2.2246963562753037,50.0,24.5,1.0,116.0,2.2,2.2041160593792175
IND400701AAA,IND410206AAA,Carting,night,13,13,1.7037037037037037,42.0,24.0,1.0,260.0,2.125,1.9590347923681257
IND400701AAB,IND421302AAG,Carting,afternoon,1,1,4.5,117.0,26.0,1.0,91.0,2.234668335419274,2.34254127182788
IND400701AAB,IND421302AAG,Carting,evening,9,9,1.9,41.0,21.0,1.0,198.0,1.7540983606557377,1.7993781797625774
IND400701AAB,IND421302AAG,Carting,late_evening,1,1,3.5,63.0,18.0,1.0,45.0,1.8148148148148149,1.8950617283950617
IND400701AAB,IND421302AAG,Carting,morning,10,10,2.613003095975232,49.5,20.5,1.0,432.0,2.2,2.3376676986584104
IND400701AAB,IND421302AAG,Carting,night,5,5,3.238095238095238,68.0,20.0,1.0,369.0,2.125,2.3476190476190477
IND400705AAA,IND421302AAH,Carting,afternoon,10,10,2.4648786717752236,69.0,27.5,1.0,629.0,2.234668335419274,2.3114051142045904
IND400705AAA,IND421302AAH,Carting,evening,2,2,4.960344827586207,147.0,29.5,1.0,235.0,1.7540983606557377,2.0455753121948708
IND400706AAA,IND000000AFT,Carting,morning,2,2,4.712121212121212,47.5,10.0,1.0,75.0,2.2,2.428374655647383
IND401104AAA,IND400072AAB,Carting,evening,13,13,2.375,38.0,16.0,1.0,300.0,1.7540983606557377,1.9986959761549925
IND401104AAA,IND400072AAB,Carting,late_evening,2,2,2.333333333333333,35.0,15.0,1.0,40.0,1.8148148148148149,1.8619528619528618
IND401104AAA,IND400072AAB,Carting,morning,2,2,5.933333333333334,93.5,15.5,1.0,156.0,2.2,2.5393939393939395
IND401104AAA,IND400072AAB,Carting,night,14,14,6.46875,102.0,16.0,1.0,1255.0,2.125,3.9136029411764706
IND401104AAA,IND401208AAA,Carting,late_evening,17,17,2.7058823529411766,48.0,17.0,1.0,566.0,1.8148148148148149,2.2242242242242245
IND401104AAA,IND401208AAA,Carting,morning,19,19,2.411764705882353,42.0,17.0,1.0,486.0,2.2,2.3031674208144794
IND401104AAA,IND401208AAA,Carting,night,1,1,3.611111111111111,65.0,18.0,1.0,47.0,2.125,2.195767195767196
IND401104AAA,IND401209AAA,Carting,night,1,1,2.761904761904762,58.0,21.0,1.0,37.0,2.125,2.155328798185941
IND401104AAA,IND421302AAG,Carting,afternoon,1,1,2.5416666666666665,61.0,24.0,1.0,37.0,2.234668335419274,2.2492873035739116
IND401104AAA,IND421302AAG,Carting,evening,8,8,2.020833333333333,47.5,24.0,1.0,257.0,1.7540983606557377,1.8303083528493362
IND401104AAA,IND421302AAG,Carting,morning,2,2,3.096153846153846,80.5,26.0,1.0,109.0,2.2,2.2814685314685317
IND401104AAA,IND421302AAG,Carting,night,3,3,6.090909090909091,134.0,22.0,1.0,301.0,2.125,2.642292490118577
IND401104AAB,IND400072AAB,Carting,evening,2,2,2.3980392156862744,38.5,16.0,1.0,45.0,1.7540983606557377,1.8126384383857863
IND401104AAB,IND400072AAB,Carting,late_evening,2,2,2.176923076923077,30.5,14.0,1.0,33.0,1.8148148148148149,1.8477337477337479
IND401104AAB,IND400072AAB,Carting,night,1,1,9.5,152.0,16.0,1.0,136.0,2.125,2.4761904761904763
IND401104AAB,IND421302AAG,Carting,afternoon,13,13,4.5,117.0,25.0,1.0,1563.0,2.234668335419274,3.127071718435923
IND401104AAB,IND421302AAG,Carting,evening,9,9,2.090909090909091,54.0,24.0,1.0,266.0,1.7540983606557377,1.8586258286653987
IND401104AAB,IND421302AAG,Carting,morning,1,1,2.130434782608696,49.0,23.0,1.0,26.0,2.2,2.196687370600414
IND401209AAA,IND401104AAA,Carting,morning,6,6,3.0,60.0,21.5,1.0,248.0,2.2,2.3846153846153846
IND401209AAA,IND401104AAA,Carting,night,17,17,6.842105263157895,148.0,21.0,1.0,2209.0,2.125,4.292318634423898
IND401209AAB,IND401104AAA,Carting,morning,12,12,7.815476190476191,171.0,21.5,1.0,1443.0,2.2,4.305803571428571
IND401209AAB,IND421302AAG,Carting,evening,1,1,2.606060606060606,86.0,33.0,1.0,53.0,1.7540983606557377,1.7946679913893029
IND401209AAB,IND421302AAH,Carting,afternoon,8,8,2.5762463343108504,84.5,32.5,1.0,433.0,2.234668335419274,2.3322620493882957
IND401209AAB,IND421302AAH,Carting,evening,10,10,2.843597262952102,90.0,33.0,1.0,685.0,1.7540983606557377,2.1172646614211925
IND401209AAB,IND421302AAH,Carting,late_evening,1,1,2.4375,78.0,32.0,1.0,46.0,1.8148148148148149,1.8444664902998238
IND401501AAA,IND401602AAA,Carting,morning,1,1,2.44,61.0,25.0,1.0,36.0,2.2,2.2114285714285713
IND401501AAA,IND401602AAA,Carting,night,16,16,2.128947368421053,52.0,25.0,1.0,507.0,2.125,2.1267543859649125
IND401602AAA,IND401501AAA,Carting,morning,10,10,6.678571428571429,181.0,26.5,1.0,1534.0,2.2,3.692857142857143
IND401602AAA,IND401501AAA,Carting,night,7,7,7.344827586206897,213.0,29.0,1.0,1611.0,2.125,3.4782886334610477
IND402107AAA,IND402109AAA,Carting,morning,1,1,2.4375,78.0,32.0,1.0,46.0,2.2,2.2113095238095237
IND402107AAA,IND402109AAA,Carting,night,17,17,2.413793103448276,68.0,28.0,1.0,697.0,2.125,2.257688723205965
IND402109AAA,IND402301AAA,Carting,morning,15,15,1.9565217391304348,88.0,45.0,1.0,640.0,2.2,2.095652173913044
IND402109AAA,IND402301AAA,Carting,night,5,5,2.688888888888889,121.0,44.0,1.0,351.0,2.125,2.2377777777777776
IND402301AAA,IND402107AAA,Carting,morning,13,13,2.125,129.0,64.0,1.0,1051.0,2.2,2.1704545454545454
IND403002AAA,IND403726AAB,Carting,night,1,1,1.8095238095238095,76.0,42.0,1.0,34.0,2.125,2.1099773242630384
IND403401AAA,IND403726AAB,Carting,night,3,3,7.862068965517241,361.0,31.0,1.0,970.0,2.125,2.8733133433283355
IND403507AAA,IND403726AAB,Carting,night,3,3,1.3888888888888888,50.0,36.0,1.0,383.0,2.125,2.0289855072463765
IND403507AAB,IND403726AAB,Carting,morning,1,1,2.152173913043478,99.0,46.0,1.0,53.0,2.2,2.1977225672877845
IND403601AAA,IND403726AAB,Carting,night,4,4,1.6448863636363638,23.0,15.0,1.0,223.0,2.125,2.0449810606060606
IND403702AAA,IND575004AAB,FTL,morning,2,2,1.8507557617479797,478.5,258.5,1.0,440.0,1.8750586854460094,1.8728493287461887
IND403702AAA,IND575004AAB,FTL,night,6,6,2.1631375742768375,557.0,258.5,1.0,1818.0,1.8226866738120757,1.9012522662270208
IND403702AAA,IND581314AAA,FTL,night,1,1,1.476923076923077,96.0,65.0,1.0,31.0,1.8226866738120757,1.8062217406268855
IND403726AAA,IND403702AAA,FTL,night,9,9,1.836734693877551,89.0,48.0,1.0,362.0,1.8226866738120757,1.8270464041772234
IND403726AAA,IND411033AAA,FTL,evening,13,13,1.7830188679245282,756.0,415.0,1.0,4640.0,1.7703025992499675,1.7753120384247947
IND403726AAA,IND411033AAA,FTL,night,1,1,2.1907090464547676,896.0,409.0,1.0,487.0,1.8226866738120757,1.8402115486998232
IND403726AAA,IND416510AAA,FTL,late_evening,1,1,1.696969696969697,168.0,99.0,1.0,69.0,1.8333333333333333,1.8268398268398267
IND403726AAA,IND416510AAA,FTL,night,3,3,2.2083333333333335,220.0,101.0,1.0,357.0,1.8226866738120757,1.8729884120105007
IND403726AAA,IND575004AAB,FTL,night,2,2,2.000010679767181,612.0,306.0,1.0,612.0,1.8226866738120757,1.838807037989813
IND403726AAA,IND581303AAA,FTL,evening,7,7,1.5625,126.0,80.0,1.0,530.0,1.7703025992499675,1.7164278512962723
IND403726AAA,IND581303AAA,FTL,late_evening,5,5,1.7142857142857142,136.0,77.0,1.0,291.0,1.8333333333333333,1.8095238095238093
IND403726AAA,IND581303AAA,FTL,night,1,1,1.7777777777777777,144.0,81.0,1.0,63.0,1.8226866738120757,1.8205481549532998
IND403726AAA,IND581400AAB,FTL,late_evening,1,1,1.9439252336448598,208.0,107.0,1.0,101.0,1.8333333333333333,1.838599614300549
IND403726AAB,IND403002AAA,Carting,late_evening,3,3,1.3478260869565217,31.0,23.0,0.6666666666666666,34.0,1.8148148148148149,1.753903241615907
IND403726AAB,IND403002AAA,Carting,night,1,1,1.3478260869565217,31.0,23.0,1.0,8.0,2.125,2.087991718426501
IND403726AAB,IND403401AAA,Carting,evening,2,2,2.384259259259259,61.5,25.5,1.0,72.0,1.7540983606557377,1.8113857150742396
IND403726AAB,IND403401AAA,Carting,late_evening,3,3,2.1739130434782608,50.0,23.0,1.0,72.0,1.8148148148148149,1.861653714205699
IND403726AAB,IND403401AAA,Carting,night,1,1,1.8148148148148149,49.0,27.0,1.0,22.0,2.125,2.110229276895944
IND403726AAB,IND403507AAA,Carting,evening,1,1,0.9090909090909091,30.0,33.0,0.0,0.0,1.7540983606557377,1.7138599105812218
IND403726AAB,IND403507AAA,Carting,late_evening,3,3,1.2571428571428571,44.0,35.0,1.0,41.0,1.8148148148148149,1.7420749942489073
IND403726AAB,IND403507AAA,Carting,night,1,1,1.121212121212121,37.0,33.0,0.0,4.0,2.125,2.0772005772005775
IND403726AAB,IND403507AAB,Carting,late_evening,1,1,0.8695652173913043,40.0,46.0,0.0,0.0,1.8148148148148149,1.7698029292232191
IND403726AAB,IND403601AAA,Carting,evening,2,2,1.5025641025641026,21.0,14.0,1.0,14.0,1.7540983606557377,1.7312316099201341
IND403726AAB,IND403601AAA,Carting,late_evening,4,4,1.656862745098039,25.0,14.5,1.0,39.0,1.8148148148148149,1.7884894698620188
IND410206AAA,IND000000AFT,Carting,night,13,13,2.533333333333333,34.0,14.0,1.0,521.0,2.125,2.285858585858586
IND410206AAB,IND000000AFT,Carting,morning,9,9,2.7777777777777777,50.0,18.0,1.0,371.0,2.2,2.3793103448275863
IND410206AAB,IND000000AFT,Carting,night,27,27,2.4,39.0,16.0,1.0,722.0,2.125,2.282978723404255
IND410401AAA,IND421302AAG,FTL,night,9,9,2.075,166.0,80.0,1.0,890.0,1.8226866738120757,1.9009908095255696
IND410501AAF,IND411033AAA,Carting,afternoon,1,1,3.3703703703703702,91.0,27.0,1.0,64.0,2.234668335419274,2.2887493847026597
IND410501AAF,IND411033AAA,Carting,morning,3,3,2.75,66.0,24.0,1.0,144.0,2.2,2.2717391304347827
IND410503AAA,IND410505AAB,Carting,night,2,2,4.0613636363636365,83.5,21.0,1.0,125.0,2.125,2.3010330578512397
IND410505AAB,IND410501AAF,Carting,morning,5,5,4.1,41.0,10.0,1.0,155.0,2.2,2.58
IND410505AAB,IND411033AAA,Carting,night,2,2,2.0304232804232805,56.0,27.5,1.0,57.0,2.125,2.1164021164021167
IND411014AAA,IND411033AAA,Carting,late_evening,2,2,3.5697343453510433,117.5,32.5,1.0,170.0,1.8148148148148149,1.9743529539544722
IND411014AAA,IND411033AAA,Carting,morning,11,11,1.9428571428571428,65.0,33.0,1.0,436.0,2.2,2.1087557603686635
IND411014AAA,IND411033AAA,Carting,night,2,2,6.486111111111111,587.0,43.0,1.0,1088.0,2.125,2.5214646464646466
IND411014AAA,IND411043AAA,Carting,late_evening,1,1,5.142857142857143,108.0,21.0,1.0,87.0,1.8148148148148149,1.9732930209120687
IND411014AAA,IND411043AAA,Carting,morning,3,3,4.1,82.0,18.0,1.0,167.0,2.2,2.4478260869565216
IND411014AAA,IND411043AAA,Carting,night,3,3,4.0625,65.0,16.0,1.0,378.0,2.125,2.3777173913043477
IND411014AAA,IND411048AAA,Carting,morning,2,2,6.305555555555555,102.5,16.0,1.0,173.0,2.2,2.5732323232323235
IND411014AAA,IND411048AAA,Carting,night,4,4,7.6,137.0,17.0,1.0,551.0,2.125,3.0375
IND411017AAA,IND412105AAC,Carting,morning,1,1,2.3157894736842106,44.0,19.0,1.0,25.0,2.2,2.2055137844611528
IND411017AAA,IND412105AAC,Carting,night,1,1,3.1176470588235294,53.0,17.0,1.0,36.0,2.125,2.172268907563025
IND411021AAA,IND411033AAA,Carting,late_evening,12,12,2.208333333333333,29.0,15.0,0.5833333333333334,459.0,1.8148148148148149,1.962384259259259
IND411021AAA,IND411033AAA,Carting,morning,12,12,1.405844155844156,17.5,12.0,0.75,301.0,2.2,1.9021915584415585
IND411021AAA,IND411033AAA,Carting,night,8,8,2.533333333333333,39.0,15.0,0.75,240.0,2.125,2.2416666666666667
IND411033AAA,IND000000AAL,Carting,afternoon,3,3,4.464285714285714,125.0,30.0,1.0,306.0,2.234668335419274,2.525487993532288
IND411033AAA,IND000000AAL,Carting,evening,3,3,3.0,114.0,30.0,1.0,208.0,1.7540983606557377,1.916607270135424
IND411033AAA,IND000000AAL,Carting,night,11,11,2.3448275862068964,68.0,26.0,1.0,449.0,2.125,2.2030033370411566
IND411033AAA,IND000000ACB,FTL,evening,1,1,1.5255536626916524,1791.0,1174.0,1.0,617.0,1.7703025992499675,1.7586478879852858
IND411033AAA,IND000000ACB,FTL,morning,3,3,1.433724832214765,1709.0,1192.0,1.0,1588.0,1.8750586854460094,1.817493400241934
IND411033AAA,IND000000ACB,FTL,night,14,14,1.4972426483942631,1773.5,1192.5,1.0,8097.0,1.8226866738120757,1.6886803104047412
IND411033AAA,IND400072AAB,FTL,evening,6,6,1.7834188034188034,192.0,109.0,1.0,518.0,1.7703025992499675,1.773329415596622
IND411033AAA,IND400072AAB,FTL,late_evening,2,2,1.7772232304900182,204.5,115.0,1.0,179.0,1.8333333333333333,1.828232414893032
IND411033AAA,IND403726AAA,FTL,evening,3,3,1.944309927360775,803.0,413.0,1.0,1187.0,1.7703025992499675,1.7929992072644207
IND411033AAA,IND403726AAA,FTL,late_evening,8,8,1.8834401923462232,793.0,424.0,1.0,3024.0,1.8333333333333333,1.8476495787655876
IND411033AAA,IND403726AAA,FTL,morning,4,4,1.897938354766279,797.0,415.0,1.0,1505.0,1.8750586854460094,1.8788719636660545
IND411033AAA,IND403726AAA,FTL,night,5,5,1.8771084337349397,779.0,415.0,1.0,1962.0,1.8226866738120757,1.8335710257966484
IND411033AAA,IND410503AAA,Carting,late_evening,3,3,2.6808510638297873,126.0,52.0,1.0,259.0,1.8148148148148149,1.927776064686333
IND411033AAA,IND410505AAB,Carting,late_evening,1,1,1.9285714285714286,54.0,28.0,1.0,26.0,1.8148148148148149,1.8202317964222727
IND411033AAA,IND410505AAB,Carting,morning,6,6,1.5689655172413794,45.5,29.5,1.0,131.0,2.2,2.0543766578249336
IND411033AAA,IND411014AAA,Carting,evening,17,17,1.7058823529411764,58.0,28.0,1.0,1179.0,1.7540983606557377,1.7319450598139121
IND411033AAA,IND411014AAA,Carting,morning,9,9,3.074074074074074,83.0,28.0,1.0,517.0,2.2,2.4712643678160915
IND411033AAA,IND411014AAA,Carting,night,17,17,2.6538461538461537,75.0,28.0,1.0,828.0,2.125,2.367983367983368
IND411033AAA,IND411021AAA,Carting,evening,10,10,1.8333333333333335,22.0,12.5,0.6,505.0,1.7540983606557377,1.7805100182149363
IND411033AAA,IND411021AAA,Carting,morning,9,9,1.9166666666666667,23.0,13.0,0.7777777777777778,107.0,2.2,2.1120689655172415
IND411033AAA,IND411021AAA,Carting,night,22,22,2.003205128205128,25.0,12.0,0.7727272727272727,490.0,2.125,2.061202686202686
IND411033AAA,IND411036AAA,Carting,evening,1,1,1.9310344827586208,56.0,29.0,1.0,27.0,1.7540983606557377,1.7625238902796843
IND411033AAA,IND411036AAA,Carting,late_evening,16,16,1.5555555555555556,43.0,28.0,1.0,378.0,1.8148148148148149,1.6995884773662553
IND411033AAA,IND411036AAA,Carting,morning,5,5,2.35,58.0,27.0,1.0,167.0,2.2,2.23
IND411033AAA,IND411036AAA,Carting,night,10,10,2.8194444444444446,77.5,28.0,1.0,768.0,2.125,2.3564814814814814
IND411033AAA,IND413002AAA,FTL,afternoon,21,21,1.6136363636363635,377.0,233.0,1.0,3101.0,1.7676767676767677,1.688778024143878
IND411033AAA,IND413002AAA,FTL,late_evening,4,4,1.3900443022397244,345.5,243.5,1.0,392.0,1.8333333333333333,1.7594518281510652
IND411033AAA,IND413002AAA,FTL,night,2,2,1.830094537815126,420.0,231.0,1.0,378.0,1.8226866738120757,1.8233601159941712
IND411033AAA,IND413501AAA,FTL,afternoon,1,1,2.2384615384615385,582.0,260.0,1.0,322.0,1.7676767676767677,1.79009509009509
IND411033AAA,IND414001AAA,FTL,evening,3,3,1.825242718446602,190.0,103.0,1.0,267.0,1.7703025992499675,1.7774687017538766
IND411033AAA,IND416012AAA,FTL,morning,8,8,1.5343013468013469,355.0,222.0,1.0,1226.0,1.8750586854460094,1.777699445833249
IND411033AAA,IND416012AAA,FTL,night,5,5,1.617391304347826,364.0,227.0,1.0,667.0,1.8226866738120757,1.781627599919226
IND411033AAA,IND421302AAG,FTL,afternoon,35,35,1.680672268907563,199.0,115.0,1.0,3487.0,1.7676767676767677,1.7123102684600011
IND411033AAA,IND421302AAG,FTL,evening,3,3,1.6636363636363636,183.0,115.0,1.0,262.0,1.7703025992499675,1.7563896119960192
IND411033AAA,IND421302AAG,FTL,late_evening,11,11,1.6551724137931034,192.0,116.0,1.0,856.0,1.8333333333333333,1.7701149425287355
IND411033AAA,IND421302AAG,FTL,morning,20,20,1.8378516624040921,220.0,116.5,1.0,2237.0,1.8750586854460094,1.8564551739250508
IND411033AAA,IND421302AAG,FTL,night,38,38,1.8723024375097035,210.5,115.0,1.0,4221.0,1.8226866738120757,1.8551935534760389
IND411033AAA,IND431136AAC,FTL,morning,7,7,2.133720930232558,371.0,172.0,1.0,1432.0,1.8750586854460094,1.9421192674277075
IND411033AAA,IND431136AAC,FTL,night,5,5,2.2151162790697674,381.0,170.0,1.0,974.0,1.8226866738120757,1.9011725948636142
IND411033AAA,IND431603AAA,FTL,morning,10,10,2.0654236824313448,728.0,356.5,1.0,3823.0,1.8750586854460094,1.9385136844411213
IND411033AAA,IND431603AAA,FTL,night,5,5,2.1145251396648046,757.0,355.0,1.0,2254.0,1.8226866738120757,1.8810543669826216
IND411033AAA,IND501359AAE,FTL,late_evening,3,3,1.4166666666666667,799.0,564.0,1.0,770.0,1.8333333333333333,1.7789855072463767
IND411033AAA,IND501359AAE,FTL,night,8,8,1.4445623746991045,790.5,563.0,1.0,2024.0,1.8226866738120757,1.7146511597797982
IND411033AAA,IND521225AAB,FTL,morning,1,1,1.5481220657276995,1319.0,852.0,1.0,467.0,1.8750586854460094,1.8594902749832327
IND411033AAA,IND521225AAB,FTL,night,9,9,1.5785627283800243,1331.0,850.0,1.0,4604.0,1.8226866738120757,1.7469240700573012
IND411033AAA,IND562132AAA,FTL,evening,2,2,1.6965125887041896,1088.5,641.5,1.0,894.0,1.7703025992499675,1.7635944164730786
IND411033AAA,IND562132AAA,FTL,late_evening,5,5,1.6770186335403727,1086.0,656.0,1.0,2259.0,1.8333333333333333,1.802070393374741
IND411033AAA,IND562132AAA,FTL,night,3,3,2.074468085106383,1365.0,638.0,1.0,1812.0,1.8226866738120757,1.8555277274591593
IND411033AAA,IND580028AAA,FTL,evening,2,2,1.5393199362131496,580.0,376.5,1.0,407.0,1.7703025992499675,1.7493041753375296
IND411033AAA,IND580028AAA,FTL,late_evening,1,1,1.6,608.0,380.0,1.0,228.0,1.8333333333333333,1.8222222222222222
IND411033AAA,IND580028AAA,FTL,night,2,2,1.6665159280474324,666.0,400.0,1.0,532.0,1.8226866738120757,1.8084893332880172
IND411033AAB,IND411057AAF,Carting,morning,1,1,4.388888888888889,79.0,18.0,1.0,61.0,2.2,2.304232804232804
IND411036AAA,IND411033AAA,Carting,afternoon,1,1,3.230769230769231,84.0,26.0,1.0,58.0,2.234668335419274,2.2821017113883193
IND411036AAA,IND411033AAA,Carting,evening,6,6,1.7968936678614098,52.5,30.5,1.0,153.0,1.7540983606557377,1.7639742007801236
IND411036AAA,IND411033AAA,Carting,late_evening,7,7,1.7241379310344827,53.0,29.0,1.0,171.0,1.8148148148148149,1.791305993093988
IND411036AAA,IND411033AAA,Carting,morning,7,7,3.3214285714285716,96.0,29.0,1.0,505.0,2.2,2.490740740740741
IND411036AAA,IND411033AAA,Carting,night,12,12,2.4292385057471266,68.0,29.0,1.0,650.0,2.125,2.2390894396551726
IND411043AAA,IND411014AAA,Carting,morning,1,1,3.4,68.0,20.0,1.0,48.0,2.2,2.257142857142857
IND411043AAA,IND411014AAA,Carting,night,2,2,4.0,60.0,15.0,1.0,90.0,2.125,2.2954545454545454
IND411048AAA,IND411014AAA,Carting,morning,1,1,4.111111111111111,74.0,18.0,1.0,56.0,2.2,2.291005291005291
IND411048AAA,IND411014AAA,Carting,night,1,1,5.0,80.0,16.0,1.0,64.0,2.125,2.261904761904762
IND412105AAC,IND411017AAA,Carting,morning,12,12,2.1026315789473684,34.0,16.0,1.0,203.0,2.2,2.163486842105263
IND412105AAC,IND411017AAA,Carting,night,21,21,2.5555555555555554,38.0,15.0,1.0,552.0,2.125,2.3455284552845526
IND412210AAC,IND411033AAA,FTL,night,2,2,1.9024390243902438,156.0,82.0,1.0,148.0,1.8226866738120757,1.8299368875010003
IND412803AAB,IND421802AAA,FTL,night,2,2,1.1150537634408602,34.0,30.5,0.0,7.0,1.8226866738120757,1.7583564092328743
IND413002AAA,IND413304AAA,Carting,late_evening,3,3,2.36,118.0,50.0,1.0,205.0,1.8148148148148149,1.885925925925926
IND413002AAA,IND413304AAA,Carting,night,7,7,2.0408163265306123,102.0,50.0,1.0,398.0,2.125,2.1031746031746033
IND413002AAA,IND413307AAC,Carting,late_evening,1,1,2.169491525423729,128.0,59.0,1.0,69.0,1.8148148148148149,1.831704181986668
IND413002AAA,IND413501AAA,FTL,late_evening,21,21,1.553191489361702,74.0,47.0,1.0,602.0,1.8333333333333333,1.6898460473966441
IND413002AAA,IND421302AAG,FTL,night,9,9,2.2,728.0,326.0,1.0,3717.0,1.8226866738120757,1.9397839129738457
IND413002AAA,IND501359AAE,FTL,afternoon,3,3,1.3832335329341316,462.0,334.0,1.0,342.0,1.7676767676767677,1.7175319979277284
IND413002AAA,IND501359AAE,FTL,morning,14,14,1.5249468238754234,483.5,334.0,1.0,2716.0,1.8750586854460094,1.7308949777404743
IND413304AAA,IND413002AAA,Carting,morning,5,5,2.0,104.0,51.0,1.0,259.0,2.2,2.16
IND413304AAA,IND415301AAB,Carting,night,6,6,1.5255102040816326,75.5,50.0,1.0,155.0,2.125,1.9866562009419153
IND413307AAB,IND413304AAA,Carting,night,3,3,2.380952380952381,52.0,22.0,1.0,126.0,2.125,2.1583850931677016
IND413307AAC,IND413002AAA,Carting,night,1,1,2.3205128205128207,181.0,78.0,1.0,103.0,2.125,2.1343101343101343
IND413401AAA,IND411033AAA,FTL,night,19,19,1.8677248677248677,374.0,194.0,1.0,3434.0,1.8226866738120757,1.8446283580260001
IND413501AAA,IND411033AAA,FTL,night,1,1,2.0616740088105727,468.0,227.0,1.0,241.0,1.8226866738120757,1.8340670230977185
IND413501AAA,IND413401AAA,FTL,night,21,21,1.4411764705882353,49.0,34.0,1.0,318.0,1.8226866738120757,1.6272790087462061
IND413517AAA,IND431603AAA,Carting,morning,1,1,2.891304347826087,266.0,92.0,1.0,174.0,2.2,2.232919254658385
IND413517AAA,IND431717AAA,Carting,morning,2,2,3.069736842105263,120.0,39.0,1.0,162.0,2.2,2.279066985645933
IND413531AAA,IND413517AAA,Carting,morning,3,3,2.7209302325581395,117.0,43.0,1.0,210.0,2.2,2.267947421638018
IND413531AAA,IND413517AAA,Carting,night,1,1,2.738095238095238,115.0,42.0,1.0,73.0,2.125,2.1541950113378685
IND413709AAA,IND423109AAA,Carting,night,13,13,1.2142857142857142,51.0,43.0,0.5384615384615384,150.0,2.125,1.7662337662337662
IND413709AAA,IND423601AAA,Carting,morning,1,1,1.018181818181818,56.0,55.0,0.0,1.0,2.2,2.1437229437229437
IND413709AAA,IND423701AAB,Carting,morning,2,2,2.3259109311740893,89.5,38.5,1.0,102.0,2.2,2.2114464482885534
IND413709AAA,IND423701AAB,Carting,night,1,1,2.15,86.0,40.0,1.0,46.0,2.125,2.126190476190476
IND414001AAA,IND411033AAA,FTL,night,1,1,2.2831858407079646,258.0,113.0,1.0,145.0,1.8226866738120757,1.844615205569023
IND414001AAA,IND414203AAB,FTL,night,1,1,1.813953488372093,78.0,43.0,1.0,35.0,1.8226866738120757,1.8222708078387433
IND414001AAA,IND414302AAB,FTL,night,1,1,1.606060606060606,53.0,33.0,1.0,20.0,1.8226866738120757,1.8123711467762917
IND414203AAB,IND414302AAB,FTL,night,1,1,1.8082191780821917,132.0,73.0,1.0,59.0,1.8226866738120757,1.821997745443986
IND414302AAB,IND411033AAA,FTL,morning,2,2,2.311134648484046,200.0,87.0,1.0,226.0,1.8750586854460094,1.914701954813104
IND414302AAB,IND412210AAC,FTL,night,1,1,1.736842105263158,33.0,19.0,1.0,14.0,1.8226866738120757,1.8185988372145083
IND414502AAA,IND431107AAB,FTL,night,7,7,1.5769230769230769,41.0,25.0,1.0,107.0,1.8226866738120757,1.7589701857297428
IND415003AAA,IND411033AAA,FTL,late_evening,1,1,1.353448275862069,157.0,116.0,1.0,41.0,1.8333333333333333,1.8104816639299397
IND415003AAA,IND411033AAA,FTL,night,1,1,1.391304347826087,160.0,115.0,1.0,45.0,1.8226866738120757,1.8021446582889336
IND415003AAA,IND412803AAB,FTL,late_evening,1,1,1.119047619047619,47.0,42.0,0.0,5.0,1.8333333333333333,1.7993197278911564
IND415003AAA,IND412803AAB,FTL,night,6,6,1.2242524916943522,55.0,43.0,0.5,66.0,1.8226866738120757,1.684586477938755
IND415124AAA,IND415605AAA,FTL,late_evening,3,3,1.0710059171597632,181.0,166.0,0.0,30.0,1.8333333333333333,1.733899322528085
IND415124AAA,IND415605AAA,FTL,night,13,13,1.103030303030303,184.0,165.0,0.23076923076923078,281.0,1.8226866738120757,1.5391856792616805
IND415301AAB,IND413307AAB,Carting,night,4,4,1.868140868140868,65.0,34.0,1.0,111.0,2.125,2.0821901446901445
IND415408AAC,IND416012AAA,FTL,morning,9,9,4.36734693877551,214.0,49.0,1.0,1607.0,1.8750586854460094,2.6485274537206824
IND415409AAB,IND415124AAA,FTL,late_evening,11,11,1.7391304347826086,40.0,23.0,0.9090909090909091,190.0,1.8333333333333333,1.7999064983637212
IND415409AAB,IND415124AAA,FTL,night,2,2,1.6567505720823799,36.0,21.0,0.5,30.0,1.8226866738120757,1.8076015736548308
IND415605AAA,IND415709AAA,FTL,night,16,16,2.520833333333333,59.5,24.0,1.0,518.0,1.8226866738120757,2.1329740780437456
IND415612AAA,IND415408AAC,FTL,night,8,8,2.656454141625294,234.0,89.0,1.0,1167.0,1.8226866738120757,2.060905950330138
IND415709AAA,IND416012AAA,FTL,morning,1,1,1.4689922480620154,379.0,258.0,1.0,121.0,1.8750586854460094,1.8557221884277242
IND415709AAA,IND416012AAA,FTL,night,4,4,1.617225172434841,414.0,258.0,1.0,584.0,1.8226866738120757,1.7884430902492034
IND415709AAA,IND416122AAA,FTL,night,1,1,1.1764705882352942,300.0,255.0,0.0,45.0,1.8226866738120757,1.7919144792608006
IND416012AAA,IND395023AAA,FTL,afternoon,15,15,1.691683569979716,845.0,514.0,1.0,5185.0,1.7676767676767677,1.7351082543780312
IND416012AAA,IND415003AAA,FTL,evening,8,8,1.952127659574468,183.5,94.0,1.0,735.0,1.7703025992499675,1.822252616485539
IND416012AAA,IND415409AAB,FTL,evening,4,4,1.886592741935484,59.5,32.5,1.0,132.0,1.7703025992499675,1.7896842896975536
IND416012AAA,IND415612AAA,FTL,evening,5,5,3.0210526315789474,287.0,96.0,1.0,1202.0,1.7703025992499675,2.0204526057157635
IND416012AAA,IND415612AAA,FTL,late_evening,4,4,2.889137737961926,273.0,95.0,1.0,715.0,1.8333333333333333,2.0093007341047655
IND416012AAA,IND415612AAA,FTL,night,1,1,2.7333333333333334,246.0,90.0,1.0,156.0,1.8226866738120757,1.8660508004559453
IND416012AAA,IND591237AAB,FTL,evening,5,5,2.3225806451612905,72.0,32.0,1.0,216.0,1.7703025992499675,1.880758208432232
IND416012AAA,IND591237AAB,FTL,late_evening,5,5,2.4444444444444446,66.0,27.0,1.0,201.0,1.8333333333333333,1.9555555555555555
IND416122AAA,IND395023AAA,FTL,afternoon,1,1,1.8016032064128256,899.0,499.0,1.0,400.0,1.7676767676767677,1.769292312378485
IND416404AAA,IND416012AAA,FTL,morning,5,5,4.77,477.0,100.0,1.0,1433.0,1.8750586854460094,2.4540469483568073
IND416404AAA,IND416012AAA,FTL,night,1,1,5.22,522.0,100.0,1.0,422.0,1.8226866738120757,1.9844634988686436
IND416510AAA,IND416602AAC,FTL,morning,2,2,2.5375,101.5,40.0,1.0,123.0,1.8750586854460094,1.9352806231327362
IND416510AAA,IND416602AAC,FTL,night,4,4,2.9775641025641026,117.5,39.0,1.0,301.0,1.8226866738120757,2.015166245270747
IND416510AAA,IND416606AAA,Carting,morning,3,3,1.6724137931034482,97.0,58.0,1.0,130.0,2.2,2.131184407796102
IND416510AAA,IND416606AAA,Carting,night,11,11,1.8,96.0,48.0,1.0,496.0,2.125,2.009677419354839
IND416602AAC,IND411033AAA,FTL,morning,7,7,2.2822299651567945,655.0,291.0,1.0,2898.0,1.8750586854460094,1.9806216098154723
IND416606AAA,IND416510AAA,Carting,morning,8,8,10.0,1207.0,44.0,1.0,10532.0,2.2,4.428571428571429
IND416606AAA,IND416510AAA,Carting,night,2,2,10.0,942.0,45.0,1.0,1794.0,2.125,2.840909090909091
IND421301AAA,IND421302AAR,Carting,night,15,15,3.8,36.0,9.0,1.0,458.0,2.125,2.842857142857143
IND421302AAF,IND421302AAR,Carting,night,12,12,2.9444444444444446,26.5,9.0,1.0,214.0,2.125,2.432291666666667
IND421302AAG,IND000000ACB,FTL,evening,1,1,1.7246925260170294,1823.0,1057.0,1.0,766.0,1.7703025992499675,1.7681306910007801
IND421302AAG,IND000000ACB,FTL,morning,13,13,1.8966535433070866,1968.0,1025.0,1.0,12639.0,1.8750586854460094,1.8835657506640096
IND421302AAG,IND000000ACB,FTL,night,12,12,1.7992614885358118,1913.5,1046.0,1.0,10308.0,1.8226866738120757,1.8139022293334768
IND421302AAG,IND000000AFT,Carting,afternoon,11,11,6.9,138.0,21.0,1.0,1150.0,2.234668335419274,3.8901086034963055
IND421302AAG,IND000000AFT,Carting,evening,13,13,2.0434782608695654,47.0,21.0,1.0,354.0,1.7540983606557377,1.8680965031642152
IND421302AAG,IND000000AFT,Carting,late_evening,4,4,2.3198757763975157,54.5,23.0,1.0,117.0,1.8148148148148149,1.8989916417452648
IND421302AAG,IND000000AFT,Carting,morning,5,5,3.3,66.0,19.0,1.0,587.0,2.2,2.42
IND421302AAG,IND000000AFT,Carting,night,21,21,2.4285714285714284,47.0,20.0,1.0,905.0,2.125,2.2804878048780486
IND421302AAG,IND110037AAM,FTL,morning,1,1,1.8600713012477719,2087.0,1122.0,1.0,965.0,1.8750586854460094,1.8743450004841886
IND421302AAG,IND110037AAM,FTL,night,18,18,1.9085087438929729,2107.0,1103.0,1.0,18163.0,1.8226866738120757,1.8633392333240797
IND421302AAG,IND131028AAB,FTL,evening,4,4,1.7927420747461196,1967.5,1097.5,1.0,3493.0,1.7703025992499675,1.7740425118326595
IND421302AAG,IND131028AAB,FTL,late_evening,7,7,1.839572192513369,2016.0,1094.0,1.0,6068.0,1.8333333333333333,1.834950815342972
IND421302AAG,IND131028AAB,FTL,night,3,3,1.7846153846153847,1972.0,1100.0,1.0,2663.0,1.8226866738120757,1.8177208534820728
IND421302AAG,IND160002AAC,FTL,night,1,1,1.7876543209876543,2172.0,1215.0,1.0,957.0,1.8226866738120757,1.8210184665347224
IND421302AAG,IND382430AAB,FTL,afternoon,6,6,2.012450333104293,736.5,380.5,1.0,2279.0,1.7676767676767677,1.8241629750831196
IND421302AAG,IND382430AAB,FTL,evening,2,2,2.11630021890291,746.0,352.5,1.0,787.0,1.7703025992499675,1.801756928309326
IND421302AAG,IND382430AAB,FTL,late_evening,6,6,2.06735901907933,742.5,367.5,1.0,2305.0,1.8333333333333333,1.8873392608131785
IND421302AAG,IND382430AAB,FTL,morning,4,4,1.9269997036953423,725.5,377.0,1.0,1491.0,1.8750586854460094,1.8837155218208983
IND421302AAG,IND395023AAA,FTL,afternoon,6,6,2.2976710753306495,428.5,186.0,1.0,1705.0,1.7676767676767677,1.889983146366125
IND421302AAG,IND395023AAA,FTL,morning,1,1,2.769662921348315,493.0,178.0,1.0,315.0,1.8750586854460094,1.917658887155643
IND421302AAG,IND395023AAA,FTL,night,4,4,2.2491480611045827,419.0,184.5,1.0,976.0,1.8226866738120757,1.8937635716941603
IND421302AAG,IND400015AAA,Carting,afternoon,15,15,2.65625,85.0,30.0,1.0,1045.0,2.234668335419274,2.4153461916681565
IND421302AAG,IND400015AAA,Carting,evening,13,13,2.3636363636363638,73.0,32.0,1.0,593.0,1.7540983606557377,1.994219392132954
IND421302AAG,IND400015AAA,Carting,late_evening,1,1,2.0,60.0,30.0,1.0,30.0,1.8148148148148149,1.8236331569664903
IND421302AAG,IND400015AAA,Carting,morning,7,7,2.914285714285714,102.0,32.0,1.0,563.0,2.2,2.3851851851851853
IND421302AAG,IND400015AAA,Carting,night,13,13,2.586206896551724,78.0,31.0,1.0,847.0,2.125,2.306687565308255
IND421302AAG,IND400015AAB,Carting,afternoon,2,2,2.209090909090909,69.5,31.5,1.0,76.0,2.234668335419274,2.232343114843968
IND421302AAG,IND400015AAB,Carting,evening,11,11,1.8928571428571428,58.0,32.0,1.0,350.0,1.7540983606557377,1.8033353478884941
IND421302AAG,IND400015AAB,Carting,late_evening,3,3,1.962962962962963,55.0,29.0,1.0,111.0,1.8148148148148149,1.8341384863123995
IND421302AAG,IND400015AAB,Carting,morning,5,5,3.1333333333333333,94.0,30.0,1.0,338.0,2.2,2.3866666666666667
IND421302AAG,IND400015AAB,Carting,night,10,10,2.7360215053763444,85.5,30.0,1.0,590.0,2.125,2.328673835125448
IND421302AAG,IND400072AAA,Carting,afternoon,6,6,2.509569377990431,50.5,21.5,1.0,221.0,2.234668335419274,2.2981070375510795
IND421302AAG,IND400072AAA,Carting,evening,10,10,2.116883116883117,48.0,23.0,1.0,262.0,1.7540983606557377,1.8750266127315307
IND421302AAG,IND400072AAA,Carting,late_evening,3,3,2.0,44.0,22.0,1.0,91.0,1.8148148148148149,1.8389694041867954
IND421302AAG,IND400072AAA,Carting,morning,1,1,2.736842105263158,52.0,19.0,1.0,33.0,2.2,2.225563909774436
IND421302AAG,IND400072AAA,Carting,night,9,9,3.4545454545454546,76.0,22.0,1.0,566.0,2.125,2.5376175548589344
IND421302AAG,IND400072AAB,Carting,afternoon,17,17,2.3,48.0,22.0,1.0,612.0,2.234668335419274,2.264685586713121
IND421302AAG,IND400072AAB,Carting,evening,17,17,1.894736842105263,39.0,21.0,1.0,368.0,1.7540983606557377,1.818716041321736
IND421302AAG,IND400072AAB,Carting,late_evening,15,15,2.1818181818181817,47.0,23.0,1.0,545.0,1.8148148148148149,1.9721019721019721
IND421302AAG,IND400072AAB,Carting,morning,28,28,2.973684210526316,59.0,21.0,1.0,1308.0,2.2,2.6513157894736845
IND421302AAG,IND400072AAB,Carting,night,28,28,2.8791866028708135,60.0,21.0,1.0,1270.0,2.125,2.5649421850079746
IND421302AAG,IND400072AAJ,Carting,afternoon,11,11,3.6818181818181817,81.0,22.0,1.0,703.0,2.234668335419274,2.7481731196253376
IND421302AAG,IND400072AAJ,Carting,evening,11,11,2.0454545454545454,46.0,22.0,1.0,333.0,1.7540983606557377,1.8574828133262824
IND421302AAG,IND400072AAJ,Carting,late_evening,4,4,1.8695652173913042,43.0,23.0,1.0,124.0,1.8148148148148149,1.8239398819108965
IND421302AAG,IND400072AAJ,Carting,morning,1,1,4.266666666666667,64.0,15.0,1.0,49.0,2.2,2.2984126984126982
IND421302AAG,IND400072AAJ,Carting,night,11,11,3.130434782608696,72.0,22.0,1.0,549.0,2.125,2.4817671809256665
IND421302AAG,IND400078AAB,Carting,night,1,1,2.6666666666666665,32.0,12.0,1.0,20.0,2.125,2.1507936507936507
IND421302AAG,IND400102AAB,Carting,afternoon,1,1,3.676470588235294,125.0,34.0,1.0,91.0,2.234668335419274,2.3033255855533703
IND421302AAG,IND400102AAB,Carting,evening,13,13,1.8461538461538463,49.0,28.0,1.0,317.0,1.7540983606557377,1.790362642821659
IND421302AAG,IND400102AAB,Carting,late_evening,2,2,2.0912698412698414,57.5,27.5,1.0,60.0,1.8148148148148149,1.83994708994709
IND421302AAG,IND400102AAB,Carting,morning,6,6,3.4525641025641027,96.5,28.0,1.0,440.0,2.2,2.4890532544378696
IND421302AAG,IND400102AAB,Carting,night,11,11,3.25,80.0,28.0,1.0,764.0,2.125,2.524193548387097
IND421302AAG,IND400102AAC,Carting,afternoon,19,19,2.8076923076923075,76.0,28.0,1.0,1246.0,2.234668335419274,2.5138338603728028
IND421302AAG,IND400102AAC,Carting,evening,12,12,1.8887362637362637,51.0,26.5,0.9166666666666666,396.0,1.7540983606557377,1.804587574310935
IND421302AAG,IND400102AAC,Carting,late_evening,6,6,1.7158620689655173,46.0,27.5,1.0,143.0,1.8148148148148149,1.7919795657726694
IND421302AAG,IND400102AAC,Carting,morning,10,10,3.4047619047619047,92.5,28.0,1.0,1328.0,2.2,2.6015873015873012
IND421302AAG,IND400102AAC,Carting,night,15,15,2.9655172413793105,90.0,29.0,1.0,1109.0,2.125,2.485221674876847
IND421302AAG,IND400701AAB,Carting,afternoon,6,6,2.9904761904761905,61.5,21.5,1.0,452.0,2.234668335419274,2.4090855327401006
IND421302AAG,IND400701AAB,Carting,evening,4,4,2.610983981693364,55.0,21.0,1.0,143.0,1.7540983606557377,1.8969126308286752
IND421302AAG,IND400701AAB,Carting,late_evening,5,5,2.1363636363636362,42.0,20.0,1.0,131.0,1.8148148148148149,1.8791245791245792
IND421302AAG,IND400701AAB,Carting,morning,1,1,3.5238095238095237,74.0,21.0,1.0,53.0,2.2,2.2630385487528346
IND421302AAG,IND400701AAB,Carting,night,6,6,2.3636363636363638,52.0,21.0,1.0,206.0,2.125,2.1800699300699304
IND421302AAG,IND401104AAA,Carting,afternoon,18,18,3.1016666666666666,76.5,25.0,1.0,1038.0,2.234668335419274,2.6453517554838286
IND421302AAG,IND401104AAA,Carting,evening,15,15,2.5,58.0,24.0,1.0,674.0,1.7540983606557377,2.0737704918032787
IND421302AAG,IND401104AAA,Carting,late_evening,9,9,3.32,83.0,25.0,1.0,513.0,1.8148148148148149,2.2819412515964244
IND421302AAG,IND401104AAA,Carting,morning,14,14,2.7803030303030303,62.5,24.5,1.0,1171.0,2.2,2.4389483065953654
IND421302AAG,IND401104AAA,Carting,night,22,22,2.5716666666666668,59.5,24.5,1.0,870.0,2.125,2.358968253968254
IND421302AAG,IND401104AAB,Carting,evening,3,3,2.125,51.0,24.0,1.0,90.0,1.7540983606557377,1.8024768353528153
IND421302AAG,IND401104AAB,Carting,late_evening,2,2,1.96,49.0,25.0,1.0,48.0,1.8148148148148149,1.828013468013468
IND421302AAG,IND401104AAB,Carting,morning,1,1,2.269230769230769,59.0,26.0,1.0,33.0,2.2,2.203296703296703
IND421302AAG,IND401104AAB,Carting,night,4,4,2.3449999999999998,62.0,24.5,1.0,133.0,2.125,2.1616666666666666
IND421302AAG,IND410401AAA,FTL,evening,1,1,2.0246913580246915,164.0,81.0,1.0,83.0,1.7703025992499675,1.7824163496678114
IND421302AAG,IND410401AAA,FTL,late_evening,10,10,1.9939759036144578,164.0,82.0,1.0,890.0,1.8333333333333333,1.8868808567603748
IND421302AAG,IND411033AAA,FTL,afternoon,13,13,1.908256880733945,220.0,114.0,1.0,1322.0,1.7676767676767677,1.8230568122144435
IND421302AAG,IND411033AAA,FTL,evening,11,11,1.7889908256880733,195.0,114.0,1.0,979.0,1.7703025992499675,1.7769339054054243
IND421302AAG,IND411033AAA,FTL,late_evening,27,27,1.752212389380531,202.0,114.0,1.0,2768.0,1.8333333333333333,1.786731939998745
IND421302AAG,IND411033AAA,FTL,morning,17,17,2.024193548387097,229.0,113.0,1.0,2151.0,1.8750586854460094,1.943580108959482
IND421302AAG,IND411033AAA,FTL,night,4,4,2.29894426331315,261.0,113.5,1.0,653.0,1.8226866738120757,1.9020629387289214
IND421302AAG,IND413002AAA,FTL,evening,5,5,1.8575498575498575,636.0,337.0,1.0,1577.0,1.7703025992499675,1.7877520509099454
IND421302AAG,IND413002AAA,FTL,late_evening,2,2,1.9027842467525746,648.0,340.5,1.0,615.0,1.8333333333333333,1.8396470527350823
IND421302AAG,IND421401AAC,Carting,night,10,10,2.6841133004926108,78.5,29.0,1.0,506.0,2.125,2.3113711001642034
IND421302AAG,IND422011AAD,FTL,afternoon,18,18,1.763157894736842,169.0,96.0,1.0,1386.0,1.7676767676767677,1.7655362489157505
IND421302AAG,IND422011AAD,FTL,evening,3,3,1.7204301075268817,167.0,94.0,1.0,214.0,1.7703025992499675,1.763797491633913
IND421302AAG,IND444005AAB,FTL,afternoon,10,10,2.2941455696202535,934.0,396.5,1.0,5263.0,1.7676767676767677,1.9431663683245963
IND421302AAG,IND444005AAB,FTL,evening,10,10,2.3464737738834125,939.0,395.0,1.0,5467.0,1.7703025992499675,1.9623596574611157
IND421302AAG,IND462022AAA,FTL,afternoon,1,1,2.0718038528896674,1183.0,571.0,1.0,612.0,1.7676767676767677,1.782159009829763
IND421302AAG,IND462022AAA,FTL,evening,1,1,2.063047285464098,1178.0,571.0,1.0,607.0,1.7703025992499675,1.7842428224030216
IND421302AAG,IND462022AAA,FTL,late_evening,9,9,2.1321739130434785,1224.0,569.0,1.0,5744.0,1.8333333333333333,1.9260769615192403
IND421302AAG,IND462022AAA,FTL,night,1,1,2.218348623853211,1209.0,545.0,1.0,664.0,1.8226866738120757,1.8415277190521298
IND421302AAG,IND501359AAE,FTL,afternoon,10,10,1.5972591325702759,1089.5,684.5,1.0,4177.0,1.7676767676767677,1.7108708893079372
IND421302AAG,IND501359AAE,FTL,evening,2,2,1.8918179266467066,1236.5,654.0,1.0,1165.0,1.7703025992499675,1.7813494471951257
IND421302AAG,IND501359AAE,FTL,morning,12,12,1.6103780806103498,1109.5,680.5,1.0,5048.0,1.8750586854460094,1.7758034586326372
IND421302AAG,IND562132AAA,FTL,afternoon,1,1,1.605095541401274,1260.0,785.0,1.0,475.0,1.7676767676767677,1.759934804520792
IND421302AAG,IND562132AAA,FTL,evening,6,6,1.5982733525106405,1227.0,759.0,1.0,2954.0,1.7703025992499675,1.730603542310123
IND421302AAG,IND562132AAA,FTL,late_evening,2,2,1.6501715749039692,1262.0,765.5,1.0,993.0,1.8333333333333333,1.8166822643852092
IND421302AAG,IND562132AAA,FTL,morning,6,6,1.6371900306158964,1258.0,765.0,1.0,3060.0,1.8750586854460094,1.8201659189467527
IND421302AAG,IND562132AAA,FTL,night,15,15,1.7807133421400265,1348.0,757.0,1.0,9969.0,1.8226866738120757,1.8046981030954834
IND421302AAG,IND712311AAA,FTL,late_evening,2,2,1.5512215742545863,2924.0,1885.0,1.0,2078.0,1.8333333333333333,1.80768680978072
IND421302AAG,IND712311AAA,FTL,night,7,7,1.5395081109366824,2918.0,1895.0,1.0,7230.0,1.8226866738120757,1.7492700093629
IND421302AAG,IND834002AAB,FTL,night,4,4,1.7811062564462388,2659.0,1493.0,1.0,4646.0,1.8226866738120757,1.8157566042511029
IND421302AAN,IND400072AAB,Carting,morning,16,16,2.583333333333333,53.0,21.0,1.0,516.0,2.2,2.3703703703703702
IND421302AAR,IND400612AAA,Carting,late_evening,1,1,2.3333333333333335,28.0,12.0,1.0,16.0,1.8148148148148149,1.8395061728395063
IND421302AAR,IND400612AAA,Carting,night,13,13,2.4,26.0,11.0,1.0,218.0,2.125,2.2333333333333334
IND421302AAR,IND421004AAA,Carting,late_evening,2,2,2.0064102564102564,25.0,12.5,1.0,25.0,1.8148148148148149,1.8322325822325822
IND421302AAR,IND421004AAA,Carting,night,25,25,3.6,36.0,11.0,1.0,814.0,2.125,2.9444444444444446
IND421302AAR,IND421301AAA,Carting,morning,1,1,3.875,31.0,8.0,1.0,23.0,2.2,2.2797619047619047
IND421302AAR,IND421301AAA,Carting,night,16,16,4.25,44.5,10.0,1.0,598.0,2.125,3.0694444444444446
IND421302AAR,IND421302AAF,Carting,night,1,1,4.235294117647059,72.0,17.0,1.0,55.0,2.125,2.2254901960784315
IND421401AAC,IND421601AAB,Carting,night,11,11,2.888888888888889,48.0,17.0,1.0,359.0,2.125,2.3960573476702507
IND421502AAA,IND421302AAR,Carting,night,17,17,3.5,56.0,16.0,1.0,735.0,2.125,2.7567567567567566
IND421601AAB,IND421302AAG,Carting,morning,1,1,1.9655172413793103,57.0,29.0,1.0,28.0,2.2,2.1888341543513956
IND421601AAB,IND421302AAG,Carting,night,13,13,3.903225806451613,121.0,29.0,1.0,1604.0,2.125,2.8255131964809386
IND421802AAA,IND411033AAA,FTL,night,7,7,1.7397260273972603,127.0,75.0,1.0,364.0,1.8226866738120757,1.8011783580749015
IND422011AAD,IND413709AAA,Carting,night,1,1,1.5354330708661417,195.0,127.0,1.0,68.0,2.125,2.0969253843269593
IND422011AAD,IND421302AAG,FTL,late_evening,21,21,2.3333333333333335,212.0,95.0,1.0,4114.0,1.8333333333333333,2.089430894308943
IND422011AAD,IND422103AAC,Carting,night,11,11,0.8867924528301887,52.0,60.0,0.18181818181818182,98.0,2.125,1.6856360316494219
IND422011AAD,IND423109AAA,Carting,night,2,2,1.5158476658476658,130.5,92.0,0.5,77.0,2.125,2.0696225150770604
IND422103AAC,IND422605AAA,Carting,night,10,10,1.895320197044335,54.0,29.0,1.0,260.0,2.125,2.048440065681445
IND422103AAC,IND423601AAA,Carting,night,1,1,2.1,84.0,40.0,1.0,44.0,2.125,2.123809523809524
IND422605AAA,IND413709AAA,Carting,night,9,9,1.9069767441860466,82.0,43.0,1.0,345.0,2.125,2.0573376102646352
IND422605AAA,IND423109AAA,Carting,night,1,1,2.2027027027027026,163.0,74.0,1.0,89.0,2.125,2.1287001287001286
IND423105AAA,IND423106AAA,FTL,night,1,1,1.393939393939394,46.0,33.0,1.0,13.0,1.8226866738120757,1.8022701366752814
IND423105AAA,IND423301AAB,FTL,night,7,7,1.5151515151515151,50.0,33.0,1.0,126.0,1.8226866738120757,1.74295533638156
IND423106AAA,IND423105AAA,FTL,night,8,8,1.5663992869875223,52.5,33.5,1.0,239.0,1.8226866738120757,1.7494617061479176
IND423109AAA,IND413709AAA,Carting,night,1,1,1.4285714285714286,50.0,35.0,1.0,15.0,2.125,2.0918367346938775
IND423109AAA,IND423601AAA,Carting,morning,9,9,2.5714285714285716,18.0,9.0,1.0,162.0,2.2,2.315270935960591
IND423109AAA,IND423601AAA,Carting,night,3,3,2.0,16.0,8.0,1.0,32.0,2.125,2.108695652173913
IND423109AAA,IND423701AAB,Carting,morning,1,1,2.8333333333333335,68.0,24.0,1.0,44.0,2.2,2.2301587301587302
IND423601AAA,IND413709AAA,Carting,night,3,3,1.2452830188679245,66.0,54.0,0.6666666666666666,72.0,2.125,2.01025430680886
IND423601AAA,IND423701AAB,Carting,morning,11,11,1.7666666666666666,53.0,30.0,1.0,308.0,2.2,2.046236559139785
IND423601AAA,IND423701AAB,Carting,night,1,1,1.7333333333333334,52.0,30.0,1.0,22.0,2.125,2.1063492063492064
IND423701AAB,IND422011AAD,Carting,morning,18,18,1.7037578757875789,178.0,92.0,0.8888888888888888,1371.0,2.2,1.9649379411625374
IND424006AAA,IND421302AAG,FTL,morning,8,8,2.2333333333333334,454.0,195.5,1.0,1981.0,1.8750586854460094,1.9774228705566734
IND424006AAA,IND423105AAA,FTL,night,1,1,4.205882352941177,143.0,34.0,1.0,109.0,1.8226866738120757,1.9361721823420328
IND424006AAA,IND423106AAA,FTL,late_evening,1,1,1.4666666666666666,88.0,60.0,1.0,28.0,1.8333333333333333,1.8158730158730159
IND424006AAA,IND423106AAA,FTL,night,4,4,1.328125,85.0,64.0,0.75,85.0,1.8226866738120757,1.7402597281767298
IND424006AAA,IND424101AAA,Carting,late_evening,2,2,2.322228443449048,100.5,42.5,1.0,116.0,1.8148148148148149,1.8609433265088362
IND424006AAA,IND424101AAA,Carting,night,6,6,2.0634615384615387,81.5,39.5,1.0,308.0,2.125,2.1107988165680474
IND424006AAA,IND424304AAC,FTL,late_evening,7,7,2.1794871794871793,85.0,39.0,1.0,356.0,1.8333333333333333,1.923076923076923
IND424006AAA,IND424304AAC,FTL,night,1,1,2.054054054054054,76.0,37.0,1.0,39.0,1.8226866738120757,1.833704168109313
IND424006AAA,IND425401AAA,Carting,morning,1,1,1.7714285714285714,62.0,35.0,1.0,27.0,2.2,2.179591836734694
IND424006AAA,IND425405AAA,FTL,late_evening,1,1,2.0,84.0,42.0,1.0,42.0,1.8333333333333333,1.8412698412698412
IND424006AAA,IND425405AAA,FTL,night,2,2,1.9191214470284237,84.5,44.0,1.0,81.0,1.8226866738120757,1.8314534713771984
IND424006AAA,IND425412AAA,FTL,late_evening,2,2,2.1281151281151285,160.5,75.5,1.0,170.0,1.8333333333333333,1.8601316783134967
IND424006AAA,IND425412AAA,FTL,night,1,1,1.7142857142857142,132.0,77.0,1.0,55.0,1.8226866738120757,1.8175247233584397
IND424006AAA,IND452001AAC,Carting,morning,1,1,2.9315068493150687,214.0,73.0,1.0,141.0,2.2,2.2348336594911937
IND424101AAA,IND431103AAA,Carting,night,1,1,1.7727272727272727,39.0,22.0,1.0,17.0,2.125,2.1082251082251084
IND424201AAA,IND424006AAA,Carting,morning,1,1,10.0,707.0,67.0,1.0,640.0,2.2,2.5714285714285716
IND424304AAC,IND424006AAA,FTL,morning,2,2,10.0,926.0,41.5,1.0,1769.0,1.8750586854460094,2.613689714041827
IND424304AAC,IND425412AAA,FTL,night,9,9,1.8055555555555556,65.0,37.0,1.0,285.0,1.8226866738120757,1.817370119870397
IND425109AAA,IND424201AAA,Carting,morning,1,1,1.35,54.0,40.0,1.0,14.0,2.2,2.1595238095238094
IND425201AAA,IND425508AAB,Carting,morning,1,1,2.342857142857143,82.0,35.0,1.0,47.0,2.2,2.2068027210884353
IND425201AAA,IND425508AAB,Carting,night,8,8,2.0555555555555554,74.0,36.0,1.0,310.0,2.125,2.1051587301587302
IND425401AAA,IND425109AAA,Carting,morning,1,1,1.6,48.0,30.0,1.0,18.0,2.2,2.1714285714285717
IND425405AAA,IND424006AAA,FTL,morning,3,3,10.0,1039.0,49.0,1.0,2976.0,1.8750586854460094,2.9348336395182693
IND425405AAA,IND424006AAA,FTL,night,11,11,10.0,1017.0,46.0,1.0,9032.0,1.8226866738120757,4.724313983104565
IND425405AAA,IND425409AAA,FTL,night,1,1,2.3137254901960786,118.0,51.0,1.0,67.0,1.8226866738120757,1.8460694745922663
IND425406AAA,IND425405AAA,FTL,night,4,4,1.9484126984126984,39.5,20.5,1.0,77.0,1.8226866738120757,1.8436410112455128
IND425406AAA,IND425409AAA,FTL,night,1,1,2.3823529411764706,81.0,34.0,1.0,47.0,1.8226866738120757,1.8493374484484757
IND425406AAA,IND425412AAA,FTL,night,2,2,1.9753846153846153,86.5,44.5,1.0,84.0,1.8226866738120757,1.836568304864125
IND425409AAA,IND424006AAA,FTL,morning,1,1,10.0,894.0,74.0,1.0,820.0,1.8750586854460094,2.2619606528057234
IND425409AAA,IND424304AAC,FTL,night,1,1,2.235294117647059,152.0,68.0,1.0,84.0,1.8226866738120757,1.8423346473280273
IND425409AAA,IND425406AAA,FTL,night,9,9,2.2777777777777777,78.0,35.0,1.0,422.0,1.8226866738120757,1.9639218440083281
IND425409AAA,IND425412AAA,FTL,night,1,1,2.066666666666667,62.0,30.0,1.0,32.0,1.8226866738120757,1.8343047687099137
IND425412AAA,IND424006AAA,FTL,night,1,1,10.0,1093.0,79.0,1.0,1014.0,1.8226866738120757,2.212082546487691
IND425412AAA,IND424304AAC,FTL,night,1,1,2.1794871794871793,85.0,39.0,1.0,46.0,1.8226866738120757,1.839677174082319
IND425412AAA,IND425406AAA,FTL,night,2,2,2.2435897435897436,86.5,38.5,1.0,96.0,1.8226866738120757,1.8609505892464093
IND425412AAA,IND425409AAA,FTL,night,10,10,2.268075639599555,68.0,29.5,1.0,363.0,1.8226866738120757,1.9711496624079023
IND425508AAB,IND450331AAA,Carting,morning,6,6,2.8041666666666667,43.5,16.0,1.0,170.0,2.2,2.339423076923077
IND425508AAB,IND450331AAA,Carting,night,10,10,3.3453947368421053,54.5,16.5,1.0,375.0,2.125,2.531798245614035
IND431001AAB,IND431136AAC,Carting,night,18,18,3.0454545454545454,37.5,12.0,1.0,525.0,2.125,2.561004784688995
IND431107AAB,IND431136AAC,FTL,night,6,6,1.889795918367347,93.5,49.0,1.0,261.0,1.8226866738120757,1.8381734225556
IND431112AAB,IND431136AAC,Carting,night,11,11,3.2666666666666666,180.0,52.0,1.0,1292.0,2.125,2.5301075268817206
IND431122AAA,IND431127AAA,FTL,night,7,7,2.1818181818181817,44.0,20.0,1.0,166.0,1.8226866738120757,1.9157948425543996
IND431127AAA,IND414502AAA,FTL,night,7,7,2.1454545454545455,118.0,55.0,1.0,438.0,1.8226866738120757,1.9063672331267905
IND431131AAB,IND431603AAA,Carting,morning,1,1,6.946153846153846,903.0,130.0,1.0,773.0,2.2,2.4260073260073263
IND431136AAC,IND411033AAA,FTL,evening,12,12,1.9014370245139476,327.0,170.5,1.0,2174.0,1.7703025992499675,1.81947800872396
IND431136AAC,IND411033AAA,FTL,late_evening,1,1,1.8863636363636365,332.0,176.0,1.0,156.0,1.8333333333333333,1.8358585858585856
IND431136AAC,IND431001AAA,Carting,evening,18,18,2.7222222222222223,28.0,11.0,1.0,1161.0,1.7540983606557377,2.212683347713546
IND431136AAC,IND431001AAA,Carting,late_evening,2,2,2.638888888888889,27.5,10.5,1.0,34.0,1.8148148148148149,1.88973063973064
IND431136AAC,IND431112AAB,Carting,evening,1,1,2.282828282828283,226.0,99.0,1.0,127.0,1.7540983606557377,1.7792759759972874
IND431136AAC,IND431122AAA,FTL,evening,8,8,2.269383591065292,218.5,96.0,1.0,960.0,1.7703025992499675,1.9128971683400604
IND431136AAC,IND431122AAA,FTL,late_evening,1,1,2.2708333333333335,218.0,96.0,1.0,122.0,1.8333333333333333,1.8541666666666667
IND431136AAC,IND431203AAA,Carting,evening,13,13,2.44,122.0,52.0,1.0,846.0,1.7540983606557377,2.024302036761053
IND431136AAC,IND431203AAA,Carting,late_evening,1,1,1.7777777777777777,96.0,54.0,1.0,42.0,1.8148148148148149,1.8130511463844798
IND431136AAC,IND431203AAA,Carting,morning,1,1,3.672727272727273,202.0,55.0,1.0,147.0,2.2,2.27012987012987
IND431203AAA,IND431112AAB,Carting,night,10,10,2.0869565217391304,96.0,46.0,1.0,508.0,2.125,2.11231884057971
IND431203AAA,IND431136AAC,Carting,night,2,2,1.7335777126099705,101.5,58.5,1.0,86.0,2.125,2.0894161556918154
IND431514AAA,IND431515AAA,FTL,night,16,16,2.072619047619048,43.5,21.0,1.0,409.0,1.8226866738120757,1.933767728837397
IND431515AAA,IND431517AAB,FTL,morning,1,1,2.533333333333333,38.0,15.0,1.0,23.0,1.8750586854460094,1.9064050972501678
IND431515AAA,IND431517AAB,FTL,night,13,13,2.933333333333333,44.0,15.0,1.0,406.0,1.8226866738120757,2.2602141457446923
IND431517AAB,IND411033AAA,FTL,morning,8,8,2.441331909227099,651.0,270.0,1.0,2997.0,1.8750586854460094,2.0368510350977496
IND431517AAB,IND411033AAA,FTL,night,4,4,2.209805653710247,624.5,281.5,1.0,1446.0,1.8226866738120757,1.8872065037951042
IND431603AAA,IND413517AAA,Carting,night,1,1,2.9375,235.0,80.0,1.0,155.0,2.125,2.1636904761904763
IND431603AAA,IND413531AAA,Carting,night,4,4,2.851308569016463,268.0,90.5,1.0,666.0,2.125,2.2460514281694106
IND431603AAA,IND431401AAA,Carting,night,1,1,4.333333333333333,208.0,48.0,1.0,160.0,2.125,2.2301587301587302
IND431603AAA,IND431708AAA,FTL,late_evening,3,3,2.0,46.0,23.0,1.0,91.0,1.8333333333333333,1.8550724637681157
IND431603AAA,IND431708AAA,FTL,night,12,12,2.1136363636363633,47.5,23.0,1.0,430.0,1.8226866738120757,1.9317928074961837
IND431708AAA,IND431514AAA,FTL,night,16,16,2.0701970443349755,59.0,28.0,1.0,481.0,1.8226866738120757,1.9326912829333647
IND431717AAA,IND431603AAA,Carting,afternoon,1,1,2.156862745098039,110.0,51.0,1.0,59.0,2.234668335419274,2.230963307308739
IND431717AAA,IND431603AAA,Carting,morning,1,1,10.0,731.0,53.0,1.0,678.0,2.2,2.5714285714285716
IND441206AAB,IND441603AAA,Carting,night,1,1,2.830769230769231,184.0,65.0,1.0,119.0,2.125,2.1586080586080585
IND441206AAB,IND442605AAA,Carting,morning,1,1,2.9285714285714284,123.0,42.0,1.0,81.0,2.2,2.2346938775510203
IND441206AAB,IND442605AAA,Carting,night,6,6,2.628743961352657,118.0,45.5,1.0,448.0,2.125,2.2412486064659976
IND441603AAA,IND442605AAA,Carting,morning,1,1,2.0,44.0,22.0,1.0,22.0,2.2,2.1904761904761907
IND441614AAA,IND481001AAA,FTL,night,9,9,2.2962962962962963,62.0,27.0,1.0,305.0,1.8226866738120757,1.9696689704451098
IND441904AAB,IND441912AAA,Carting,night,12,12,1.8174603174603174,50.0,28.0,1.0,338.0,2.125,2.009672619047619
IND441912AAA,IND441107AAB,Carting,morning,1,1,2.4743589743589745,193.0,78.0,1.0,115.0,2.2,2.213064713064713
IND441912AAA,IND441107AAB,Carting,night,10,10,2.887406015037594,211.0,77.0,1.0,1473.0,2.125,2.3791353383458644
IND442001AAA,IND442101AAB,FTL,night,5,5,3.7142857142857144,52.0,14.0,1.0,178.0,1.8226866738120757,2.201006481906804
IND442101AAB,IND445001AAB,FTL,night,12,12,2.1921921921921923,80.0,36.0,1.0,555.0,1.8226866738120757,1.9612512432046194
IND442605AAA,IND441603AAA,Carting,morning,3,3,2.090909090909091,46.0,22.0,1.0,72.0,2.2,2.185770750988142
IND443201AAA,IND000000AAZ,FTL,night,1,1,6.25,100.0,16.0,1.0,84.0,1.8226866738120757,2.033511117916263
IND443301AAA,IND443201AAA,FTL,night,2,2,2.723958333333333,84.5,31.0,1.0,107.0,1.8226866738120757,1.904620461041281
IND444005AAB,IND000000AAZ,FTL,evening,1,1,3.0232558139534884,390.0,129.0,1.0,261.0,1.7703025992499675,1.8299670380453734
IND444005AAB,IND421302AAG,FTL,morning,20,20,2.2866076015990173,905.5,397.0,1.0,10024.0,1.8750586854460094,2.0808331435225136
IND444005AAB,IND443301AAA,FTL,evening,5,5,2.35,188.0,80.0,1.0,544.0,1.7703025992499675,1.8862420793999741
IND444203AAA,IND444005AAB,FTL,afternoon,1,1,2.5641025641025643,100.0,39.0,1.0,61.0,1.7676767676767677,1.8056018056018057
IND444203AAA,IND444005AAB,FTL,morning,4,4,2.2254273504273505,85.5,38.5,1.0,233.0,1.8750586854460094,1.9334534629428999
IND444303AAA,IND444203AAA,FTL,morning,2,2,3.242424242424242,37.0,11.5,1.0,51.0,1.8750586854460094,1.9993646451713034
IND444602AAA,IND444005AAB,FTL,morning,1,1,2.3194444444444446,167.0,72.0,1.0,95.0,1.8750586854460094,1.8962199120649825
IND444602AAA,IND444005AAB,FTL,night,20,20,2.1095890410958904,154.5,73.0,1.0,1753.0,1.8226866738120757,1.9661378574539832
IND445101AAA,IND440014AAA,Carting,morning,1,1,2.4242424242424243,80.0,33.0,1.0,47.0,2.2,2.2106782106782106
IND450331AAA,IND452001AAC,Carting,morning,13,13,2.296875,156.0,66.0,1.0,1188.0,2.2,2.238162878787879
IND451666AAA,IND421302AAG,FTL,night,2,2,2.5409413281753706,707.0,278.5,1.0,857.0,1.8226866738120757,1.8879825514814663
IND451666AAA,IND424006AAA,FTL,night,8,8,2.6564306922956713,212.5,77.5,1.0,1045.0,1.8226866738120757,2.0608992505216746
IND452001AAC,IND425201AAA,Carting,morning,4,4,6.25,589.0,16.5,1.0,2334.0,2.2,2.875
IND452001AAC,IND425201AAA,Carting,night,5,5,2.823529411764706,47.0,16.0,1.0,152.0,2.125,2.264705882352941
IND452001AAC,IND425508AAB,Carting,night,2,2,2.17,108.5,50.0,1.0,117.0,2.125,2.1290909090909094
IND454001AAA,IND457001AAA,FTL,night,17,17,1.0884955752212389,102.0,113.0,0.17647058823529413,279.0,1.8226866738120757,1.4853556285135832
IND457001AAA,IND382430AAB,FTL,night,3,3,1.665551839464883,521.0,299.0,1.0,641.0,1.8226866738120757,1.8021908258537462
IND457001AAA,IND457226AAA,FTL,morning,2,2,0.8916666666666667,53.5,60.0,0.0,6.0,1.8750586854460094,1.7856594110115238
IND457001AAA,IND457226AAA,FTL,night,14,14,1.092948717948718,42.5,39.0,0.2857142857142857,118.0,1.8226866738120757,1.5222063390448108
IND457226AAA,IND382430AAB,FTL,morning,16,16,1.5803508771929824,526.0,332.5,1.0,3213.0,1.8750586854460094,1.744077437333553
IND458001AAB,IND458990AAA,FTL,night,11,11,1.5769230769230769,41.0,28.0,1.0,307.0,1.8226866738120757,1.735480236206302
IND458664AAA,IND312403AAA,FTL,night,7,7,2.4901960784313726,111.0,44.0,1.0,611.0,1.8226866738120757,1.9957446676022639
IND458990AAA,IND312605AAB,FTL,morning,5,5,2.4464285714285716,137.0,56.0,1.0,360.0,1.8750586854460094,1.989332662642522
IND458990AAA,IND312605AAB,FTL,night,5,5,1.7678571428571428,99.0,56.0,1.0,308.0,1.8226866738120757,1.8117207676210894
IND460001AAA,IND480334AAA,FTL,afternoon,18,18,2.0076923076923077,149.0,65.0,0.8333333333333334,1181.0,1.7676767676767677,1.8813683392630765
IND460001AAA,IND480334AAA,FTL,morning,3,3,0.9369369369369369,101.0,111.0,0.3333333333333333,38.0,1.8750586854460094,1.7526949791187392
IND461001AAA,IND461111AAA,FTL,morning,1,1,4.785714285714286,67.0,14.0,1.0,53.0,1.8750586854460094,2.0136613330778323
IND461111AAA,IND460001AAA,FTL,afternoon,4,4,1.9583333333333335,117.5,60.0,1.0,219.0,1.7676767676767677,1.7994528619528622
IND461111AAA,IND460001AAA,FTL,morning,16,16,1.925,115.5,60.0,1.0,882.0,1.8750586854460094,1.897254825247783
IND462001AAA,IND462022AAA,Carting,morning,11,11,6.0,114.0,19.0,1.0,1157.0,2.2,3.5483870967741935
IND462001AAA,IND462022AAA,Carting,night,17,17,3.5384615384615383,45.0,12.0,1.0,563.0,2.125,2.7744282744282747
IND462011AAA,IND462022AAA,Carting,morning,4,4,2.522435897435898,31.5,12.0,1.0,79.0,2.2,2.2537393162393164
IND462011AAA,IND462022AAA,Carting,night,7,7,2.25,26.0,12.0,1.0,111.0,2.125,2.1574074074074074
IND462021AAA,IND462001AAA,Carting,night,1,1,6.7272727272727275,74.0,11.0,1.0,63.0,2.125,2.344155844155844
IND462022AAA,IND000000ACB,FTL,evening,15,15,1.3085106382978724,1112.0,859.0,0.7333333333333333,3918.0,1.7703025992499675,1.5723917588419267
IND462022AAA,IND000000ACB,FTL,late_evening,10,10,1.3620874739295792,1161.5,852.5,0.8,3611.0,1.8333333333333333,1.6762513801987486
IND462022AAA,IND000000ACB,FTL,night,1,1,1.2570093457943925,1076.0,856.0,1.0,220.0,1.8226866738120757,1.7957496581921863
IND462022AAA,IND209304AAA,FTL,evening,1,1,2.1995249406175774,926.0,421.0,1.0,505.0,1.7703025992499675,1.790741758362711
IND462022AAA,IND209304AAA,FTL,late_evening,8,8,1.9277570917504872,817.5,426.0,1.0,3277.0,1.8333333333333333,1.8603115500239487
IND462022AAA,IND209304AAA,FTL,night,16,16,1.9013189297826907,824.5,443.0,1.0,6219.0,1.8226866738120757,1.857634343132349
IND462022AAA,IND461001AAA,FTL,morning,3,3,2.54,127.0,49.0,1.0,281.0,1.8750586854460094,1.9617901612573996
IND462022AAA,IND461001AAA,FTL,night,2,2,2.9345098039215687,148.0,50.5,1.0,195.0,1.8226866738120757,1.9237615038220297
IND462022AAA,IND462001AAA,Carting,night,3,3,2.5,30.0,12.0,1.0,75.0,2.125,2.1739130434782608
IND462022AAA,IND462011AAA,Carting,morning,4,4,2.2272727272727275,25.0,11.5,1.0,59.0,2.2,2.2045454545454546
IND462022AAA,IND462011AAA,Carting,night,26,26,2.439102564102564,28.5,12.0,1.0,565.0,2.125,2.3025362318840576
IND462022AAA,IND462042AAA,Carting,morning,2,2,3.5666666666666664,73.5,20.5,1.0,106.0,2.2,2.324242424242424
IND462022AAA,IND465669AAB,FTL,morning,10,10,2.17311171415649,144.5,66.5,1.0,781.0,1.8750586854460094,1.9744096950161698
IND462022AAA,IND466001AAA,FTL,morning,14,14,2.384159719175077,122.5,53.0,1.0,1034.0,1.8750586854460094,2.084688522863861
IND462022AAA,IND842003AAB,FTL,morning,2,2,1.7697105844054493,530.0,299.5,1.0,461.0,1.8750586854460094,1.865481585351413
IND462022AAA,IND842003AAB,FTL,night,6,6,2.0418556953084677,554.0,263.0,1.0,1727.0,1.8226866738120757,1.8732641403112433
IND462042AAA,IND462022AAA,Carting,morning,9,9,6.8,136.0,20.0,1.0,1067.0,2.2,3.6275862068965514
IND462042AAA,IND462022AAA,Carting,night,8,8,3.123809523809524,64.0,20.0,1.0,353.0,2.125,2.4103741496598636
IND464001AAA,IND464221AAA,FTL,morning,1,1,1.3291139240506329,105.0,79.0,1.0,26.0,1.8750586854460094,1.8490613158557534
IND464221AAA,IND470004AAA,FTL,morning,1,1,1.4144736842105263,215.0,152.0,1.0,63.0,1.8750586854460094,1.8531260663395581
IND464668AAA,IND462022AAA,FTL,morning,1,1,1.8932038834951457,195.0,103.0,1.0,92.0,1.8750586854460094,1.8759227424959686
IND464668AAA,IND462022AAA,FTL,night,1,1,2.2285714285714286,234.0,105.0,1.0,129.0,1.8226866738120757,1.842014519276807
IND465001AAA,IND462022AAA,FTL,afternoon,4,4,1.4229980749518738,285.5,200.5,0.75,305.0,1.7676767676767677,1.7102303188892856
IND465001AAA,IND465333A1B,FTL,afternoon,2,2,0.6974053295932678,81.0,115.5,0.0,0.0,1.7676767676767677,1.6703793642146314
IND465001AAA,IND465333AAA,FTL,afternoon,3,3,1.1518987341772151,94.0,79.0,0.3333333333333333,43.0,1.7676767676767677,1.6873578937420437
IND465333A1B,IND462022AAA,FTL,afternoon,1,1,1.2169811320754718,129.0,106.0,1.0,23.0,1.7676767676767677,1.741453165981468
IND465333A1B,IND465333AAA,FTL,afternoon,1,1,0.6388888888888888,46.0,72.0,0.0,0.0,1.7676767676767677,1.7139249639249639
IND465333AAA,IND462022AAA,FTL,afternoon,2,2,1.8067360253923472,192.5,106.5,1.0,172.0,1.7676767676767677,1.771227609287275
IND465333AAA,IND462022AAA,FTL,evening,1,1,1.6302521008403361,194.0,119.0,1.0,75.0,1.7703025992499675,1.763633527897128
IND465669AAB,IND465683AAA,FTL,morning,11,11,1.5277777777777777,55.0,35.0,1.0,236.0,1.8750586854460094,1.7518299762734113
IND465683AAA,IND465001AAA,FTL,afternoon,7,7,1.5303030303030303,104.0,68.0,1.0,455.0,1.7676767676767677,1.7061354283576506
IND465683AAA,IND465001AAA,FTL,morning,6,6,1.4225197541703247,96.0,67.0,1.0,202.0,1.8750586854460094,1.77062662438239
IND466001AAA,IND466116AAA,FTL,morning,15,15,1.8275862068965518,60.0,32.0,1.0,404.0,1.8750586854460094,1.8547133374962421
IND466116AAA,IND462022AAA,FTL,afternoon,4,4,2.1215104319717897,175.0,82.0,1.0,464.0,1.7676767676767677,1.8266490450592716
IND466116AAA,IND462022AAA,FTL,morning,9,9,2.1219512195121952,174.0,81.0,1.0,1241.0,1.8750586854460094,1.9516805063631015
IND470004AAA,IND462022AAA,FTL,afternoon,1,1,2.0,268.0,134.0,1.0,134.0,1.7676767676767677,1.778739778739779
IND470004AAA,IND470113AAA,FTL,late_evening,2,2,2.25,130.5,58.0,1.0,145.0,1.8333333333333333,1.871212121212121
IND470004AAA,IND470117AAA,FTL,night,1,1,2.2790697674418605,98.0,43.0,1.0,55.0,1.8226866738120757,1.8444192020801609
IND470004AAA,IND473443AAA,FTL,late_evening,2,2,2.073717948717949,241.5,116.5,1.0,250.0,1.8333333333333333,1.8551864801864801
IND470113AAA,IND470117AAA,FTL,night,2,2,2.5142857142857142,36.5,14.5,1.0,44.0,1.8226866738120757,1.885559313855134
IND470113AAA,IND470227AAB,FTL,night,1,1,1.0222222222222221,184.0,180.0,0.0,4.0,1.8226866738120757,1.7845693189744636
IND470117AAA,IND470227AAB,FTL,morning,1,1,1.1897810218978102,163.0,137.0,0.0,26.0,1.8750586854460094,1.8424264157532382
IND470117AAA,IND470227AAB,FTL,night,5,5,1.25,170.0,137.0,0.6,187.0,1.8226866738120757,1.7081493390496607
IND471001AAA,IND472001AAA,FTL,morning,1,1,1.9753086419753085,160.0,81.0,1.0,79.0,1.8750586854460094,1.8798324928997858
IND471001AAA,IND472001AAA,FTL,night,8,8,1.6173780487804879,129.0,79.5,1.0,370.0,1.8226866738120757,1.7640270666601936
IND472001AAA,IND474003AAA,FTL,afternoon,1,1,1.876543209876543,456.0,243.0,1.0,213.0,1.7676767676767677,1.7728608839719953
IND472001AAA,IND474003AAA,FTL,morning,2,2,2.0676459667687737,526.0,254.5,1.0,543.0,1.8750586854460094,1.8925666201117153
IND472001AAA,IND485001AAC,FTL,morning,4,4,2.3509020972616543,425.5,181.0,1.0,960.0,1.8750586854460094,1.954365920748617
IND472001AAA,IND485001AAC,FTL,night,12,12,2.391172363548054,434.0,182.0,1.0,3182.0,1.8226866738120757,2.0358688074630678
IND473001AAA,IND473331AAA,FTL,afternoon,1,1,2.0789473684210527,79.0,38.0,1.0,41.0,1.7676767676767677,1.7824991772360197
IND473001AAA,IND473331AAA,FTL,morning,10,10,1.9338731443994601,73.5,38.5,1.0,418.0,1.8750586854460094,1.8946635050971599
IND473226AAA,IND473001AAA,FTL,morning,10,10,1.3377192982456139,51.5,38.5,0.9,265.0,1.8750586854460094,1.695945556379211
IND473226AAA,IND474003AAA,FTL,morning,10,10,1.7001561936801635,490.5,289.0,1.0,3376.0,1.8750586854460094,1.8167578548573942
IND473331AAA,IND473226AAA,FTL,afternoon,15,15,10.0,904.0,81.0,1.0,9570.0,1.7676767676767677,5.295815295815296
IND473331AAA,IND473226AAA,FTL,morning,2,2,2.0192129629629627,162.5,80.5,1.0,164.0,1.8750586854460094,1.8881636197657328
IND473443AAA,IND470113AAA,FTL,night,7,7,1.8448275862068966,107.0,58.0,1.0,349.0,1.8226866738120757,1.8284269103588813
IND474003AAA,IND000000ACB,FTL,afternoon,3,3,1.2794117647058822,522.0,392.0,0.6666666666666666,270.0,1.7676767676767677,1.703990028158826
IND474003AAA,IND000000ACB,FTL,evening,19,19,1.077922077922078,427.0,391.0,0.3157894736842105,924.0,1.7703025992499675,1.4329890119363802
IND474003AAA,IND000000ACB,FTL,late_evening,3,3,1.002375296912114,422.0,421.0,0.0,54.0,1.8333333333333333,1.7249475024957828
IND474003AAA,IND000000ACB,FTL,night,1,1,0.9744897959183674,382.0,392.0,0.0,0.0,1.8226866738120757,1.7822963462933277
IND474003AAA,IND328001AAA,FTL,evening,1,1,1.393939393939394,92.0,66.0,1.0,26.0,1.7703025992499675,1.7523805418542258
IND474003AAA,IND473551AAA,FTL,late_evening,1,1,1.4661654135338347,195.0,133.0,1.0,62.0,1.8333333333333333,1.8158491466762143
IND474003AAA,IND475661AAB,FTL,evening,1,1,2.311688311688312,178.0,77.0,1.0,101.0,1.7703025992499675,1.7960828712708412
IND474003AAA,IND476001AAA,FTL,night,3,3,1.6388888888888888,59.0,36.0,1.0,80.0,1.8226866738120757,1.7987130496916601
IND474003AAA,IND476111AAA,FTL,late_evening,5,5,2.5483870967741935,158.0,62.0,1.0,530.0,1.8333333333333333,1.9763440860215054
IND474003AAA,IND476111AAA,FTL,night,3,3,2.316666666666667,139.0,61.0,1.0,263.0,1.8226866738120757,1.8871188467931095
IND476001AAA,IND476111AAA,FTL,night,1,1,2.2083333333333335,53.0,24.0,1.0,29.0,1.8226866738120757,1.8410508004559454
IND476111AAA,IND477001AAA,FTL,night,6,6,1.978301886792453,99.0,50.5,1.0,265.0,1.8226866738120757,1.8585978768075473
IND476111AAA,IND477001AAB,FTL,night,2,2,2.132075471698113,113.0,53.0,1.0,120.0,1.8226866738120757,1.8508129281653518
IND477001AAA,IND474003AAA,FTL,night,1,1,3.490566037735849,185.0,53.0,1.0,132.0,1.8226866738120757,1.9021095006655888
IND477001AAB,IND474003AAA,FTL,morning,5,5,5.518518518518518,298.0,56.0,1.0,1474.0,1.8750586854460094,2.6037506520605116
IND477001AAB,IND474003AAA,FTL,night,6,6,3.6567085953878404,195.5,53.0,1.0,1180.0,1.8226866738120757,2.2459225018680216
IND480001AAA,IND480661AAA,FTL,morning,3,3,2.1666666666666665,104.0,50.0,1.0,165.0,1.8750586854460094,1.9130945090834865
IND480001AAA,IND480661AAA,FTL,night,7,7,1.5686274509803921,79.0,51.0,1.0,202.0,1.8226866738120757,1.7568194678927502
IND480001AAA,IND481661AAA,FTL,night,2,2,1.4841954022988506,254.0,171.0,1.0,166.0,1.8226866738120757,1.7919147400381463
IND480334AAA,IND480106AAA,FTL,afternoon,16,16,1.4571428571428573,51.0,35.0,1.0,305.0,1.7676767676767677,1.6296616963283632
IND480334AAA,IND480106AAA,FTL,evening,5,5,1.3428571428571427,47.0,35.0,0.8,63.0,1.7703025992499675,1.6848135079714026
IND480661AAA,IND480001AAA,FTL,night,2,2,1.8264890862005179,95.0,52.0,1.0,86.0,1.8226866738120757,1.8230323476655705
IND480661AAA,IND481661AAA,FTL,morning,6,6,1.3148209549071619,144.5,116.0,0.6666666666666666,212.0,1.8750586854460094,1.7457730553216602
IND480886AAA,IND480001AAA,FTL,night,6,6,1.1718196457326893,154.5,135.5,0.5,177.0,1.8226866738120757,1.6724865904091406
IND480886AAA,IND480661AAA,FTL,night,2,2,1.511111111111111,72.0,47.5,1.0,49.0,1.8226866738120757,1.7943616226574426
IND481661AAA,IND842003AAB,FTL,afternoon,1,1,1.3419689119170986,259.0,193.0,1.0,66.0,1.7676767676767677,1.7474049650215455
IND481661AAA,IND842003AAB,FTL,morning,8,8,1.5638066053796391,266.5,168.0,0.75,960.0,1.8750586854460094,1.786129519712761
IND482002AAA,IND842003AAB,Carting,morning,3,3,10.0,117.0,8.0,1.0,319.0,2.2,3.217391304347826
IND483225AAA,IND483501AAA,FTL,night,3,3,2.121212121212121,72.0,33.0,1.0,116.0,1.8226866738120757,1.8616247756468645
IND483501AAA,IND483770AAA,FTL,night,3,3,2.0,92.0,46.0,1.0,145.0,1.8226866738120757,1.8458144989670224
IND483770AAA,IND842003AAB,FTL,night,2,2,2.5337014470677834,260.0,102.5,1.0,315.0,1.8226866738120757,1.8873243804716857
IND484001AAA,IND484224AAA,FTL,morning,1,1,1.4285714285714286,60.0,42.0,1.0,18.0,1.8750586854460094,1.853797387499601
IND484001AAA,IND484224AAA,FTL,night,2,2,0.9134920634920635,39.0,43.5,0.5,17.0,1.8226866738120757,1.7400326183284385
IND484001AAA,IND484446AAA,FTL,morning,3,3,1.5047619047619047,158.0,105.0,1.0,162.0,1.8750586854460094,1.8267591053567784
IND484001AAA,IND484446AAA,FTL,night,1,1,1.5922330097087378,164.0,103.0,1.0,61.0,1.8226866738120757,1.811712689807155
IND484224AAA,IND484446AAA,FTL,morning,1,1,0.9841269841269841,62.0,63.0,0.0,0.0,1.8750586854460094,1.8326333663355796
IND484446AAA,IND842003AAB,FTL,morning,3,3,1.3370786516853932,476.0,356.0,0.6666666666666666,292.0,1.8750586854460094,1.8048873766946247
IND484551AAA,IND484001AAA,FTL,night,1,1,2.12,53.0,25.0,1.0,28.0,1.8226866738120757,1.8368444512495958
IND484661AAE,IND484001AAA,FTL,night,2,2,2.5731225296442686,115.5,45.0,1.0,141.0,1.8226866738120757,1.8909081152513663
IND484661AAE,IND484551AAA,FTL,night,1,1,3.5,70.0,20.0,1.0,50.0,1.8226866738120757,1.9025587369638817
IND485001AAC,IND471001AAA,FTL,afternoon,5,5,2.21,222.0,101.0,1.0,605.0,1.7676767676767677,1.8561414141414145
IND485001AAC,IND471001AAA,FTL,evening,3,3,2.1666666666666665,220.0,101.0,1.0,350.0,1.7703025992499675,1.8220022602173631
IND485001AAC,IND485771AAA,FTL,morning,3,3,3.0606060606060606,101.0,33.0,1.0,514.0,1.8750586854460094,2.0296952995973205
IND485001AAC,IND486001AAA,FTL,afternoon,2,2,6.311594202898551,489.5,69.5,1.0,840.0,1.7676767676767677,2.1807601708787483
IND485001AAC,IND486771AAA,FTL,afternoon,1,1,2.9615384615384617,462.0,156.0,1.0,306.0,1.7676767676767677,1.8245273245273246
IND485001AAC,IND486771AAA,FTL,morning,4,4,4.3573156296639395,605.5,154.5,1.0,2051.0,1.8750586854460094,2.288768176148998
IND485001AAC,IND488001AAA,FTL,evening,3,3,2.1454545454545455,116.0,52.0,1.0,186.0,1.7703025992499675,1.8192354617983908
IND485771AAA,IND486001AAA,FTL,night,1,1,2.1818181818181817,96.0,44.0,1.0,52.0,1.8226866738120757,1.8397881741933189
IND485771AAA,IND486771AAA,FTL,evening,1,1,3.8174603174603177,481.0,126.0,1.0,355.0,1.7703025992499675,1.867786300117127
IND486001AAA,IND486771AAA,FTL,night,2,2,2.259746835443038,138.5,64.5,1.0,148.0,1.8226866738120757,1.862419415778527
IND486661AAA,IND211002AAB,FTL,morning,2,2,3.4404783927778597,800.0,232.5,1.0,1135.0,1.8750586854460094,2.0173695679307233
IND486661AAA,IND211002AAB,FTL,night,3,3,6.925465838509317,1115.0,161.0,1.0,2530.0,1.8226866738120757,2.488266564859542
IND486771AAA,IND486661AAA,FTL,night,6,6,1.6875,37.0,20.5,1.0,115.0,1.8226866738120757,1.7914897490862123
IND486886AAA,IND486889AAA,FTL,night,7,7,2.4,48.0,20.0,1.0,229.0,1.8226866738120757,1.9723604991200563
IND486889AAA,IND231205AAA,FTL,morning,1,1,1.75,119.0,68.0,1.0,51.0,1.8750586854460094,1.8691035099485807
IND486889AAA,IND231205AAA,FTL,night,3,3,2.25,144.0,70.0,1.0,244.0,1.8226866738120757,1.8784231946191965
IND486889AAA,IND231216AAA,FTL,night,3,3,2.5934065934065935,236.0,90.0,1.0,455.0,1.8226866738120757,1.9232153589765781
IND487001AAA,IND487551AAA,FTL,night,4,4,1.3765032377428308,64.0,45.5,0.75,69.0,1.8226866738120757,1.748322767800535
IND487001AAB,IND487551AAA,FTL,night,4,4,1.6461609620721553,75.5,46.5,1.0,114.0,1.8226866738120757,1.7932657218554224
IND487551AAA,IND464668AAA,FTL,morning,1,1,1.6444444444444444,148.0,90.0,1.0,58.0,1.8750586854460094,1.8640770549221255
IND487551AAA,IND464668AAA,FTL,night,6,6,1.7016483516483516,154.0,91.0,1.0,416.0,1.8226866738120757,1.794754753312755
IND488001AAA,IND471001AAA,FTL,night,4,4,2.1914893617021276,103.0,46.5,1.0,225.0,1.8226866738120757,1.8841537884604176
IND491001AAA,IND494334AAB,FTL,night,1,1,1.3391304347826087,154.0,115.0,1.0,39.0,1.8226866738120757,1.7996601862392443
IND492001AAB,IND492007AAA,Carting,evening,1,1,5.4,54.0,10.0,1.0,44.0,1.7540983606557377,1.9277127244340357
IND492001AAB,IND492007AAA,Carting,late_evening,5,5,2.5,25.0,10.0,1.0,83.0,1.8148148148148149,1.951851851851852
IND492001AAB,IND492007AAA,Carting,night,2,2,3.0,33.0,11.0,1.0,44.0,2.125,2.2045454545454546
IND493118AAC,IND495334AAB,Carting,night,11,11,1.702127659574468,78.0,47.0,1.0,346.0,2.125,1.974948524365134
IND493445AAB,IND490023AAA,FTL,morning,1,1,10.0,879.0,61.0,1.0,818.0,1.8750586854460094,2.2619606528057234
IND494334AAB,IND493445AAB,FTL,morning,11,11,1.3896103896103895,230.0,154.0,0.7272727272727273,746.0,1.8750586854460094,1.702802838536596
IND495004AAA,IND495671AAA,FTL,night,1,1,2.619047619047619,110.0,42.0,1.0,68.0,1.8226866738120757,1.860608623585197
IND495334AAB,IND491995AAB,Carting,night,12,12,0.6439653531315439,72.0,104.0,0.0,0.0,2.125,1.569612007424329
IND495677AAA,IND496001AAA,FTL,morning,1,1,2.2,242.0,110.0,1.0,132.0,1.8750586854460094,1.890532081377152
IND495677AAA,IND496001AAA,FTL,night,6,6,1.7903371462974111,243.0,152.0,1.0,692.0,1.8226866738120757,1.8152213982317689
IND500008AAC,IND500084AAB,Carting,late_evening,1,1,2.6,52.0,20.0,1.0,32.0,1.8148148148148149,1.852204585537919
IND500008AAC,IND501359AAE,Carting,afternoon,1,1,2.625,63.0,24.0,1.0,39.0,2.234668335419274,2.2532555575421656
IND500008AAC,IND501359AAE,Carting,evening,4,4,2.199675324675325,54.5,22.0,1.0,209.0,1.7540983606557377,1.8283611879923356
IND500008AAC,IND501359AAE,Carting,morning,6,6,4.154351395730706,98.0,22.0,1.0,889.0,2.2,2.651004168245547
IND500008AAC,IND501359AAE,Carting,night,2,2,10.0,281.0,22.5,1.0,517.0,2.125,2.840909090909091
IND500008AAD,IND501359AAE,Carting,afternoon,5,5,2.782608695652174,64.0,23.0,1.0,442.0,2.234668335419274,2.3442564074658536
IND500008AAD,IND501359AAE,Carting,morning,1,1,4.625,111.0,24.0,1.0,87.0,2.2,2.3154761904761907
IND500008AAF,IND500039AAC,Carting,morning,7,7,2.764705882352941,47.0,17.0,1.0,219.0,2.2,2.34640522875817
IND500008AAF,IND500039AAC,Carting,night,12,12,3.25,61.5,18.5,1.0,524.0,2.125,2.546875
IND500010AAA,IND500055AAA,Carting,morning,1,1,1.8235294117647058,31.0,17.0,1.0,14.0,2.2,2.1820728291316525
IND500010AAA,IND501359AAE,Carting,evening,6,6,1.6101731601731601,88.5,53.0,1.0,904.0,1.7540983606557377,1.720884852852066
IND500010AAA,IND501359AAE,Carting,late_evening,2,2,2.055610724925521,90.0,45.5,1.0,89.0,1.8148148148148149,1.8367053520976064
IND500010AAA,IND501359AAE,Carting,morning,1,1,10.0,369.0,35.0,1.0,334.0,2.2,2.5714285714285716
IND500010AAA,IND501401AAC,Carting,morning,1,1,3.8,57.0,15.0,1.0,42.0,2.2,2.276190476190476
IND500010AAB,IND501359AAE,Carting,afternoon,16,16,2.4445344129554654,137.0,48.5,1.0,1529.0,2.234668335419274,2.3279421476575815
IND500010AAB,IND501359AAE,Carting,evening,5,5,2.6842105263157894,102.0,42.0,1.0,276.0,1.7540983606557377,1.9401207937877478
IND500010AAB,IND501359AAE,Carting,late_evening,5,5,2.4615384615384617,138.0,53.0,1.0,363.0,1.8148148148148149,1.944159544159544
IND500010AAB,IND501359AAE,Carting,morning,13,13,2.0,125.0,63.0,1.0,932.0,2.2,2.121212121212121
IND500018AAA,IND500080AAB,Carting,morning,3,3,3.25,52.0,16.0,1.0,159.0,2.2,2.3369565217391304
IND500018AAA,IND500080AAB,Carting,night,1,1,2.4,36.0,15.0,1.0,21.0,2.125,2.138095238095238
IND500032AAA,IND502295AAA,Carting,night,4,4,2.025,41.5,20.5,1.0,92.0,2.125,2.1083333333333334
IND500035AAA,IND500039AAC,Carting,morning,1,1,2.5384615384615383,33.0,13.0,1.0,20.0,2.2,2.2161172161172162
IND500039AAB,IND501301AAC,Carting,morning,2,2,2.458333333333333,21.0,8.5,1.0,25.0,2.2,2.223484848484848
IND500039AAC,IND500035AAA,Carting,morning,2,2,2.9333333333333336,38.5,12.5,1.0,52.0,2.2,2.2666666666666666
IND500039AAC,IND500035AAD,Carting,morning,3,3,2.6363636363636362,29.0,13.0,1.0,63.0,2.2,2.2569169960474307
IND500039AAC,IND500035AAD,Carting,night,5,5,2.933333333333333,44.0,14.0,1.0,142.0,2.125,2.2866666666666666
IND500039AAC,IND501359AAE,Carting,afternoon,5,5,3.15625,101.0,32.0,1.0,643.0,2.234668335419274,2.418984668335419
IND500039AAC,IND501359AAE,Carting,late_evening,3,3,8.125,212.0,24.0,1.0,629.0,1.8148148148148149,2.6378824476650564
IND500039AAC,IND501359AAE,Carting,morning,6,6,2.908008658008658,125.0,35.5,1.0,790.0,2.2,2.3633866133866133
IND500039AAC,IND501359AAE,Carting,night,1,1,1.9024390243902438,78.0,41.0,1.0,37.0,2.125,2.1144018583042974
IND500039AAC,IND508116AAA,FTL,night,13,13,2.129032258064516,65.0,29.0,1.0,469.0,1.8226866738120757,1.9433682676084918
IND500039AAD,IND501359AAE,Carting,afternoon,2,2,1.8372093023255816,79.0,43.0,1.0,72.0,2.234668335419274,2.19853569604712
IND500039AAD,IND501359AAE,Carting,late_evening,1,1,1.3555555555555556,61.0,45.0,1.0,16.0,1.8148148148148149,1.7929453262786597
IND500039AAD,IND501359AAE,Carting,morning,2,2,2.7489177489177488,118.0,43.0,1.0,150.0,2.2,2.2499016135379772
IND500039AAD,IND501359AAE,Carting,night,3,3,2.128205128205128,85.0,44.0,1.0,136.0,2.125,2.125418060200669
IND500050AAA,IND501218AAC,Carting,late_evening,5,5,4.911764705882353,167.0,33.0,1.0,556.0,1.8148148148148149,2.434204793028323
IND500050AAA,IND501359AAE,Carting,afternoon,7,7,2.6451612903225805,81.0,31.0,1.0,979.0,2.234668335419274,2.3410924348386497
IND500050AAA,IND501359AAE,Carting,evening,4,4,1.5864583333333333,49.0,30.5,1.0,175.0,1.7540983606557377,1.7261583561020035
IND500050AAA,IND501359AAE,Carting,morning,8,8,2.827272727272727,87.5,32.0,1.0,730.0,2.2,2.3792207792207796
IND500050AAA,IND501359AAE,Carting,night,2,2,1.9348484848484848,61.0,31.5,1.0,59.0,2.125,2.1077134986225894
IND500055AAA,IND500010AAA,Carting,night,1,1,2.933333333333333,44.0,15.0,1.0,29.0,2.125,2.1634920634920634
IND500055AAA,IND501401AAC,Carting,morning,1,1,2.1875,35.0,16.0,1.0,19.0,2.2,2.199404761904762
IND500055AAC,IND501401AAC,Carting,morning,6,6,2.708333333333333,28.5,10.5,1.0,108.0,2.2,2.3173076923076925
IND500055AAC,IND501401AAC,Carting,night,11,11,2.5,27.0,10.0,1.0,185.0,2.125,2.2580645161290325
IND500080AAB,IND501359AAE,Carting,afternoon,2,2,4.284375,133.0,31.0,1.0,204.0,2.234668335419274,2.4210053049266125
IND500080AAB,IND501359AAE,Carting,evening,7,7,1.5,39.0,26.0,0.8571428571428571,88.0,1.7540983606557377,1.688221007893139
IND500080AAB,IND501359AAE,Carting,morning,10,10,2.7485714285714287,87.5,29.5,1.0,1481.0,2.2,2.382857142857143
IND500080AAB,IND501359AAE,Carting,night,1,1,1.8461538461538463,48.0,26.0,1.0,22.0,2.125,2.1117216117216118
IND501101AAB,IND501359AAE,Carting,night,1,1,1.9636363636363636,108.0,55.0,1.0,53.0,2.125,2.1173160173160173
IND501101AAB,IND509216AAC,Carting,night,5,5,1.4528301886792452,78.0,52.0,0.8,116.0,2.125,1.990566037735849
IND501141AAA,IND501101AAB,Carting,night,5,5,1.6578947368421053,64.0,40.0,1.0,133.0,2.125,2.031578947368421
IND501301AAC,IND500039AAC,Carting,morning,2,2,3.416666666666667,41.0,12.0,1.0,58.0,2.2,2.3106060606060606
IND501359AAE,IND000000ACB,FTL,late_evening,1,1,1.906855439642325,2559.0,1342.0,1.0,1217.0,1.8333333333333333,1.8368343860147138
IND501359AAE,IND411033AAA,FTL,evening,11,11,1.921487603305785,909.0,480.0,1.0,4713.0,1.7703025992499675,1.8239488910117094
IND501359AAE,IND411033AAA,FTL,late_evening,9,9,1.892116182572614,916.0,485.0,1.0,4000.0,1.8333333333333333,1.8515762865455239
IND501359AAE,IND413002AAA,FTL,afternoon,11,11,1.9795918367346939,485.0,245.0,1.0,3042.0,1.7676767676767677,1.8428724373424836
IND501359AAE,IND462022AAA,FTL,afternoon,1,1,1.8550295857988166,1254.0,676.0,1.0,578.0,1.7676767676767677,1.7718364256825798
IND501359AAE,IND462022AAA,FTL,evening,10,10,2.0766575516693164,1330.0,641.0,1.0,6878.0,1.7703025992499675,1.8724209167230839
IND501359AAE,IND462022AAA,FTL,late_evening,8,8,1.8753711183031534,1266.5,665.0,1.0,4604.0,1.8333333333333333,1.845344129038996
IND501359AAE,IND462022AAA,FTL,night,1,1,1.9135802469135803,1240.0,648.0,1.0,592.0,1.8226866738120757,1.8270149391978618
IND501359AAE,IND500008AAC,Carting,afternoon,7,7,1.625,39.0,24.0,1.0,112.0,2.234668335419274,2.076606174384647
IND501359AAE,IND500008AAC,Carting,evening,6,6,1.4756521739130435,34.0,23.5,1.0,66.0,1.7540983606557377,1.6898415483305003
IND501359AAE,IND500008AAC,Carting,late_evening,1,1,1.5217391304347827,35.0,23.0,1.0,12.0,1.8148148148148149,1.800858829844337
IND501359AAE,IND500008AAC,Carting,night,5,5,2.0,42.0,24.0,1.0,113.0,2.125,2.1
IND501359AAE,IND500010AAA,Carting,afternoon,3,3,1.3559322033898304,80.0,59.0,0.6666666666666666,57.0,2.234668335419274,2.120050579067607
IND501359AAE,IND500010AAA,Carting,evening,7,7,1.619047619047619,69.0,50.0,1.0,182.0,1.7540983606557377,1.7190852054240031
IND501359AAE,IND500010AAA,Carting,night,2,2,1.9393665158371038,110.0,58.0,1.0,104.0,2.125,2.108124228712464
IND501359AAE,IND500010AAB,Carting,afternoon,8,8,2.1986539296569694,114.5,50.0,1.0,489.0,2.234668335419274,2.2243785052014724
IND501359AAE,IND500010AAB,Carting,evening,5,5,1.7205882352941178,117.0,68.0,1.0,248.0,1.7540983606557377,1.7473963355834135
IND501359AAE,IND500010AAB,Carting,late_evening,6,6,2.2117537313432836,128.0,48.0,1.0,1411.0,1.8148148148148149,1.9064161032444615
IND501359AAE,IND500010AAB,Carting,night,14,14,1.8952972493345164,112.0,65.0,1.0,919.0,2.125,2.0304165144318596
IND501359AAE,IND500039AAC,Carting,evening,6,6,1.7308035714285714,58.0,34.0,1.0,144.0,1.7540983606557377,1.748722640064853
IND501359AAE,IND500039AAC,Carting,late_evening,1,1,1.6666666666666667,55.0,33.0,1.0,22.0,1.8148148148148149,1.8077601410934743
IND501359AAE,IND500039AAC,Carting,night,3,3,2.1176470588235294,75.0,34.0,1.0,115.0,2.125,2.1240409207161126
IND501359AAE,IND500039AAD,Carting,afternoon,1,1,2.032258064516129,63.0,31.0,1.0,32.0,2.234668335419274,2.2250297510905526
IND501359AAE,IND500039AAD,Carting,evening,1,1,2.236842105263158,85.0,38.0,1.0,47.0,1.7540983606557377,1.7770861580179957
IND501359AAE,IND500039AAD,Carting,late_evening,4,4,2.227678571428571,75.5,35.5,1.0,171.0,1.8148148148148149,1.8836254409171076
IND501359AAE,IND500050AAA,Carting,afternoon,1,1,1.6666666666666667,50.0,30.0,1.0,20.0,2.234668335419274,2.2076206369072446
IND501359AAE,IND500050AAA,Carting,evening,7,7,1.6071428571428572,48.0,29.0,1.0,133.0,1.7540983606557377,1.7159987856709167
IND501359AAE,IND500050AAA,Carting,late_evening,1,1,1.4666666666666666,44.0,30.0,1.0,14.0,1.8148148148148149,1.798236331569665
IND501359AAE,IND500050AAA,Carting,night,9,9,1.9333333333333333,57.0,30.0,1.0,361.0,2.125,2.06551724137931
IND501359AAE,IND500080AAB,Carting,afternoon,5,5,1.5925925925925926,45.0,28.0,1.0,85.0,2.234668335419274,2.1062531868539374
IND501359AAE,IND500080AAB,Carting,evening,11,11,1.5172413793103448,44.0,29.0,1.0,171.0,1.7540983606557377,1.6700523350170497
IND501359AAE,IND500080AAB,Carting,night,8,8,2.008881922675026,63.5,29.5,1.0,453.0,2.125,2.091823406478579
IND501359AAE,IND501141AAA,Carting,evening,8,8,1.6171749598715892,152.0,92.5,1.0,450.0,1.7540983606557377,1.7149773890031237
IND501359AAE,IND501218AAC,Carting,evening,1,1,4.518518518518518,122.0,27.0,1.0,95.0,1.7540983606557377,1.8857374157920606
IND501359AAE,IND503111AAC,FTL,afternoon,1,1,1.5887096774193548,197.0,124.0,1.0,73.0,1.7676767676767677,1.7591545252835576
IND501359AAE,IND503111AAC,FTL,morning,1,1,1.3629032258064515,169.0,124.0,1.0,45.0,1.8750586854460094,1.850670330225078
IND501359AAE,IND505001AAB,FTL,morning,2,2,1.346966051857792,233.0,173.0,1.0,120.0,1.8750586854460094,1.827050264210717
IND501359AAE,IND506002AAA,FTL,afternoon,2,2,1.8516949152542372,218.5,118.0,1.0,201.0,1.7676767676767677,1.7753147810929015
IND501359AAE,IND506002AAA,FTL,morning,14,14,1.7794526257293692,216.0,120.0,1.0,1435.0,1.8750586854460094,1.8356914843862164
IND501359AAE,IND508252AAB,FTL,night,7,7,2.0434782608695654,94.0,47.0,1.0,400.0,1.8226866738120757,1.879928937123277
IND501359AAE,IND509001AAA,FTL,evening,16,16,1.5328441649196367,87.5,56.5,0.9375,588.0,1.7703025992499675,1.6647655173253761
IND501359AAE,IND509001AAA,FTL,late_evening,1,1,1.3636363636363635,75.0,55.0,1.0,20.0,1.8333333333333333,1.8109668109668111
IND501359AAE,IND509358AAA,FTL,evening,16,16,1.5277777777777777,41.0,26.0,1.0,282.0,1.7703025992499675,1.662513789706772
IND501359AAE,IND509358AAA,FTL,late_evening,1,1,7.076923076923077,184.0,26.0,1.0,158.0,1.8333333333333333,2.0830280830280827
IND501359AAE,IND515004AAA,FTL,late_evening,2,2,1.5488764849005296,408.0,264.5,1.0,287.0,1.8333333333333333,1.8074736198394419
IND501359AAE,IND515004AAA,FTL,night,7,7,1.6433566433566433,434.0,268.0,1.0,1214.0,1.8226866738120757,1.77619370295326
IND501359AAE,IND518002AAA,FTL,morning,16,16,1.7297794117647058,245.5,149.5,1.0,1715.0,1.8750586854460094,1.8104901193654301
IND501359AAE,IND523002AAA,FTL,late_evening,11,11,1.3593314763231197,470.0,357.0,0.8181818181818182,1394.0,1.8333333333333333,1.6651391260071284
IND501359AAE,IND523002AAA,FTL,night,1,1,1.4050632911392404,444.0,316.0,1.0,128.0,1.8226866738120757,1.8027998460657504
IND501359AAE,IND533106AAA,FTL,night,12,12,2.215724751439037,663.5,295.5,1.0,4357.0,1.8226866738120757,1.9700759529221863
IND501359AAE,IND562132AAA,FTL,late_evening,1,1,1.6688034188034189,781.0,468.0,1.0,313.0,1.8333333333333333,1.8254985754985755
IND501359AAE,IND562132AAA,FTL,morning,3,3,1.523076923076923,693.0,446.0,1.0,740.0,1.8750586854460094,1.8291480207891724
IND501359AAE,IND562132AAA,FTL,night,1,1,1.5644820295983086,740.0,473.0,1.0,267.0,1.8226866738120757,1.8103912145638013
IND501359AAE,IND585104AAA,FTL,afternoon,18,18,1.451082768699349,278.5,193.0,1.0,1524.0,1.7676767676767677,1.6177111892137799
IND501359AAE,IND585104AAA,FTL,morning,3,3,1.5416666666666667,296.0,194.0,1.0,280.0,1.8750586854460094,1.8315727699530517
IND501359AAE,IND712311AAA,FTL,night,2,2,1.984400464087205,2093.0,1054.5,1.0,2077.0,1.8226866738120757,1.8373879274734513
IND501359AAE,IND751002AAB,FTL,night,8,8,2.037969517057372,1487.5,731.5,1.0,6321.0,1.8226866738120757,1.8841960575964463
IND501359AAG,IND000000ACN,Carting,afternoon,11,11,2.8947368421052633,55.0,19.0,1.0,500.0,2.234668335419274,2.4688861926304315
IND501401AAC,IND500010AAA,Carting,morning,5,5,2.1333333333333333,32.0,14.0,1.0,145.0,2.2,2.1866666666666665
IND501401AAC,IND500010AAA,Carting,night,9,9,10.0,149.0,13.0,1.0,1127.0,2.125,4.568965517241379
IND502110AAA,IND502313AAA,FTL,morning,16,16,1.3714285714285714,48.0,35.5,0.875,223.0,1.8750586854460094,1.6512230792160372
IND502110AAA,IND502313AAA,FTL,night,3,3,1.6857142857142857,59.0,36.0,1.0,73.0,1.8226866738120757,1.8048207101471467
IND502220AAC,IND501359AAE,FTL,morning,22,22,0.8810567604983849,169.5,196.0,0.09090909090909091,140.0,1.8750586854460094,1.3543910104734442
IND502286AAB,IND502220AAC,FTL,morning,13,13,1.7818181818181817,99.0,56.0,1.0,574.0,1.8750586854460094,1.8383275779562593
IND502286AAB,IND502220AAC,FTL,night,9,9,1.9655172413793103,109.0,56.0,1.0,423.0,1.8226866738120757,1.8670134016777693
IND502295AAA,IND500050AAA,Carting,night,2,2,2.0225442834138487,50.0,25.0,1.0,50.0,2.125,2.115685843946714
IND502313AAA,IND503111AAC,FTL,morning,6,6,1.7234267583289264,106.5,61.5,1.0,277.0,1.8750586854460094,1.8400667022651442
IND503111AAC,IND501359AAE,FTL,late_evening,2,2,1.5124378109452736,206.0,136.0,1.0,140.0,1.8333333333333333,1.8041610131162367
IND503111AAC,IND501359AAE,FTL,night,11,11,1.7727272727272727,234.0,133.0,1.0,1375.0,1.8226866738120757,1.8049591443948876
IND503111AAC,IND503185AAA,FTL,late_evening,3,3,1.411764705882353,90.0,64.0,1.0,82.0,1.8333333333333333,1.7783461210571183
IND503111AAC,IND503185AAA,FTL,night,17,17,1.7424242424242424,114.0,66.0,1.0,830.0,1.8226866738120757,1.78580934047172
IND503111AAC,IND505001AAB,FTL,evening,1,1,1.4367816091954022,125.0,87.0,1.0,38.0,1.7703025992499675,1.7544206473426072
IND503122AAA,IND502110AAA,FTL,morning,15,15,1.5945945945945945,58.0,37.0,1.0,400.0,1.8750586854460094,1.7548597893668318
IND503122AAA,IND502110AAA,FTL,night,4,4,1.5361111111111112,54.5,35.5,1.0,88.0,1.8226866738120757,1.7749240800285817
IND503185AAA,IND503187AAA,FTL,morning,1,1,1.5,42.0,28.0,1.0,14.0,1.8750586854460094,1.8571987480438186
IND503185AAA,IND503187AAA,FTL,night,18,18,1.557777777777778,42.0,27.0,1.0,292.0,1.8226866738120757,1.6972035125326714
IND503187AAA,IND503122AAA,FTL,morning,11,11,1.6,40.0,25.0,1.0,180.0,1.8750586854460094,1.7774572164167803
IND503187AAA,IND503122AAA,FTL,night,9,9,1.52,39.0,25.0,1.0,146.0,1.8226866738120757,1.7287494302152246
IND504201AAA,IND505001AAB,FTL,night,1,1,2.1971830985915495,156.0,71.0,1.0,85.0,1.8226866738120757,1.8405198368968128
IND504201AAA,IND505184AAC,FTL,night,5,5,1.1578947368421053,88.0,74.0,0.4,92.0,1.8226866738120757,1.6897282864180818
IND504208AAB,IND504251AAA,FTL,night,1,1,1.7894736842105263,34.0,19.0,1.0,15.0,1.8226866738120757,1.821105102878669
IND504208AAB,IND505001AAB,FTL,morning,4,4,2.2507549611734254,146.0,68.5,1.0,337.0,1.8750586854460094,1.9376747314005789
IND504208AAB,IND505001AAB,FTL,night,2,2,1.8322994210090984,125.5,70.0,1.0,111.0,1.8226866738120757,1.823560559920896
IND504215AAA,IND505001AAB,FTL,morning,10,10,2.094978826376286,120.5,58.0,1.0,687.0,1.8750586854460094,1.948365399089435
IND504215AAA,IND505001AAB,FTL,night,5,5,1.9310344827586208,112.0,58.0,1.0,342.0,1.8226866738120757,1.8443562356013847
IND504215AAA,IND505326AAB,FTL,morning,1,1,2.706896551724138,157.0,58.0,1.0,99.0,1.8750586854460094,1.9146700124116347
IND504251AAA,IND504293AAA,FTL,night,2,2,2.340557275541796,84.0,36.0,1.0,96.0,1.8226866738120757,1.8697658194238684
IND504251AAA,IND504296AAA,FTL,night,3,3,1.186046511627907,51.0,43.0,0.3333333333333333,29.0,1.8226866738120757,1.739646652657619
IND504293AAA,IND504208AAB,FTL,morning,2,2,1.376653439153439,75.5,55.0,0.5,41.0,1.8750586854460094,1.8297491176012306
IND504293AAA,IND505001AAB,FTL,morning,2,2,2.3744657332350774,276.0,116.5,1.0,319.0,1.8750586854460094,1.9204593261541065
IND504293AAA,IND505001AAB,FTL,night,5,5,1.8518518518518519,250.0,119.0,1.0,533.0,1.8226866738120757,1.8285197094200312
IND504296AAA,IND504208AAB,FTL,night,1,1,1.2881355932203389,76.0,59.0,1.0,17.0,1.8226866738120757,1.7972318604505646
IND504296AAA,IND504293AAA,FTL,morning,1,1,1.1,33.0,30.0,0.0,3.0,1.8750586854460094,1.8381511289961996
IND504296AAA,IND504293AAA,FTL,night,1,1,1.1,33.0,30.0,0.0,3.0,1.8226866738120757,1.7882730226781676
IND504296AAA,IND505001AAB,FTL,night,1,1,1.5873015873015872,200.0,126.0,1.0,74.0,1.8226866738120757,1.8114778601687194
IND505001AAA,IND505302AAB,FTL,night,9,9,1.4242424242424243,47.0,33.0,1.0,186.0,1.8226866738120757,1.6990315618766667
IND505001AAA,IND505327AAA,FTL,night,1,1,1.6428571428571428,69.0,42.0,1.0,27.0,1.8226866738120757,1.8141233628142222
IND505001AAB,IND501359AAE,FTL,late_evening,1,1,1.9883040935672514,340.0,171.0,1.0,169.0,1.8333333333333333,1.840712893344472
IND505001AAB,IND503111AAC,FTL,evening,1,1,1.1666666666666667,105.0,90.0,0.0,15.0,1.7703025992499675,1.741558031031715
IND505001AAB,IND503111AAC,FTL,late_evening,1,1,1.6590909090909092,146.0,88.0,1.0,58.0,1.8333333333333333,1.8250360750360748
IND505001AAB,IND504208AAB,FTL,late_evening,5,5,1.75,105.0,60.0,1.0,261.0,1.8333333333333333,1.8166666666666667
IND505001AAB,IND504208AAB,FTL,night,6,6,1.5072916666666667,91.0,60.0,1.0,184.0,1.8226866738120757,1.7499032106246735
IND505001AAB,IND504251AAA,FTL,late_evening,1,1,2.216867469879518,184.0,83.0,1.0,101.0,1.8333333333333333,1.8515968636450562
IND505001AAB,IND505172AAA,FTL,night,1,1,1.7083333333333333,41.0,24.0,1.0,17.0,1.8226866738120757,1.8172412766464217
IND505001AAB,IND505184AAC,FTL,late_evening,3,3,2.6557377049180326,162.0,61.0,1.0,291.0,1.8333333333333333,1.9406034687574243
IND505001AAB,IND505209AAA,FTL,late_evening,4,4,3.8777777777777778,174.5,45.0,1.0,451.0,1.8333333333333333,2.174074074074074
IND505001AAB,IND505209AAA,FTL,night,3,3,2.6511627906976742,114.0,43.0,1.0,188.0,1.8226866738120757,1.9307487760145454
IND505001AAB,IND505302AAB,FTL,late_evening,2,2,1.7094474153297683,57.0,33.5,0.5,47.0,1.8333333333333333,1.8220709771511912
IND505001AAB,IND505302AAB,FTL,night,2,2,1.7357954545454546,56.5,32.5,1.0,48.0,1.8226866738120757,1.8147874720605648
IND505122AAA,IND506002AAA,FTL,night,16,16,3.2673992673992673,133.0,39.0,1.0,2027.0,1.8226866738120757,2.4647811598508276
IND505184AAC,IND505001AAB,FTL,morning,6,6,2.1986662961933874,132.0,61.0,1.0,521.0,1.8750586854460094,1.9497373648492506
IND505184AAC,IND505001AAB,FTL,night,3,3,1.9,114.0,60.0,1.0,218.0,1.8226866738120757,1.8327710207061527
IND505184AAC,IND505209AAA,FTL,night,2,2,0.8941375968992248,41.0,45.5,0.0,1.0,1.8226866738120757,1.738273121365453
IND505209AAA,IND504201AAA,FTL,night,5,5,1.4642857142857142,41.0,28.0,1.0,126.0,1.8226866738120757,1.7510064819068034
IND505209AAA,IND505001AAB,FTL,night,3,3,2.0,88.0,45.0,1.0,246.0,1.8226866738120757,1.8458144989670224
IND505302AAB,IND505325AAA,FTL,night,5,5,1.1475409836065573,70.0,61.0,0.2,57.0,1.8226866738120757,1.687657535770972
IND505302AAB,IND505326AAB,FTL,night,4,4,1.2222222222222223,66.0,54.0,0.5,52.0,1.8226866738120757,1.722609265213767
IND505302AAB,IND505327AAA,FTL,night,1,1,2.048780487804878,84.0,41.0,1.0,43.0,1.8226866738120757,1.8334530459069711
IND505325AAA,IND505327AAA,FTL,night,6,6,1.4545454545454546,27.5,19.5,1.0,70.0,1.8226866738120757,1.7377310078274708
IND505326AAA,IND505425AAA,FTL,night,1,1,2.8285714285714287,99.0,35.0,1.0,64.0,1.8226866738120757,1.8705859478482356
IND505326AAB,IND505001AAB,FTL,morning,1,1,4.389830508474576,259.0,59.0,1.0,200.0,1.8750586854460094,1.994809724637846
IND505326AAB,IND505327AAA,FTL,night,1,1,2.0434782608695654,47.0,23.0,1.0,24.0,1.8226866738120757,1.8332005589100515
IND505326AAB,IND505425AAA,FTL,night,1,1,1.631578947368421,31.0,19.0,1.0,12.0,1.8226866738120757,1.8135863058861874
IND505327AAA,IND505425AAA,FTL,morning,3,3,1.2352941176470589,21.0,17.0,0.6666666666666666,37.0,1.8750586854460094,1.7916111331244071
IND505327AAA,IND505425AAA,FTL,night,9,9,1.7,34.0,20.0,1.0,140.0,1.8226866738120757,1.7846114991807418
IND505425AAA,IND504215AAA,FTL,night,1,1,3.4166666666666665,41.0,12.0,1.0,29.0,1.8226866738120757,1.8985904829956277
IND505425AAA,IND505001AAB,FTL,night,1,1,1.9180327868852458,117.0,61.0,1.0,56.0,1.8226866738120757,1.8272269649107984
IND505467AAA,IND505122AAA,FTL,night,13,13,1.75,78.0,46.0,1.0,423.0,1.8226866738120757,1.7940525295830763
IND505503AAA,IND506164AAA,FTL,night,1,1,2.3421052631578947,89.0,38.0,1.0,51.0,1.8226866738120757,1.847420892352353
IND506001AAC,IND505122AAA,FTL,night,2,2,2.0588235294117645,70.0,34.0,1.0,72.0,1.8226866738120757,1.8441536606847748
IND506001AAC,IND505467AAA,FTL,night,13,13,1.588235294117647,55.0,34.0,1.0,289.0,1.8226866738120757,1.7303270393869978
IND506002AAA,IND506132AAA,FTL,late_evening,18,18,1.1265873015873016,41.5,35.0,0.3888888888888889,127.0,1.8333333333333333,1.4985588972431079
IND506002AAA,IND506132AAA,FTL,night,2,2,1.6408730158730158,58.5,35.5,0.5,46.0,1.8226866738120757,1.8061581594539795
IND506002AAA,IND506143AAA,FTL,evening,16,16,1.9565217391304348,43.0,21.0,1.0,349.0,1.7703025992499675,1.853066661419064
IND506002AAA,IND506143AAA,FTL,late_evening,1,1,2.0,42.0,21.0,1.0,21.0,1.8333333333333333,1.8412698412698412
IND506002AAA,IND506343AAA,FTL,late_evening,2,2,1.6142857142857143,56.5,35.0,1.0,43.0,1.8333333333333333,1.8134199134199134
IND506132AAA,IND122001AAJ,FTL,night,19,19,1.878787878787879,65.0,34.0,1.0,576.0,1.8226866738120757,1.8500180300823388
IND506143AAA,IND506167AAB,FTL,night,16,16,1.8180147058823528,30.0,17.0,1.0,204.0,1.8226866738120757,1.8206102436210878
IND506167AAB,IND501359AAE,FTL,night,16,16,2.054514353711141,173.0,82.0,1.0,1814.0,1.8226866738120757,1.9257211982116604
IND506169AAB,IND505503AAA,FTL,night,1,1,2.125,34.0,16.0,1.0,18.0,1.8226866738120757,1.8370825464876912
IND506314AAA,IND506002AAA,FTL,morning,5,5,2.625,63.0,24.0,1.0,348.0,1.8750586854460094,2.025046948356808
IND506314AAA,IND506002AAA,FTL,night,11,11,4.0,92.0,24.0,1.0,1427.0,1.8226866738120757,2.5952817250400493
IND506343AAA,IND506169AAB,FTL,night,2,2,1.177526595744681,56.0,47.5,0.5,17.0,1.8226866738120757,1.7640357576241308
IND507002AAA,IND507117AAB,FTL,late_evening,1,1,1.5,162.0,108.0,1.0,54.0,1.8333333333333333,1.8174603174603174
IND507002AAA,IND507159AAA,FTL,late_evening,3,3,1.9411764705882353,34.0,17.0,1.0,55.0,1.8333333333333333,1.847399829497016
IND507002AAA,IND507167AAA,FTL,late_evening,7,7,2.84,64.0,21.0,1.0,288.0,1.8333333333333333,2.094320987654321
IND507002AAA,IND507167AAA,FTL,night,2,2,2.775,55.5,20.0,1.0,71.0,1.8226866738120757,1.9092606125564324
IND507002AAA,IND508001AAA,FTL,evening,1,1,2.5308641975308643,205.0,81.0,1.0,124.0,1.7703025992499675,1.8065198182157247
IND507002AAA,IND508206AAA,FTL,late_evening,12,12,2.1311827956989244,65.0,30.0,1.0,560.0,1.8333333333333333,1.94502688172043
IND507002AAA,IND508207AAB,FTL,late_evening,1,1,1.8805970149253732,126.0,67.0,1.0,59.0,1.8333333333333333,1.835583984837716
IND507002AAA,IND508207AAB,FTL,night,1,1,2.0307692307692307,132.0,65.0,1.0,67.0,1.8226866738120757,1.8325953670005117
IND507002AAA,IND508213AAB,FTL,evening,3,3,1.7555555555555555,79.0,45.0,1.0,106.0,1.7703025992499675,1.768379071811566
IND507002AAA,IND508213AAB,FTL,late_evening,11,11,1.8604651162790697,80.0,44.0,1.0,412.0,1.8333333333333333,1.8429607401850463
IND507111AAA,IND507117AAB,FTL,morning,1,1,1.40625,45.0,32.0,1.0,13.0,1.8750586854460094,1.852734462329533
IND507111AAA,IND507117AAB,FTL,night,18,18,1.714717741935484,54.0,31.0,1.0,423.0,1.8226866738120757,1.7715434955547429
IND507111AAA,IND507303AAA,FTL,night,1,1,1.165289256198347,141.0,121.0,0.0,20.0,1.8226866738120757,1.791382034878089
IND507117AAB,IND507303AAA,FTL,morning,3,3,1.2302158273381294,171.0,140.0,0.6666666666666666,90.0,1.8750586854460094,1.7909487474319383
IND507117AAB,IND507303AAA,FTL,night,15,15,1.3732394366197183,193.0,141.0,1.0,958.0,1.8226866738120757,1.6300664293010654
IND507123AAA,IND506314AAA,FTL,night,12,12,1.3579328756674294,153.5,114.0,0.75,429.0,1.8226866738120757,1.6484039995078335
IND507159AAA,IND507002AAA,FTL,morning,1,1,2.0625,33.0,16.0,1.0,17.0,1.8750586854460094,1.883984462329533
IND507159AAA,IND507002AAA,FTL,night,9,9,3.0,93.0,18.0,1.0,1588.0,1.8226866738120757,2.188059775042811
IND507159AAA,IND508206AAA,FTL,night,5,5,1.135135135135135,42.0,37.0,0.4,32.0,1.8226866738120757,1.6851763660766879
IND507303AAA,IND507002AAA,FTL,afternoon,1,1,2.490566037735849,132.0,53.0,1.0,79.0,1.7676767676767677,1.8021000662510096
IND507303AAA,IND507002AAA,FTL,morning,17,17,2.5849056603773586,137.0,53.0,1.0,1769.0,1.8750586854460094,2.2012045928468997
IND508001AAA,IND501359AAE,FTL,night,14,14,1.7953488372093025,153.5,85.0,1.0,1000.0,1.8226866738120757,1.811429917563875
IND508116AAA,IND508223AAA,FTL,night,1,1,1.2857142857142858,90.0,70.0,1.0,20.0,1.8226866738120757,1.7971165600931334
IND508116AAA,IND508277AAB,FTL,night,14,14,1.0795454545454546,47.5,44.0,0.07142857142857142,60.0,1.8226866738120757,1.5166873482317025
IND508206AAA,IND507002AAA,FTL,night,2,2,1.9464285714285714,54.5,28.0,1.0,53.0,1.8226866738120757,1.8339359372317574
IND508206AAA,IND507159AAA,FTL,morning,1,1,1.5,57.0,38.0,1.0,19.0,1.8750586854460094,1.8571987480438186
IND508206AAA,IND507159AAA,FTL,night,11,11,1.3611111111111112,49.0,36.0,0.8181818181818182,159.0,1.8226866738120757,1.6589017967246367
IND508206AAA,IND508207AAB,FTL,night,4,4,2.0432773109243696,71.5,34.5,1.0,148.0,1.8226866738120757,1.859451779997458
IND508207AAB,IND507002AAA,FTL,night,5,5,3.046875,195.0,64.0,1.0,688.0,1.8226866738120757,2.0675243390496605
IND508207AAB,IND508206AAA,FTL,night,1,1,2.7058823529411766,92.0,34.0,1.0,58.0,1.8226866738120757,1.8647436109134614
IND508207AAB,IND521225AAB,FTL,morning,10,10,1.8811380225613803,249.5,131.5,1.0,1205.0,1.8750586854460094,1.8770851311511332
IND508213AAB,IND508001AAA,FTL,night,14,14,1.8933143669985775,71.0,36.0,1.0,498.0,1.8226866738120757,1.8517686651241647
IND508223AAA,IND500039AAC,FTL,morning,1,1,1.4948453608247423,145.0,97.0,1.0,48.0,1.8750586854460094,1.856953289035473
IND508223AAA,IND500039AAC,FTL,night,13,13,1.6666666666666667,158.0,98.0,1.0,898.0,1.8226866738120757,1.7612242467547934
IND508248AAB,IND508377AAB,FTL,night,15,15,1.7647058823529411,58.0,33.0,1.0,392.0,1.8226866738120757,1.7978377631867324
IND508252AAB,IND508207AAB,FTL,morning,6,6,1.0416666666666667,112.0,108.0,0.0,28.0,1.8750586854460094,1.6827374503430843
IND508277AAB,IND508223AAA,FTL,night,11,11,1.3846153846153846,34.0,25.0,1.0,122.0,1.8226866738120757,1.6672420228067983
IND508377AAB,IND501359AAE,FTL,morning,1,1,2.1379310344827585,248.0,116.0,1.0,132.0,1.8750586854460094,1.8875764163525215
IND508377AAB,IND501359AAE,FTL,night,11,11,1.7478991596638656,208.0,119.0,1.0,1323.0,1.8226866738120757,1.796149168791743
IND509001AAA,IND509203AAA,FTL,night,19,19,1.5757575757575757,52.0,33.0,1.0,377.0,1.8226866738120757,1.7023878824521914
IND509103AAB,IND509103AAC,FTL,night,1,1,1.9411764705882353,33.0,17.0,1.0,16.0,1.8226866738120757,1.828329045087131
IND509103AAB,IND518002AAA,FTL,night,9,9,2.293103448275862,129.0,57.0,1.0,715.0,1.8226866738120757,1.968678086576699
IND509103AAC,IND518002AAA,FTL,night,6,6,2.043395675043834,119.5,58.0,1.0,404.0,1.8226866738120757,1.8736195202501738
IND509124AAA,IND509103AAB,FTL,night,9,9,1.8205128205128205,71.0,39.0,1.0,346.0,1.8226866738120757,1.8220120296847206
IND509124AAA,IND509103AAC,FTL,night,4,4,1.6366396761133604,63.0,38.5,1.0,146.0,1.8226866738120757,1.79167884086229
IND509124AAA,IND518002AAA,FTL,night,1,1,3.064516129032258,190.0,62.0,1.0,128.0,1.8226866738120757,1.8818214097749415
IND509124AAA,IND584101AAA,FTL,late_evening,2,2,1.5272727272727273,84.0,55.0,1.0,58.0,1.8333333333333333,1.8055096418732781
IND509203AAA,IND509301AAA,FTL,night,19,19,1.52,39.0,25.0,1.0,263.0,1.8226866738120757,1.675223935288244
IND509216AAC,IND501359AAE,Carting,night,7,7,1.5555555555555556,42.0,25.0,1.0,133.0,2.125,1.9773662551440327
IND509216AAC,IND501359AAE,FTL,night,5,5,2.88,72.0,25.0,1.0,212.0,1.8226866738120757,2.0341493390496606
IND509301AAA,IND501359AAE,FTL,night,14,14,1.9157054125998225,92.0,48.0,1.0,621.0,1.8226866738120757,1.8609885074305599
IND509301AAA,IND509216AAC,FTL,night,5,5,1.826086956521739,42.0,23.0,1.0,154.0,1.8226866738120757,1.8233667303540084
IND509324AAA,IND508248AAB,FTL,late_evening,2,2,2.1176470588235294,72.0,34.0,1.0,76.0,1.8333333333333333,1.8591800356506238
IND509324AAA,IND508248AAB,FTL,night,6,6,2.36969696969697,74.5,33.0,1.0,264.0,1.8226866738120757,1.9489198190162822
IND509358AAA,IND508248AAB,FTL,late_evening,8,8,2.0655737704918034,126.5,62.0,1.0,565.0,1.8333333333333333,1.899687743950039
IND509358AAA,IND509324AAA,FTL,late_evening,8,8,1.7172364672364673,45.5,27.0,1.0,272.0,1.8333333333333333,1.8001628001628
IND509358AAA,IND509324AAA,FTL,night,1,1,1.2857142857142858,36.0,28.0,1.0,8.0,1.8226866738120757,1.7971165600931334
IND515004AAA,IND501359AAE,FTL,afternoon,17,17,1.7740585774058577,424.0,238.0,1.0,3206.0,1.7676767676767677,1.7706089505252685
IND515004AAA,IND515401AAB,FTL,evening,13,13,1.8108108108108107,67.0,39.0,0.9230769230769231,461.0,1.7703025992499675,1.7862603795618148
IND515004AAA,IND515401AAB,FTL,late_evening,4,4,1.717948717948718,68.5,39.5,1.0,114.0,1.8333333333333333,1.8141025641025639
IND515004AAA,IND515411AAA,FTL,evening,2,2,2.5086538461538463,99.0,39.5,1.0,119.0,1.7703025992499675,1.837425439877593
IND515004AAA,IND515671AAA,FTL,evening,10,10,1.9632575757575756,71.0,32.0,1.0,627.0,1.7703025992499675,1.8346209247525036
IND515004AAA,IND515671AAA,FTL,late_evening,3,3,1.7419354838709677,55.0,32.0,1.0,73.0,1.8333333333333333,1.8214118747078074
IND515004AAA,IND515801AAA,FTL,evening,2,2,2.485185185185185,142.0,57.0,1.0,170.0,1.7703025992499675,1.8352919252440782
IND515004AAA,IND562132AAA,FTL,afternoon,1,1,1.5247524752475248,308.0,202.0,1.0,106.0,1.7676767676767677,1.7561089442277562
IND515004AAA,IND562132AAA,FTL,morning,7,7,1.5141509433962264,320.0,206.0,1.0,740.0,1.8750586854460094,1.7814900115812509
IND515134AAA,IND515201AAA,Carting,late_evening,5,5,1.7857142857142858,100.0,56.0,1.0,232.0,1.8148148148148149,1.8089947089947092
IND515134AAA,IND515201AAA,Carting,night,10,10,1.7025974025974024,94.5,55.0,1.0,411.0,2.125,1.984199134199134
IND515134AAA,IND515591AAA,FTL,late_evening,5,5,1.6382978723404256,78.0,48.0,1.0,176.0,1.8333333333333333,1.7943262411347518
IND515134AAA,IND515591AAA,FTL,night,3,3,1.3673469387755102,67.0,48.0,1.0,60.0,1.8226866738120757,1.7632945344594801
IND515201AAA,IND515134AAA,Carting,night,5,5,1.6896551724137931,98.0,58.0,1.0,306.0,2.125,2.037931034482759
IND515201AAA,IND515301AAA,Carting,night,14,14,2.8797619047619047,59.0,21.0,1.0,535.0,2.125,2.43578431372549
IND515301AAA,IND561202AAB,Carting,night,16,16,1.7886029411764706,29.5,16.0,1.0,247.0,2.125,1.9754901960784315
IND515401AAB,IND515801AAA,FTL,evening,2,2,3.119047619047619,65.5,21.0,1.0,89.0,1.7703025992499675,1.892915782867936
IND515401AAB,IND515801AAA,FTL,late_evening,13,13,2.5,50.0,21.0,1.0,471.0,1.8333333333333333,2.0959595959595956
IND515401AAB,IND515801AAA,FTL,night,3,3,2.3636363636363638,52.0,21.0,1.0,92.0,1.8226866738120757,1.8932453290065483
IND515411AAA,IND516360AAB,FTL,late_evening,2,2,1.8494318181818183,120.0,65.0,1.0,110.0,1.8333333333333333,1.8347968319559227
IND515591AAA,IND516269AAA,FTL,night,10,10,1.689783653846154,109.0,64.0,1.0,473.0,1.8226866738120757,1.7783856671567686
IND515671AAA,IND515134AAA,FTL,late_evening,12,12,1.5521390374331552,52.0,34.0,1.0,233.0,1.8333333333333333,1.7278854723707664
IND515671AAA,IND515134AAA,FTL,night,1,1,1.3714285714285714,48.0,35.0,1.0,13.0,1.8226866738120757,1.8011981927461949
IND515671AAA,IND515591AAA,FTL,late_evening,1,1,2.0,156.0,78.0,1.0,78.0,1.8333333333333333,1.8412698412698412
IND515761AAA,IND515004AAA,FTL,morning,1,1,2.2,110.0,50.0,1.0,60.0,1.8750586854460094,1.890532081377152
IND515761AAA,IND515004AAA,FTL,night,18,18,1.8156108597285068,94.0,52.0,1.0,800.0,1.8226866738120757,1.8193349724040697
IND515801AAA,IND515761AAA,FTL,late_evening,1,1,1.8181818181818181,200.0,110.0,1.0,90.0,1.8333333333333333,1.8326118326118326
IND515801AAA,IND515865AAB,FTL,late_evening,9,9,1.5,138.0,91.0,1.0,470.0,1.8333333333333333,1.7298850574712643
IND515801AAA,IND515865AAB,FTL,night,9,9,1.4945054945054945,136.0,92.0,1.0,452.0,1.8226866738120757,1.720837342303137
IND515865AAB,IND515761AAA,FTL,night,18,18,1.734375,55.0,32.0,1.0,408.0,1.8226866738120757,1.7808548283221455
IND516001AAA,IND516227AAA,FTL,night,2,2,1.75,80.5,46.0,1.0,69.0,1.8226866738120757,1.8160787943746144
IND516101AAA,IND516115AAA,Carting,morning,17,17,2.5652173913043477,63.0,24.0,1.0,717.0,2.2,2.3678025851938895
IND516101AAA,IND516115AAA,Carting,night,1,1,2.32,58.0,25.0,1.0,33.0,2.125,2.1342857142857143
IND516115AAA,IND517501AAB,Carting,morning,17,17,2.360655737704918,149.0,63.0,1.0,1653.0,2.2,2.2738147984049624
IND516227AAA,IND515004AAA,FTL,night,2,2,2.1944337256415203,316.5,144.0,1.0,345.0,1.8226866738120757,1.8564818603420254
IND516269AAA,IND516390AAA,FTL,night,15,15,1.591549295774648,121.0,76.0,1.0,728.0,1.8226866738120757,1.7236277975103211
IND516360AAB,IND516001AAA,FTL,night,2,2,1.5558139534883721,68.5,44.0,1.0,49.0,1.8226866738120757,1.7984255174190118
IND516390AAA,IND515004AAA,FTL,morning,8,8,1.7348484848484849,167.0,97.5,1.0,578.0,1.8750586854460094,1.8349986281324309
IND516390AAA,IND515004AAA,FTL,night,7,7,1.7857142857142858,161.0,99.0,1.0,513.0,1.8226866738120757,1.8131012398607969
IND517325AAA,IND517408AAA,FTL,morning,1,1,2.15625,69.0,32.0,1.0,37.0,1.8750586854460094,1.8884487480438186
IND517501AAB,IND517583AAA,Carting,night,19,19,2.230769230769231,56.0,25.0,1.0,582.0,2.125,2.176528599605523
IND517501AAB,IND517644AAA,FTL,night,16,16,2.4833333333333334,77.5,31.0,1.0,744.0,1.8226866738120757,2.116307411377079
IND517583AAA,IND516101AAA,Carting,morning,2,2,2.395348837209302,103.0,43.0,1.0,120.0,2.2,2.2177589852008457
IND517583AAA,IND516101AAA,Carting,night,17,17,2.2666666666666666,102.0,45.0,1.0,992.0,2.125,2.19009009009009
IND517644AAA,IND524132AAA,FTL,morning,6,6,2.3470588235294114,80.0,34.0,1.0,259.0,1.8750586854460094,1.9839817942344868
IND517644AAA,IND524132AAA,FTL,night,9,9,2.0294117647058822,68.0,34.0,1.0,329.0,1.8226866738120757,1.8868427365032572
IND518002AAA,IND501359AAE,FTL,morning,12,12,1.8829787234042552,265.0,140.5,1.0,1523.0,1.8750586854460094,1.8780286996803517
IND518002AAA,IND509103AAB,FTL,morning,2,2,2.353019480519481,413.0,175.5,1.0,475.0,1.8750586854460094,1.9185096668163253
IND518002AAA,IND509124AAA,FTL,evening,3,3,1.6363636363636365,72.0,46.0,1.0,199.0,1.7703025992499675,1.7528322997430548
IND518002AAA,IND518206AAA,FTL,morning,1,1,10.0,1128.0,85.0,1.0,1043.0,1.8750586854460094,2.2619606528057234
IND518002AAA,IND518401AAA,FTL,evening,8,8,1.744047619047619,50.5,30.0,1.0,212.0,1.7703025992499675,1.7628011763350107
IND518002AAA,IND518401AAA,FTL,late_evening,5,5,1.9,57.0,30.0,1.0,116.0,1.8333333333333333,1.8466666666666667
IND518002AAA,IND518501AAA,FTL,evening,15,15,1.4464285714285714,87.0,57.0,1.0,413.0,1.7703025992499675,1.6314994444693691
IND518002AAA,IND518501AAA,FTL,late_evening,3,3,1.6666666666666667,99.0,54.0,1.0,111.0,1.8333333333333333,1.8115942028985506
IND518002AAA,IND562132AAA,FTL,afternoon,11,11,1.4072847682119205,432.0,309.0,1.0,1302.0,1.7676767676767677,1.6397957356085962
IND518002AAA,IND584101AAA,FTL,evening,14,14,1.6213592233009708,166.5,100.5,0.9285714285714286,877.0,1.7703025992499675,1.708972973859204
IND518102AAA,IND518002AAA,FTL,night,14,14,2.011627906976744,258.0,129.5,1.0,1834.0,1.8226866738120757,1.9004860051151746
IND518124AAA,IND518002AAA,FTL,night,1,1,1.5,105.0,70.0,1.0,35.0,1.8226866738120757,1.8073206417257865
IND518124AAA,IND518206AAA,FTL,night,6,6,1.65,33.0,21.0,1.0,86.0,1.8226866738120757,1.782835902932366
IND518206AAA,IND518002AAA,FTL,night,1,1,1.6506024096385543,137.0,83.0,1.0,54.0,1.8226866738120757,1.814492185041908
IND518206AAA,IND518222AAA,FTL,night,4,4,1.281060606060606,57.0,43.5,0.75,64.0,1.8226866738120757,1.7324156625201643
IND518222AAA,IND518002AAA,FTL,night,5,5,1.4423076923076923,56.0,41.0,0.6,84.0,1.8226866738120757,1.746610877511199
IND518401AAA,IND518422AAB,FTL,late_evening,4,4,2.065705128205128,51.0,24.5,1.0,106.0,1.8333333333333333,1.8720619658119657
IND518401AAA,IND518422AAB,FTL,night,8,8,1.9416666666666669,46.5,23.5,1.0,198.0,1.8226866738120757,1.8566809574848162
IND518422AAB,IND518102AAA,FTL,night,14,14,2.072467532467533,157.5,76.0,1.0,1137.0,1.8226866738120757,1.9255376156113817
IND518501AAA,IND518124AAA,FTL,late_evening,1,1,1.6727272727272726,92.0,55.0,1.0,37.0,1.8333333333333333,1.8256854256854256
IND518501AAA,IND518124AAA,FTL,night,14,14,1.6965894465894467,65.5,39.0,1.0,427.0,1.8226866738120757,1.7707642861321697
IND520011AAA,IND521185AAA,Carting,night,8,8,2.0,64.0,29.5,1.0,297.0,2.125,2.0892857142857144
IND521001AAA,IND521165AAA,FTL,night,3,3,1.88,47.0,25.0,1.0,71.0,1.8226866738120757,1.8301623250539791
IND521001AAA,IND521225AAB,FTL,night,5,5,2.2941176470588234,120.0,54.0,1.0,339.0,1.8226866738120757,1.9169728684614253
IND521105AAA,IND521333AAA,FTL,night,4,4,2.363394584139265,107.5,46.0,1.0,244.0,1.8226866738120757,1.9128046588666072
IND521105AAA,IND534001AAA,FTL,night,4,4,1.941176470588235,33.5,17.0,1.0,64.0,1.8226866738120757,1.8424349732747691
IND521165AAA,IND521225AAB,FTL,night,3,3,8.615384615384615,224.0,26.0,1.0,485.0,1.8226866738120757,2.7086907531476245
IND521185AAA,IND520011AAA,Carting,night,1,1,1.7241379310344827,50.0,29.0,1.0,21.0,2.125,2.105911330049261
IND521185AAA,IND521225AAB,Carting,night,7,7,2.1777777777777776,98.0,45.0,1.0,388.0,2.125,2.1386831275720164
IND521201AAA,IND521105AAA,FTL,late_evening,1,1,1.736842105263158,33.0,19.0,1.0,14.0,1.8333333333333333,1.8287385129490392
IND521201AAA,IND521105AAA,FTL,night,2,2,1.7954545454545454,39.5,22.0,1.0,35.0,1.8226866738120757,1.8202110257795732
IND521225AAB,IND501359AAE,FTL,morning,1,1,1.9372549019607843,494.0,255.0,1.0,239.0,1.8750586854460094,1.8780204100419513
IND521225AAB,IND501359AAE,FTL,night,10,10,1.7303120469977875,446.0,260.0,1.0,2084.0,1.8226866738120757,1.7918951315406464
IND521225AAB,IND507002AAA,FTL,afternoon,14,14,1.3594826465618093,208.0,157.5,0.8571428571428571,1127.0,1.7676767676767677,1.5995968354529615
IND521225AAB,IND521001AAA,FTL,evening,1,1,2.0,150.0,75.0,1.0,75.0,1.7703025992499675,1.781240570714255
IND521225AAB,IND521165AAA,FTL,morning,1,1,3.532258064516129,219.0,62.0,1.0,157.0,1.8750586854460094,1.9539729415922058
IND521225AAB,IND521185AAA,Carting,evening,1,1,2.142857142857143,90.0,42.0,1.0,48.0,1.7540983606557377,1.7726106836177093
IND521225AAB,IND521201AAA,FTL,evening,12,12,1.625,84.5,52.0,1.0,735.0,1.7703025992499675,1.7158141245312297
IND521225AAB,IND521201AAA,FTL,late_evening,9,9,1.5471698113207548,82.0,52.0,1.0,273.0,1.8333333333333333,1.7445239644328778
IND521225AAB,IND521301AAA,FTL,evening,10,10,1.6734074823053589,75.5,46.0,1.0,474.0,1.7703025992499675,1.738004226935098
IND521225AAB,IND521301AAA,FTL,late_evening,9,9,1.8,81.0,46.0,1.0,436.0,1.8333333333333333,1.8229885057471262
IND521225AAB,IND523002AAA,FTL,morning,3,3,1.8653846153846154,194.0,104.0,1.0,297.0,1.8750586854460094,1.8737968502206104
IND521301AAA,IND521001AAA,FTL,late_evening,7,7,1.92,48.0,25.0,1.0,182.0,1.8333333333333333,1.8558024691358024
IND521301AAA,IND521001AAA,FTL,night,12,12,1.8775,46.0,25.0,1.0,287.0,1.8226866738120757,1.8432416711325474
IND521333AAA,IND521225AAB,FTL,night,14,14,2.4561972744970797,167.0,68.0,1.0,1675.0,1.8226866738120757,2.0835439799764894
IND522647AAA,IND523201AAA,FTL,night,19,19,1.4807692307692308,78.0,54.0,0.9473684210526315,450.0,1.8226866738120757,1.6561115092527412
IND523002AAA,IND523105AAA,FTL,afternoon,1,1,1.763157894736842,201.0,114.0,1.0,87.0,1.7676767676767677,1.7674615832510572
IND523002AAA,IND523226AAA,FTL,afternoon,2,2,2.575396825396825,50.0,19.5,1.0,61.0,1.7676767676767677,1.8411058638331368
IND523002AAA,IND523226AAA,FTL,evening,1,1,1.6842105263157894,32.0,19.0,1.0,13.0,1.7703025992499675,1.7662029767292924
IND523002AAA,IND523226AAA,FTL,late_evening,2,2,1.611244019138756,33.0,20.5,1.0,25.0,1.8333333333333333,1.8131433956792806
IND523002AAA,IND523230AAA,FTL,afternoon,12,12,1.6567164179104477,112.5,67.0,1.0,608.0,1.7676767676767677,1.7260666365143977
IND523002AAA,IND523230AAA,FTL,evening,4,4,1.6567164179104477,111.0,67.0,1.0,184.0,1.7703025992499675,1.7513715690267142
IND523002AAA,IND523230AAA,FTL,late_evening,5,5,1.6119402985074627,108.0,68.0,1.0,199.0,1.8333333333333333,1.789054726368159
IND523002AAA,IND523316AAB,FTL,afternoon,1,1,2.282051282051282,178.0,78.0,1.0,100.0,1.7676767676767677,1.7921707921707923
IND523002AAA,IND600056AAB,FTL,morning,11,11,1.6935483870967742,438.0,248.0,0.9090909090909091,1893.0,1.8750586854460094,1.8106518053866034
IND523105AAA,IND524201AAA,FTL,late_evening,1,1,1.0555555555555556,57.0,54.0,0.0,3.0,1.8333333333333333,1.7962962962962963
IND523105AAA,IND524201AAA,FTL,night,18,18,0.9605415860735009,52.0,54.0,0.0,39.0,1.8226866738120757,1.4143021585674878
IND523201AAA,IND523002AAA,FTL,night,2,2,6.242456896551724,192.0,30.5,1.0,323.0,1.8226866738120757,2.2244839667884078
IND523226AAA,IND523316AAB,FTL,late_evening,13,13,1.9137931034482758,111.0,58.0,1.0,693.0,1.8333333333333333,1.8650296064089167
IND523230AAA,IND523105AAA,FTL,late_evening,5,5,1.6590909090909092,73.0,44.0,1.0,127.0,1.8333333333333333,1.7984848484848484
IND523230AAA,IND523105AAA,FTL,night,14,14,1.405775075987842,61.0,42.0,1.0,244.0,1.8226866738120757,1.6510171923550383
IND523316AAB,IND522647AAA,FTL,night,14,14,1.6955337690631809,90.0,53.0,1.0,582.0,1.8226866738120757,1.7703295953860603
IND524003AAA,IND501359AAE,FTL,night,14,14,1.650954403153806,611.5,368.5,1.0,3429.0,1.8226866738120757,1.7519733858939646
IND524101AAB,IND517501AAB,FTL,morning,16,16,1.9993421052631577,159.5,78.5,1.0,1375.0,1.8750586854460094,1.9302957609202975
IND524132AAA,IND524101AAB,FTL,morning,14,14,1.6714285714285715,58.5,36.0,1.0,345.0,1.8750586854460094,1.7912109914388292
IND524201AAA,IND523002AAA,FTL,night,18,18,1.1622989874925551,78.5,68.5,0.3333333333333333,765.0,1.8226866738120757,1.5098714539765135
IND530012AAA,IND501359AAE,FTL,evening,1,1,2.023474178403756,862.0,426.0,1.0,436.0,1.7703025992499675,1.7823583887334815
IND530012AAA,IND501359AAE,FTL,late_evening,8,8,2.102937062937063,898.0,427.0,1.0,3796.0,1.8333333333333333,1.9103629703629703
IND530012AAA,IND501359AAE,FTL,night,1,1,1.8933333333333333,852.0,450.0,1.0,402.0,1.8226866738120757,1.826050800455945
IND530012AAA,IND530043AAA,Carting,night,13,13,2.625,52.0,19.0,1.0,503.0,2.125,2.321969696969697
IND530012AAA,IND531001AAA,Carting,night,5,5,1.5555555555555556,42.0,27.0,1.0,74.0,2.125,2.011111111111111
IND530012AAA,IND531036AAA,Carting,morning,1,1,2.5476190476190474,107.0,42.0,1.0,65.0,2.2,2.2165532879818595
IND530012AAA,IND531162AAA,Carting,morning,1,1,2.25,36.0,16.0,1.0,20.0,2.2,2.2023809523809526
IND530012AAA,IND531162AAA,Carting,night,6,6,1.8083333333333333,28.0,15.0,1.0,81.0,2.125,2.051923076923077
IND530012AAA,IND532001AAB,Carting,evening,7,7,1.7721518987341771,141.0,78.0,1.0,432.0,1.7540983606557377,1.7587789075649627
IND530012AAA,IND532001AAB,Carting,late_evening,15,15,1.8101265822784811,143.0,79.0,1.0,1009.0,1.8148148148148149,1.8128055722992433
IND530012AAA,IND532001AAB,Carting,morning,1,1,2.5584415584415585,197.0,77.0,1.0,120.0,2.2,2.217068645640074
IND530012AAA,IND532001AAB,Carting,night,1,1,2.3544303797468356,186.0,79.0,1.0,107.0,2.125,2.135925256178421
IND530012AAA,IND533106AAA,FTL,late_evening,2,2,1.419234877556672,226.0,159.0,1.0,134.0,1.8333333333333333,1.7956880191718185
IND530012AAA,IND535001AAA,Carting,morning,2,2,2.7949110122358176,248.0,89.0,1.0,318.0,2.2,2.2540828192941653
IND530012AAA,IND751002AAB,FTL,evening,2,2,1.4814400715563507,505.0,341.0,1.0,328.0,1.7703025992499675,1.7440423694596385
IND530012AAA,IND751002AAB,FTL,night,1,1,1.411764705882353,504.0,357.0,1.0,147.0,1.8226866738120757,1.8031189610535177
IND530012AAA,IND764001AAC,Carting,evening,2,2,2.888198757763975,465.0,161.0,1.0,608.0,1.7540983606557377,1.8571983967564862
IND530012AAA,IND764001AAC,Carting,late_evening,1,1,4.012578616352202,638.0,159.0,1.0,479.0,1.8148148148148149,1.9194702339356429
IND530012AAA,IND764020AAC,Carting,evening,1,1,4.531468531468532,648.0,143.0,1.0,505.0,1.7540983606557377,1.8863540830753944
IND530012AAC,IND501359AAE,FTL,night,1,1,2.260969976905312,979.0,433.0,1.0,546.0,1.8226866738120757,1.8435573072927063
IND530012AAC,IND533106AAA,FTL,late_evening,2,2,1.6691119691119691,240.0,144.0,1.0,192.0,1.8333333333333333,1.8184041184041184
IND530012AAC,IND533106AAA,FTL,night,2,2,1.6989665264313152,251.5,148.0,1.0,207.0,1.8226866738120757,1.8114393876865522
IND530018AAA,IND531162AAA,Carting,night,1,1,4.375,35.0,8.0,1.0,27.0,2.125,2.232142857142857
IND530026AAA,IND531036AAA,Carting,night,4,4,2.232621951219512,90.5,40.5,1.0,214.0,2.125,2.142936991869919
IND530043AAA,IND530012AAA,Carting,morning,1,1,5.681818181818182,125.0,22.0,1.0,103.0,2.2,2.365800865800866
IND530043AAA,IND531163AAA,Carting,morning,1,1,1.5217391304347827,35.0,23.0,1.0,12.0,2.2,2.1677018633540373
IND530043AAA,IND531163AAA,Carting,night,11,11,1.625,37.0,23.0,1.0,159.0,2.125,1.9475806451612903
IND531001AAA,IND530012AAA,Carting,morning,1,1,8.636363636363637,190.0,22.0,1.0,168.0,2.2,2.5064935064935066
IND531001AAA,IND531116AAA,Carting,night,5,5,2.0285714285714285,72.0,35.0,1.0,182.0,2.125,2.1057142857142854
IND531036AAA,IND530012AAA,Carting,morning,1,1,2.3157894736842106,88.0,38.0,1.0,50.0,2.2,2.2055137844611528
IND531036AAA,IND530012AAA,Carting,night,3,3,2.4054054054054053,89.0,37.0,1.0,153.0,2.125,2.161574618096357
IND531116AAA,IND530012AAA,Carting,morning,1,1,1.9166666666666667,138.0,72.0,1.0,66.0,2.2,2.1865079365079363
IND531116AAA,IND530012AAA,Carting,night,3,3,2.6842105263157894,153.0,57.0,1.0,297.0,2.125,2.1979405034324944
IND531116AAA,IND531001AAA,Carting,night,1,1,1.5714285714285714,66.0,42.0,1.0,24.0,2.125,2.0986394557823127
IND531163AAA,IND535001AAA,Carting,morning,1,1,1.9,38.0,20.0,1.0,18.0,2.2,2.1857142857142855
IND531163AAA,IND535001AAA,Carting,night,12,12,2.333333333333333,47.5,20.5,1.0,315.0,2.125,2.203125
IND532001AAB,IND530012AAA,Carting,morning,1,1,2.1566265060240966,179.0,83.0,1.0,96.0,2.2,2.197934595524957
IND532001AAB,IND530012AAA,Carting,night,21,21,2.1358024691358026,173.0,81.0,1.0,2170.0,2.125,2.1305329719963866
IND532001AAB,IND532127AAA,FTL,morning,1,1,2.4642857142857144,69.0,28.0,1.0,41.0,1.8750586854460094,1.9031171153907576
IND532001AAB,IND532127AAA,FTL,night,20,20,1.9482758620689655,57.5,29.0,1.0,743.0,1.8226866738120757,1.8854812679405206
IND532001AAB,IND532201AAA,FTL,night,1,1,2.625,105.0,40.0,1.0,65.0,1.8226866738120757,1.8608920702972152
IND532001AAB,IND532421AAA,FTL,morning,1,1,1.5,30.0,20.0,1.0,10.0,1.8750586854460094,1.8571987480438186
IND532001AAB,IND532421AAA,FTL,night,19,19,2.590909090909091,54.0,20.0,1.0,669.0,1.8226866738120757,2.1969488770131855
IND532127AAA,IND535591AAA,FTL,morning,3,3,1.7142857142857142,72.0,42.0,1.0,94.0,1.8750586854460094,1.8540882979033622
IND532127AAA,IND535591AAA,FTL,night,18,18,1.6940753045404207,70.5,42.0,1.0,556.0,1.8226866738120757,1.7617654988939233
IND532201AAA,IND532222AAA,FTL,morning,5,5,1.6666666666666667,40.0,24.0,1.0,122.0,1.8750586854460094,1.833380281690141
IND532201AAA,IND532222AAA,FTL,night,15,15,1.7916666666666667,42.0,24.0,1.0,307.0,1.8226866738120757,1.8093923850354718
IND532201AAA,IND761200AAA,FTL,morning,1,1,1.0666666666666667,48.0,45.0,0.0,3.0,1.8750586854460094,1.8365638274088982
IND532222AAA,IND532001AAB,FTL,morning,1,1,1.4850746268656716,199.0,134.0,1.0,65.0,1.8750586854460094,1.8564880159898032
IND532222AAA,IND761200AAA,FTL,morning,10,10,0.8422818791946309,125.5,149.0,0.0,14.0,1.8750586854460094,1.5307997500288835
IND532222AAA,IND761200AAA,FTL,night,1,1,0.5878378378378378,87.0,148.0,0.0,0.0,1.8226866738120757,1.763884348289493
IND532421AAA,IND532201AAA,FTL,morning,2,2,2.600877192982456,48.5,18.5,1.0,60.0,1.8750586854460094,1.941042186131141
IND532421AAA,IND532201AAA,FTL,night,17,17,1.8636363636363635,41.0,19.0,1.0,328.0,1.8226866738120757,1.8415013961637756
IND532440AAA,IND532001AAB,FTL,afternoon,2,2,1.6218253968253968,57.5,35.5,1.0,44.0,1.7676767676767677,1.754417552144825
IND532440AAA,IND532001AAB,FTL,morning,15,15,1.5714285714285714,56.0,36.0,1.0,316.0,1.8750586854460094,1.7449314937242504
IND533003AAA,IND533106AAA,FTL,night,3,3,2.12,106.0,50.0,1.0,192.0,1.8226866738120757,1.861466672880066
IND533003AAA,IND533401AAA,FTL,late_evening,1,1,1.8958333333333333,91.0,48.0,1.0,43.0,1.8333333333333333,1.8363095238095237
IND533003AAA,IND533401AAA,FTL,night,17,17,2.0652173913043477,95.0,47.0,1.0,821.0,1.8226866738120757,1.9341197061733901
IND533106AAA,IND501359AAE,FTL,morning,1,1,2.1033333333333335,631.0,300.0,1.0,331.0,1.8750586854460094,1.8859289067739773
IND533106AAA,IND501359AAE,FTL,night,7,7,2.268292682926829,655.0,289.0,1.0,3126.0,1.8226866738120757,1.9382141576566414
IND533106AAA,IND530012AAA,FTL,afternoon,9,9,1.7259259259259259,233.0,138.0,1.0,830.0,1.7676767676767677,1.7547196098920237
IND533106AAA,IND530012AAA,FTL,evening,2,2,1.7290072278911564,236.5,137.5,1.0,198.0,1.7703025992499675,1.7665484745809847
IND533106AAA,IND533003AAA,FTL,evening,1,1,3.0945945945945947,229.0,74.0,1.0,155.0,1.7703025992499675,1.833364122837807
IND533106AAA,IND533003AAA,FTL,late_evening,1,1,2.717948717948718,212.0,78.0,1.0,134.0,1.8333333333333333,1.8754578754578752
IND533106AAA,IND533201AAA,FTL,evening,1,1,1.5460526315789473,235.0,152.0,1.0,83.0,1.7703025992499675,1.7596240293608711
IND533106AAA,IND533242AAA,FTL,evening,4,4,2.5886884854276158,237.0,91.0,1.0,601.0,1.7703025992499675,1.9067002469462422
IND533106AAA,IND533262AAA,FTL,evening,2,2,3.240749306197965,150.5,46.5,1.0,208.0,1.7703025992499675,1.9039795726088764
IND533106AAA,IND533262AAA,FTL,late_evening,4,4,2.3510638297872344,110.5,46.5,1.0,268.0,1.8333333333333333,1.9196217494089833
IND533106AAA,IND533308AAB,FTL,evening,9,9,3.607142857142857,101.0,28.0,1.0,715.0,1.7703025992499675,2.3403564723891406
IND533106AAA,IND533308AAB,FTL,late_evening,5,5,4.185185185185185,113.0,27.0,1.0,353.0,1.8333333333333333,2.3037037037037034
IND533106AAA,IND534260AAC,FTL,evening,2,2,2.9809329877823028,219.0,73.5,1.0,291.0,1.7703025992499675,1.8803599072983617
IND533106AAA,IND534260AAC,FTL,late_evening,3,3,2.0675675675675675,153.0,74.0,1.0,294.0,1.8333333333333333,1.8638856247551898
IND533201AAA,IND533242AAA,FTL,night,2,2,2.373809523809524,34.5,14.5,1.0,40.0,1.8226866738120757,1.872788751084571
IND533201AAA,IND533262AAA,FTL,night,9,9,1.9736842105263157,75.0,39.0,1.0,420.0,1.8226866738120757,1.8695479783095985
IND533242AAA,IND533201AAA,FTL,night,2,2,2.2476190476190476,32.5,14.5,1.0,36.0,1.8226866738120757,1.8613168896127095
IND533262AAA,IND533106AAA,FTL,morning,1,1,1.8478260869565217,85.0,46.0,1.0,39.0,1.8750586854460094,1.8737618950417483
IND533262AAA,IND533106AAA,FTL,night,6,6,1.8043478260869565,83.0,46.0,1.0,226.0,1.8226866738120757,1.8184546320293562
IND533262AAA,IND533201AAA,FTL,late_evening,2,2,1.7253711201079622,66.5,38.5,1.0,56.0,1.8333333333333333,1.8235185866764814
IND533262AAA,IND533201AAA,FTL,night,3,3,2.1538461538461537,84.0,38.0,1.0,143.0,1.8226866738120757,1.8658813885991294
IND533308AAB,IND533003AAA,FTL,late_evening,10,10,1.4666666666666666,66.0,45.5,1.0,211.0,1.8333333333333333,1.711111111111111
IND533308AAB,IND533003AAA,FTL,night,5,5,1.511111111111111,68.0,46.0,0.8,124.0,1.8226866738120757,1.7603715612718829
IND533308AAB,IND533106AAA,FTL,morning,1,1,1.962962962962963,53.0,27.0,1.0,26.0,1.8750586854460094,1.8792446034230073
IND533401AAA,IND533106AAA,FTL,night,17,17,2.3055555555555554,158.0,69.0,1.0,1465.0,1.8226866738120757,2.0445453492077283
IND533401AAA,IND533308AAB,FTL,night,1,1,2.382978723404255,224.0,94.0,1.0,130.0,1.8226866738120757,1.8493672476021796
IND534001AAA,IND521225AAB,FTL,night,1,1,2.2448979591836733,110.0,49.0,1.0,61.0,1.8226866738120757,1.8427919731154854
IND534001AAA,IND521333AAA,FTL,night,14,14,1.7541666666666667,46.0,25.5,1.0,323.0,1.8226866738120757,1.7944725532227896
IND534260AAC,IND533106AAA,FTL,morning,2,2,2.1810958904109587,161.5,74.0,1.0,175.0,1.8750586854460094,1.9028802495337322
IND534260AAC,IND533106AAA,FTL,night,2,2,1.9246575342465755,140.5,73.0,1.0,135.0,1.8226866738120757,1.831956752033394
IND535001AAA,IND530012AAA,Carting,morning,2,2,2.69525215810995,177.5,66.5,1.0,222.0,2.2,2.245022923464541
IND535001AAA,IND530012AAA,Carting,night,8,8,2.9073770491803277,196.0,63.0,1.0,1121.0,2.125,2.348536299765808
IND535501AAB,IND532001AAB,FTL,morning,1,1,1.975,158.0,80.0,1.0,78.0,1.8750586854460094,1.8798177956628663
IND535501AAB,IND532440AAA,FTL,morning,17,17,1.5365853658536586,63.0,41.0,1.0,392.0,1.8750586854460094,1.7195439169846591
IND535558AAA,IND535501AAB,FTL,morning,17,17,1.565217391304348,36.0,23.0,1.0,260.0,1.8750586854460094,1.7326991719214622
IND535558AAA,IND535501AAB,FTL,night,3,3,1.619047619047619,35.0,22.0,1.0,40.0,1.8226866738120757,1.7961250579732335
IND535591AAA,IND535558AAA,FTL,night,3,3,2.1333333333333333,33.0,16.0,1.0,60.0,1.8226866738120757,1.8632058033148484
IND560002AAA,IND560099AAB,Carting,evening,3,3,1.368421052631579,44.0,41.0,0.6666666666666666,44.0,1.7540983606557377,1.7037926248264996
IND560002AAA,IND560099AAB,Carting,morning,9,9,2.7777777777777777,60.0,21.0,1.0,412.0,2.2,2.3793103448275863
IND560002AAA,IND560099AAB,Carting,night,6,6,2.6875,56.5,21.0,1.0,211.0,2.125,2.2548076923076925
IND560002AAA,IND562132AAA,Carting,evening,7,7,1.4166666666666667,51.0,36.0,1.0,99.0,1.7540983606557377,1.6666160696215342
IND560002AAA,IND562132AAA,Carting,late_evening,1,1,0.9722222222222222,35.0,36.0,0.0,0.0,1.8148148148148149,1.7746913580246915
IND560002AAA,IND562132AAA,Carting,morning,14,14,2.193557422969188,81.5,39.5,1.0,786.0,2.2,2.1973471741637836
IND560027AAA,IND560099AAA,Carting,afternoon,1,1,2.9523809523809526,62.0,21.0,1.0,41.0,2.234668335419274,2.2688451267031633
IND560027AAA,IND560099AAA,Carting,evening,3,3,1.125,45.0,24.0,0.3333333333333333,33.0,1.7540983606557377,1.6720420527441195
IND560043AAC,IND560064AAA,Carting,late_evening,9,9,1.4444444444444444,26.0,18.0,1.0,103.0,1.8148148148148149,1.6998722860791826
IND560043AAC,IND560064AAA,Carting,morning,19,19,1.7777777777777777,32.0,18.0,1.0,274.0,2.2,1.9943019943019942
IND560043AAC,IND560064AAA,Carting,night,11,11,1.4,24.0,17.0,1.0,87.0,2.125,1.867741935483871
IND560043AAC,IND560099AAB,Carting,evening,9,9,1.2857142857142858,40.0,34.0,0.5555555555555556,82.0,1.7540983606557377,1.6087377856739076
IND560043AAC,IND560099AAB,Carting,late_evening,2,2,0.9476964769647697,40.5,43.0,0.0,3.0,1.8148148148148149,1.7359858750102652
IND560043AAC,IND560099AAB,Carting,morning,13,13,1.8823529411764706,78.0,43.0,0.9230769230769231,429.0,2.2,2.0748663101604277
IND560043AAC,IND562132AAA,Carting,afternoon,2,2,2.0805232558139535,85.0,41.5,0.5,87.0,2.234668335419274,2.2206551463642445
IND560043AAC,IND562132AAA,Carting,evening,4,4,2.0284883720930234,81.5,40.5,1.0,167.0,1.7540983606557377,1.7998300292286185
IND560043AAC,IND562132AAA,Carting,late_evening,1,1,4.081632653061225,200.0,49.0,1.0,151.0,1.8148148148148149,1.9227585213979774
IND560043AAC,IND562132AAA,Carting,morning,9,9,1.675,77.0,43.0,0.8888888888888888,440.0,2.2,2.0370689655172414
IND560048AAB,IND560099AAB,Carting,evening,12,12,1.067853170189099,35.5,34.0,0.4166666666666667,99.0,1.7540983606557377,1.4967564142307481
IND560048AAB,IND560099AAB,Carting,morning,11,11,2.727272727272727,120.0,35.0,1.0,798.0,2.2,2.3870967741935485
IND560048AAB,IND560099AAB,Carting,night,3,3,1.9428571428571428,67.0,35.0,0.6666666666666666,77.0,2.125,2.1012422360248446
IND560048AAB,IND562132AAA,Carting,evening,6,6,1.3793256433007985,65.5,48.5,0.6666666666666666,92.0,1.7540983606557377,1.6676123489584438
IND560048AAB,IND562132AAA,Carting,late_evening,1,1,3.694915254237288,218.0,59.0,1.0,159.0,1.8148148148148149,1.904343407168266
IND560048AAB,IND562132AAA,Carting,morning,7,7,2.4339622641509435,129.0,49.0,1.0,628.0,2.2,2.2606568832983926
IND560048AAB,IND562132AAA,Carting,night,3,3,1.62,81.0,50.0,1.0,125.0,2.125,2.0591304347826087
IND560058AAB,IND560060AAB,Carting,afternoon,1,1,1.3125,21.0,16.0,1.0,5.0,2.234668335419274,2.1907555575421656
IND560058AAB,IND560060AAB,Carting,late_evening,22,22,1.1625,19.0,16.0,0.45454545454545453,76.0,1.8148148148148149,1.473126102292769
IND560058AAB,IND560060AAB,Carting,night,21,21,1.6111111111111112,27.0,16.0,1.0,295.0,2.125,1.861788617886179
IND560058AAB,IND560099AAB,Carting,evening,9,9,1.2432432432432432,46.0,39.0,0.5555555555555556,237.0,1.7540983606557377,1.5955571173208256
IND560058AAB,IND560099AAB,Carting,morning,13,13,1.4615384615384615,68.0,42.0,0.9230769230769231,415.0,2.2,1.9090909090909092
IND560058AAB,IND562132AAA,Carting,afternoon,1,1,1.15,23.0,20.0,0.0,3.0,2.234668335419274,2.18301746230407
IND560058AAB,IND562132AAA,Carting,evening,8,8,1.7947368421052632,34.5,20.5,0.625,104.0,1.7540983606557377,1.765709355355602
IND560058AAB,IND562132AAA,Carting,morning,3,3,1.6521739130434783,27.0,22.0,1.0,32.0,2.2,2.1285444234404536
IND560058AAB,IND562132AAA,Carting,night,2,2,1.6421052631578947,28.0,17.0,1.0,22.0,2.125,2.0811004784688993
IND560058AAD,IND562132AAA,Carting,afternoon,15,15,1.7619047619047619,39.0,22.0,0.8666666666666667,1066.0,2.234668335419274,2.0320553753416255
IND560058AAD,IND562132AAA,Carting,evening,1,1,6.730769230769231,175.0,26.0,1.0,149.0,1.7540983606557377,1.9910826878039993
IND560058AAD,IND562132AAA,Carting,morning,13,13,1.5454545454545454,32.0,22.0,1.0,251.0,2.2,1.9421487603305785
IND560058AAD,IND562132AAA,Carting,night,7,7,2.125,51.0,23.0,1.0,387.0,2.125,2.125
IND560060AAB,IND560099AAB,Carting,evening,3,3,1.4516129032258065,46.0,32.0,1.0,79.0,1.7540983606557377,1.7146437357735729
IND560060AAB,IND560099AAB,Carting,morning,12,12,1.3364055299539173,41.5,31.0,0.6666666666666666,131.0,2.2,1.8761520737327189
IND560060AAB,IND562132AAA,Carting,afternoon,1,1,1.7241379310344827,50.0,29.0,1.0,21.0,2.234668335419274,2.210357363781903
IND560060AAB,IND562132AAA,Carting,evening,5,5,1.4444444444444444,48.0,36.0,1.0,74.0,1.7540983606557377,1.692167577413479
IND560060AAB,IND562132AAA,Carting,morning,5,5,2.0,56.0,29.0,1.0,123.0,2.2,2.16
IND560060AAB,IND562132AAA,Carting,night,8,8,1.7220430107526883,52.5,30.5,1.0,326.0,2.125,2.0098694316436254
IND560064AAD,IND560043AAC,Carting,afternoon,1,1,2.4705882352941178,42.0,17.0,1.0,25.0,2.234668335419274,2.245902616365695
IND560064AAD,IND560043AAC,Carting,morning,18,18,2.0018382352941178,34.5,15.5,1.0,332.0,2.2,2.1061339009287927
IND560064AAD,IND560043AAC,Carting,night,22,22,2.5,38.5,15.0,1.0,548.0,2.125,2.3214285714285716
IND560067AAC,IND562114AAA,Carting,morning,7,7,2.6,26.0,10.0,1.0,120.0,2.2,2.303703703703704
IND560067AAC,IND562114AAA,Carting,night,13,13,2.7777777777777777,26.0,11.0,1.0,250.0,2.125,2.3821548821548824
IND560077AAA,IND560099AAB,Carting,night,1,1,2.923076923076923,152.0,52.0,1.0,100.0,2.125,2.163003663003663
IND560078AAC,IND560099AAB,Carting,evening,10,10,3.2144827586206897,86.5,26.5,1.0,506.0,1.7540983606557377,2.2408931599773885
IND560078AAC,IND560099AAB,Carting,morning,6,6,3.1125,66.0,21.5,1.0,277.0,2.2,2.410576923076923
IND560078AAC,IND560099AAB,Carting,night,4,4,3.010588235294118,68.0,24.0,1.0,200.0,2.125,2.2725980392156866
IND560078AAC,IND562132AAA,Carting,afternoon,2,2,1.3736842105263158,53.5,39.0,1.0,29.0,2.234668335419274,2.156397051338096
IND560078AAC,IND562132AAA,Carting,evening,4,4,1.1744306418219461,51.5,44.0,0.5,50.0,1.7540983606557377,1.6574870741834389
IND560078AAC,IND562132AAA,Carting,morning,2,2,1.7655405405405404,67.5,38.5,1.0,58.0,2.2,2.1605036855036857
IND560078AAC,IND562132AAA,Carting,night,8,8,1.858974358974359,70.5,38.5,1.0,384.0,2.125,2.0489926739926743
IND560083AAB,IND560058AAD,Carting,night,1,1,1.4848484848484849,49.0,33.0,1.0,16.0,2.125,2.0945165945165947
IND560083AAB,IND562132AAA,Carting,afternoon,16,16,2.238095238095238,94.0,42.0,1.0,1211.0,2.234668335419274,2.2361914032752583
IND560083AAB,IND562132AAA,Carting,morning,11,11,1.3658536585365855,56.0,40.0,0.9090909090909091,214.0,2.2,1.904012588512982
IND560083AAB,IND562132AAA,Carting,night,4,4,1.5069686411149825,62.5,42.0,1.0,96.0,2.125,2.0219947735191637
IND560085AAA,IND562132AAA,Carting,morning,3,3,2.511627906976744,107.0,42.0,1.0,176.0,2.2,2.2406471183013146
IND560085AAA,IND562132AAA,Carting,night,4,4,1.284688995215311,58.0,45.0,0.75,52.0,2.125,1.9849481658692187
IND560099AAB,IND000000ACS,Carting,afternoon,1,1,1.5714285714285714,33.0,21.0,1.0,12.0,2.234668335419274,2.2030854895149545
IND560099AAB,IND515004AAA,FTL,night,1,1,1.3859649122807018,316.0,228.0,1.0,88.0,1.8226866738120757,1.8018903994534388
IND560099AAB,IND560002AAA,Carting,evening,4,4,1.149621212121212,27.0,23.0,0.5,19.0,1.7540983606557377,1.6533521692333164
IND560099AAB,IND560002AAA,Carting,late_evening,7,7,1.096774193548387,22.0,21.0,0.14285714285714285,18.0,1.8148148148148149,1.6286561352272226
IND560099AAB,IND560002AAA,Carting,night,14,14,1.3539794608472402,54.0,38.5,0.8571428571428571,267.0,2.125,1.8075209544665105
IND560099AAB,IND560043AAC,Carting,afternoon,13,13,1.6578947368421053,49.0,30.0,0.9230769230769231,270.0,2.234668335419274,2.0074544935555405
IND560099AAB,IND560043AAC,Carting,evening,8,8,1.1401960784313725,36.0,30.0,0.375,41.0,1.7540983606557377,1.5786977085916334
IND560099AAB,IND560043AAC,Carting,late_evening,5,5,1.3055555555555556,38.0,27.0,0.6,48.0,1.8148148148148149,1.712962962962963
IND560099AAB,IND560043AAC,Carting,night,11,11,2.1707317073170733,89.0,43.0,0.9090909090909091,502.0,2.125,2.1412273800157355
IND560099AAB,IND560048AAB,Carting,afternoon,9,9,1.4722222222222223,48.0,34.0,1.0,153.0,2.234668335419274,1.9980471278753613
IND560099AAB,IND560048AAB,Carting,evening,8,8,1.0142857142857142,35.5,35.0,0.125,63.0,1.7540983606557377,1.542723318835731
IND560099AAB,IND560048AAB,Carting,late_evening,4,4,1.0625,34.0,32.5,0.25,16.0,1.8148148148148149,1.689429012345679
IND560099AAB,IND560048AAB,Carting,night,13,13,2.3684210526315788,90.0,36.0,0.9230769230769231,673.0,2.125,2.220893141945773
IND560099AAB,IND560058AAB,Carting,afternoon,12,12,2.1597222222222223,83.0,36.5,1.0,592.0,2.234668335419274,2.2065635429703794
IND560099AAB,IND560058AAB,Carting,evening,10,10,1.1907993966817496,41.0,35.5,0.5,84.0,1.7540983606557377,1.5663320393310751
IND560099AAB,IND560058AAB,Carting,late_evening,4,4,1.6722222222222223,73.0,41.5,0.75,106.0,1.8148148148148149,1.7910493827160494
IND560099AAB,IND560058AAB,Carting,night,12,12,1.3095238095238095,64.5,48.5,0.8333333333333334,256.0,2.125,1.8191964285714286
IND560099AAB,IND560058AAD,Carting,late_evening,1,1,1.2941176470588236,66.0,51.0,1.0,15.0,1.8148148148148149,1.7900197115883392
IND560099AAB,IND560058AAD,Carting,morning,1,1,0.8620689655172413,50.0,58.0,0.0,0.0,2.2,2.136288998357964
IND560099AAB,IND560060AAB,Carting,afternoon,6,6,1.7386363636363638,69.5,37.5,1.0,220.0,2.234668335419274,2.1201994188539866
IND560099AAB,IND560060AAB,Carting,evening,9,9,1.21875,43.0,35.0,0.5555555555555556,84.0,1.7540983606557377,1.587955765969474
IND560099AAB,IND560060AAB,Carting,late_evening,4,4,1.1965998256320836,40.5,37.0,0.5,34.0,1.8148148148148149,1.7117789832843595
IND560099AAB,IND560060AAB,Carting,night,12,12,1.1984953703703702,43.5,48.5,0.5,93.0,2.125,1.7775607638888888
IND560099AAB,IND560077AAA,Carting,late_evening,1,1,2.657142857142857,186.0,70.0,1.0,116.0,1.8148148148148149,1.854925673973293
IND560099AAB,IND560078AAC,Carting,afternoon,7,7,1.5238095238095237,35.0,22.0,1.0,113.0,2.234668335419274,2.0503716064834125
IND560099AAB,IND560078AAC,Carting,evening,4,4,1.9375,42.5,21.5,1.0,79.0,1.7540983606557377,1.784665300546448
IND560099AAB,IND560078AAC,Carting,late_evening,8,8,1.110671936758893,26.0,23.0,0.375,53.0,1.8148148148148149,1.613631135370266
IND560099AAB,IND560078AAC,Carting,night,9,9,1.9523809523809523,58.0,23.0,1.0,227.0,2.125,2.071428571428571
IND560099AAB,IND560083AAB,Carting,late_evening,1,1,1.608695652173913,37.0,23.0,1.0,14.0,1.8148148148148149,1.8049996165938196
IND560099AAB,IND560085AAA,Carting,late_evening,8,8,1.711670480549199,36.5,23.0,1.0,156.0,1.8148148148148149,1.785345005024639
IND560099AAB,IND560085AAA,Carting,night,9,9,3.125,66.0,23.0,1.0,397.0,2.125,2.435344827586207
IND560099AAB,IND560300AAA,Carting,afternoon,17,17,1.4576271186440677,95.0,59.0,0.9411764705882353,551.0,2.234668335419274,1.877649397982017
IND560099AAB,IND560300AAA,Carting,evening,31,31,1.309090909090909,75.0,55.0,0.7096774193548387,688.0,1.7540983606557377,1.4836036351947632
IND560099AAB,IND560300AAA,Carting,late_evening,17,17,1.3793103448275863,78.0,57.0,0.7647058823529411,420.0,1.8148148148148149,1.6147181664423045
IND560099AAB,IND560300AAA,Carting,morning,36,36,2.1693017127799736,145.5,68.0,1.0,2865.0,2.2,2.180265386787126
IND560099AAB,IND560300AAA,Carting,night,20,20,2.206906392694064,155.5,71.0,1.0,1711.0,2.125,2.165953196347032
IND560099AAB,IND562132AAA,Carting,afternoon,22,22,1.8257575757575757,109.5,55.0,0.9545454545454546,1274.0,2.234668335419274,2.020476985120289
IND560099AAB,IND562132AAA,Carting,evening,17,17,1.4150943396226414,80.0,53.0,0.7647058823529411,524.0,1.7540983606557377,1.5983397563972879
IND560099AAB,IND562132AAA,Carting,late_evening,14,14,1.4564479638009051,82.0,53.0,0.8571428571428571,340.0,1.8148148148148149,1.6672519938090873
IND560099AAB,IND562132AAA,Carting,morning,14,14,2.225,118.5,53.5,1.0,909.0,2.2,2.210294117647059
IND560099AAB,IND562132AAA,Carting,night,10,10,1.7966155810983397,102.0,58.0,0.8,513.0,2.125,2.01553852703278
IND560099AAB,IND562132AAA,FTL,evening,5,5,1.2407407407407407,69.0,57.0,0.6,67.0,1.7703025992499675,1.6643902275481222
IND560099AAB,IND562132AAA,FTL,morning,1,1,1.5185185185185186,82.0,54.0,1.0,28.0,1.8750586854460094,1.8580805822589863
IND560099AAB,IND562132AAA,FTL,night,19,19,1.3518518518518519,74.0,57.0,0.8421052631578947,540.0,1.8226866738120757,1.5933056067032487
IND560099AAB,IND632006AAA,FTL,afternoon,3,3,1.3157894736842106,250.0,190.0,1.0,176.0,1.7676767676767677,1.7087349467212167
IND560099AAB,IND632006AAA,FTL,evening,2,2,1.3514985282312013,260.0,193.5,0.5,133.0,1.7703025992499675,1.732229501884625
IND560099AAB,IND632006AAA,FTL,morning,3,3,1.1935483870967742,222.0,181.0,0.3333333333333333,109.0,1.8750586854460094,1.7861660378352398
IND560099AAB,IND635001AAA,FTL,night,4,4,2.1331587429492345,150.5,67.5,1.0,293.0,1.8226866738120757,1.874432018668269
IND560099AAB,IND683511AAA,FTL,afternoon,8,8,1.3398101927095425,657.5,510.5,0.75,1295.0,1.7676767676767677,1.645429174828989
IND560099AAB,IND683511AAA,FTL,late_evening,1,1,1.654708520179372,738.0,446.0,1.0,292.0,1.8333333333333333,1.824827389849811
IND560099AAB,IND683511AAA,FTL,night,5,5,1.595132743362832,721.0,449.0,1.0,1585.0,1.8226866738120757,1.777175887722227
IND560099AAB,IND683511AAB,FTL,night,1,1,1.5968468468468469,709.0,444.0,1.0,265.0,1.8226866738120757,1.811932396337541
IND560099AAG,IND560099AAB,Carting,evening,1,1,1.25,10.0,8.0,1.0,2.0,1.7540983606557377,1.7300936768149882
IND560099AAG,IND560099AAB,Carting,morning,1,1,2.357142857142857,33.0,14.0,1.0,19.0,2.2,2.207482993197279
IND560099AAH,IND562125AAA,Carting,morning,1,1,1.7647058823529411,30.0,17.0,1.0,13.0,2.2,2.1792717086834736
IND560300AAA,IND000000ACS,Carting,night,1,1,2.0576923076923075,107.0,52.0,1.0,55.0,2.125,2.121794871794872
IND560300AAA,IND560002AAA,Carting,evening,20,20,1.143939393939394,38.0,32.0,0.3,217.0,1.7540983606557377,1.4490188772975658
IND560300AAA,IND560043AAC,Carting,evening,18,18,0.7841614906832298,35.0,45.5,0.0,7.0,1.7540983606557377,1.2946545801424445
IND560300AAA,IND560043AAC,Carting,late_evening,1,1,0.7017543859649122,40.0,57.0,0.0,0.0,1.8148148148148149,1.7618119372505336
IND560300AAA,IND560043AAC,Carting,night,14,14,1.5161835748792272,53.0,38.5,0.8571428571428571,274.0,2.125,1.8743108837737996
IND560300AAA,IND560048AAB,Carting,evening,4,4,1.153010033444816,47.0,40.5,0.0,23.0,1.7540983606557377,1.6539169727872505
IND560300AAA,IND560058AAB,Carting,afternoon,1,1,1.0952380952380953,46.0,42.0,0.0,4.0,2.234668335419274,2.1804097525535036
IND560300AAA,IND560058AAB,Carting,evening,19,19,1.1176470588235294,38.0,34.0,0.2631578947368421,94.0,1.7540983606557377,1.4440323418144054
IND560300AAA,IND560058AAB,Carting,night,17,17,1.6666666666666667,65.0,38.0,0.9411764705882353,430.0,2.125,1.9144144144144146
IND560300AAA,IND560078AAC,Carting,afternoon,1,1,2.1794871794871793,85.0,39.0,1.0,46.0,2.234668335419274,2.2320406613272694
IND560300AAA,IND560078AAC,Carting,night,15,15,2.8,117.0,42.0,1.0,1088.0,2.125,2.414285714285714
IND560300AAA,IND560085AAA,Carting,late_evening,18,18,1.2621621621621621,53.0,45.0,0.5,310.0,1.8148148148148149,1.553031979347769
IND560300AAA,IND560099AAB,Carting,afternoon,18,18,2.446066252587992,170.0,70.5,1.0,1810.0,2.234668335419274,2.3348041909202455
IND560300AAA,IND560099AAB,Carting,evening,23,23,1.2638888888888888,78.0,60.0,0.5652173913043478,683.0,1.7540983606557377,1.4918932943618417
IND560300AAA,IND560099AAB,Carting,late_evening,9,9,1.5789473684210527,90.0,58.0,0.7777777777777778,455.0,1.8148148148148149,1.7416145728305439
IND560300AAA,IND560099AAB,Carting,morning,10,10,2.3885658914728682,177.0,73.0,1.0,1039.0,2.2,2.2628552971576226
IND560300AAA,IND560099AAB,Carting,night,26,26,1.9339369550637155,136.0,71.0,1.0,1871.0,2.125,2.017007844166448
IND560300AAA,IND562132AAA,Carting,afternoon,16,16,1.2853912256897333,80.0,66.5,0.5625,292.0,2.234668335419274,1.8127673977617005
IND560300AAA,IND562132AAA,Carting,evening,19,19,1.1044776119402986,67.0,67.0,0.2631578947368421,406.0,1.7540983606557377,1.4376164574353956
IND560300AAA,IND562132AAA,Carting,morning,50,50,1.543245264207378,94.5,65.5,0.88,2338.0,2.2,1.7308894744338412
IND560300AAA,IND562132AAA,Carting,night,23,23,2.0985915492957745,126.0,66.0,0.9565217391304348,1496.0,2.125,2.1108745496233214
IND560300AAA,IND563101AAB,Carting,late_evening,5,5,2.0,110.0,55.0,1.0,271.0,1.8148148148148149,1.8518518518518519
IND560300AAA,IND563130AAA,Carting,late_evening,2,2,1.8780303030303032,83.5,44.5,1.0,78.0,1.8148148148148149,1.8205616773798594
IND560300AAA,IND563131AAB,Carting,late_evening,1,1,1.564102564102564,122.0,78.0,1.0,44.0,1.8148148148148149,1.8028761362094694
IND560300AAB,IND563101AAB,Carting,late_evening,14,14,1.8410202655485675,100.0,55.5,1.0,711.0,1.8148148148148149,1.825605294528713
IND560300AAB,IND563116AAA,Carting,late_evening,1,1,1.7142857142857142,168.0,98.0,1.0,70.0,1.8148148148148149,1.8100277147896198
IND560300AAB,IND563125AAB,Carting,late_evening,1,1,1.3636363636363635,75.0,55.0,1.0,20.0,1.8148148148148149,1.7933301266634603
IND560300AAB,IND563130AAA,Carting,late_evening,8,8,1.933794466403162,86.0,43.5,1.0,330.0,1.8148148148148149,1.8488090009829141
IND561202AAB,IND515134AAA,Carting,morning,2,2,2.179402432575357,134.0,61.5,1.0,145.0,2.2,2.198127493870487
IND561202AAB,IND515134AAA,Carting,night,12,12,1.883300916921367,115.5,61.0,1.0,665.0,2.125,2.0343628438455124
IND561203AAB,IND562101AAA,Carting,night,12,12,1.580128205128205,38.0,25.0,1.0,184.0,2.125,1.9206730769230769
IND561207AAB,IND562108AAA,Carting,afternoon,1,1,1.2545454545454546,69.0,55.0,1.0,14.0,2.234668335419274,2.187995817282425
IND561207AAB,IND562108AAA,Carting,night,11,11,1.1454545454545455,58.0,51.0,0.2727272727272727,87.0,2.125,1.7774193548387098
IND561207AAB,IND572101AAA,Carting,night,1,1,2.25,234.0,104.0,1.0,130.0,2.125,2.130952380952381
IND562101AAA,IND561207AAB,Carting,morning,1,1,1.1081081081081081,41.0,37.0,0.0,4.0,2.2,2.148005148005148
IND562101AAA,IND561207AAB,Carting,night,12,12,1.1622807017543861,43.5,37.5,0.25,73.0,2.125,1.7639802631578947
IND562108AAA,IND572101AAA,Carting,afternoon,1,1,1.7222222222222223,93.0,54.0,1.0,39.0,2.234668335419274,2.2102661395527474
IND562108AAA,IND572101AAA,Carting,night,1,1,3.0344827586206895,176.0,58.0,1.0,118.0,2.125,2.1683087027914616
IND562114AAA,IND560048AAB,Carting,morning,7,7,2.95,49.0,19.0,1.0,209.0,2.2,2.394444444444445
IND562114AAA,IND560048AAB,Carting,night,2,2,7.2333333333333325,108.0,16.0,1.0,184.0,2.125,2.5893939393939394
IND562114AAA,IND560067AAC,Carting,night,8,8,3.6222222222222222,35.5,10.0,1.0,273.0,2.125,2.5527777777777776
IND562117AAA,IND562132AAA,FTL,morning,7,7,1.160919540229885,106.0,94.0,0.42857142857142855,152.0,1.8750586854460094,1.6899114996492364
IND562117AAA,IND562132AAA,FTL,night,3,3,1.043010752688172,97.0,93.0,0.0,21.0,1.8226866738120757,1.720989814535045
IND562125AAA,IND000000ACS,Carting,night,1,1,7.125,171.0,24.0,1.0,147.0,2.125,2.363095238095238
IND562132AAA,IND000000ACB,FTL,afternoon,12,12,1.4965336134453782,2728.5,1800.5,1.0,10823.0,1.7676767676767677,1.6659980848399967
IND562132AAA,IND000000ACB,FTL,evening,2,2,1.6360836811564696,2825.5,1729.0,1.0,2193.0,1.7703025992499675,1.758100879423286
IND562132AAA,IND000000ACB,FTL,late_evening,12,12,1.589190393629583,2816.5,1770.5,1.0,12322.0,1.8333333333333333,1.741779730944427
IND562132AAA,IND000000ACB,FTL,morning,5,5,1.5682967959527825,2880.0,1818.0,1.0,5201.0,1.8750586854460094,1.8137063075473643
IND562132AAA,IND000000ACB,FTL,night,13,13,1.5952,2831.0,1788.0,1.0,13992.0,1.8226866738120757,1.733070711401258
IND562132AAA,IND000000ACS,Carting,afternoon,2,2,1.7852852852852852,55.5,32.0,1.0,47.0,2.234668335419274,2.193815330861639
IND562132AAA,IND000000ACS,Carting,evening,3,3,1.5333333333333334,46.0,30.0,1.0,56.0,1.7540983606557377,1.725302922309337
IND562132AAA,IND000000ACS,Carting,morning,1,1,1.196969696969697,79.0,66.0,0.0,13.0,2.2,2.152236652236652
IND562132AAA,IND302014AAA,FTL,evening,5,5,1.6755915317559154,2678.0,1595.0,1.0,5184.0,1.7703025992499675,1.7513603857511573
IND562132AAA,IND302014AAA,FTL,late_evening,9,9,1.7095943335479717,2617.0,1538.0,1.0,10293.0,1.8333333333333333,1.7949315747792556
IND562132AAA,IND395023AAA,FTL,late_evening,1,1,1.8159311087190528,1687.0,929.0,1.0,758.0,1.8333333333333333,1.8325046559707485
IND562132AAA,IND411033AAA,FTL,morning,13,13,1.6517719568567026,1069.0,636.0,1.0,5378.0,1.8750586854460094,1.7870972469108282
IND562132AAA,IND416012AAA,FTL,evening,5,5,1.6869565217391305,756.0,439.0,1.0,1411.0,1.7703025992499675,1.7536333837478002
IND562132AAA,IND416012AAA,FTL,late_evening,7,7,1.5432372505543237,700.0,451.0,1.0,1710.0,1.8333333333333333,1.7581232377980345
IND562132AAA,IND421302AAG,FTL,evening,3,3,1.7435897435897436,1292.0,742.0,1.0,1616.0,1.7703025992499675,1.766818313729069
IND562132AAA,IND421302AAG,FTL,late_evening,4,4,1.6166523666523667,1209.0,755.5,1.0,1817.0,1.8333333333333333,1.7972198388865055
IND562132AAA,IND462022AAA,FTL,morning,8,8,1.8419737106289542,1992.5,1070.5,1.0,7257.0,1.8750586854460094,1.8656058354982794
IND562132AAA,IND462022AAA,FTL,night,5,5,2.0,2096.0,1049.0,1.0,5415.0,1.8226866738120757,1.8581493390496606
IND562132AAA,IND501359AAE,FTL,afternoon,1,1,1.5420560747663552,660.0,428.0,1.0,232.0,1.7676767676767677,1.7569329251572245
IND562132AAA,IND501359AAE,FTL,evening,7,7,1.5677419354838709,729.0,459.0,1.0,2001.0,1.7703025992499675,1.7177868716069054
IND562132AAA,IND515004AAA,FTL,morning,12,12,1.3446234393878371,280.5,196.0,1.0,935.0,1.8750586854460094,1.676145468174195
IND562132AAA,IND518002AAA,FTL,evening,1,1,1.5063694267515924,473.0,314.0,1.0,159.0,1.7703025992499675,1.757734352940521
IND562132AAA,IND518002AAA,FTL,night,11,11,1.4100294985250736,439.0,313.0,1.0,1490.0,1.8226866738120757,1.6762599341941073
IND562132AAA,IND560002AAA,Carting,afternoon,7,7,2.16,61.0,27.0,1.0,226.0,2.234668335419274,2.215309878088351
IND562132AAA,IND560002AAA,Carting,evening,3,3,1.024390243902439,38.0,39.0,0.3333333333333333,7.0,1.7540983606557377,1.6589190410792203
IND562132AAA,IND560002AAA,Carting,late_evening,1,1,1.8148148148148149,49.0,27.0,1.0,22.0,1.8148148148148149,1.8148148148148149
IND562132AAA,IND560002AAA,Carting,morning,3,3,1.8666666666666667,84.0,44.0,1.0,127.0,2.2,2.1565217391304348
IND562132AAA,IND560002AAA,Carting,night,11,11,3.12,85.0,27.0,1.0,639.0,2.125,2.4780645161290322
IND562132AAA,IND560043AAC,Carting,afternoon,6,6,1.7553588070829451,57.5,35.0,1.0,145.0,2.234668335419274,2.1240584442647363
IND562132AAA,IND560043AAC,Carting,evening,5,5,1.0731707317073171,44.0,37.0,0.4,36.0,1.7540983606557377,1.6179128348660534
IND562132AAA,IND560043AAC,Carting,late_evening,2,2,1.305347901092582,55.0,42.0,1.0,26.0,1.8148148148148149,1.7684996408400664
IND562132AAA,IND560043AAC,Carting,morning,1,1,1.7777777777777777,64.0,36.0,1.0,28.0,2.2,2.17989417989418
IND562132AAA,IND560043AAC,Carting,night,8,8,2.354978354978355,80.0,34.0,1.0,373.0,2.125,2.1907081014223873
IND562132AAA,IND560048AAB,Carting,afternoon,2,2,1.899909420289855,89.0,47.0,1.0,84.0,2.234668335419274,2.204235706771145
IND562132AAA,IND560048AAB,Carting,evening,7,7,1.3695652173913044,60.0,42.0,0.5714285714285714,87.0,1.7540983606557377,1.6544045827723661
IND562132AAA,IND560048AAB,Carting,morning,2,2,2.0292812777284825,96.5,47.5,1.0,98.0,2.2,2.1844801161571348
IND562132AAA,IND560048AAB,Carting,night,7,7,2.25531914893617,104.0,47.0,1.0,414.0,2.125,2.1587864460204886
IND562132AAA,IND560058AAB,Carting,afternoon,3,3,1.7692307692307692,23.0,16.0,0.6666666666666666,25.0,2.234668335419274,2.1739590876555557
IND562132AAA,IND560058AAB,Carting,evening,2,2,1.2738095238095237,18.5,14.5,1.0,8.0,1.7540983606557377,1.7104357391242637
IND562132AAA,IND560058AAB,Carting,late_evening,3,3,1.8461538461538463,24.0,17.0,0.6666666666666666,27.0,1.8148148148148149,1.8189025145546887
IND562132AAA,IND560058AAB,Carting,morning,6,6,1.9615384615384617,29.5,16.5,0.8333333333333334,76.0,2.2,2.1449704142011834
IND562132AAA,IND560058AAB,Carting,night,6,6,2.5336538461538463,39.5,15.5,0.8333333333333334,125.0,2.125,2.2193047337278107
IND562132AAA,IND560058AAD,Carting,afternoon,1,1,1.3157894736842106,25.0,19.0,1.0,6.0,2.234668335419274,2.1909121991461755
IND562132AAA,IND560058AAD,Carting,evening,10,10,1.274436090225564,25.5,20.0,0.6,286.0,1.7540983606557377,1.594210937179013
IND562132AAA,IND560058AAD,Carting,late_evening,10,10,1.473684210526316,28.0,19.0,0.8,287.0,1.8148148148148149,1.7011046133853152
IND562132AAA,IND560058AAD,Carting,morning,19,19,2.1666666666666665,42.0,20.0,1.0,585.0,2.2,2.1837606837606836
IND562132AAA,IND560058AAD,Carting,night,17,17,1.65,33.0,19.0,1.0,533.0,2.125,1.9067567567567567
IND562132AAA,IND560060AAB,Carting,afternoon,3,3,1.75,49.0,27.0,1.0,65.0,2.234668335419274,2.1714507264515426
IND562132AAA,IND560060AAB,Carting,evening,2,2,1.3333333333333333,40.0,30.0,1.0,20.0,1.7540983606557377,1.7158469945355188
IND562132AAA,IND560060AAB,Carting,late_evening,6,6,1.25,37.5,30.0,0.5,104.0,1.8148148148148149,1.6844729344729346
IND562132AAA,IND560060AAB,Carting,morning,4,4,1.5437037037037036,40.0,27.0,1.0,57.0,2.2,2.090617283950617
IND562132AAA,IND560060AAB,Carting,night,9,9,2.074074074074074,63.0,27.0,1.0,267.0,2.125,2.1091954022988504
IND562132AAA,IND560066AAB,Carting,afternoon,1,1,2.869565217391304,132.0,46.0,1.0,86.0,2.234668335419274,2.264901520275085
IND562132AAA,IND560066AAB,Carting,evening,1,1,1.206896551724138,70.0,58.0,1.0,12.0,1.7540983606557377,1.7280411316589945
IND562132AAA,IND560078AAC,Carting,afternoon,4,4,1.926190476190476,66.5,34.5,1.0,130.0,2.234668335419274,2.1832553588811408
IND562132AAA,IND560078AAC,Carting,evening,9,9,1.4705882352941178,50.0,34.0,0.8888888888888888,261.0,1.7540983606557377,1.6661124596814416
IND562132AAA,IND560078AAC,Carting,morning,2,2,2.041666666666667,73.5,36.0,1.0,75.0,2.2,2.1856060606060606
IND562132AAA,IND560078AAC,Carting,night,10,10,1.7702702702702702,71.0,37.0,0.8,275.0,2.125,2.0067567567567566
IND562132AAA,IND560083AAB,Carting,evening,6,6,1.4592105263157895,63.0,39.0,0.8333333333333334,230.0,1.7540983606557377,1.6860473219619034
IND562132AAA,IND560083AAB,Carting,late_evening,10,10,1.4173076923076922,56.0,40.0,0.9,175.0,1.8148148148148149,1.682312440645774
IND562132AAA,IND560083AAB,Carting,morning,15,15,1.5853658536585367,64.0,40.0,1.0,733.0,2.2,1.9365853658536585
IND562132AAA,IND560083AAB,Carting,night,19,19,1.3636363636363635,54.0,40.0,0.9473684210526315,717.0,2.125,1.754079254079254
IND562132AAA,IND560085AAA,Carting,late_evening,14,14,1.7996031746031744,52.0,30.0,1.0,446.0,1.8148148148148149,1.8085511982570806
IND562132AAA,IND560085AAA,Carting,morning,1,1,2.0454545454545454,90.0,44.0,1.0,46.0,2.2,2.1926406926406927
IND562132AAA,IND560085AAA,Carting,night,3,3,1.8205128205128205,71.0,39.0,1.0,134.0,2.125,2.0852842809364547
IND562132AAA,IND560099AAB,Carting,afternoon,17,17,1.7358490566037736,92.0,54.0,0.8823529411764706,667.0,2.234668335419274,2.0054810992067464
IND562132AAA,IND560099AAB,Carting,evening,21,21,1.469387755102041,82.0,55.0,0.9047619047619048,628.0,1.7540983606557377,1.6082709773233563
IND562132AAA,IND560099AAB,Carting,late_evening,8,8,1.5715871254162042,83.0,53.0,0.875,356.0,1.8148148148148149,1.7453211892723546
IND562132AAA,IND560099AAB,Carting,morning,19,19,1.7169811320754718,93.0,53.0,0.8947368421052632,886.0,2.2,1.9646831156265119
IND562132AAA,IND560099AAB,Carting,night,24,24,1.8450226244343892,95.0,53.0,0.9583333333333334,1125.0,2.125,1.9722850678733033
IND562132AAA,IND560099AAB,FTL,afternoon,7,7,1.3962264150943395,74.0,53.0,0.7142857142857143,146.0,1.7676767676767677,1.671374824414657
IND562132AAA,IND560099AAB,FTL,evening,10,10,1.264373546028581,70.5,55.5,0.7,147.0,1.7703025992499675,1.6016595815095054
IND562132AAA,IND560099AAB,FTL,late_evening,6,6,1.4415584415584415,76.0,53.5,1.0,137.0,1.8333333333333333,1.7429237429237427
IND562132AAA,IND560099AAB,FTL,morning,11,11,1.5714285714285714,88.0,54.0,1.0,533.0,1.8750586854460094,1.767318967568854
IND562132AAA,IND560099AAB,FTL,night,4,4,1.345141065830721,76.0,56.5,1.0,86.0,1.8226866738120757,1.7430957391485167
IND562132AAA,IND560300AAA,Carting,afternoon,33,33,1.7254901960784315,84.0,48.0,0.9090909090909091,1361.0,2.234668335419274,1.9176328901693154
IND562132AAA,IND560300AAA,Carting,evening,30,30,1.3707070707070708,62.0,45.0,0.7666666666666667,515.0,1.7540983606557377,1.5240635866865375
IND562132AAA,IND560300AAA,Carting,late_evening,24,24,1.6437632135306555,72.5,45.0,0.9583333333333334,785.0,1.8148148148148149,1.7215139413870917
IND562132AAA,IND560300AAA,Carting,morning,46,46,1.8657804459691252,98.0,53.0,1.0,2061.0,2.2,1.967059098705754
IND562132AAA,IND560300AAA,Carting,night,18,18,1.7766229613047648,104.0,55.0,1.0,829.0,2.125,1.9599792974601518
IND562132AAA,IND570020AAA,FTL,afternoon,1,1,1.0331491712707181,187.0,181.0,0.0,6.0,1.7676767676767677,1.7326992630860034
IND562132AAA,IND570020AAA,FTL,evening,8,8,1.15625,204.5,176.0,0.25,233.0,1.7703025992499675,1.5948589994642626
IND562132AAA,IND572101AAA,Carting,evening,2,2,1.25,67.5,54.0,0.5,27.0,1.7540983606557377,1.7082712369597615
IND562132AAA,IND572101AAA,Carting,late_evening,1,1,1.3076923076923077,68.0,52.0,1.0,16.0,1.8148148148148149,1.7906661239994572
IND562132AAA,IND573201AAB,FTL,afternoon,7,7,1.5801526717557253,205.0,129.0,1.0,526.0,1.7676767676767677,1.7190594094750162
IND562132AAA,IND573201AAB,FTL,morning,9,9,1.4779411764705883,197.0,131.0,1.0,715.0,1.8750586854460094,1.7518153205915685
IND562132AAA,IND577002AAA,FTL,evening,1,1,1.5706806282722514,300.0,191.0,1.0,109.0,1.7703025992499675,1.7607967911081714
IND562132AAA,IND577501AAA,FTL,evening,1,1,1.655844155844156,255.0,154.0,1.0,101.0,1.7703025992499675,1.7648521971830242
IND562132AAA,IND577598AAC,FTL,evening,10,10,1.68558352402746,194.0,115.5,1.0,795.0,1.7703025992499675,1.7420629075091318
IND562132AAA,IND580028AAA,FTL,evening,1,1,2.140845070422535,608.0,284.0,1.0,324.0,1.7703025992499675,1.7879474788296137
IND562132AAA,IND580028AAA,FTL,night,2,2,1.7282229965156795,496.0,287.0,1.0,418.0,1.8226866738120757,1.8140990667851307
IND562132AAA,IND583101AAA,FTL,afternoon,10,10,1.5323426573426573,323.0,217.0,1.0,1345.0,1.7676767676767677,1.6892320642320644
IND562132AAA,IND600056AAB,FTL,afternoon,1,1,1.2379518072289157,411.0,332.0,1.0,79.0,1.7676767676767677,1.7424517695602035
IND562132AAA,IND600056AAB,FTL,morning,2,2,1.5310927390366644,484.5,316.5,1.0,336.0,1.8750586854460094,1.843789053954251
IND562132AAA,IND600056AAB,FTL,night,11,11,1.4939759036144578,470.0,323.0,1.0,1669.0,1.8226866738120757,1.7060473682580823
IND562132AAA,IND683511AAA,FTL,evening,1,1,2.0764587525150904,1032.0,497.0,1.0,535.0,1.7703025992499675,1.7848814636911636
IND562132AAA,IND683511AAA,FTL,morning,1,1,1.619298245614035,923.0,570.0,1.0,353.0,1.8750586854460094,1.862879616882582
IND562132AAA,IND712311AAA,FTL,afternoon,1,1,2.3530249110320285,3306.0,1405.0,1.0,1901.0,1.7676767676767677,1.795550488788923
IND562132AAA,IND712311AAA,FTL,evening,1,1,2.113888888888889,3044.0,1440.0,1.0,1604.0,1.7703025992499675,1.7866638511375352
IND562132AAA,IND712311AAA,FTL,morning,1,1,1.9772241992882562,2778.0,1405.0,1.0,1373.0,1.8750586854460094,1.8799237099146882
IND562132AAA,IND751002AAB,FTL,afternoon,7,7,1.9626168224299065,2132.0,1099.0,1.0,7741.0,1.7676767676767677,1.818216781872026
IND562132AAA,IND751002AAB,FTL,evening,6,6,2.0279146141215105,2254.0,1097.0,1.0,6786.0,1.7703025992499675,1.8297515257587853
IND562132AAA,IND751002AAB,FTL,morning,2,2,2.0172363658240666,2206.0,1094.0,1.0,2224.0,1.8750586854460094,1.8879839291167422
IND562132AAC,IND000000ACB,FTL,afternoon,1,1,1.5176273083379967,2712.0,1787.0,1.0,925.0,1.7676767676767677,1.755769650565398
IND562159AAA,IND562117AAA,FTL,night,11,11,1.9259259259259258,52.0,27.0,1.0,290.0,1.8226866738120757,1.8593199568202161
IND563101AAB,IND560300AAB,Carting,night,1,1,6.163636363636364,339.0,55.0,1.0,284.0,2.125,2.3173160173160174
IND563101AAB,IND563125AAB,Carting,night,1,1,1.588235294117647,54.0,34.0,1.0,20.0,2.125,2.0994397759103642
IND563101AAB,IND563131AAA,Carting,night,14,14,1.6753246753246753,36.5,22.5,0.8571428571428571,224.0,2.125,1.9398395721925132
IND563116AAA,IND563131AAB,Carting,night,14,14,1.9880952380952381,32.5,17.5,1.0,387.0,2.125,2.0686274509803924
IND563125AAB,IND560300AAA,Carting,night,3,3,3.849056603773585,204.0,53.0,1.0,450.0,2.125,2.3498769483182937
IND563125AAB,IND560300AAB,Carting,night,12,12,4.358320251177394,219.5,49.0,1.0,1933.0,2.125,2.9624950941915227
IND563130AAA,IND563131AAB,Carting,night,10,10,0.9685283687943262,46.0,47.5,0.2,67.0,2.125,1.7395094562647755
IND563131AAA,IND563125AAB,Carting,night,14,14,1.880952380952381,79.0,42.0,1.0,501.0,2.125,2.0245098039215685
IND563131AAB,IND560300AAA,Carting,morning,1,1,2.329113924050633,184.0,79.0,1.0,105.0,2.2,2.206148282097649
IND563131AAB,IND560300AAA,Carting,night,2,2,1.4398362681495211,115.5,80.5,1.0,70.0,2.125,2.0627123880135927
IND563131AAB,IND560300AAB,Carting,morning,1,1,1.5949367088607596,126.0,79.0,1.0,47.0,2.2,2.171187462326703
IND563131AAB,IND560300AAB,Carting,night,4,4,1.8429299166409385,148.5,81.5,1.0,507.0,2.125,2.0779883194401565
IND563131AAB,IND563116AAA,Carting,night,16,16,2.060457516339869,35.0,17.5,1.0,349.0,2.125,2.0963144517066086
IND570020AAA,IND571301AAA,FTL,night,9,9,2.95,62.0,25.0,1.0,383.0,1.8226866738120757,2.172542533663501
IND570020AAA,IND571430AAA,FTL,night,1,1,2.9827586206896552,173.0,58.0,1.0,115.0,1.8226866738120757,1.8779281950919606
IND570020AAA,IND571602AAA,FTL,night,14,14,2.336007702182285,91.5,36.5,1.0,766.0,1.8226866738120757,2.0340541560821617
IND571104AAA,IND573142AAA,FTL,night,1,1,1.625,52.0,32.0,1.0,20.0,1.8226866738120757,1.8132730226781675
IND571104AAA,IND577598AAB,FTL,morning,1,1,1.894736842105263,36.0,19.0,1.0,17.0,1.8750586854460094,1.8759957405250216
IND571104AAA,IND577598AAB,FTL,night,15,15,1.8421052631578947,36.0,19.0,1.0,281.0,1.8226866738120757,1.8310089263888554
IND571105AAA,IND571114AAA,FTL,night,1,1,7.576923076923077,197.0,26.0,1.0,171.0,1.8226866738120757,2.096697931103076
IND571105AAA,IND571213AAA,FTL,night,12,12,1.7184210526315788,67.0,38.0,1.0,338.0,1.8226866738120757,1.7835870658693895
IND571111AAB,IND571313AAB,FTL,night,10,10,1.7169076751946606,52.5,31.0,1.0,231.0,1.8226866738120757,1.7874270076062708
IND571114AAA,IND570020AAA,FTL,morning,8,8,4.1764705882352935,213.0,51.0,1.0,1238.0,1.8750586854460094,2.532604943385805
IND571124AAA,IND570020AAA,FTL,morning,11,11,4.137931034482759,120.0,30.0,1.0,1242.0,1.8750586854460094,2.6780133899429206
IND571213AAA,IND570020AAA,FTL,night,1,1,8.47887323943662,602.0,71.0,1.0,531.0,1.8226866738120757,2.139647938841816
IND571213AAA,IND571114AAA,FTL,night,8,8,1.621212121212121,107.0,66.0,1.0,329.0,1.8226866738120757,1.7651225159263746
IND571301AAA,IND571111AAB,FTL,night,8,8,1.96,45.0,23.0,1.0,199.0,1.8226866738120757,1.8619190527229112
IND571313AAB,IND571440AAA,FTL,morning,6,6,1.380851063829787,63.5,46.0,1.0,215.0,1.8750586854460094,1.761010772765343
IND571313AAB,IND571440AAA,FTL,night,4,4,1.3020833333333335,62.5,47.5,0.5,61.0,1.8226866738120757,1.7359194503989521
IND571401AAA,IND562160AAB,FTL,night,10,10,1.0,47.0,47.0,0.0,4.0,1.8226866738120757,1.5484577825413839
IND571426AAA,IND571104AAA,FTL,night,15,15,1.8271604938271604,148.0,82.0,1.0,1024.0,1.8226866738120757,1.824604025247112
IND571430AAA,IND571124AAA,FTL,morning,10,10,1.4166666666666667,48.0,36.0,0.9,167.0,1.8750586854460094,1.7222613458528955
IND571432AAB,IND571426AAA,FTL,night,17,17,1.3783783783783783,50.0,36.0,0.8823529411764706,311.0,1.8226866738120757,1.6185450245587554
IND571438AAB,IND571401AAA,FTL,night,9,9,1.2903225806451613,40.0,30.0,0.6666666666666666,70.0,1.8226866738120757,1.6574702311051026
IND571440AAA,IND571430AAA,FTL,morning,10,10,1.03,52.0,50.0,0.1,38.0,1.8750586854460094,1.5933724569640062
IND572101AAA,IND561203AAB,Carting,late_evening,6,6,2.0,80.0,41.0,1.0,252.0,1.8148148148148149,1.8575498575498577
IND572101AAA,IND561203AAB,Carting,night,6,6,2.033139534883721,84.5,41.0,1.0,260.0,2.125,2.1038014311270126
IND572101AAA,IND562101AAA,Carting,morning,1,1,2.1818181818181817,168.0,77.0,1.0,91.0,2.2,2.199134199134199
IND572201AAB,IND573103AAA,FTL,late_evening,2,2,1.3667763157894737,24.0,17.5,1.0,13.0,1.8333333333333333,1.790919059011164
IND572201AAB,IND573103AAA,FTL,night,1,1,2.857142857142857,60.0,21.0,1.0,39.0,1.8226866738120757,1.8719464920659223
IND572201AAB,IND573201AAB,FTL,night,2,2,1.9498039215686274,98.5,50.5,1.0,96.0,1.8226866738120757,1.8342427872444895
IND572201AAB,IND577101AAA,FTL,late_evening,1,1,2.2023809523809526,185.0,84.0,1.0,101.0,1.8333333333333333,1.8509070294784582
IND572201AAB,IND577116AAA,FTL,night,1,1,1.9019607843137254,97.0,51.0,1.0,46.0,1.8226866738120757,1.8264616314550115
IND573103AAA,IND572201AAB,FTL,night,2,2,1.7107843137254901,30.0,17.5,1.0,25.0,1.8226866738120757,1.8125137319860227
IND573103AAA,IND577116AAA,FTL,night,5,5,1.3846153846153846,37.0,26.0,0.8,51.0,1.8226866738120757,1.7350724159727378
IND573116AAA,IND571426AAA,FTL,late_evening,1,1,5.586206896551724,162.0,29.0,1.0,133.0,1.8333333333333333,2.0120415982484947
IND573116AAA,IND571432AAB,FTL,late_evening,11,11,1.6744186046511629,72.0,43.0,1.0,354.0,1.8333333333333333,1.7769442360590146
IND573116AAA,IND571432AAB,FTL,night,1,1,1.9772727272727273,87.0,44.0,1.0,43.0,1.8226866738120757,1.8300479144530593
IND573116AAA,IND573142AAA,FTL,night,1,1,2.3773584905660377,126.0,53.0,1.0,73.0,1.8226866738120757,1.8490996174670264
IND573134AAB,IND573201AAB,FTL,night,14,14,2.3479960899315735,75.0,31.5,1.0,641.0,1.8226866738120757,2.0389905510377515
IND573134AAB,IND577101AAA,FTL,night,1,1,1.7358490566037736,92.0,53.0,1.0,39.0,1.8226866738120757,1.8185515491831092
IND573142AAA,IND573201AAB,FTL,morning,17,17,1.864864864864865,69.0,38.0,1.0,709.0,1.8750586854460094,1.8703750381519704
IND573201AAB,IND572201AAB,FTL,evening,4,4,1.4744897959183674,72.0,49.0,1.0,103.0,1.7703025992499675,1.7210004653613675
IND573201AAB,IND572201AAB,FTL,late_evening,7,7,1.653061224489796,81.0,48.0,1.0,215.0,1.8333333333333333,1.786596119929453
IND573201AAB,IND573103AAA,FTL,evening,1,1,1.78125,114.0,64.0,1.0,50.0,1.7703025992499675,1.7708239040475882
IND573201AAB,IND573103AAA,FTL,late_evening,2,2,2.0703125,132.5,64.0,1.0,137.0,1.8333333333333333,1.8548768939393938
IND573201AAB,IND573116AAA,FTL,evening,4,4,2.1165865384615383,76.0,31.0,1.0,199.0,1.7703025992499675,1.8280165891185627
IND573201AAB,IND573116AAA,FTL,late_evening,10,10,1.7115384615384615,45.0,28.0,1.0,289.0,1.8333333333333333,1.7927350427350426
IND573201AAB,IND573134AAB,FTL,evening,1,1,2.5161290322580645,78.0,31.0,1.0,47.0,1.7703025992499675,1.8058181436789245
IND573201AAB,IND573134AAB,FTL,late_evening,2,2,1.596774193548387,49.5,31.0,1.0,37.0,1.8333333333333333,1.8118279569892473
IND573201AAB,IND575004AAB,FTL,afternoon,7,7,2.761904761904762,406.0,146.0,1.0,1878.0,1.7676767676767677,2.025439580995137
IND573201AAB,IND575004AAB,FTL,evening,6,6,2.657934576912679,361.5,136.5,1.0,1383.0,1.7703025992499675,1.9751407479413625
IND573201AAB,IND575004AAB,FTL,late_evening,1,1,2.934306569343066,402.0,137.0,1.0,265.0,1.8333333333333333,1.8857606302861776
IND574104AAA,IND574216AAA,Carting,night,10,10,2.0551061678463096,90.5,44.0,1.0,465.0,2.125,2.10170205594877
IND574104AAA,IND574216AAA,FTL,night,1,1,1.9534883720930232,84.0,43.0,1.0,41.0,1.8226866738120757,1.8289153261111688
IND574117AAA,IND576101AAA,FTL,night,2,2,1.6614906832298137,36.5,22.0,1.0,29.0,1.8226866738120757,1.8080324928500522
IND574117AAA,IND576201AAA,FTL,night,1,1,3.097560975609756,127.0,41.0,1.0,86.0,1.8226866738120757,1.8833949738976798
IND574202AAA,IND574239AAA,FTL,night,6,6,1.5866935483870968,50.0,31.0,1.0,125.0,1.8226866738120757,1.7682267217909269
IND574211AAA,IND574202AAA,FTL,night,5,5,2.473684210526316,47.0,18.0,1.0,141.0,1.8226866738120757,1.952886181154924
IND574211AAA,IND574216AAA,FTL,night,1,1,2.892857142857143,81.0,28.0,1.0,53.0,1.8226866738120757,1.8736471723380315
IND574216AAA,IND562132AAA,FTL,morning,1,1,2.013953488372093,433.0,215.0,1.0,218.0,1.8750586854460094,1.881672723680585
IND574216AAA,IND575004AAB,Carting,night,4,4,2.4838383838383837,110.5,45.5,1.0,275.0,2.125,2.184806397306397
IND574216AAA,IND575004AAB,FTL,night,1,1,2.4,96.0,40.0,1.0,56.0,1.8226866738120757,1.8501777845829293
IND574221AAA,IND562132AAA,FTL,night,6,6,2.070494941208641,553.0,266.5,1.0,1714.0,1.8226866738120757,1.8798731970574372
IND574227AAA,IND574104AAA,Carting,night,9,9,1.9230769230769231,25.0,14.0,1.0,133.0,2.125,2.0623342175066313
IND574239AAA,IND574221AAA,FTL,night,7,7,1.5128205128205128,53.0,35.0,1.0,128.0,1.8226866738120757,1.7423510024438928
IND575004AAB,IND562132AAA,FTL,late_evening,1,1,2.201492537313433,590.0,268.0,1.0,322.0,1.8333333333333333,1.8508647239990523
IND575004AAB,IND562132AAA,FTL,night,3,3,2.0950570342205324,551.0,263.0,1.0,853.0,1.8226866738120757,1.8582132425610052
IND575004AAB,IND574117AAA,FTL,evening,5,5,2.4285714285714284,69.0,29.0,1.0,227.0,1.7703025992499675,1.9019563651142597
IND575004AAB,IND574211AAA,FTL,late_evening,3,3,1.8823529411764706,32.0,17.0,1.0,48.0,1.8333333333333333,1.8397271952259164
IND575004AAB,IND574211AAA,FTL,night,5,5,2.176470588235294,37.0,17.0,1.0,247.0,1.8226866738120757,1.8934434566967195
IND575004AAB,IND574227AAA,Carting,late_evening,1,1,1.627906976744186,70.0,43.0,1.0,27.0,1.8148148148148149,1.8059144415733563
IND575004AAB,IND574227AAA,Carting,night,1,1,2.0,56.0,28.0,1.0,28.0,2.125,2.119047619047619
IND575004AAB,IND575014AAA,FTL,evening,2,2,2.5175438596491224,46.5,18.5,1.0,56.0,1.7703025992499675,1.8382336229226182
IND575004AAB,IND576101AAA,FTL,evening,1,1,2.122448979591837,104.0,49.0,1.0,55.0,1.7703025992499675,1.7870714745043423
IND575004AAB,IND671323AAD,FTL,evening,2,2,1.601139601139601,42.5,26.5,1.0,32.0,1.7703025992499675,1.7549241448762978
IND575004AAB,IND671323AAD,FTL,night,1,1,1.9230769230769231,50.0,26.0,1.0,24.0,1.8226866738120757,1.8274671618723066
IND575014AAA,IND403726AAA,FTL,night,1,1,1.7937062937062938,513.0,286.0,1.0,227.0,1.8226866738120757,1.8213066557118005
IND576101AAA,IND576201AAA,FTL,morning,1,1,1.4516129032258065,45.0,31.0,1.0,14.0,1.8750586854460094,1.8548946005783808
IND576101AAA,IND576201AAA,FTL,night,2,2,1.6833333333333333,50.5,30.0,1.0,41.0,1.8226866738120757,1.8100181883140083
IND576201AAA,IND581320AAA,FTL,morning,1,1,2.72972972972973,101.0,37.0,1.0,64.0,1.8750586854460094,1.915757306602377
IND576201AAA,IND581320AAA,FTL,night,3,3,2.0555555555555554,74.0,36.0,1.0,112.0,1.8226866738120757,1.8530608757786167
IND577002AAA,IND580028AAA,FTL,morning,11,11,1.63,163.0,99.0,1.0,762.0,1.8750586854460094,1.788102377707103
IND577002AAA,IND581110AAE,Carting,late_evening,1,1,2.423076923076923,126.0,52.0,1.0,74.0,1.8148148148148149,1.8437796771130104
IND577002AAA,IND581115AAC,Carting,evening,2,2,2.2507122507122506,59.5,26.5,1.0,66.0,1.7540983606557377,1.7992450779336024
IND577002AAA,IND581115AAC,Carting,late_evening,14,14,2.7988505747126435,83.5,28.5,1.0,674.0,1.8148148148148149,2.220006010066862
IND577002AAA,IND581115AAC,Carting,morning,2,2,1.6388888888888888,50.5,31.5,1.0,38.0,2.2,2.1489898989898992
IND577002AAA,IND581115AAC,Carting,night,1,1,2.3076923076923075,60.0,26.0,1.0,34.0,2.125,2.1336996336996337
IND577101AAA,IND577116AAA,FTL,night,2,2,1.6604166666666667,43.0,30.5,0.5,25.0,1.8226866738120757,1.807934854980675
IND577101AAA,IND577132AAD,FTL,night,7,7,2.238095238095238,47.0,21.0,1.0,170.0,1.8226866738120757,1.9303851904780809
IND577116AAA,IND577101AAA,FTL,night,8,8,0.8201814058956916,38.5,47.0,0.125,11.0,1.8226866738120757,1.5362565972645374
IND577126AAA,IND577201AAA,FTL,night,1,1,2.4788732394366195,176.0,71.0,1.0,105.0,1.8226866738120757,1.8539336531275301
IND577132AAD,IND573134AAB,FTL,night,11,11,1.84,53.0,31.0,0.9090909090909091,266.0,1.8226866738120757,1.8288301121368231
IND577201AAA,IND562132AAA,FTL,night,10,10,1.6479885057471266,384.0,233.0,1.0,1544.0,1.8226866738120757,1.7644539511237594
IND577201AAA,IND577432AAA,FTL,night,1,1,2.3555555555555556,106.0,45.0,1.0,61.0,1.8226866738120757,1.8480613824665273
IND577401AAA,IND562132AAA,FTL,night,1,1,1.9882005899705015,674.0,339.0,1.0,335.0,1.8226866738120757,1.830568288867239
IND577401AAA,IND577201AAA,FTL,night,7,7,0.9714285714285714,99.0,106.0,0.0,9.0,1.8226866738120757,1.6019901287496856
IND577432AAA,IND577126AAA,FTL,night,1,1,2.1,42.0,20.0,1.0,22.0,1.8226866738120757,1.8358920702972152
IND577501AAA,IND577002AAA,FTL,morning,7,7,1.625,73.0,44.0,1.0,207.0,1.8750586854460094,1.810228655885933
IND577501AAA,IND577002AAA,FTL,night,3,3,1.8222222222222222,82.0,41.0,1.0,124.0,1.8226866738120757,1.8226260931699212
IND577522AAA,IND562132AAA,FTL,night,10,10,1.5091259908218606,209.0,136.5,1.0,712.0,1.8226866738120757,1.718166446148671
IND577535AAC,IND577522AAA,FTL,night,10,10,1.6025641025641026,62.0,38.5,1.0,230.0,1.8226866738120757,1.749312483396085
IND577598AAB,IND573142AAA,FTL,morning,6,6,1.8709568733153639,104.0,56.0,1.0,339.0,1.8750586854460094,1.8741121134158607
IND577598AAB,IND573142AAA,FTL,night,11,11,2.1272727272727274,117.0,55.0,1.0,750.0,1.8226866738120757,1.9307655960077907
IND577598AAC,IND577501AAA,FTL,night,11,11,1.8484848484848484,59.0,32.0,1.0,313.0,1.8226866738120757,1.8318408648249953
IND580002AAA,IND580028AAA,FTL,morning,2,2,4.979166666666666,112.5,20.5,1.0,184.0,1.8750586854460094,2.157250320102433
IND580028AAA,IND403726AAA,FTL,morning,13,13,2.5073529411764706,341.0,138.0,1.0,2755.0,1.8750586854460094,2.1241443013398276
IND580028AAA,IND421302AAG,FTL,afternoon,2,2,2.2172494762447097,1018.0,462.0,1.0,1112.0,1.7676767676767677,1.808547013910217
IND580028AAA,IND562132AAA,FTL,afternoon,2,2,1.8345323741007196,510.0,278.0,1.0,464.0,1.7676767676767677,1.7737545500789453
IND580028AAA,IND562132AAA,FTL,evening,1,1,1.6928571428571428,474.0,280.0,1.0,194.0,1.7703025992499675,1.7666147203741187
IND580028AAA,IND562132AAA,FTL,late_evening,1,1,1.7770034843205575,510.0,287.0,1.0,223.0,1.8333333333333333,1.8306509595708202
IND580028AAA,IND580002AAA,FTL,afternoon,2,2,3.3571428571428568,70.5,21.0,1.0,99.0,1.7676767676767677,1.9121736849009578
IND580028AAA,IND580002AAA,FTL,morning,7,7,3.7142857142857144,78.0,21.0,1.0,873.0,1.8750586854460094,2.3518953225525996
IND580028AAA,IND581402AAA,FTL,afternoon,13,13,1.4567901234567902,120.0,81.0,1.0,487.0,1.7676767676767677,1.6452062714688978
IND580028AAA,IND581402AAA,FTL,morning,2,2,1.503688647997591,122.5,81.5,1.0,82.0,1.8750586854460094,1.841297772950699
IND580028AAA,IND590016AAA,FTL,afternoon,4,4,2.1986301369863015,159.5,72.5,1.0,327.0,1.7676767676767677,1.8395023292283568
IND580028AAA,IND590016AAA,FTL,evening,1,1,2.492957746478873,177.0,71.0,1.0,106.0,1.7703025992499675,1.8047147491180107
IND580028AAA,IND590016AAA,FTL,morning,8,8,2.263888888888889,163.0,72.0,1.0,2221.0,1.8750586854460094,1.9861530292868323
IND580028AAA,IND591115AAB,FTL,afternoon,1,1,1.8636363636363635,82.0,44.0,1.0,38.0,1.7676767676767677,1.7722462722462726
IND580028AAA,IND591115AAB,FTL,evening,1,1,1.853658536585366,76.0,41.0,1.0,35.0,1.7703025992499675,1.7742719295992722
IND580028AAA,IND591115AAB,FTL,late_evening,1,1,1.9024390243902438,78.0,41.0,1.0,37.0,1.8333333333333333,1.8366240805265193
IND580028AAA,IND591115AAB,FTL,morning,1,1,1.7857142857142858,75.0,42.0,1.0,33.0,1.8750586854460094,1.8708041902206893
IND580028AAA,IND591123AAC,FTL,afternoon,7,7,1.7802197802197801,162.0,92.0,1.0,861.0,1.7676767676767677,1.7709286598175487
IND580028AAA,IND591123AAC,FTL,evening,1,1,1.8064516129032258,168.0,93.0,1.0,75.0,1.7703025992499675,1.7720239808525036
IND580028AAA,IND591123AAC,FTL,morning,10,10,1.8269635343618513,171.0,92.5,1.0,1722.0,1.8750586854460094,1.859026968417957
IND581110AAE,IND577002AAA,Carting,morning,1,1,6.745454545454545,371.0,55.0,1.0,316.0,2.2,2.416450216450216
IND581110AAE,IND577002AAA,Carting,night,3,3,2.618181818181818,144.0,55.0,1.0,247.0,2.125,2.1893280632411067
IND581110AAE,IND581119AAB,Carting,night,16,16,1.9523809523809523,82.0,41.0,1.0,595.0,2.125,2.0482804232804233
IND581115AAC,IND581110AAE,Carting,afternoon,1,1,2.1666666666666665,52.0,24.0,1.0,28.0,2.234668335419274,2.2314301607167684
IND581115AAC,IND581110AAE,Carting,late_evening,1,1,1.8333333333333333,44.0,24.0,1.0,20.0,1.8148148148148149,1.8156966490299826
IND581115AAC,IND581110AAE,Carting,morning,1,1,2.739130434782609,63.0,23.0,1.0,40.0,2.2,2.225672877846791
IND581115AAC,IND581110AAE,Carting,night,17,17,1.8,44.0,24.0,1.0,359.0,2.125,1.9756756756756755
IND581119AAB,IND577002AAA,Carting,night,14,14,1.632630410654828,81.5,53.0,1.0,587.0,2.125,1.9222595808578706
IND581303AAA,IND581325AAA,FTL,night,2,2,1.5053763440860215,140.0,93.0,1.0,94.0,1.8226866738120757,1.7938402802006161
IND581303AAA,IND581400AAB,FTL,night,12,12,1.3364583333333333,52.5,47.0,0.5833333333333334,128.0,1.8226866738120757,1.6403510461325475
IND581314AAA,IND403726AAA,FTL,afternoon,1,1,1.6339285714285714,183.0,112.0,1.0,71.0,1.7676767676767677,1.761307805950663
IND581314AAA,IND403726AAA,FTL,morning,8,8,1.8772727272727274,206.5,111.0,1.0,800.0,1.8750586854460094,1.8756912688250718
IND581314AAA,IND581334AAA,FTL,morning,1,1,1.5454545454545454,85.0,55.0,1.0,30.0,1.8750586854460094,1.8593632502083208
IND581320AAA,IND575004AAB,FTL,afternoon,1,1,2.4205607476635516,259.0,107.0,1.0,152.0,1.7676767676767677,1.7987664810094717
IND581320AAA,IND581334AAA,FTL,morning,2,2,1.601930501930502,57.5,36.0,1.0,43.0,1.8750586854460094,1.8502288505809636
IND581320AAA,IND581334AAA,FTL,night,2,2,1.9658605974395447,74.0,37.5,1.0,73.0,1.8226866738120757,1.8357024850509367
IND581325AAA,IND580028AAA,FTL,morning,9,9,1.821917808219178,133.0,72.0,1.0,566.0,1.8750586854460094,1.8585666890652688
IND581325AAA,IND580028AAA,FTL,night,5,5,1.8055555555555556,130.0,72.0,1.0,304.0,1.8226866738120757,1.8192604501607719
IND581334AAA,IND581314AAA,FTL,afternoon,1,1,1.92,96.0,50.0,1.0,46.0,1.7676767676767677,1.7749302549302552
IND581334AAA,IND581314AAA,FTL,morning,1,1,1.588235294117647,81.0,51.0,1.0,30.0,1.8750586854460094,1.8614004287160875
IND581334AAA,IND581314AAA,FTL,night,1,1,1.9411764705882353,99.0,51.0,1.0,48.0,1.8226866738120757,1.828329045087131
IND581334AAA,IND581320AAA,FTL,afternoon,1,1,1.5666666666666667,47.0,30.0,1.0,17.0,1.7676767676767677,1.7581048581048584
IND581334AAA,IND581343AAC,FTL,morning,2,2,2.2656641604010024,45.0,20.0,1.0,50.0,1.8750586854460094,1.9105682740782817
IND581343AAC,IND581314AAA,FTL,morning,6,6,1.7288306451612905,54.5,32.0,0.8333333333333334,136.0,1.8750586854460094,1.841313753072613
IND581400AAB,IND581325AAA,FTL,night,12,12,0.9377380448582311,114.0,135.0,0.3333333333333333,164.0,1.8226866738120757,1.490830937954384
IND581402AAA,IND577201AAA,FTL,night,1,1,1.2240437158469946,224.0,183.0,1.0,41.0,1.8226866738120757,1.794179866289929
IND581402AAA,IND577401AAA,FTL,night,9,9,1.5405405405405406,114.0,76.0,1.0,364.0,1.8226866738120757,1.735124080727806
IND582101AAB,IND580028AAA,FTL,night,18,18,2.967391304347826,135.0,45.0,1.0,1667.0,1.8226866738120757,2.364915183013221
IND582209AAA,IND582101AAB,FTL,night,16,16,1.864864864864865,69.0,36.5,1.0,560.0,1.8226866738120757,1.8414325365022046
IND583101AAA,IND577535AAC,FTL,late_evening,5,5,1.9534883720930232,84.0,42.0,1.0,250.0,1.8333333333333333,1.8573643410852714
IND583101AAA,IND577535AAC,FTL,night,5,5,1.9024390243902438,78.0,42.0,1.0,205.0,1.8226866738120757,1.8386371439277094
IND583101AAA,IND583201AAA,FTL,late_evening,1,1,3.630434782608696,167.0,46.0,1.0,121.0,1.8333333333333333,1.918909592822636
IND583101AAA,IND583201AAA,FTL,night,17,17,2.727272727272727,120.0,45.0,1.0,1337.0,1.8226866738120757,2.2383072929696723
IND583119AAA,IND583101AAA,FTL,night,9,9,4.232558139534884,182.0,43.0,1.0,1172.0,1.8226866738120757,2.5705778183467407
IND583201AAA,IND583101AAA,FTL,morning,1,1,3.75,165.0,44.0,1.0,121.0,1.8750586854460094,1.9643416051866758
IND583201AAA,IND583101AAA,FTL,night,1,1,2.8863636363636362,127.0,44.0,1.0,83.0,1.8226866738120757,1.8733379577431024
IND583201AAA,IND583119AAA,FTL,night,9,9,2.423076923076923,63.0,26.0,1.0,433.0,1.8226866738120757,2.0090146822046147
IND583201AAA,IND583227AAA,Carting,night,16,16,2.033333333333333,61.0,29.0,1.0,514.0,2.125,2.0842592592592593
IND583227AAA,IND583201AAA,Carting,night,1,1,2.6551724137931036,77.0,29.0,1.0,48.0,2.125,2.1502463054187193
IND583227AAA,IND583231AAA,Carting,morning,2,2,1.8333333333333335,68.0,37.0,1.0,62.0,2.2,2.1666666666666665
IND583227AAA,IND583231AAA,Carting,night,13,13,1.7105263157894737,65.0,38.0,1.0,398.0,2.125,1.9617224880382773
IND583231AAA,IND583201AAA,Carting,morning,3,3,2.2857142857142856,48.0,21.0,1.0,81.0,2.2,2.211180124223602
IND583231AAA,IND583201AAA,Carting,night,12,12,2.6764069264069263,57.5,21.0,1.0,498.0,2.125,2.3317775974025974
IND584101AAA,IND509124AAA,FTL,late_evening,4,4,1.5043771043771044,82.0,54.0,1.0,119.0,1.8333333333333333,1.7785072951739618
IND584101AAA,IND509124AAA,FTL,night,10,10,1.4532967032967032,80.5,55.0,1.0,276.0,1.8226866738120757,1.699556683640285
IND584101AAA,IND518002AAA,FTL,night,1,1,2.9322033898305087,346.0,118.0,1.0,228.0,1.8226866738120757,1.875520803146287
IND584101AAA,IND584123AAA,Carting,night,2,2,1.6267857142857143,66.5,41.0,1.0,51.0,2.125,2.0797077922077922
IND584123AAA,IND584128AAA,Carting,night,1,1,1.4857142857142858,52.0,35.0,1.0,17.0,2.125,2.094557823129252
IND584128AAA,IND583121AAA,Carting,night,2,2,2.3279220779220777,50.0,21.5,1.0,57.0,2.125,2.14344746162928
IND585104AAA,IND585211AAA,Carting,night,17,17,2.0,73.0,36.0,1.0,623.0,2.125,2.0675675675675675
IND585104AAA,IND585307AAB,Carting,night,4,4,1.5266899766899766,100.0,65.5,1.0,138.0,2.125,2.0252816627816626
IND585104AAA,IND585314AAA,Carting,night,4,4,1.8421052631578947,70.0,38.0,1.0,195.0,2.125,2.0778508771929824
IND585104AAA,IND585330AAE,FTL,late_evening,20,20,1.880952380952381,77.5,41.5,1.0,714.0,1.8333333333333333,1.857142857142857
IND585104AAA,IND586128AAA,Carting,night,15,15,1.7974683544303798,142.0,78.0,1.0,932.0,2.125,1.984629294755877
IND585211AAA,IND585104AAA,Carting,morning,2,2,3.8475398475398475,148.0,38.0,1.0,220.0,2.2,2.34977634977635
IND585211AAA,IND585104AAA,Carting,night,1,1,2.27027027027027,84.0,37.0,1.0,47.0,2.125,2.131917631917632
IND585211AAA,IND585222AAA,Carting,night,17,17,1.5217391304347827,36.0,24.0,1.0,290.0,2.125,1.847826086956522
IND585222AAA,IND585211AAA,Carting,night,4,4,1.47,36.0,25.0,0.75,54.0,2.125,2.0158333333333336
IND585222AAA,IND585307AAB,Carting,night,18,18,1.571078431372549,56.5,36.0,1.0,391.0,2.125,1.8626160990712075
IND585307AAB,IND585104AAA,Carting,morning,7,7,4.0,278.0,68.0,1.0,1593.0,2.2,2.6666666666666665
IND585307AAB,IND585104AAA,Carting,night,10,10,5.465034965034965,367.5,67.0,1.0,2998.0,2.125,3.2383449883449886
IND585307AAB,IND585222AAA,Carting,night,4,4,1.47140522875817,51.5,35.5,1.0,66.0,2.125,2.0160675381263617
IND585314AAA,IND585104AAA,Carting,morning,16,16,4.808494208494208,173.0,36.0,1.0,2210.0,2.2,3.359330759330759
IND585314AAA,IND586211AAA,Carting,night,3,3,1.825242718446602,188.0,101.0,1.0,240.0,2.125,2.0859012241452093
IND585330AAE,IND585401AAA,FTL,morning,1,1,1.7647058823529411,60.0,34.0,1.0,26.0,1.8750586854460094,1.8698037900606255
IND585330AAE,IND585401AAA,FTL,night,20,20,1.8636363636363638,62.0,34.0,1.0,596.0,1.8226866738120757,1.8431615187242198
IND585401AAA,IND502286AAB,FTL,morning,1,1,2.090909090909091,92.0,44.0,1.0,48.0,1.8750586854460094,1.8853372761823468
IND585401AAA,IND502286AAB,FTL,night,21,21,1.8909090909090909,104.0,54.0,1.0,1036.0,1.8226866738120757,1.8576298630568884
IND586101AAA,IND416404AAA,FTL,night,4,4,2.314728682170543,102.0,43.0,1.0,302.0,1.8226866738120757,1.9046936752051538
IND586101AAB,IND416404AAA,FTL,morning,1,1,2.380952380952381,100.0,42.0,1.0,58.0,1.8750586854460094,1.8991488614225034
IND586101AAB,IND416404AAA,FTL,night,4,4,2.094407530454042,89.0,42.5,1.0,191.0,1.8226866738120757,1.8679734832524035
IND586128AAA,IND585104AAA,Carting,morning,4,4,2.9414035087719297,222.0,77.0,1.0,583.0,2.2,2.3235672514619883
IND586128AAA,IND586211AAA,Carting,night,15,15,1.711111111111111,77.0,45.0,1.0,487.0,2.125,1.9476190476190474
IND586211AAA,IND585314AAA,Carting,morning,1,1,1.7575757575757576,174.0,99.0,1.0,75.0,2.2,2.178932178932179
IND586211AAA,IND585314AAA,Carting,night,15,15,1.7326732673267327,175.0,101.0,1.0,1210.0,2.125,1.9568599717114568
IND586211AAA,IND586128AAA,Carting,morning,2,2,1.9236714975845413,87.5,45.5,1.0,84.0,2.2,2.17487922705314
IND586211AAA,IND586128AAA,Carting,night,1,1,1.6956521739130435,78.0,46.0,1.0,32.0,2.125,2.1045548654244306
IND587103AAB,IND582101AAB,FTL,night,2,2,1.9606387109299166,199.0,101.5,1.0,195.0,1.8226866738120757,1.835227768095516
IND587103AAB,IND582209AAA,FTL,night,17,17,1.8125,114.0,63.0,1.0,904.0,1.8226866738120757,1.8180063101686899
IND590016AAA,IND591302AAB,FTL,night,5,5,1.5,45.0,32.0,1.0,91.0,1.8226866738120757,1.7581493390496608
IND591102AAA,IND591307AAC,FTL,night,18,18,2.0121951219512195,83.0,42.0,1.0,821.0,1.8226866738120757,1.9124538334569336
IND591115AAB,IND580028AAA,FTL,night,2,2,1.9634146341463414,80.5,41.0,1.0,79.0,1.8226866738120757,1.8354801247515546
IND591115AAB,IND590016AAA,FTL,late_evening,2,2,1.9488505747126437,57.5,29.5,1.0,56.0,1.8333333333333333,1.8438349007314523
IND591115AAB,IND590016AAA,FTL,night,2,2,1.8166666666666667,54.5,30.0,1.0,49.0,1.8226866738120757,1.8221394004352205
IND591123AAC,IND587103AAB,FTL,late_evening,19,19,1.5535714285714286,87.0,57.0,1.0,589.0,1.8333333333333333,1.697039072039072
IND591126AAA,IND591102AAA,FTL,night,2,2,1.550709939148073,48.5,31.5,1.0,34.0,1.8226866738120757,1.7979615161153484
IND591201AAA,IND586101AAB,FTL,night,1,1,1.7723577235772359,218.0,123.0,1.0,95.0,1.8226866738120757,1.8202900571342264
IND591201AAA,IND591304AAA,FTL,late_evening,1,1,1.45,87.0,60.0,1.0,27.0,1.8333333333333333,1.815079365079365
IND591201AAA,IND591304AAA,FTL,night,9,9,1.4666666666666666,88.0,60.0,1.0,256.0,1.8226866738120757,1.7121977060772935
IND591237AAB,IND591201AAA,FTL,late_evening,3,3,1.5,33.0,22.0,0.6666666666666666,34.0,1.8333333333333333,1.789855072463768
IND591237AAB,IND591201AAA,FTL,night,1,1,1.6363636363636365,36.0,22.0,1.0,14.0,1.8226866738120757,1.8138141482192929
IND591302AAB,IND580028AAA,FTL,night,8,8,1.8647058823529412,158.5,84.5,1.0,838.0,1.8226866738120757,1.8346921619666088
IND591302AAB,IND591115AAB,FTL,night,2,2,1.5731707317073171,64.5,41.0,1.0,47.0,1.8226866738120757,1.800003406348007
IND591304AAA,IND586101AAA,FTL,night,8,8,1.523076923076923,99.5,65.0,1.0,291.0,1.8226866738120757,1.7370838878877464
IND591304AAA,IND586101AAB,FTL,night,4,4,1.4880952380952381,95.5,64.0,1.0,129.0,1.8226866738120757,1.7669214345259363
IND591307AAC,IND580002AAA,FTL,night,2,2,2.4259995323825114,224.5,92.5,1.0,264.0,1.8226866738120757,1.877533297318479
IND591307AAC,IND580028AAA,FTL,night,4,4,2.446182819064175,287.5,117.5,1.0,694.0,1.8226866738120757,1.9266026980207591
IND591307AAC,IND580030AAA,FTL,night,1,1,2.2523364485981308,241.0,107.0,1.0,134.0,1.8226866738120757,1.843146186897126
IND600004AAA,IND600008AAC,Carting,morning,3,3,5.5,77.0,14.0,1.0,186.0,2.2,2.630434782608696
IND600008AAA,IND600044AAC,Carting,afternoon,13,13,2.138888888888889,79.0,36.0,1.0,668.0,2.234668335419274,2.196937038301243
IND600008AAA,IND600044AAC,Carting,evening,1,1,1.5277777777777777,55.0,36.0,1.0,19.0,1.7540983606557377,1.7433211900425014
IND600008AAC,IND600004AAA,Carting,night,1,1,2.357142857142857,33.0,14.0,1.0,19.0,2.125,2.136054421768707
IND600008AAC,IND600013AAA,Carting,morning,2,2,4.55,50.5,11.0,1.0,79.0,2.2,2.4136363636363636
IND600008AAC,IND600056AAB,Carting,late_evening,2,2,3.5,133.0,38.0,1.0,190.0,1.8148148148148149,1.968013468013468
IND600008AAC,IND600056AAB,Carting,morning,4,4,2.399024024024024,87.5,37.0,1.0,206.0,2.2,2.233170670670671
IND600008AAC,IND600056AAB,Carting,night,9,9,2.3513513513513513,87.0,36.0,1.0,621.0,2.125,2.19524697110904
IND600016AAA,IND600119AAA,Carting,morning,8,8,2.1573426573426575,52.0,26.0,1.0,302.0,2.2,2.1878121878121877
IND600016AAB,IND600044AAC,Carting,afternoon,18,18,2.1226325757575757,71.0,33.0,1.0,871.0,2.234668335419274,2.1815987650532063
IND600016AAB,IND600044AAC,Carting,evening,4,4,1.718475073313783,55.0,32.0,1.0,123.0,1.7540983606557377,1.7481611460987452
IND600016AAC,IND600056AAB,Carting,morning,1,1,2.1142857142857143,74.0,35.0,1.0,39.0,2.2,2.195918367346939
IND600016AAC,IND600119AAA,Carting,late_evening,9,9,1.6521739130434783,41.0,25.0,0.8888888888888888,156.0,1.8148148148148149,1.764340052196124
IND600016AAC,IND600119AAA,Carting,morning,2,2,3.537267080745342,98.5,29.0,1.0,139.0,2.2,2.3215697346132127
IND600032AAB,IND600008AAC,Carting,morning,1,1,6.0,48.0,8.0,1.0,40.0,2.2,2.380952380952381
IND600032AAB,IND600044AAD,Carting,afternoon,7,7,2.5,25.0,10.0,1.0,102.0,2.234668335419274,2.303458026236499
IND600032AAB,IND600044AAD,Carting,evening,5,5,1.2727272727272727,14.0,11.0,0.6,51.0,1.7540983606557377,1.6578241430700444
IND600032AAB,IND600044AAD,Carting,morning,1,1,2.090909090909091,23.0,11.0,1.0,12.0,2.2,2.1948051948051948
IND600032AAB,IND600044AAD,Carting,night,3,3,1.7,17.0,10.0,1.0,27.0,2.125,2.0695652173913044
IND600032AAB,IND600056AAB,Carting,afternoon,18,18,1.7647058823529411,57.5,33.5,1.0,447.0,2.234668335419274,2.0120545418615374
IND600032AAB,IND600056AAB,Carting,evening,7,7,1.5294117647058822,52.0,32.0,1.0,168.0,1.7540983606557377,1.6958462802242935
IND600032AAB,IND600056AAB,Carting,late_evening,16,16,2.1172268907563025,74.0,33.0,1.0,863.0,1.8148148148148149,1.9492201818999204
IND600032AAB,IND600056AAB,Carting,morning,20,20,2.3184331797235025,77.5,33.0,1.0,1024.0,2.2,2.2592165898617513
IND600032AAB,IND600056AAB,Carting,night,3,3,1.7142857142857142,60.0,34.0,1.0,81.0,2.125,2.071428571428571
IND600032AAB,IND600076AAB,Carting,afternoon,10,10,3.0588235294117645,49.5,17.0,1.0,326.0,2.234668335419274,2.5093867334167705
IND600032AAB,IND600076AAB,Carting,evening,8,8,1.4333333333333331,21.5,15.0,0.875,46.0,1.7540983606557377,1.6624512099921935
IND600032AAB,IND600076AAB,Carting,morning,12,12,2.165178571428571,35.0,16.0,1.0,244.0,2.2,2.1869419642857144
IND600032AAB,IND600076AAB,Carting,night,12,12,2.21875,35.0,16.0,1.0,238.0,2.125,2.16015625
IND600044AAD,IND600032AAB,Carting,afternoon,2,2,1.7272727272727273,19.0,11.0,1.0,16.0,2.234668335419274,2.188541461951406
IND600044AAD,IND600032AAB,Carting,morning,5,5,2.5833333333333335,31.0,12.0,1.0,94.0,2.2,2.276666666666667
IND600044AAD,IND600048AAA,Carting,late_evening,3,3,1.8,21.0,12.0,1.0,64.0,1.8148148148148149,1.8128824476650565
IND600044AAD,IND600048AAA,Carting,morning,6,6,3.5610859728506785,49.0,14.0,1.0,216.0,2.2,2.5140967629655413
IND600044AAD,IND600048AAA,Carting,night,5,5,1.84,24.0,13.0,0.8,119.0,2.125,2.068
IND600044AAD,IND600056AAB,Carting,afternoon,2,2,2.052968960863698,79.0,38.5,1.0,81.0,2.234668335419274,2.218150210459676
IND600044AAD,IND600056AAB,Carting,late_evening,8,8,1.39141810570382,58.0,43.5,0.75,138.0,1.8148148148148149,1.6938443264973877
IND600044AAD,IND600056AAB,Carting,morning,3,3,1.8857142857142857,67.0,36.0,1.0,122.0,2.2,2.1590062111801243
IND600044AAD,IND600056AAB,Carting,night,4,4,1.5199055330634277,58.5,39.0,0.75,95.0,2.125,2.024150922177238
IND600044AAD,IND603001AAA,Carting,late_evening,8,8,2.3786764705882355,75.5,34.5,1.0,331.0,1.8148148148148149,1.975918145035792
IND600044AAD,IND603001AAA,Carting,night,4,4,2.447619047619048,93.0,36.0,1.0,211.0,2.125,2.1787698412698413
IND600044AAD,IND603203AAA,Carting,morning,2,2,3.908333333333333,60.5,15.5,1.0,90.0,2.2,2.35530303030303
IND600044AAE,IND600056AAB,Carting,afternoon,9,9,1.5789473684210527,60.0,38.0,1.0,290.0,2.234668335419274,2.03116872497155
IND600044AAE,IND600056AAB,Carting,evening,1,1,1.3846153846153846,54.0,39.0,1.0,15.0,1.7540983606557377,1.7365039332252448
IND600044AAE,IND600056AAB,Carting,late_evening,1,1,1.5897435897435896,62.0,39.0,1.0,23.0,1.8148148148148149,1.8040971374304708
IND600044AAE,IND600056AAB,Carting,morning,6,6,1.592857142857143,65.5,39.0,0.8333333333333334,261.0,2.2,2.0598901098901097
IND600044AAE,IND600056AAB,Carting,night,12,12,2.043984962406015,77.5,37.0,1.0,494.0,2.125,2.0946193609022554
IND600048AAA,IND600044AAD,Carting,night,1,1,1.9230769230769231,25.0,13.0,1.0,12.0,2.125,2.1153846153846154
IND600056AAA,IND602105AAB,Carting,night,7,7,3.25,39.0,11.0,1.0,179.0,2.125,2.4166666666666665
IND600056AAB,IND501359AAE,FTL,evening,5,5,1.7160243407707911,846.0,493.0,1.0,1799.0,1.7703025992499675,1.7594469475541323
IND600056AAB,IND501359AAE,FTL,late_evening,1,1,1.7883064516129032,887.0,496.0,1.0,391.0,1.8333333333333333,1.831189196108551
IND600056AAB,IND501359AAE,FTL,night,1,1,1.814141414141414,898.0,495.0,1.0,403.0,1.8226866738120757,1.8222797566849016
IND600056AAB,IND524003AAA,FTL,evening,14,14,1.6041112658815584,241.5,149.0,1.0,1311.0,1.7703025992499675,1.7018708737453285
IND600056AAB,IND530012AAA,FTL,evening,1,1,1.5592705167173253,1026.0,658.0,1.0,368.0,1.7703025992499675,1.760253452462699
IND600056AAB,IND530012AAA,FTL,late_evening,1,1,1.8035087719298246,1028.0,570.0,1.0,458.0,1.8333333333333333,1.8319131161236424
IND600056AAB,IND560099AAB,FTL,afternoon,10,10,1.6659443660552307,407.5,246.0,1.0,1660.0,1.7676767676767677,1.7337659671362553
IND600056AAB,IND560099AAB,FTL,evening,3,3,1.6016260162601625,394.0,246.0,1.0,464.0,1.7703025992499675,1.7483013058165147
IND600056AAB,IND562132AAA,FTL,evening,14,14,1.5387266461091964,460.5,301.5,1.0,2207.0,1.7703025992499675,1.6749477950155323
IND600056AAB,IND562132AAA,FTL,night,2,2,1.457286773149598,451.0,309.5,1.0,283.0,1.8226866738120757,1.7894685010245779
IND600056AAB,IND600008AAC,Carting,afternoon,1,1,2.2432432432432434,83.0,37.0,1.0,46.0,2.234668335419274,2.2350766643632722
IND600056AAB,IND600008AAC,Carting,evening,12,12,2.3382352941176467,79.5,34.0,1.0,630.0,1.7540983606557377,1.9731497107039535
IND600056AAB,IND600008AAC,Carting,morning,6,6,3.096774193548387,97.0,30.5,1.0,407.0,2.2,2.4069478908188584
IND600056AAB,IND600008AAC,Carting,night,13,13,4.46875,135.0,32.0,1.0,1419.0,2.125,3.0482954545454546
IND600056AAB,IND600016AAC,Carting,afternoon,1,1,2.8857142857142857,101.0,35.0,1.0,66.0,2.234668335419274,2.26567052352856
IND600056AAB,IND600016AAC,Carting,evening,6,6,2.154017857142857,64.0,31.5,1.0,229.0,1.7540983606557377,1.846387475229688
IND600056AAB,IND600016AAC,Carting,morning,1,1,2.65625,85.0,32.0,1.0,53.0,2.2,2.2217261904761907
IND600056AAB,IND600016AAC,Carting,night,5,5,2.6,79.0,30.0,1.0,268.0,2.125,2.22
IND600056AAB,IND600032AAB,Carting,afternoon,3,3,3.033333333333333,91.0,30.0,1.0,169.0,2.234668335419274,2.3388420307993685
IND600056AAB,IND600032AAB,Carting,evening,22,22,1.5519713261648747,49.0,32.0,1.0,531.0,1.7540983606557377,1.6482222949700476
IND600056AAB,IND600032AAB,Carting,late_evening,1,1,1.4857142857142858,52.0,35.0,1.0,17.0,1.8148148148148149,1.7991433610481231
IND600056AAB,IND600032AAB,Carting,morning,20,20,2.626785714285714,86.0,34.0,1.0,1127.0,2.2,2.413392857142857
IND600056AAB,IND600032AAB,Carting,night,6,6,2.407830907830908,88.5,36.0,1.0,298.0,2.125,2.190268671037902
IND600056AAB,IND600044AAD,Carting,evening,6,6,1.3333333333333335,59.5,46.0,0.6666666666666666,82.0,1.7540983606557377,1.656998738965952
IND600056AAB,IND600044AAD,Carting,night,1,1,1.8,72.0,40.0,1.0,32.0,2.125,2.1095238095238096
IND600056AAB,IND600044AAE,Carting,afternoon,5,5,1.25,73.0,53.0,0.6,82.0,2.234668335419274,2.037734668335419
IND600056AAB,IND600044AAE,Carting,evening,2,2,1.1234265734265734,60.0,53.5,0.0,13.0,1.7540983606557377,1.6967645618167226
IND600056AAB,IND600044AAE,Carting,late_evening,9,9,1.0754716981132075,57.0,53.0,0.1111111111111111,50.0,1.8148148148148149,1.5853635027350057
IND600056AAB,IND600044AAE,Carting,morning,5,5,1.4035087719298245,76.0,52.0,0.8,107.0,2.2,2.040701754385965
IND600056AAB,IND600044AAE,Carting,night,13,13,1.6,72.0,52.0,0.8461538461538461,346.0,2.125,1.918181818181818
IND600056AAB,IND600076AAB,Carting,evening,14,14,1.4846938775510203,69.5,48.0,1.0,325.0,1.7540983606557377,1.6431671029067363
IND600056AAB,IND600076AAB,Carting,night,2,2,1.7021052631578946,91.0,53.5,1.0,75.0,2.125,2.0865550239234447
IND600056AAB,IND600110AAA,Carting,afternoon,1,1,1.6,80.0,50.0,1.0,30.0,2.234668335419274,2.204446033732642
IND600056AAB,IND600110AAA,Carting,evening,2,2,1.9458333333333333,95.5,49.0,1.0,93.0,1.7540983606557377,1.7715288127173372
IND600056AAB,IND600110AAA,Carting,late_evening,2,2,1.9166666666666667,92.0,48.0,1.0,88.0,1.8148148148148149,1.8240740740740742
IND600056AAB,IND600110AAA,Carting,morning,6,6,2.0700000000000003,103.5,49.5,1.0,395.0,2.2,2.17
IND600056AAB,IND600110AAA,Carting,night,17,17,1.9375,94.0,48.0,1.0,808.0,2.125,2.0388513513513513
IND600056AAB,IND600116AAB,Carting,afternoon,4,4,1.9984615384615385,51.0,26.0,1.0,96.0,2.234668335419274,2.195300535926318
IND600056AAB,IND600116AAB,Carting,evening,6,6,1.8846153846153846,47.0,26.0,1.0,314.0,1.7540983606557377,1.7842176738771944
IND600056AAB,IND600116AAB,Carting,night,12,12,4.127713920817369,109.0,27.0,1.0,912.0,2.125,2.876017720306513
IND600056AAB,IND605010AAB,FTL,morning,13,13,1.4411764705882353,198.0,137.0,1.0,956.0,1.8750586854460094,1.704135388683856
IND600056AAB,IND605601AAA,FTL,evening,6,6,1.3656716417910446,181.0,133.0,1.0,446.0,1.7703025992499675,1.6769262244517547
IND600056AAB,IND631501AAA,Carting,late_evening,8,8,2.523689516129032,79.5,32.0,1.0,361.0,1.8148148148148149,2.017350443761734
IND600056AAB,IND631501AAA,Carting,night,1,1,2.0,66.0,33.0,1.0,33.0,2.125,2.119047619047619
IND600056AAB,IND632006AAA,FTL,evening,1,1,1.619047619047619,136.0,84.0,1.0,52.0,1.7703025992499675,1.7630999811450938
IND600056AAB,IND632006AAA,FTL,morning,12,12,1.7202380952380953,144.0,84.0,1.0,843.0,1.8750586854460094,1.8170009641180418
IND600056AAB,IND635802AAB,FTL,night,3,3,1.328,166.0,129.0,0.6666666666666666,102.0,1.8226866738120757,1.758162325053979
IND600073AAA,IND603203AAA,Carting,morning,1,1,1.9166666666666667,23.0,12.0,1.0,11.0,2.2,2.1865079365079363
IND600076AAB,IND600032AAB,Carting,afternoon,10,10,2.5,45.5,17.5,1.0,271.0,2.234668335419274,2.3231122236128487
IND600076AAB,IND600032AAB,Carting,late_evening,1,1,1.2777777777777777,23.0,18.0,1.0,5.0,1.8148148148148149,1.7892416225749561
IND600076AAB,IND600032AAB,Carting,morning,5,5,2.7058823529411766,47.0,19.0,1.0,169.0,2.2,2.3011764705882354
IND600076AAB,IND600056AAB,Carting,late_evening,2,2,1.5946938775510204,79.0,49.5,1.0,59.0,1.8148148148148149,1.7948038205181063
IND600083AAA,IND600116AAB,Carting,night,2,2,2.0357142857142856,26.5,13.0,1.0,27.0,2.125,2.1168831168831166
IND600110AAA,IND600056AAB,Carting,afternoon,2,2,1.9621598639455782,95.0,48.5,1.0,93.0,2.234668335419274,2.2098948380125742
IND600110AAA,IND600056AAB,Carting,evening,2,2,1.5499999999999998,77.5,50.0,1.0,55.0,1.7540983606557377,1.7355439642324888
IND600110AAA,IND600056AAB,Carting,morning,4,4,1.9265706282513007,93.5,49.5,1.0,186.0,2.2,2.1544284380418834
IND600110AAA,IND600056AAB,Carting,night,2,2,1.7675510204081633,87.5,49.5,1.0,76.0,2.125,2.092504638218924
IND600110AAA,IND600056AAD,Carting,night,1,1,1.7551020408163265,86.0,49.0,1.0,37.0,2.125,2.107385811467444
IND600116AAB,IND600056AAA,Carting,morning,2,2,3.34375,49.0,14.0,1.0,70.0,2.2,2.303977272727273
IND600116AAB,IND600056AAA,Carting,night,1,1,1.9090909090909092,21.0,11.0,1.0,10.0,2.125,2.1147186147186146
IND600116AAB,IND600056AAB,Carting,night,3,3,2.28,57.0,27.0,1.0,110.0,2.125,2.145217391304348
IND600116AAB,IND602024AAA,Carting,late_evening,5,5,1.5789473684210527,32.0,23.0,1.0,115.0,1.8148148148148149,1.7676413255360626
IND600116AAB,IND602024AAA,Carting,morning,1,1,3.5238095238095237,74.0,21.0,1.0,53.0,2.2,2.2630385487528346
IND600116AAB,IND602024AAA,Carting,night,4,4,2.9166666666666665,60.0,22.0,1.0,184.0,2.125,2.256944444444444
IND600119AAA,IND600016AAC,Carting,morning,8,8,1.862962962962963,53.0,27.0,1.0,335.0,2.2,2.1037037037037036
IND600119AAA,IND600016AAC,Carting,night,2,2,7.583333333333334,181.5,24.5,1.0,314.0,2.125,2.6212121212121215
IND602001AAA,IND600116AAB,Carting,night,3,3,3.6666666666666665,110.0,29.0,1.0,303.0,2.125,2.3260869565217392
IND602001AAB,IND609001AAA,FTL,night,11,11,2.185185185185185,62.0,27.0,1.0,386.0,1.8226866738120757,1.9513151778476954
IND602024AAA,IND600116AAB,Carting,morning,3,3,1.75,42.0,24.0,1.0,74.0,2.2,2.141304347826087
IND602024AAA,IND600116AAB,Carting,night,1,1,2.2857142857142856,64.0,28.0,1.0,36.0,2.125,2.13265306122449
IND602024AAA,IND602001AAA,Carting,night,9,9,2.7,29.0,11.0,1.0,167.0,2.125,2.3034482758620687
IND603001AAA,IND603301AAA,Carting,night,13,13,1.5151515151515151,49.0,33.0,0.6923076923076923,225.0,2.125,1.88475665748393
IND603102AAA,IND600056AAB,FTL,night,12,12,1.8656716417910446,125.0,67.0,1.0,793.0,1.8226866738120757,1.8388060368041892
IND603203AAA,IND600044AAD,Carting,afternoon,2,2,2.9138655462184877,44.5,15.5,1.0,58.0,2.234668335419274,2.2964135364010207
IND603203AAA,IND600044AAD,Carting,morning,5,5,2.526315789473684,47.0,17.0,1.0,155.0,2.2,2.265263157894737
IND603203AAA,IND600044AAD,Carting,night,6,6,3.0952380952380953,57.5,18.0,1.0,216.0,2.125,2.348901098901099
IND603203AAA,IND600048AAA,Carting,morning,1,1,1.6666666666666667,20.0,12.0,1.0,8.0,2.2,2.1746031746031744
IND603301AAA,IND600044AAD,Carting,night,14,14,2.285093896713615,135.5,61.0,1.0,1134.0,2.125,2.1909210162938413
IND604303AAA,IND603102AAA,FTL,night,4,4,1.9736842105263157,75.0,38.0,1.0,151.0,1.8226866738120757,1.8478529299311157
IND605010AAB,IND600056AAB,FTL,night,3,3,1.7322834645669292,220.0,128.0,1.0,262.0,1.8226866738120757,1.8108949508670567
IND605010AAB,IND604303AAA,FTL,night,4,4,1.428141308711361,72.5,50.0,0.5,113.0,1.8226866738120757,1.7569291129619566
IND605010AAB,IND607001AAA,FTL,night,12,12,1.7413793103448276,50.5,29.0,1.0,262.0,1.8226866738120757,1.7921964125118577
IND605601AAA,IND600056AAB,FTL,afternoon,6,6,1.6325048614487119,206.5,123.0,1.0,475.0,1.7676767676767677,1.7364832508549088
IND605601AAA,IND607106AAA,Carting,night,14,14,2.1406926406926408,46.0,21.5,1.0,354.0,2.125,2.1314616755793225
IND605601AAA,IND636102AAA,FTL,night,6,6,1.267818339852238,149.0,118.0,0.6666666666666666,218.0,1.8226866738120757,1.6946401352059595
IND606003AAA,IND606105AAA,Carting,morning,4,4,1.6818181818181817,20.5,12.5,1.0,33.0,2.2,2.1136363636363638
IND606003AAA,IND606105AAA,Carting,night,10,10,1.7032967032967032,23.5,14.0,1.0,95.0,2.125,1.9844322344322345
IND606105AAA,IND606201AAC,Carting,morning,14,14,1.345771144278607,89.0,67.0,1.0,337.0,2.2,1.8482587064676617
IND606201AAC,IND605601AAA,Carting,morning,15,15,1.4083333333333334,168.0,120.0,1.0,687.0,2.2,1.8607142857142858
IND606801AAB,IND632006AAA,FTL,night,13,13,2.3773584905660377,130.0,55.0,1.0,1106.0,1.8226866738120757,2.041193753139394
IND606803AAA,IND606801AAB,FTL,night,13,13,1.3478260869565217,31.0,23.0,0.9230769230769231,116.0,1.8226866738120757,1.635620382020494
IND607001AAA,IND608001AAA,FTL,night,11,11,1.9259259259259258,53.0,27.0,1.0,327.0,1.8226866738120757,1.8593199568202161
IND607106AAA,IND607801AAA,Carting,night,14,14,2.303030303030303,25.5,11.0,1.0,231.0,2.125,2.1983065953654193
IND607801AAA,IND606003AAA,Carting,night,15,15,2.217391304347826,50.0,22.0,0.9333333333333333,464.0,2.125,2.1645962732919255
IND608001AAA,IND609110AAA,FTL,night,7,7,2.7333333333333334,41.0,16.0,1.0,170.0,1.8226866738120757,2.0587802522064758
IND608301AAA,IND639104AAB,FTL,morning,1,1,2.0,232.0,116.0,1.0,116.0,1.8750586854460094,1.8810082718533425
IND608301AAA,IND639104AAB,FTL,night,15,15,1.7777777777777777,208.0,116.0,1.0,1411.0,1.8226866738120757,1.803440004083091
IND609001AAA,IND614018AAA,FTL,night,12,12,1.8969038208168643,129.0,67.5,1.0,793.0,1.8226866738120757,1.8505181039388714
IND609110AAA,IND609602AAA,FTL,morning,6,6,1.8571428571428572,52.5,28.5,1.0,159.0,1.8750586854460094,1.8709242635298973
IND609110AAA,IND609602AAA,FTL,night,2,2,2.105295566502463,60.0,28.5,1.0,63.0,1.8226866738120757,1.8483783913293836
IND609602AAA,IND611001AAA,FTL,morning,11,11,3.111111111111111,51.0,16.0,1.0,374.0,1.8750586854460094,2.313657933262659
IND610001AAA,IND605010AAB,FTL,morning,10,10,2.1219512195121952,261.0,123.0,1.0,1368.0,1.8750586854460094,1.9573561968014048
IND610001AAA,IND614715AAA,Carting,afternoon,2,2,1.9130434782608696,44.0,23.0,1.0,42.0,2.234668335419274,2.205429712041237
IND610001AAA,IND614715AAA,Carting,morning,15,15,1.72,43.0,24.0,1.0,260.0,2.2,1.9942857142857142
IND611001AAA,IND610001AAA,FTL,morning,10,10,2.34375,38.5,17.0,1.0,247.0,1.8750586854460094,2.031289123630673
IND614018AAA,IND613104AAA,FTL,morning,4,4,2.2051431911163064,129.0,61.0,1.0,275.0,1.8750586854460094,1.9300727697243925
IND614018AAA,IND613104AAA,FTL,night,6,6,1.731060606060606,112.5,64.5,1.0,297.0,1.8226866738120757,1.8015421966386596
IND614602AAA,IND614804AAA,FTL,night,16,16,1.5,36.0,24.0,1.0,205.0,1.8226866738120757,1.6792703743400421
IND614616AAA,IND630002AAA,FTL,night,16,16,1.5071428571428571,53.5,35.0,1.0,299.0,1.8226866738120757,1.6824449775146453
IND614620AAA,IND630561AAA,Carting,night,16,16,2.0076604554865423,140.0,70.0,1.0,1129.0,2.125,2.072849091327352
IND614715AAA,IND614809AAA,Carting,afternoon,2,2,1.2696886446886446,59.0,47.0,0.5,24.0,2.234668335419274,2.146942908989217
IND614715AAA,IND614809AAA,Carting,morning,15,15,1.1346153846153846,56.0,50.0,0.3333333333333333,99.0,2.2,1.7434065934065934
IND614804AAA,IND614616AAA,FTL,night,16,16,1.2962962962962963,34.5,27.0,0.5625,110.0,1.8226866738120757,1.5887353949161738
IND614809AAA,IND610001AAA,Carting,afternoon,5,5,1.3181818181818181,95.0,75.0,1.0,139.0,2.234668335419274,2.0513710319717826
IND614809AAA,IND610001AAA,Carting,morning,12,12,1.375404858299595,96.0,73.0,0.9166666666666666,316.0,2.2,1.8907768218623482
IND620020AAA,IND621112AAA,Carting,morning,12,12,1.7211538461538463,22.0,13.0,1.0,123.0,2.2,2.0204326923076925
IND620020AAA,IND621112AAA,Carting,night,13,13,2.090909090909091,23.0,12.0,1.0,171.0,2.125,2.1115702479338845
IND621010AAA,IND621212AAA,FTL,night,16,16,1.5,51.0,35.0,1.0,328.0,1.8226866738120757,1.6792703743400421
IND621112AAA,IND620012AAA,Carting,morning,1,1,6.458333333333333,155.0,24.0,1.0,131.0,2.2,2.4027777777777777
IND621211AAA,IND621010AAA,FTL,late_evening,11,11,1.5,33.0,22.0,1.0,142.0,1.8333333333333333,1.7150537634408602
IND621211AAA,IND621010AAA,FTL,night,4,4,1.5892857142857144,32.5,21.0,1.0,50.0,1.8226866738120757,1.7837865138910154
IND621212AAA,IND621704AAA,FTL,night,16,16,1.5553359683794468,35.5,22.5,1.0,240.0,1.8226866738120757,1.7038641380642408
IND621306AAA,IND625106AAA,FTL,morning,12,12,1.3148474178403755,96.0,72.5,0.6666666666666666,291.0,1.8750586854460094,1.6649794600938967
IND621704AAA,IND621802AAA,FTL,night,17,17,1.1346153846153846,61.0,54.0,0.23529411764705882,135.0,1.8226866738120757,1.5065458112081906
IND621802AAA,IND608301AAA,FTL,night,10,10,2.5555555555555554,44.0,17.0,1.0,256.0,1.8226866738120757,2.0669763010599023
IND621802AAA,IND621212AAA,FTL,night,2,2,1.5843406593406593,95.5,61.0,1.0,69.0,1.8226866738120757,1.8010188543146741
IND622407AAA,IND622001AAA,FTL,morning,1,1,1.7027027027027026,63.0,37.0,1.0,26.0,1.8750586854460094,1.8668512576963283
IND622407AAA,IND622001AAA,FTL,night,13,13,1.3888888888888888,50.0,36.0,0.8461538461538461,180.0,1.8226866738120757,1.651796637327184
IND623315AAB,IND614620AAA,Carting,night,15,15,1.5862068965517242,45.0,29.0,1.0,257.0,2.125,1.894088669950739
IND623407AAA,IND623315AAB,Carting,night,15,15,1.0833333333333333,26.0,24.0,0.06666666666666667,42.0,2.125,1.6785714285714286
IND623503AAA,IND623526AAA,FTL,night,7,7,0.9142857142857143,64.0,71.0,0.0,2.0,1.8226866738120757,1.587175313934871
IND623526AAA,IND623704AAA,FTL,night,8,8,1.015625,131.0,130.0,0.0,48.0,1.8226866738120757,1.5920976241514828
IND623701AAA,IND623503AAA,FTL,late_evening,1,1,1.0961538461538463,57.0,52.0,0.0,5.0,1.8333333333333333,1.798229548229548
IND623701AAA,IND623503AAA,FTL,night,6,6,1.0196078431372548,52.0,51.0,0.16666666666666666,36.0,1.8226866738120757,1.637360789810194
IND623704AAA,IND626607AAB,FTL,morning,6,6,1.3044917257683215,60.0,46.5,1.0,85.0,1.8750586854460094,1.7433893870588508
IND623704AAA,IND626607AAB,FTL,night,1,1,1.1224489795918366,55.0,49.0,0.0,6.0,1.8226866738120757,1.7893420217063503
IND624001AAA,IND624619AAA,FTL,night,11,11,1.5384615384615385,40.0,27.0,0.8181818181818182,146.0,1.8226866738120757,1.7218325935264014
IND624001AAA,IND624703AAA,FTL,night,2,2,1.2857142857142856,45.0,35.0,0.5,20.0,1.8226866738120757,1.773871002166822
IND624001AAA,IND625008AAA,FTL,afternoon,9,9,1.3958333333333333,68.0,49.0,1.0,205.0,1.7676767676767677,1.6522770811563916
IND624101AAA,IND624202AAA,FTL,night,10,10,0.7119918699186991,86.5,119.5,0.0,29.0,1.8226866738120757,1.4524550725142835
IND624202AAA,IND625218AAA,FTL,morning,11,11,1.5217391304347827,35.0,23.0,1.0,132.0,1.8750586854460094,1.749687230442026
IND624601AAA,IND624001AAA,FTL,night,2,2,4.467948717948718,236.5,53.0,1.0,367.0,1.8226866738120757,2.0631650414608615
IND624601AAA,IND624101AAA,FTL,night,15,15,0.7720588235294118,105.0,134.0,0.0,0.0,1.8226866738120757,1.3724175951195057
IND624619AAA,IND624601AAA,FTL,night,10,10,1.313076923076923,34.0,25.5,0.8,76.0,1.8226866738120757,1.6528167569003582
IND624703AAA,IND624619AAA,FTL,night,1,1,1.2352941176470589,63.0,51.0,1.0,12.0,1.8226866738120757,1.7947155997089799
IND625008AAA,IND625516AAA,FTL,late_evening,1,1,1.25,150.0,120.0,1.0,30.0,1.8333333333333333,1.8055555555555554
IND625008AAA,IND626123AAA,FTL,afternoon,1,1,1.872340425531915,88.0,47.0,1.0,41.0,1.7676767676767677,1.772660751384156
IND625008AAA,IND626123AAA,FTL,evening,16,16,1.8265306122448979,87.5,48.5,1.0,663.0,1.7703025992499675,1.7952928272477147
IND625008AAA,IND685514AAA,FTL,late_evening,1,1,1.4910179640718564,249.0,167.0,1.0,82.0,1.8333333333333333,1.8170326014637392
IND625106AAA,IND625008AAA,FTL,morning,13,13,1.7555555555555555,77.0,43.0,1.0,388.0,1.8750586854460094,1.8279816948831034
IND625218AAA,IND624703AAA,FTL,morning,1,1,2.2083333333333335,212.0,96.0,1.0,116.0,1.8750586854460094,1.8909289067739774
IND625516AAA,IND685514AAA,FTL,night,7,7,1.934782608695652,89.0,47.0,1.0,294.0,1.8226866738120757,1.8517485828559659
IND625531AAA,IND625516AAA,FTL,night,7,7,1.2826086956521738,59.0,45.0,1.0,94.0,1.8226866738120757,1.6826664572521013
IND625532AAA,IND625531AAA,FTL,night,6,6,1.5174081237911023,69.0,45.5,1.0,127.0,1.8226866738120757,1.7522377776533895
IND625532AAA,IND685514AAA,FTL,night,1,1,1.6846153846153846,219.0,130.0,1.0,89.0,1.8226866738120757,1.8161118505169953
IND626117AAA,IND626138AAA,FTL,night,9,9,1.24,32.0,25.0,0.6666666666666666,54.0,1.8226866738120757,1.6418528784910869
IND626123AAA,IND627756AAA,FTL,night,17,17,1.5333333333333334,92.0,60.0,1.0,559.0,1.8226866738120757,1.6897405444029239
IND626138AAA,IND625008AAA,FTL,night,16,16,1.4930478309232482,89.5,60.0,0.9375,520.0,1.8226866738120757,1.6761805214170413
IND626607AAB,IND625008AAA,FTL,morning,6,6,1.409288824383164,74.0,53.0,1.0,132.0,1.8750586854460094,1.767573332893045
IND626607AAB,IND625008AAA,FTL,night,1,1,1.5,87.0,58.0,1.0,29.0,1.8226866738120757,1.8073206417257865
IND627005AAA,IND627117AAA,FTL,late_evening,11,11,1.675,67.0,40.0,1.0,324.0,1.8333333333333333,1.7771505376344086
IND627005AAA,IND627811AAA,FTL,late_evening,7,7,1.1012658227848102,87.0,78.0,0.42857142857142855,124.0,1.8333333333333333,1.643538052820753
IND627005AAA,IND627811AAA,FTL,night,3,3,0.96,73.0,77.0,0.0,6.0,1.8226866738120757,1.710162325053979
IND627005AAA,IND628801AAA,Carting,late_evening,16,16,1.2051431911163062,70.0,58.0,0.5625,270.0,1.8148148148148149,1.5438496487265887
IND627005AAA,IND628801AAA,Carting,night,1,1,1.105263157894737,63.0,57.0,0.0,6.0,2.125,2.0764411027568923
IND627005AAA,IND629001AAA,FTL,late_evening,1,1,2.073529411764706,141.0,68.0,1.0,73.0,1.8333333333333333,1.844771241830065
IND627117AAA,IND629001AAA,FTL,night,11,11,2.0,62.0,32.0,1.0,362.0,1.8226866738120757,1.8856043056852103
IND627401AAA,IND627005AAA,FTL,night,13,13,2.2777777777777777,80.0,36.0,1.0,600.0,1.8226866738120757,2.001964987495534
IND627657AAA,IND628613AAA,Carting,night,16,16,1.0588235294117647,36.0,34.0,0.0625,39.0,2.125,1.651143790849673
IND627756AAA,IND626117AAA,FTL,night,17,17,1.7142857142857142,48.0,28.0,1.0,356.0,1.8226866738120757,1.772880827543207
IND627811AAA,IND627401AAA,FTL,night,10,10,1.5483870967741935,48.0,31.0,0.9,210.0,1.8226866738120757,1.7312534814661151
IND628204AAA,IND627657AAA,Carting,night,17,17,1.2142857142857142,51.0,42.0,0.5882352941176471,187.0,2.125,1.7065637065637065
IND628613AAA,IND627005AAA,Carting,night,14,14,1.1689226266691055,83.0,71.0,0.35714285714285715,226.0,2.125,1.7313210815696316
IND628801AAA,IND628204AAA,Carting,night,17,17,1.5,24.0,16.0,1.0,142.0,2.125,1.837837837837838
IND629179AAA,IND627005AAA,FTL,night,11,11,2.0434782608695654,196.0,95.0,1.0,1226.0,1.8226866738120757,1.901032075671185
IND630002AAA,IND622407AAA,FTL,night,14,14,1.34,67.0,50.0,1.0,252.0,1.8226866738120757,1.6239333375365153
IND630561AAA,IND623407AAA,Carting,late_evening,9,9,1.9,57.0,30.0,1.0,263.0,1.8148148148148149,1.8412515964240104
IND630561AAA,IND623407AAA,Carting,night,6,6,1.835483870967742,56.5,30.5,1.0,175.0,2.125,2.0581885856079407
IND630561AAA,IND623701AAA,FTL,late_evening,4,4,1.4953560371517027,55.5,38.0,1.0,89.0,1.8333333333333333,1.7770037839697281
IND630561AAA,IND623701AAA,FTL,night,1,1,1.4210526315789473,54.0,38.0,1.0,16.0,1.8226866738120757,1.8035612432295458
IND631003AAA,IND600056AAB,Carting,night,10,10,2.3072368421052634,87.0,38.0,1.0,561.0,2.125,2.1857456140350875
IND631102AAA,IND600056AAB,FTL,night,12,12,2.0397207510832933,128.5,62.0,1.0,737.0,1.8226866738120757,1.9040744527887825
IND631501AAA,IND600056AAB,Carting,night,1,1,10.0,1649.0,74.0,1.0,1575.0,2.125,2.5
IND631501AAA,IND631003AAA,Carting,night,10,10,2.88,70.5,25.0,1.0,475.0,2.125,2.3766666666666665
IND632006AAA,IND562132AAA,FTL,evening,1,1,1.7142857142857142,372.0,217.0,1.0,155.0,1.7703025992499675,1.7676351285373841
IND632006AAA,IND562132AAA,FTL,late_evening,1,1,1.6561085972850678,366.0,221.0,1.0,145.0,1.8333333333333333,1.8248940601881778
IND632006AAA,IND600056AAB,FTL,afternoon,7,7,1.6829268292682926,144.0,82.0,0.8571428571428571,373.0,1.7676767676767677,1.7457045614227187
IND632006AAA,IND600056AAB,FTL,evening,2,2,1.4287716615698267,155.0,108.5,1.0,93.0,1.7703025992499675,1.7392543321881364
IND632006AAA,IND600056AAB,FTL,late_evening,1,1,1.509090909090909,166.0,110.0,1.0,56.0,1.8333333333333333,1.8178932178932177
IND632006AAA,IND600056AAB,FTL,morning,7,7,1.7926829268292683,148.0,82.0,0.8571428571428571,451.0,1.8750586854460094,1.8537020072861137
IND632006AAA,IND632301AAA,FTL,afternoon,9,9,1.935483870967742,60.0,31.0,1.0,269.0,1.7676767676767677,1.819754834215346
IND632006AAA,IND632301AAA,FTL,evening,5,5,2.0606060606060606,68.0,32.0,1.0,180.0,1.7703025992499675,1.8283632915211863
IND632006AAA,IND632402AAA,FTL,evening,4,4,4.595238095238095,119.0,21.0,1.0,443.0,1.7703025992499675,2.2411251819146556
IND632006AAA,IND632402AAA,FTL,late_evening,4,4,2.7532467532467533,59.0,22.0,1.0,214.0,1.8333333333333333,1.9866522366522366
IND632006AAA,IND635802AAB,FTL,evening,1,1,1.3255813953488371,57.0,43.0,1.0,14.0,1.7703025992499675,1.7491253990641993
IND632006AAA,IND635802AAB,FTL,late_evening,1,1,1.380952380952381,58.0,42.0,1.0,16.0,1.8333333333333333,1.8117913832199544
IND632006AAA,IND635802AAB,FTL,night,1,1,1.0555555555555556,57.0,54.0,0.0,3.0,1.8226866738120757,1.7861566205617654
IND632301AAA,IND606803AAA,FTL,night,11,11,2.1578947368421053,43.0,19.0,1.0,242.0,1.8226866738120757,1.9416314703711186
IND632301AAA,IND632006AAA,FTL,night,1,1,4.636363636363637,153.0,33.0,1.0,120.0,1.8226866738120757,1.9566712910764357
IND632402AAA,IND631102AAA,FTL,night,11,11,1.52,38.0,25.0,1.0,169.0,1.8226866738120757,1.715281725040049
IND635001AAA,IND562132AAA,FTL,afternoon,4,4,1.7202898550724637,207.5,122.5,1.0,343.0,1.7676767676767677,1.7597789489093838
IND635001AAA,IND636705AAB,FTL,night,4,4,1.3218677301429045,72.5,52.5,1.0,68.0,1.8226866738120757,1.7392168498672138
IND635207AAA,IND635802AAB,Carting,morning,1,1,3.5272727272727273,194.0,55.0,1.0,139.0,2.2,2.2632034632034634
IND635601AAB,IND635207AAA,Carting,night,1,1,3.125,50.0,16.0,1.0,34.0,2.125,2.1726190476190474
IND635601AAB,IND635802AAB,Carting,night,10,10,3.3495934959349594,147.5,41.0,1.0,1021.0,2.125,2.53319783197832
IND635802AAB,IND562132AAA,FTL,morning,3,3,1.4945054945054945,272.0,179.0,1.0,288.0,1.8750586854460094,1.825421312714638
IND635802AAB,IND562132AAA,FTL,night,3,3,1.6983240223463687,304.0,179.0,1.0,387.0,1.8226866738120757,1.8064654584035054
IND635802AAB,IND635601AAB,Carting,night,10,10,2.0243589743589743,69.5,38.5,1.0,433.0,2.125,2.0914529914529916
IND636005AAA,IND636005AAC,Carting,morning,1,1,5.083333333333333,61.0,12.0,1.0,49.0,2.2,2.3373015873015874
IND636005AAA,IND636016AAA,Carting,night,4,4,1.85,17.5,9.5,0.75,32.0,2.125,2.0791666666666666
IND636016AAA,IND636402AAA,Carting,morning,1,1,1.5185185185185186,164.0,108.0,1.0,56.0,2.2,2.1675485008818343
IND636016AAA,IND637211AAA,Carting,morning,15,15,1.2363636363636363,68.0,55.0,0.6,189.0,2.2,1.787012987012987
IND636102AAA,IND605601AAA,FTL,morning,5,5,0.993006993006993,142.0,146.0,0.0,15.0,1.8750586854460094,1.6986483469582063
IND636352AAA,IND636705AAB,FTL,afternoon,4,4,1.52,38.0,25.0,1.0,59.0,1.7676767676767677,1.7263973063973064
IND636352AAA,IND636705AAB,FTL,morning,1,1,1.7407407407407407,47.0,27.0,1.0,20.0,1.8750586854460094,1.8686625928409968
IND636705AAB,IND562132AAA,FTL,afternoon,5,5,1.715151515151515,283.0,166.0,1.0,552.0,1.7676767676767677,1.7571717171717174
IND636705AAB,IND635001AAA,FTL,afternoon,4,4,1.4489795918367347,71.0,49.0,0.75,88.0,1.7676767676767677,1.714560571703429
IND637211AAA,IND636402AAA,Carting,afternoon,2,2,1.338709677419355,83.0,62.0,1.0,42.0,2.234668335419274,2.153217548328372
IND637211AAA,IND636402AAA,Carting,morning,14,14,1.430952380952381,89.0,62.5,1.0,387.0,2.2,1.8833333333333333
IND637301AAA,IND638001AAA,FTL,morning,10,10,1.8529411764705883,32.0,18.0,1.0,162.0,1.8750586854460094,1.8676861824542026
IND637408AAA,IND637001AAA,FTL,afternoon,4,4,1.8459821428571428,55.0,30.0,1.0,102.0,1.7676767676767677,1.7807276635401637
IND637408AAA,IND637001AAA,FTL,morning,6,6,1.4205665024630543,40.5,28.5,1.0,96.0,1.8750586854460094,1.7701758739884046
IND638001AAA,IND638052AAA,FTL,afternoon,3,3,2.1666666666666665,37.0,17.0,1.0,59.0,1.7676767676767677,1.8197189284145807
IND638401AAA,IND638452AAA,Carting,night,12,12,0.9607692307692308,25.0,25.5,0.25,31.0,2.125,1.6884134615384616
IND638452AAA,IND638501AAB,Carting,night,3,3,1.2173913043478262,28.0,23.0,0.6666666666666666,20.0,2.125,2.006616257088847
IND638501AAB,IND641062AAD,Carting,night,14,14,1.2873027259684362,106.0,75.0,0.7142857142857143,472.0,2.125,1.7800658283399444
IND638657AAA,IND638701AAA,Carting,night,16,16,1.5178571428571428,42.5,28.0,1.0,259.0,2.125,1.85515873015873
IND638701AAA,IND641607AAA,Carting,night,17,17,2.3333333333333335,49.0,22.0,1.0,527.0,2.125,2.220720720720721
IND639001AAA,IND624001AAA,FTL,afternoon,4,4,1.5050699300699302,85.5,54.5,1.0,129.0,1.7676767676767677,1.7239089614089618
IND639001AAA,IND624001AAA,FTL,morning,5,5,1.7636363636363637,96.0,54.0,1.0,210.0,1.8750586854460094,1.8527742210840805
IND639104AAB,IND620012AAA,FTL,morning,1,1,1.03125,66.0,64.0,0.0,2.0,1.8750586854460094,1.83487731947239
IND641001AAA,IND641062AAD,Carting,night,3,3,4.46875,143.0,35.0,1.0,333.0,2.125,2.4307065217391304
IND641006AAD,IND641062AAD,Carting,afternoon,3,3,3.586206896551724,104.0,27.0,1.0,300.0,2.234668335419274,2.4109559738278543
IND641006AAD,IND641062AAD,Carting,morning,2,2,5.018518518518518,135.5,27.0,1.0,217.0,2.2,2.4562289562289563
IND641008AAA,IND641001AAA,Carting,night,3,3,2.0588235294117645,34.0,12.0,1.0,50.0,2.125,2.1163682864450126
IND641008AAA,IND641011AAA,Carting,night,1,1,2.3333333333333335,35.0,15.0,1.0,20.0,2.125,2.134920634920635
IND641011AAA,IND641062AAD,Carting,night,9,9,4.0,150.0,35.0,1.0,884.0,2.125,2.706896551724138
IND641062AAD,IND638401AAA,Carting,evening,4,4,1.8391881342701015,76.0,42.5,1.0,149.0,1.7540983606557377,1.7682799895914647
IND641062AAD,IND638401AAA,Carting,late_evening,8,8,1.8559814169570266,77.0,41.5,1.0,301.0,1.8148148148148149,1.8265767011411609
IND641062AAD,IND641001AAA,Carting,morning,3,3,2.9166666666666665,105.0,36.0,1.0,192.0,2.2,2.2934782608695654
IND641062AAD,IND641008AAA,Carting,morning,2,2,2.394230769230769,90.5,37.5,1.0,106.0,2.2,2.217657342657343
IND641062AAD,IND641607AAA,FTL,afternoon,5,5,1.625,48.0,31.0,1.0,94.0,1.7676767676767677,1.7391414141414143
IND641062AAD,IND641607AAA,FTL,evening,7,7,1.53125,49.0,32.0,1.0,148.0,1.7703025992499675,1.7083259994444204
IND641062AAD,IND642001AAA,Carting,late_evening,1,1,1.5263157894736843,87.0,57.0,1.0,30.0,1.8148148148148149,1.8010767659890468
IND641062AAD,IND642126AAA,Carting,evening,7,7,1.8611111111111112,134.0,71.0,1.0,569.0,1.7540983606557377,1.7818424070700938
IND641062AAD,IND642126AAA,Carting,late_evening,10,10,1.3998775260257195,98.0,71.0,1.0,360.0,1.8148148148148149,1.6765023852184497
IND641062AAD,IND643217AAA,Carting,evening,1,1,2.148936170212766,202.0,94.0,1.0,108.0,1.7540983606557377,1.7729001611108341
IND641062AAD,IND643217AAA,Carting,late_evening,1,1,2.5161290322580645,156.0,62.0,1.0,94.0,1.8148148148148149,1.84821072993116
IND641062AAD,IND643231AAA,Carting,evening,8,8,2.5862573099415203,143.5,56.5,1.0,726.0,1.7540983606557377,1.9918580604516756
IND641062AAD,IND643231AAA,Carting,late_evening,7,7,2.6379310344827585,150.0,58.0,1.0,691.0,1.8148148148148149,2.0282153162102077
IND641607AAA,IND641062AAD,FTL,afternoon,20,20,2.377992277992278,85.5,34.0,1.0,909.0,1.7676767676767677,2.0728345228345226
IND641607AAA,IND641654AAA,Carting,late_evening,11,11,2.0,32.0,16.0,1.0,191.0,1.8148148148148149,1.8805256869773
IND641607AAA,IND641664AAA,Carting,late_evening,4,4,1.818421052631579,38.0,21.0,1.0,70.0,1.8148148148148149,1.8154158544509424
IND641654AAA,IND641664AAA,Carting,night,11,11,1.1875,36.0,31.0,0.45454545454545453,61.0,2.125,1.7923387096774193
IND641664AAA,IND638657AAA,Carting,night,15,15,1.588235294117647,55.0,36.0,1.0,306.0,2.125,1.894957983193277
IND642001AAA,IND641062AAD,Carting,night,17,17,1.5689655172413792,90.0,57.0,1.0,571.0,2.125,1.8695246971109039
IND642001AAA,IND642126AAA,Carting,night,1,1,1.5161290322580645,47.0,31.0,1.0,16.0,2.125,2.096006144393241
IND642126AAA,IND642001AAA,Carting,night,17,17,1.4482758620689655,42.0,29.0,0.9411764705882353,231.0,2.125,1.8140726933830382
IND643001AAA,IND643212AAA,Carting,night,6,6,2.523219814241486,86.0,35.0,1.0,324.0,2.125,2.216896880209574
IND643212AAA,IND641062AAD,Carting,morning,1,1,3.1401869158878504,336.0,107.0,1.0,229.0,2.2,2.244770805518469
IND643212AAA,IND641062AAD,Carting,night,2,2,3.6255442670537006,380.5,105.0,1.0,551.0,2.125,2.2614131151867003
IND643217AAA,IND643001AAA,Carting,night,10,10,0.6162974683544304,48.0,79.0,0.0,0.0,2.125,1.6220991561181435
IND643231AAA,IND643217AAA,Carting,night,11,11,1.1071428571428572,35.0,34.0,0.36363636363636365,88.0,2.125,1.7638248847926268
IND670643AAA,IND673632AAA,Carting,night,5,5,1.9431818181818181,171.0,88.0,1.0,430.0,2.125,2.088636363636364
IND670645AAB,IND673592AAA,Carting,morning,2,2,2.4855769230769234,98.0,39.5,1.0,117.0,2.2,2.2259615384615383
IND670645AAB,IND673592AAA,Carting,night,4,4,3.039880952380952,125.5,40.0,1.0,414.0,2.125,2.2774801587301585
IND671315AAA,IND575004AAB,FTL,night,2,2,8.01923076923077,625.5,78.0,1.0,1095.0,1.8226866738120757,2.3860088643046846
IND671323AAD,IND000000ACO,FTL,night,1,1,1.5625,50.0,32.0,1.0,18.0,1.8226866738120757,1.810296832201977
IND673027AAB,IND673104AAA,Carting,evening,1,1,5.128571428571429,359.0,70.0,1.0,289.0,1.7540983606557377,1.9147875543660084
IND673027AAB,IND673305AAA,Carting,evening,2,2,8.242682926829268,333.5,40.5,1.0,586.0,1.7540983606557377,2.3439696848533313
IND673104AAA,IND673506AAA,Carting,night,17,17,1.7142857142857142,27.0,16.0,0.9411764705882353,229.0,2.125,1.936293436293436
IND673121AAA,IND670645AAB,Carting,night,8,8,2.3166666666666664,69.5,30.0,1.0,345.0,2.125,2.1797619047619046
IND673305AAA,IND673104AAA,Carting,night,14,14,1.2792207792207793,27.0,22.0,0.7142857142857143,96.0,2.125,1.7767379679144384
IND673506AAA,IND670643AAA,Carting,night,17,17,1.5,32.0,23.0,1.0,177.0,2.125,1.837837837837838
IND673573AAA,IND673592AAA,FTL,night,12,12,1.6147540983606556,97.5,61.0,1.0,470.0,1.8226866738120757,1.7447119580177932
IND673592AAA,IND562132AAA,FTL,night,12,12,1.7479189908178152,464.5,264.5,1.0,2520.0,1.8226866738120757,1.794648792689228
IND673592AAA,IND670645AAB,Carting,night,1,1,3.1666666666666665,133.0,42.0,1.0,91.0,2.125,2.1746031746031744
IND673592AAA,IND673121AAA,Carting,night,11,11,2.0588235294117645,32.0,16.0,1.0,229.0,2.125,2.1015180265654645
IND673632AAA,IND673104AAA,Carting,late_evening,1,1,1.278688524590164,78.0,61.0,1.0,17.0,1.8148148148148149,1.789284991470784
IND673632AAA,IND673305AAA,Carting,evening,3,3,1.0789473684210527,41.0,38.0,0.0,10.0,1.7540983606557377,1.6660351877555613
IND673632AAA,IND673305AAA,Carting,late_evening,1,1,1.0909090909090908,48.0,44.0,0.0,4.0,1.8148148148148149,1.7803431136764472
IND673632AAA,IND676306AAA,Carting,evening,2,2,1.1528822055137846,23.0,20.0,0.5,6.0,1.7540983606557377,1.6994423465519235
IND673632AAA,IND676306AAA,Carting,late_evening,2,2,1.1240601503759398,22.5,20.0,0.0,5.0,1.8148148148148149,1.7520189362294625
IND673632AAA,IND683511AAA,FTL,night,6,6,1.59056486654252,285.5,181.0,1.0,677.0,1.8226866738120757,1.769120102903717
IND676306AAA,IND676509AAA,Carting,late_evening,4,4,2.052631578947368,34.5,17.0,1.0,69.0,1.8148148148148149,1.8544509421702404
IND676306AAA,IND676509AAA,Carting,night,3,3,1.5,30.0,20.0,1.0,31.0,2.125,2.0434782608695654
IND676509AAA,IND678583AAA,Carting,night,1,1,1.21875,39.0,32.0,1.0,7.0,2.125,2.081845238095238
IND676509AAA,IND679322AAA,Carting,night,3,3,2.2,43.0,20.0,1.0,58.0,2.125,2.134782608695652
IND678683AAA,IND000000ABD,FTL,night,13,13,1.2222222222222223,41.0,34.0,0.5384615384615384,136.0,1.8226866738120757,1.5861400716706184
IND679303AAA,IND679531AAA,Carting,night,14,14,2.64375,44.5,15.0,1.0,372.0,2.125,2.3386029411764704
IND679322AAA,IND673639AAA,Carting,night,1,1,1.8125,87.0,48.0,1.0,39.0,2.125,2.1101190476190474
IND679329AAA,IND673639AAA,Carting,night,3,3,1.7,34.0,20.0,1.0,41.0,2.125,2.0695652173913044
IND679531AAA,IND680587AAA,Carting,night,15,15,1.375,33.0,24.0,1.0,176.0,2.125,1.8035714285714286
IND680012AAA,IND679303AAA,Carting,night,11,11,1.4642857142857142,81.0,55.0,1.0,319.0,2.125,1.8905529953917053
IND68004AAA,IND678683AAA,FTL,night,14,14,2.454511278195489,89.5,36.5,1.0,1090.0,1.8226866738120757,2.082849746205246
IND68004AAA,IND683511AAA,Carting,morning,9,9,2.0350877192982457,116.0,58.0,1.0,567.0,2.2,2.148820326678766
IND68004AAA,IND683511AAA,Carting,night,1,1,2.081967213114754,127.0,61.0,1.0,66.0,2.125,2.122950819672131
IND680104AAA,IND679576AAA,FTL,night,17,17,1.4705882352941178,50.0,33.0,0.8823529411764706,286.0,1.8226866738120757,1.6609117155740951
IND680307AAA,IND680712AAA,Carting,night,7,7,1.7,33.0,19.0,1.0,94.0,2.125,2.0148148148148146
IND680307AAA,IND683511AAA,Carting,night,5,5,1.7333333333333334,27.0,19.0,1.0,74.0,2.125,2.046666666666667
IND680587AAA,IND68004AAA,Carting,night,10,10,1.9390243902439024,75.5,41.0,1.0,437.0,2.125,2.063008130081301
IND680587AAA,IND683511AAA,Carting,night,4,4,2.193104514533086,216.0,98.5,1.0,474.0,2.125,2.136350752422181
IND680712AAA,IND683511AAA,Carting,night,9,9,1.5135135135135136,63.0,40.0,1.0,237.0,2.125,1.9352283317800558
IND683511AAA,IND000000ABA,Carting,afternoon,3,3,1.0,34.0,32.0,0.3333333333333333,16.0,2.234668335419274,2.0736246394950206
IND683511AAA,IND000000ABA,Carting,evening,13,13,1.15625,36.0,32.0,0.3076923076923077,72.0,1.7540983606557377,1.518582339791356
IND683511AAA,IND000000ADM,Carting,afternoon,3,3,1.5,36.0,24.0,1.0,39.0,2.234668335419274,2.1388420307993683
IND683511AAA,IND000000ADM,Carting,evening,10,10,1.4791666666666665,35.5,24.5,1.0,159.0,1.7540983606557377,1.6624544626593805
IND683511AAA,IND562132AAA,FTL,morning,10,10,1.7141359535790381,881.5,510.5,1.0,3561.0,1.8750586854460094,1.821417774823686
IND683511AAA,IND680012AAA,Carting,afternoon,1,1,1.3387096774193548,83.0,62.0,1.0,21.0,2.234668335419274,2.1920036374192775
IND683511AAA,IND680012AAA,Carting,evening,10,10,1.3786181139122315,84.0,62.0,0.9,227.0,1.7540983606557377,1.6289382784079023
IND683511AAA,IND68004AAA,FTL,afternoon,8,8,1.400709219858156,67.5,47.5,1.0,602.0,1.7676767676767677,1.6628288968714504
IND683511AAA,IND68004AAA,FTL,evening,5,5,1.4285714285714286,69.0,49.0,1.0,96.0,1.7703025992499675,1.70195636511426
IND683511AAA,IND680104AAA,FTL,afternoon,3,3,1.2272727272727273,108.0,88.0,0.6666666666666666,62.0,1.7676767676767677,1.6971892841458058
IND683511AAA,IND680104AAA,FTL,evening,13,13,1.3296703296703296,121.0,90.0,0.8461538461538461,593.0,1.7703025992499675,1.5967201900216252
IND683511AAA,IND686028AAB,FTL,afternoon,2,2,1.6959622823984526,154.0,91.0,1.0,126.0,1.7676767676767677,1.7611572690151027
IND683511AAA,IND686028AAB,FTL,morning,5,5,1.7252747252747254,157.0,91.0,1.0,556.0,1.8750586854460094,1.8451018934117527
IND683565AAA,IND683511AAA,Carting,night,13,13,2.0,36.0,19.0,1.0,237.0,2.125,2.0757575757575757
IND683572AAA,IND680307AAA,Carting,night,13,13,1.375,15.0,11.0,0.7692307692307693,99.0,2.125,1.8295454545454546
IND685514AAA,IND625008AAA,FTL,morning,1,1,1.5730994152046784,269.0,171.0,1.0,98.0,1.8750586854460094,1.8606796725773749
IND685514AAA,IND625008AAA,FTL,night,8,8,1.5238095238095237,254.5,168.0,1.0,737.0,1.8226866738120757,1.7372932023827752
IND686028AAB,IND686632AAA,FTL,evening,1,1,6.095238095238095,128.0,21.0,1.0,107.0,1.7703025992499675,1.9762519085827355
IND686028AAB,IND689101AAA,Carting,evening,4,4,1.282051282051282,32.0,25.0,0.75,31.0,1.7540983606557377,1.6754238475549947
IND686028AAB,IND689101AAA,Carting,late_evening,12,12,1.437391304347826,34.5,23.0,1.0,154.0,1.8148148148148149,1.6732809983896941
IND686507AAA,IND686513AAA,Carting,night,15,15,2.3333333333333335,21.0,9.0,1.0,173.0,2.125,2.2142857142857144
IND686507AAA,IND686540AAA,Carting,night,1,1,1.72,43.0,25.0,1.0,18.0,2.125,2.105714285714286
IND686513AAA,IND686507AAA,Carting,night,1,1,2.8,28.0,10.0,1.0,18.0,2.125,2.157142857142857
IND686513AAA,IND686540AAA,Carting,night,8,8,2.2941176470588234,78.0,34.0,1.0,375.0,2.125,2.1733193277310923
IND686540AAA,IND686028AAB,Carting,night,2,2,2.003095975232198,36.0,18.0,1.0,36.0,2.125,2.1139178159302
IND686632AAA,IND686141AAA,FTL,night,1,1,2.5,50.0,20.0,1.0,30.0,1.8226866738120757,1.8549396893448342
IND688009AAA,IND686028AAB,Carting,night,16,16,3.235294117647059,163.5,50.0,1.0,2450.0,2.125,2.6184640522875817
IND688524AAA,IND683511AAA,FTL,night,7,7,2.269230769230769,118.0,50.0,1.0,461.0,1.8226866738120757,1.9384573652169221
IND689101AAA,IND689650AAA,Carting,night,6,6,1.4142857142857141,20.5,14.5,0.6666666666666666,42.0,2.125,1.9609890109890107
IND689101AAA,IND690548AAA,Carting,night,4,4,1.4691666666666667,35.5,24.5,1.0,44.0,2.125,2.0156944444444442
IND689503AAB,IND683511AAA,FTL,night,1,1,2.125984251968504,270.0,127.0,1.0,143.0,1.8226866738120757,1.8371294156290485
IND689645AAA,IND691551AAA,Carting,night,15,15,1.105263157894737,42.0,38.0,0.26666666666666666,143.0,2.125,1.6879699248120301
IND689650AAA,IND690548AAA,Carting,night,3,3,1.6046511627906976,69.0,40.0,1.0,82.0,2.125,2.0571284125379172
IND690537AAA,IND689503AAB,FTL,night,1,1,2.0714285714285716,58.0,28.0,1.0,30.0,1.8226866738120757,1.8345315260795279
IND690548AAA,IND688009AAA,Carting,night,15,15,1.2580645161290323,38.0,31.0,0.6,153.0,2.125,1.7534562211981568
IND691001AAB,IND683511AAA,FTL,evening,9,9,1.2787878787878788,211.0,166.0,0.8888888888888888,562.0,1.7703025992499675,1.617763548072078
IND691001AAB,IND690573AAA,FTL,late_evening,1,1,1.0810810810810811,40.0,37.0,0.0,3.0,1.8333333333333333,1.7975117975117973
IND691001AAB,IND691506AAA,Carting,evening,3,3,1.6,40.0,24.0,1.0,38.0,1.7540983606557377,1.73399857448325
IND691001AAB,IND691506AAA,Carting,late_evening,18,18,1.4283333333333332,34.0,24.0,1.0,194.0,1.8148148148148149,1.6317446393762183
IND691001AAB,IND695012AAA,FTL,evening,1,1,1.3650793650793651,86.0,63.0,1.0,23.0,1.7703025992499675,1.7510062547656533
IND691305AAA,IND689645AAA,Carting,night,15,15,2.3846153846153846,60.0,25.0,1.0,543.0,2.125,2.2362637362637363
IND691305AAA,IND691551AAA,Carting,night,1,1,2.1176470588235294,108.0,51.0,1.0,57.0,2.125,2.1246498599439776
IND691506AAA,IND691305AAA,Carting,night,20,20,1.58359133126935,28.5,18.0,1.0,238.0,2.125,1.854295665634675
IND691551AAA,IND691001AAB,Carting,night,20,20,2.179365079365079,97.0,44.0,1.0,2226.0,2.125,2.1521825396825394
IND691574AAA,IND695614AAA,Carting,night,21,21,1.55,30.0,20.0,1.0,254.0,2.125,1.830487804878049
IND695012AAA,IND691001AAB,FTL,afternoon,10,10,1.3944444444444444,99.0,70.5,1.0,353.0,1.7676767676767677,1.6432659932659932
IND695012AAA,IND691001AAB,FTL,evening,2,2,1.5468416559965856,106.0,68.5,1.0,75.0,1.7703025992499675,1.749987968045115
IND695012AAA,IND695101AAB,Carting,late_evening,1,1,2.125,68.0,32.0,1.0,36.0,1.8148148148148149,1.8295855379188712
IND695012AAA,IND695101AAB,Carting,night,1,1,1.8125,58.0,32.0,1.0,26.0,2.125,2.1101190476190474
IND695012AAB,IND695012AAA,Carting,night,3,3,3.3,62.0,14.0,1.0,118.0,2.125,2.278260869565217
IND695101AAB,IND691574AAA,Carting,night,20,20,1.2666666666666666,18.5,14.5,0.7,72.0,2.125,1.6958333333333333
IND695101AAB,IND695012AAA,Carting,night,1,1,4.573770491803279,279.0,61.0,1.0,218.0,2.125,2.241608118657299
IND695121AAA,IND695541AAA,Carting,night,1,1,1.3846153846153846,54.0,39.0,1.0,15.0,2.125,2.08974358974359
IND695121AAA,IND695572AAB,Carting,night,17,17,1.8461538461538463,24.0,13.0,1.0,175.0,2.125,1.996881496881497
IND695541AAA,IND695012AAA,Carting,night,1,1,3.1333333333333333,47.0,15.0,1.0,32.0,2.125,2.173015873015873
IND695541AAA,IND695572AAB,Carting,night,1,1,1.1153846153846154,29.0,26.0,0.0,3.0,2.125,2.0769230769230766
IND695572AAB,IND000000AFJ,Carting,night,1,1,1.6923076923076923,44.0,26.0,1.0,18.0,2.125,2.1043956043956045
IND695572AAB,IND695541AAA,Carting,night,13,13,1.1428571428571428,32.0,28.0,0.3076923076923077,60.0,2.125,1.738095238095238
IND695582AAA,IND691574AAA,Carting,late_evening,1,1,1.7105263157894737,65.0,38.0,1.0,27.0,1.8148148148148149,1.8098486958136082
IND695582AAA,IND695101AAB,Carting,late_evening,15,15,1.2,26.0,21.0,0.4666666666666667,117.0,1.8148148148148149,1.5513227513227514
IND695582AAA,IND695101AAB,Carting,night,4,4,1.1227272727272726,23.5,21.5,0.25,26.0,2.125,1.9579545454545455
IND695609AAA,IND695012AAA,Carting,night,3,3,2.1315789473684212,81.0,38.0,1.0,110.0,2.125,2.125858123569794
IND695614AAA,IND695609AAA,Carting,night,3,3,1.3157894736842106,25.0,19.0,1.0,35.0,2.125,2.019450800915332
IND700026AAC,IND700065AAA,Carting,evening,1,1,1.25,25.0,20.0,1.0,5.0,1.7540983606557377,1.7300936768149882
IND700026AAC,IND700065AAA,Carting,morning,1,1,2.0,38.0,19.0,1.0,19.0,2.2,2.1904761904761907
IND700026AAC,IND712311AAA,Carting,morning,2,2,5.484101748807632,230.5,44.0,1.0,373.0,2.2,2.4985547044370575
IND700026AAC,IND712311AAA,Carting,night,2,2,3.53467365967366,144.5,41.5,1.0,206.0,2.125,2.2531521508794237
IND700028AAB,IND712311AAA,Carting,late_evening,1,1,10.0,449.0,19.0,1.0,430.0,1.8148148148148149,2.2045855379188715
IND700028AAB,IND712311AAA,Carting,morning,3,3,5.588235294117647,95.0,17.0,1.0,356.0,2.2,2.6419437340153453
IND700028AAB,IND712311AAA,Carting,night,7,7,2.9411764705882355,50.0,17.0,1.0,427.0,2.125,2.3366013071895426
IND700053AAA,IND700136AAB,Carting,morning,1,1,2.242424242424242,74.0,33.0,1.0,41.0,2.2,2.202020202020202
IND700053AAA,IND700144AAA,FTL,late_evening,3,3,2.236842105263158,85.0,38.0,1.0,134.0,1.8333333333333333,1.8859649122807016
IND700053AAA,IND700144AAA,FTL,night,2,2,3.4943100995732577,131.5,37.5,1.0,188.0,1.8226866738120757,1.974652439790365
IND700053AAA,IND712311AAA,Carting,afternoon,2,2,9.258620689655173,281.0,29.0,1.0,504.0,2.234668335419274,2.873209458531628
IND700053AAA,IND712311AAA,Carting,late_evening,1,1,2.142857142857143,60.0,28.0,1.0,32.0,1.8148148148148149,1.830435878054926
IND700053AAA,IND712311AAA,Carting,morning,3,3,6.586206896551724,191.0,29.0,1.0,416.0,2.2,2.772113943028486
IND700053AAA,IND743513AAA,Carting,late_evening,4,4,3.0666666666666664,78.0,26.0,1.0,234.0,1.8148148148148149,2.023456790123457
IND700065AAA,IND700026AAC,Carting,evening,1,1,2.3157894736842106,44.0,19.0,1.0,25.0,1.7540983606557377,1.7808455565142363
IND700065AAA,IND700026AAC,Carting,late_evening,1,1,2.0588235294117645,35.0,17.0,1.0,18.0,1.8148148148148149,1.8264342774146693
IND700065AAA,IND712311AAA,Carting,afternoon,2,2,4.151666666666666,101.5,24.5,1.0,154.0,2.234668335419274,2.408940910987219
IND700065AAA,IND712311AAA,Carting,evening,4,4,2.2337662337662336,49.0,22.0,1.0,118.0,1.7540983606557377,1.8340430061741537
IND700065AAA,IND712311AAA,Carting,late_evening,2,2,3.7115384615384617,96.5,26.0,1.0,141.0,1.8148148148148149,1.9872442372442374
IND700065AAA,IND712311AAA,Carting,morning,8,8,3.7465034965034967,89.5,25.0,1.0,1392.0,2.2,2.6418581418581417
IND700065AAA,IND712311AAA,Carting,night,8,8,2.6500000000000004,56.0,22.0,1.0,1095.0,2.125,2.275
IND700065AAB,IND712310AAA,Carting,afternoon,13,13,5.416666666666667,129.0,22.0,1.0,1268.0,2.234668335419274,3.488182829547035
IND700065AAB,IND712310AAA,Carting,evening,2,2,5.318181818181818,106.5,20.5,1.0,172.0,1.7540983606557377,2.078105947703563
IND700088AAA,IND712311AAA,Carting,afternoon,1,1,3.5555555555555554,96.0,27.0,1.0,69.0,2.234668335419274,2.297567726854335
IND700088AAA,IND712311AAA,Carting,evening,7,7,3.5714285714285716,100.0,29.0,1.0,443.0,1.7540983606557377,2.2252580449301758
IND700088AAA,IND712311AAA,Carting,late_evening,1,1,2.7857142857142856,78.0,28.0,1.0,50.0,1.8148148148148149,1.8610481229528848
IND700136AAB,IND712311AAA,Carting,afternoon,1,1,4.428571428571429,155.0,35.0,1.0,120.0,2.234668335419274,2.339139911283662
IND700136AAG,IND712310AAA,Carting,afternoon,20,20,4.2704678362573105,84.5,19.0,1.0,1544.0,2.234668335419274,3.252568085838292
IND700136AAG,IND712310AAA,Carting,evening,3,3,3.4375,56.0,18.0,1.0,139.0,1.7540983606557377,1.9736724875267284
IND700144AAA,IND743395AAA,FTL,night,4,4,3.0476190476190474,61.0,20.0,1.0,165.0,1.8226866738120757,2.026842069446571
IND711303AAA,IND721134AAB,Carting,night,17,17,0.8333333333333334,30.0,36.0,0.11764705882352941,47.0,2.125,1.5315315315315317
IND712103AAA,IND712124AAA,Carting,morning,1,1,2.3636363636363638,26.0,11.0,1.0,15.0,2.2,2.207792207792208
IND712103AAA,IND712310AAE,Carting,morning,10,10,3.593010752688172,113.0,31.5,1.0,922.0,2.2,2.664336917562724
IND712103AAA,IND712310AAE,Carting,night,13,13,2.967741935483871,92.0,32.0,1.0,812.0,2.125,2.456989247311828
IND712124AAA,IND712103AAA,Carting,afternoon,1,1,2.8,28.0,10.0,1.0,18.0,2.234668335419274,2.261588890875499
IND712124AAA,IND712103AAA,Carting,morning,10,10,3.0,32.5,10.0,1.0,220.0,2.2,2.466666666666667
IND712124AAA,IND712103AAA,Carting,night,14,14,2.8,30.0,11.0,1.0,279.0,2.125,2.4029411764705877
IND712124AAA,IND712310AAE,Carting,morning,2,2,4.485347985347985,78.5,17.0,1.0,123.0,2.2,2.407758907758908
IND712124AAA,IND712310AAE,Carting,night,1,1,8.578947368421053,163.0,19.0,1.0,144.0,2.125,2.4323308270676693
IND712310AAE,IND711303AAA,Carting,late_evening,18,18,2.224747474747475,97.5,45.0,1.0,1090.0,1.8148148148148149,2.0089934432039693
IND712310AAE,IND711409AAA,Carting,night,1,1,1.1875,19.0,16.0,0.0,3.0,2.125,2.080357142857143
IND712310AAE,IND712103AAA,Carting,night,1,1,3.6551724137931036,106.0,29.0,1.0,77.0,2.125,2.1978653530377668
IND712310AAE,IND712124AAA,Carting,late_evening,7,7,4.0,76.0,19.0,1.0,383.0,1.8148148148148149,2.3813443072702336
IND712310AAE,IND712124AAA,Carting,morning,2,2,3.1578947368421053,60.0,19.0,1.0,82.0,2.2,2.287081339712919
IND712310AAE,IND712124AAA,Carting,night,21,21,3.7777777777777777,70.0,19.0,1.0,1161.0,2.125,2.971544715447154
IND712311AAA,IND000000ACB,FTL,afternoon,11,11,1.3506224066390042,1986.0,1467.0,1.0,6711.0,1.7676767676767677,1.6196897363407872
IND712311AAA,IND421302AAG,FTL,evening,1,1,1.7412823397075365,3096.0,1778.0,1.0,1318.0,1.7703025992499675,1.7689206821288994
IND712311AAA,IND421302AAG,FTL,late_evening,1,1,2.3824362606232294,3364.0,1412.0,1.0,1952.0,1.8333333333333333,1.8594810917757092
IND712311AAA,IND421302AAG,FTL,night,3,3,1.6872586872586872,3059.0,1799.0,1.0,4012.0,1.8226866738120757,1.8050221538268514
IND712311AAA,IND700026AAC,Carting,afternoon,2,2,3.12007722007722,111.5,36.0,1.0,151.0,2.234668335419274,2.31516005220636
IND712311AAA,IND700026AAC,Carting,evening,8,8,2.290909090909091,78.0,35.0,1.0,653.0,1.7540983606557377,1.9074728550138385
IND712311AAA,IND700026AAC,Carting,late_evening,8,8,2.161764705882353,74.5,35.0,1.0,387.0,1.8148148148148149,1.9139433551198255
IND712311AAA,IND700026AAC,Carting,night,11,11,2.977777777777778,100.0,34.0,1.0,770.0,2.125,2.427598566308244
IND712311AAA,IND700028AAB,Carting,evening,10,10,5.181286549707602,95.5,18.0,1.0,718.0,1.7540983606557377,2.8964944236730257
IND712311AAA,IND700028AAB,Carting,late_evening,7,7,2.4,48.0,18.0,1.0,291.0,1.8148148148148149,1.9665294924554186
IND712311AAA,IND700028AAB,Carting,night,6,6,3.1671826625387,57.0,18.0,1.0,227.0,2.125,2.3655036913550846
IND712311AAA,IND700053AAA,Carting,afternoon,1,1,5.114285714285714,179.0,35.0,1.0,144.0,2.234668335419274,2.371792972508152
IND712311AAA,IND700053AAA,Carting,evening,5,5,3.689655172413793,107.0,29.0,1.0,425.0,1.7540983606557377,2.1412097230073486
IND712311AAA,IND700053AAA,Carting,late_evening,1,1,2.125,68.0,32.0,1.0,36.0,1.8148148148148149,1.8295855379188712
IND712311AAA,IND700053AAA,Carting,night,8,8,2.685714285714286,83.0,29.0,1.0,493.0,2.125,2.2852040816326533
IND712311AAA,IND700065AAA,Carting,afternoon,4,4,6.1893939393939394,133.0,21.5,1.0,419.0,2.234668335419274,2.8937892694150515
IND712311AAA,IND700065AAA,Carting,evening,5,5,4.545454545454546,100.0,22.0,1.0,386.0,1.7540983606557377,2.312369597615499
IND712311AAA,IND700065AAA,Carting,late_evening,12,12,3.142857142857143,69.0,22.0,1.0,629.0,1.8148148148148149,2.312830687830688
IND712311AAA,IND700065AAA,Carting,night,8,8,3.272727272727273,72.0,22.0,1.0,393.0,2.125,2.452922077922078
IND712311AAA,IND700088AAA,Carting,afternoon,10,10,4.0281609195402295,119.0,30.5,1.0,1256.0,2.234668335419274,2.8324991967929254
IND712311AAA,IND700088AAA,Carting,evening,6,6,3.735294117647059,127.0,34.0,1.0,798.0,1.7540983606557377,2.2112973814998886
IND712311AAA,IND700088AAA,Carting,late_evening,5,5,2.9310344827586206,98.0,31.0,1.0,359.0,1.8148148148148149,2.038058748403576
IND712311AAA,IND700088AAA,Carting,morning,6,6,3.4211822660098523,97.5,28.5,1.0,459.0,2.2,2.4818112921561197
IND712311AAA,IND700088AAA,Carting,night,3,3,4.285714285714286,120.0,28.0,1.0,461.0,2.125,2.406832298136646
IND712311AAA,IND712310AAE,Carting,evening,1,1,1.6666666666666667,20.0,12.0,1.0,8.0,1.7540983606557377,1.749934946656258
IND712311AAA,IND712410AAC,FTL,night,9,9,4.51063829787234,184.0,45.0,1.0,1229.0,1.8226866738120757,2.6568785571411233
IND712311AAA,IND713103AAA,FTL,evening,6,6,2.1833184656556646,126.5,57.5,1.0,406.0,1.7703025992499675,1.8656139530358975
IND712311AAA,IND713145AAB,FTL,evening,3,3,1.5,156.0,106.0,1.0,160.0,1.7703025992499675,1.7350457384782327
IND712311AAA,IND713205AAB,FTL,afternoon,5,5,1.9320388349514563,199.0,103.0,1.0,496.0,1.7676767676767677,1.8005491811317054
IND712311AAA,IND713205AAB,FTL,evening,6,6,2.1650485436893203,229.0,104.0,1.0,924.0,1.7703025992499675,1.8613978171975107
IND712311AAA,IND713205AAB,FTL,morning,1,1,2.1650485436893203,223.0,103.0,1.0,120.0,1.8750586854460094,1.8888677263147389
IND712311AAA,IND721306AAA,FTL,afternoon,1,1,2.0303030303030303,201.0,99.0,1.0,102.0,1.7676767676767677,1.7801827801827803
IND712311AAA,IND721306AAA,FTL,evening,13,13,1.9130434782608696,211.0,108.0,1.0,1363.0,1.7703025992499675,1.8265338546178986
IND712311AAA,IND732103AAB,FTL,morning,2,2,2.71164015568153,589.0,217.5,1.0,743.0,1.8750586854460094,1.9511115463765114
IND712311AAA,IND732103AAB,FTL,night,1,1,3.0938967136150235,659.0,213.0,1.0,446.0,1.8226866738120757,1.883220485231264
IND712311AAA,IND742101AAC,FTL,morning,8,8,2.5385878489326767,443.0,172.5,1.0,2221.0,1.8750586854460094,2.0646384464422
IND712311AAA,IND742102AAB,FTL,morning,3,3,2.8620689655172415,498.0,172.0,1.0,939.0,1.8750586854460094,2.0037991567596483
IND712311AAA,IND743235AAA,FTL,late_evening,5,5,2.586206896551724,150.0,55.0,1.0,467.0,1.8333333333333333,1.9839080459770113
IND712311AAA,IND751002AAB,FTL,evening,6,6,1.8979994486669556,697.0,373.5,1.0,3174.0,1.7703025992499675,1.7997711029615802
IND712311AAA,IND751002AAB,FTL,late_evening,5,5,1.8303341902313626,704.0,363.0,1.0,1464.0,1.8333333333333333,1.832733504712939
IND712311AAA,IND751002AAB,FTL,night,16,16,1.6614705396930187,592.0,366.0,1.0,3988.0,1.8226866738120757,1.7510350586480505
IND712311AAA,IND781018AAB,FTL,evening,1,1,3.2679558011049723,2366.0,724.0,1.0,1642.0,1.7703025992499675,1.8416194183859202
IND712311AAA,IND781018AAB,FTL,late_evening,1,1,3.372027972027972,2411.0,715.0,1.0,1696.0,1.8333333333333333,1.9066045066045065
IND712311AAA,IND781018AAB,FTL,night,6,6,2.774328704428238,2119.5,758.5,1.0,8968.0,1.8226866738120757,2.042296373185036
IND712311AAA,IND821115AAB,FTL,night,1,1,0.9611111111111111,692.0,720.0,0.0,0.0,1.8226866738120757,1.7816592660644108
IND712311AAA,IND826004AAA,FTL,night,7,7,1.273109243697479,319.0,238.0,0.7142857142857143,629.0,1.8226866738120757,1.6802036363749582
IND712311AAA,IND834002AAB,FTL,evening,3,3,1.3304347826086957,612.0,440.0,1.0,694.0,1.7703025992499675,1.7129285362098017
IND712311AAA,IND834002AAB,FTL,late_evening,10,10,1.7082385904747706,659.5,412.5,1.0,3014.0,1.8333333333333333,1.7916350857138121
IND712406AAA,IND712602AAA,FTL,morning,3,3,2.3225806451612905,72.0,31.0,1.0,104.0,1.8750586854460094,1.9334311149740897
IND712406AAA,IND712612AAA,FTL,morning,1,1,2.6363636363636362,116.0,44.0,1.0,72.0,1.8750586854460094,1.9113113021563726
IND712410AAC,IND712406AAA,FTL,morning,6,6,1.6375338753387534,62.0,40.5,0.6666666666666666,173.0,1.8750586854460094,1.8202452677289505
IND712602AAA,IND712311AAA,FTL,afternoon,1,1,5.206896551724138,302.0,58.0,1.0,244.0,1.7676767676767677,1.93144913834569
IND712602AAA,IND722154AAA,FTL,morning,2,2,3.142857142857143,83.5,26.5,1.0,114.0,1.8750586854460094,1.9903130906652036
IND712612AAA,IND722154AAA,FTL,morning,3,3,1.6842105263157894,32.0,19.0,1.0,34.0,1.8750586854460094,1.8501654472985896
IND713103AAA,IND713205AAB,FTL,late_evening,3,3,2.12,106.0,49.0,1.0,163.0,1.8333333333333333,1.8707246376811593
IND713103AAA,IND713205AAB,FTL,night,1,1,1.9782608695652173,91.0,46.0,1.0,45.0,1.8226866738120757,1.8300949688479398
IND713128AAB,IND731204AAB,FTL,morning,5,5,2.8,52.0,18.0,1.0,168.0,1.8750586854460094,2.0600469483568076
IND713128AAB,IND731204AAB,FTL,night,8,8,3.8333333333333335,69.0,18.0,1.0,350.0,1.8226866738120757,2.3971571479610065
IND713128AAB,IND731301AAA,FTL,morning,1,1,3.611111111111111,130.0,36.0,1.0,94.0,1.8750586854460094,1.9577278485729193
IND713128AAB,IND731301AAA,FTL,night,2,2,4.385714285714286,153.5,35.0,1.0,237.0,1.8226866738120757,2.055689183985004
IND713130AAA,IND741123AAB,Carting,late_evening,9,9,2.096774193548387,130.0,62.0,1.0,675.0,1.8148148148148149,1.9023194495941993
IND713130AAA,IND741123AAB,Carting,night,8,8,2.233870967741935,138.5,62.0,1.0,650.0,2.125,2.15610599078341
IND713130AAA,IND741126AAB,Carting,night,1,1,3.6666666666666665,253.0,69.0,1.0,184.0,2.125,2.198412698412698
IND713145AAB,IND741101AAB,FTL,night,1,1,2.088235294117647,71.0,34.0,1.0,37.0,1.8226866738120757,1.8353318462075792
IND713145AAB,IND741316AAA,FTL,night,2,2,1.591485507246377,37.5,23.5,1.0,28.0,1.8226866738120757,1.801668385942467
IND713148AAA,IND713128AAB,FTL,morning,1,1,2.6285714285714286,92.0,35.0,1.0,57.0,1.8750586854460094,1.910940244642458
IND713148AAA,IND713128AAB,FTL,night,16,16,2.6904761904761907,95.0,35.0,1.0,991.0,1.8226866738120757,2.208370903440571
IND713205AAB,IND712311AAA,FTL,afternoon,2,2,8.528309141593772,870.0,102.0,1.0,1536.0,1.7676767676767677,2.3822797107601317
IND713205AAB,IND712311AAA,FTL,evening,9,9,7.627450980392157,778.0,102.0,1.0,5888.0,1.7703025992499675,3.5880383037423713
IND713205AAB,IND712311AAA,FTL,night,1,1,1.7864077669902914,184.0,103.0,1.0,81.0,1.8226866738120757,1.8209591068205624
IND713205AAB,IND713148AAA,FTL,night,3,3,4.444444444444445,80.0,18.0,1.0,185.0,1.8226866738120757,2.1646550786771677
IND713205AAB,IND713303AAA,FTL,night,5,5,2.76,69.0,26.0,1.0,298.0,1.8226866738120757,2.0101493390496605
IND713205AAB,IND722101AAA,Carting,evening,1,1,3.5217391304347827,162.0,46.0,1.0,116.0,1.7540983606557377,1.8382717306452159
IND713205AAB,IND722101AAA,Carting,night,1,1,2.3636363636363638,104.0,44.0,1.0,60.0,2.125,2.1363636363636367
IND713205AAB,IND722101AAB,Carting,night,1,1,5.62,281.0,50.0,1.0,231.0,2.125,2.2914285714285714
IND713205AAB,IND722101AAC,Carting,late_evening,1,1,1.6458333333333333,79.0,48.0,1.0,31.0,1.8148148148148149,1.806768077601411
IND713205AAB,IND722101AAC,Carting,night,4,4,2.8893078970718724,141.5,49.0,1.0,441.0,2.125,2.252384649511979
IND713205AAB,IND722122AAA,Carting,night,1,1,2.671641791044776,179.0,67.0,1.0,112.0,2.125,2.151030561478323
IND713205AAB,IND722143AAB,FTL,late_evening,2,2,2.9904347826086957,72.5,24.0,1.0,97.0,1.8333333333333333,1.9385243741765479
IND713205AAB,IND722143AAB,FTL,night,7,7,3.5714285714285716,96.0,25.0,1.0,601.0,1.8226866738120757,2.27606420282376
IND713205AAB,IND722202AAA,Carting,night,4,4,3.211988304093567,59.0,18.5,1.0,229.0,2.125,2.3061647173489277
IND713205AAB,IND723130AAA,FTL,evening,1,1,3.139344262295082,383.0,122.0,1.0,261.0,1.7703025992499675,1.835495059394973
IND713205AAB,IND723130AAA,FTL,night,1,1,1.6923076923076923,198.0,117.0,1.0,81.0,1.8226866738120757,1.8164781508832957
IND713205AAB,IND723133AAA,FTL,late_evening,1,1,2.453333333333333,184.0,75.0,1.0,109.0,1.8333333333333333,1.8628571428571428
IND713303AAA,IND713364AAB,FTL,morning,1,1,4.611111111111111,83.0,18.0,1.0,65.0,1.8750586854460094,2.005346896191967
IND713303AAA,IND713364AAB,FTL,night,5,5,4.0,72.0,18.0,1.0,243.0,1.8226866738120757,2.2581493390496608
IND713364AAB,IND712311AAA,FTL,morning,3,3,1.70625,273.0,155.0,1.0,689.0,1.8750586854460094,1.8530401612573997
IND713364AAB,IND712311AAA,FTL,night,9,9,4.832214765100671,712.0,146.0,1.0,3894.0,1.8226866738120757,2.7566781504188813
IND721102AAA,IND712311AAA,FTL,afternoon,1,1,3.2282608695652173,297.0,92.0,1.0,205.0,1.7676767676767677,1.8372283915762178
IND721102AAA,IND712311AAA,FTL,night,12,12,8.073655913978495,735.5,92.0,1.0,7665.0,1.8226866738120757,4.166800138874483
IND721133AAA,IND721434AAB,FTL,night,2,2,2.9147633234028465,159.5,55.0,1.0,209.0,1.8226866738120757,1.9219663692294189
IND721134AAB,IND712310AAE,Carting,night,1,1,2.9074074074074074,157.0,54.0,1.0,103.0,2.125,2.1622574955908287
IND721134AAB,IND721139AAC,Carting,night,16,16,1.6696428571428572,26.0,16.0,0.875,196.0,2.125,1.922619047619048
IND721139AAC,IND721602AAB,Carting,night,2,2,1.1748251748251748,168.0,143.0,0.5,55.0,2.125,2.038620470438652
IND721139AAC,IND721636AAB,Carting,night,1,1,1.7543859649122806,100.0,57.0,1.0,43.0,2.125,2.1073517126148706
IND721212AAA,IND712310AAE,Carting,night,10,10,2.2376294591484465,176.5,81.0,1.0,1080.0,2.125,2.1625431530494823
IND721253AAC,IND721306AAA,FTL,afternoon,2,2,2.819264069264069,121.0,43.0,1.0,156.0,1.7676767676767677,1.8632756132756134
IND721253AAC,IND721306AAA,FTL,morning,9,9,2.292682926829268,88.0,40.0,1.0,531.0,1.8750586854460094,2.0046662086339175
IND721253AAC,IND721501AAC,FTL,morning,1,1,1.8043478260869565,166.0,92.0,1.0,74.0,1.8750586854460094,1.8716915016670068
IND721306AAA,IND721102AAA,FTL,morning,1,1,5.222222222222222,94.0,18.0,1.0,76.0,1.8750586854460094,2.034447425292496
IND721306AAA,IND721102AAA,FTL,night,4,4,1.9444444444444444,35.0,18.0,1.0,81.0,1.8226866738120757,1.8429796355841372
IND721306AAA,IND721133AAA,FTL,night,2,2,2.167763157894737,38.0,17.5,1.0,41.0,1.8226866738120757,1.854057263274136
IND721306AAA,IND721253AAC,FTL,night,1,1,3.317073170731707,136.0,41.0,1.0,95.0,1.8226866738120757,1.8938479355701536
IND721306AAA,IND721507AAA,FTL,morning,1,1,1.9534883720930232,84.0,43.0,1.0,41.0,1.8750586854460094,1.8787934324292006
IND721306AAA,IND721507AAA,FTL,night,12,12,2.4893617021276597,117.0,43.0,1.0,890.0,1.8226866738120757,2.07268980943042
IND721401AAA,IND721306AAA,FTL,morning,2,2,1.9473443223443225,157.0,81.0,1.0,152.0,1.8750586854460094,1.8816301069822197
IND721434AAB,IND721401AAA,FTL,morning,2,2,2.520408163265306,123.5,49.0,1.0,149.0,1.8750586854460094,1.9337268197932183
IND721501AAC,IND721253AAC,FTL,morning,6,6,1.9166666666666665,172.5,92.0,1.0,531.0,1.8750586854460094,1.8846605272661612
IND721501AAC,IND721306AAA,FTL,morning,1,1,1.9310344827586208,168.0,87.0,1.0,81.0,1.8750586854460094,1.8777241996037528
IND721602AAB,IND721139AAC,Carting,morning,4,4,1.4217681536958646,111.5,82.5,1.0,189.0,2.2,2.070294692282644
IND721636AAB,IND721602AAB,Carting,morning,2,2,0.6905048076923077,44.5,64.5,0.0,0.0,2.2,2.062773164335664
IND721636AAB,IND721602AAB,Carting,night,1,1,1.875,45.0,24.0,1.0,21.0,2.125,2.113095238095238
IND722101AAA,IND722122AAA,Carting,morning,2,2,2.0722222222222224,45.0,21.5,1.0,47.0,2.2,2.1883838383838383
IND722101AAA,IND722122AAA,Carting,night,6,6,1.973684210526316,37.0,20.0,1.0,115.0,2.125,2.090080971659919
IND722101AAB,IND713205AAB,Carting,night,1,1,1.5555555555555556,70.0,45.0,1.0,25.0,2.125,2.097883597883598
IND722122AAA,IND713205AAB,Carting,morning,7,7,1.9264705882352942,133.0,70.0,1.0,521.0,2.2,2.1290849673202614
IND722122AAA,IND713205AAB,Carting,night,1,1,1.8717948717948718,146.0,78.0,1.0,68.0,2.125,2.112942612942613
IND722140AAA,IND722151AAA,FTL,afternoon,3,3,1.119047619047619,47.0,42.0,0.3333333333333333,31.0,1.7676767676767677,1.6830729656816614
IND722140AAA,IND722151AAA,FTL,morning,5,5,0.9523809523809523,40.0,42.0,0.2,18.0,1.8750586854460094,1.690523138832998
IND722140AAA,IND722151AAA,FTL,night,1,1,1.0,42.0,42.0,0.0,0.0,1.8226866738120757,1.7835111179162628
IND722140AAA,IND723130AAA,FTL,morning,1,1,10.0,1320.0,69.0,1.0,1251.0,1.8750586854460094,2.2619606528057234
IND722143AAB,IND723133AAA,FTL,night,10,10,1.3997599039615847,73.0,51.5,1.0,256.0,1.8226866738120757,1.681711083861912
IND722151AAA,IND723130AAA,FTL,afternoon,3,3,10.0,942.0,70.0,1.0,2608.0,1.7676767676767677,2.8414580588493634
IND722151AAA,IND723130AAA,FTL,morning,4,4,10.0,1137.0,70.0,1.0,4236.0,1.8750586854460094,3.229215571205008
IND722151AAA,IND723130AAA,FTL,night,1,1,1.4929577464788732,106.0,71.0,1.0,35.0,1.8226866738120757,1.8069852963200186
IND722154AAA,IND712311AAA,FTL,morning,1,1,5.223529411764706,444.0,85.0,1.0,359.0,1.8750586854460094,2.0345096724135665
IND722154AAA,IND712602AAA,FTL,morning,1,1,2.0714285714285716,58.0,28.0,1.0,30.0,1.8750586854460094,1.88440963239756
IND722202AAA,IND713205AAB,Carting,night,1,1,2.7058823529411766,46.0,17.0,1.0,29.0,2.125,2.15266106442577
IND722202AAA,IND722101AAC,Carting,night,4,4,1.5892857142857144,44.0,27.5,1.0,61.0,2.125,2.035714285714286
IND723101AAA,IND723202AAA,FTL,morning,13,13,1.763157894736842,68.0,38.0,1.0,515.0,1.8750586854460094,1.8309765557727011
IND723101AAA,IND723202AAA,FTL,night,1,1,1.9736842105263157,75.0,38.0,1.0,37.0,1.8226866738120757,1.82987703270323
IND723130AAA,IND723101AAA,FTL,morning,13,13,2.7142857142857144,55.0,21.0,1.0,433.0,1.8750586854460094,2.205663272564681
IND723130AAA,IND723101AAA,FTL,night,2,2,1.7142857142857142,36.0,21.0,1.0,30.0,1.8226866738120757,1.8128320411278613
IND723130AAA,IND723131AAA,FTL,morning,5,5,1.12,56.0,49.0,0.4,688.0,1.8750586854460094,1.7240469483568077
IND723130AAA,IND723131AAA,FTL,night,1,1,0.9148936170212766,43.0,47.0,0.0,0.0,1.8226866738120757,1.779458433012514
IND723131AAA,IND722140AAA,FTL,morning,11,11,1.34375,43.0,31.0,0.8181818181818182,140.0,1.8750586854460094,1.6865297970619417
IND723131AAA,IND722140AAA,FTL,night,1,1,1.2903225806451613,40.0,31.0,1.0,9.0,1.8226866738120757,1.7973360027088894
IND723133AAA,IND723130AAA,FTL,morning,5,5,1.7954545454545454,79.0,44.0,1.0,191.0,1.8750586854460094,1.8591378574477166
IND723133AAA,IND723130AAA,FTL,night,8,8,1.1839323467230445,52.0,44.0,0.375,117.0,1.8226866738120757,1.640185437500924
IND723202AAA,IND713205AAB,FTL,afternoon,1,1,1.5987654320987654,259.0,162.0,1.0,97.0,1.7676767676767677,1.759633370744482
IND723202AAA,IND713205AAB,FTL,morning,12,12,2.2794734389561975,335.0,145.0,1.0,2296.0,1.8750586854460094,2.02671421801233
IND723202AAA,IND713205AAB,FTL,night,1,1,1.7534246575342465,256.0,146.0,1.0,110.0,1.8226866738120757,1.8193884825607507
IND731204AAB,IND731301AAA,FTL,morning,12,12,2.5,52.0,21.0,1.0,348.0,1.8750586854460094,2.109411678403756
IND731204AAB,IND731301AAA,FTL,night,1,1,1.619047619047619,34.0,21.0,1.0,13.0,1.8226866738120757,1.8129895759661494
IND731224AAA,IND742147AAA,Carting,late_evening,1,1,2.5161290322580645,78.0,31.0,1.0,47.0,1.8148148148148149,1.84821072993116
IND731224AAA,IND742147AAA,Carting,night,10,10,2.29020979020979,66.5,29.5,1.0,376.0,2.125,2.1800699300699296
IND731237AAB,IND731224AAA,Carting,late_evening,10,10,3.2514619883040936,61.5,19.0,1.0,477.0,1.8148148148148149,2.2936972059779075
IND731237AAB,IND731224AAA,Carting,night,5,5,3.1578947368421053,60.0,19.0,1.0,215.0,2.125,2.331578947368421
IND731301AAA,IND713205AAB,FTL,afternoon,1,1,1.9714285714285715,138.0,70.0,1.0,68.0,1.7676767676767677,1.7773792345220916
IND731301AAA,IND713205AAB,FTL,morning,15,15,1.8695652173913044,129.0,70.0,1.0,1026.0,1.8750586854460094,1.872704341993993
IND731301AAA,IND713205AAB,FTL,night,3,3,2.157142857142857,151.0,70.0,1.0,410.0,1.8226866738120757,1.8663113933769602
IND732103AAA,IND732138AAA,FTL,night,2,2,2.9305555555555554,105.5,36.0,1.0,139.0,1.8226866738120757,1.9234020266978467
IND732103AAB,IND732123AAC,Carting,morning,1,1,2.0232558139534884,261.0,129.0,1.0,132.0,2.2,2.1915836101882613
IND732103AAB,IND732202AAA,Carting,late_evening,5,5,4.352941176470588,76.0,17.0,1.0,318.0,1.8148148148148149,2.3224400871459694
IND732103AAB,IND732202AAA,Carting,night,3,3,4.0,68.0,17.0,1.0,162.0,2.125,2.369565217391304
IND732103AAB,IND733128AAA,Carting,late_evening,6,6,2.41384778012685,105.0,43.0,1.0,348.0,1.8148148148148149,1.9530531914252844
IND732123AAC,IND732139AAA,Carting,night,1,1,1.3529411764705883,23.0,17.0,1.0,6.0,2.125,2.088235294117647
IND732138AAA,IND733102AAA,FTL,morning,1,1,2.4029850746268657,161.0,67.0,1.0,94.0,1.8750586854460094,1.9001980373117648
IND732138AAA,IND733102AAA,FTL,night,1,1,1.5901639344262295,97.0,61.0,1.0,36.0,1.8226866738120757,1.8116141624127498
IND732138AAA,IND733124AAA,Carting,night,2,2,2.1644385026737964,72.5,33.5,1.0,78.0,2.125,2.1285853184248906
IND732138AAA,IND733124AAA,FTL,night,1,1,1.8055555555555556,65.0,36.0,1.0,29.0,1.8226866738120757,1.8218709062760512
IND732138AAA,IND733140AAA,Carting,night,2,2,2.6295319709953855,103.0,39.0,1.0,128.0,2.125,2.1708665428177625
IND732139AAA,IND732103AAB,Carting,night,1,1,2.2016806722689077,262.0,119.0,1.0,143.0,2.125,2.1286514605842335
IND732139AAA,IND732123AAC,Carting,night,1,1,1.3888888888888888,25.0,18.0,1.0,7.0,2.125,2.0899470899470898
IND732202AAA,IND732204AAB,Carting,morning,1,1,2.6,39.0,15.0,1.0,24.0,2.2,2.219047619047619
IND732202AAA,IND732204AAB,Carting,night,10,10,3.0690476190476192,43.5,14.0,1.0,291.0,2.125,2.4396825396825395
IND732204AAB,IND732123AAC,Carting,night,2,2,1.0992275698158052,110.0,100.5,0.5,41.0,2.125,2.031747960892346
IND732204AAB,IND732139AAA,Carting,night,6,6,0.4341692789968652,36.0,87.0,0.0,0.0,2.125,1.7348082951531227
IND733102AAA,IND732103AAB,Carting,night,1,1,2.510204081632653,246.0,98.0,1.0,148.0,2.125,2.1433430515063168
IND733128AAA,IND733129AAB,Carting,night,2,2,2.5345849802371543,114.0,45.0,1.0,138.0,2.125,2.162234998203378
IND733128AAA,IND733134AAA,Carting,night,5,5,2.0,38.0,19.0,1.0,98.0,2.125,2.1
IND733129AAA,IND732103AAB,Carting,morning,1,1,1.8823529411764706,128.0,68.0,1.0,60.0,2.2,2.184873949579832
IND733129AAA,IND732103AAB,Carting,night,3,3,3.242424242424242,196.0,65.0,1.0,400.0,2.125,2.2707509881422925
IND733129AAB,IND733129AAA,Carting,morning,1,1,2.090909090909091,46.0,22.0,1.0,24.0,2.2,2.1948051948051948
IND733129AAB,IND733129AAA,Carting,night,4,4,1.9084249084249083,42.0,21.5,1.0,80.0,2.125,2.0889041514041513
IND733134AAA,IND733129AAB,Carting,night,3,3,1.5454545454545454,32.0,21.0,1.0,35.0,2.125,2.0494071146245063
IND733140AAA,IND732103AAA,FTL,afternoon,1,1,2.9074074074074074,157.0,54.0,1.0,103.0,1.7676767676767677,1.8219496552829886
IND733140AAA,IND733102AAA,Carting,night,8,8,1.875,45.0,25.0,1.0,190.0,2.125,2.0535714285714284
IND733140AAA,IND733102AAA,FTL,night,1,1,1.5,36.0,24.0,1.0,12.0,1.8226866738120757,1.8073206417257865
IND733201AAA,IND733202AAB,FTL,morning,1,1,1.75,84.0,48.0,1.0,36.0,1.8750586854460094,1.8691035099485807
IND733202AAB,IND733210AAA,FTL,morning,1,1,1.3225806451612903,41.0,31.0,1.0,10.0,1.8750586854460094,1.8487502073372133
IND733202AAC,IND733210AAA,FTL,morning,1,1,2.1538461538461537,56.0,26.0,1.0,30.0,1.8750586854460094,1.8883342791793498
IND734214AAB,IND000000AFF,FTL,morning,3,3,3.1794871794871793,118.0,36.0,1.0,235.0,1.8750586854460094,2.045201532494858
IND735224AAA,IND736146AAA,FTL,morning,8,8,1.5104166666666667,72.5,49.0,1.0,216.0,1.8750586854460094,1.7708752515090544
IND736135AAA,IND736101AAA,FTL,afternoon,1,1,1.92,48.0,25.0,1.0,23.0,1.7676767676767677,1.7749302549302552
IND736135AAA,IND736101AAA,FTL,morning,5,5,2.130434782608696,49.0,23.0,1.0,126.0,1.8750586854460094,1.9261339048785466
IND736135AAA,IND736165AAA,FTL,morning,5,5,2.6216216216216215,96.0,36.0,1.0,288.0,1.8750586854460094,2.024371272681132
IND736146AAA,IND736135AAA,FTL,morning,8,8,1.634313725490196,93.0,55.0,1.0,317.0,1.8750586854460094,1.80627441117292
IND741101AAB,IND741502AAB,FTL,night,1,1,2.6666666666666665,32.0,12.0,1.0,20.0,1.8226866738120757,1.862876197281342
IND741121AAA,IND741201AAC,FTL,night,1,1,2.789473684210526,53.0,19.0,1.0,34.0,1.8226866738120757,1.8687241504977163
IND741123AAB,IND741126AAB,Carting,night,18,18,2.5161290322580645,78.0,31.0,1.0,872.0,2.125,2.310271646859083
IND741126AAB,IND741156AAA,Carting,morning,4,4,2.066666666666667,31.0,15.5,1.0,65.0,2.2,2.1777777777777776
IND741126AAB,IND741156AAA,Carting,night,16,16,2.75,42.5,16.0,1.0,438.0,2.125,2.4027777777777777
IND741156AAA,IND742101AAC,Carting,morning,1,1,2.066666666666667,62.0,30.0,1.0,32.0,2.2,2.193650793650794
IND741156AAA,IND742101AAC,Carting,night,7,7,3.0,90.0,31.0,1.0,505.0,2.125,2.3518518518518516
IND741156AAA,IND742102AAB,Carting,morning,6,6,2.9957386363636367,97.5,31.5,1.0,433.0,2.2,2.383631993006993
IND741156AAA,IND742102AAB,Carting,night,7,7,3.757575757575758,122.0,31.0,1.0,566.0,2.125,2.5482603815937153
IND741165AAB,IND742121AAB,Carting,night,15,15,1.032258064516129,96.0,93.0,0.2,111.0,2.125,1.6566820276497696
IND741201AAC,IND712311AAA,FTL,morning,1,1,10.0,815.0,57.0,1.0,758.0,1.8750586854460094,2.2619606528057234
IND741201AAC,IND712311AAA,FTL,night,3,3,10.0,901.0,57.0,1.0,2475.0,1.8226866738120757,2.889292759836588
IND742101AAC,IND712311AAA,FTL,afternoon,6,6,2.6360408821947283,440.0,179.0,1.0,1692.0,1.7676767676767677,1.9680684864116818
IND742101AAC,IND712311AAA,FTL,evening,1,1,2.5,470.0,188.0,1.0,282.0,1.7703025992499675,1.8050500945237786
IND742101AAC,IND713130AAA,Carting,evening,3,3,1.5656565656565657,155.0,98.0,1.0,179.0,1.7540983606557377,1.729518996090628
IND742101AAC,IND731237AAB,Carting,evening,5,5,2.7241379310344827,79.0,25.0,1.0,242.0,1.7540983606557377,1.9481062747314866
IND742101AAC,IND731237AAB,Carting,late_evening,2,2,3.2304597701149422,95.5,29.5,1.0,132.0,1.8148148148148149,1.9435098107511903
IND742101AAC,IND741123AAB,Carting,evening,1,1,2.20125786163522,350.0,159.0,1.0,191.0,1.7540983606557377,1.7753916702261892
IND742101AAC,IND742202AAA,FTL,evening,1,1,2.610169491525424,154.0,59.0,1.0,95.0,1.7703025992499675,1.8102962607868942
IND742101AAC,IND742303AAB,Carting,evening,7,7,2.6923076923076925,70.0,27.0,1.0,328.0,1.7540983606557377,1.997337817009948
IND742102AAB,IND712311AAA,FTL,afternoon,3,3,2.4176470588235293,419.0,173.0,1.0,896.0,1.7676767676767677,1.8524555013046062
IND742102AAB,IND712311AAA,FTL,evening,1,1,2.2411764705882353,381.0,170.0,1.0,211.0,1.7703025992499675,1.7927251645517899
IND742102AAB,IND713130AAA,Carting,evening,9,9,1.8888888888888888,187.0,99.0,1.0,906.0,1.7540983606557377,1.7959299039005088
IND742102AAB,IND713130AAA,Carting,late_evening,4,4,1.8686868686868687,185.0,99.0,1.0,347.0,1.8148148148148149,1.8237934904601572
IND742102AAB,IND731237AAB,Carting,evening,3,3,4.206896551724138,118.0,28.0,1.0,242.0,1.7540983606557377,2.0740285594907464
IND742102AAB,IND731237AAB,Carting,late_evening,8,8,2.8982758620689655,85.5,29.0,1.0,447.0,1.8148148148148149,2.1243751140302867
IND742102AAB,IND742121AAB,Carting,evening,1,1,2.613793103448276,379.0,145.0,1.0,234.0,1.7540983606557377,1.7950362055506202
IND742102AAB,IND742303AAB,Carting,evening,7,7,2.3846153846153846,62.0,27.0,1.0,242.0,1.7540983606557377,1.9175657372378683
IND742102AAB,IND742303AAB,Carting,late_evening,5,5,2.074074074074074,56.0,26.0,1.0,140.0,1.8148148148148149,1.866666666666667
IND742121AAA,IND742101AAC,Carting,night,6,6,3.6818181818181817,73.5,21.5,1.0,521.0,2.125,2.484265734265734
IND742121AAA,IND742102AAB,Carting,morning,1,1,4.181818181818182,92.0,22.0,1.0,70.0,2.2,2.294372294372294
IND742121AAA,IND742102AAB,Carting,night,11,11,3.9047619047619047,82.0,21.0,1.0,704.0,2.125,2.7565284178187404
IND742121AAB,IND742101AAC,Carting,night,1,1,3.588235294117647,122.0,34.0,1.0,88.0,2.125,2.194677871148459
IND742121AAB,IND742121AAA,Carting,night,16,16,3.4166666666666665,42.0,12.0,1.0,481.0,2.125,2.699074074074074
IND742137AAA,IND742401AAA,Carting,night,6,6,2.3474801061007957,68.5,28.5,1.0,262.0,2.125,2.1763415629463374
IND742147AAA,IND742137AAA,Carting,night,3,3,1.9411764705882353,33.0,17.0,1.0,49.0,2.125,2.101023017902813
IND742148AAA,IND742225AAA,Carting,late_evening,4,4,5.642857142857142,76.0,14.0,1.0,244.0,1.8148148148148149,2.452821869488536
IND742148AAA,IND742225AAA,Carting,night,12,12,3.3452380952380953,45.5,13.5,1.0,426.0,2.125,2.5825892857142856
IND742149AAA,IND742148AAA,Carting,late_evening,13,13,3.0588235294117645,53.0,21.0,1.0,527.0,1.8148148148148149,2.3048788538984617
IND742149AAA,IND742148AAA,Carting,night,1,1,2.95,59.0,20.0,1.0,39.0,2.125,2.1642857142857146
IND742149AAA,IND742225AAA,Carting,late_evening,1,1,4.315789473684211,164.0,38.0,1.0,126.0,1.8148148148148149,1.9339088461895482
IND742202AAA,IND712311AAA,FTL,night,2,2,2.9600667693888036,522.5,176.5,1.0,692.0,1.8226866738120757,1.9260848643190511
IND742202AAA,IND732103AAA,FTL,late_evening,1,1,4.722222222222222,170.0,36.0,1.0,134.0,1.8333333333333333,1.9708994708994707
IND742223AAA,IND742226AAA,Carting,morning,1,1,1.3488372093023255,58.0,43.0,1.0,15.0,2.2,2.159468438538206
IND742223AAA,IND742226AAA,Carting,night,16,16,1.2209302325581395,52.0,43.0,0.5625,292.0,2.125,1.7231912144702841
IND742225AAA,IND742223AAA,Carting,night,16,16,4.666666666666667,42.0,9.0,1.0,512.0,2.125,3.2546296296296298
IND742226AAA,IND742101AAC,Carting,night,6,6,2.1714285714285713,77.5,35.5,1.0,245.0,2.125,2.1357142857142857
IND742226AAA,IND742102AAB,Carting,morning,2,2,3.181888544891641,113.5,36.0,1.0,155.0,2.2,2.289262594990149
IND742226AAA,IND742102AAB,Carting,night,11,11,2.142857142857143,75.0,35.0,1.0,456.0,2.125,2.1313364055299537
IND742303AAB,IND741165AAB,Carting,late_evening,16,16,3.1501930501930504,114.5,35.5,1.0,1235.0,1.8148148148148149,2.408316252760697
IND742303AAB,IND741165AAB,Carting,night,2,2,3.469298245614035,128.5,37.0,1.0,183.0,2.125,2.2472089314194577
IND742401AAA,IND742101AAC,Carting,night,5,5,1.7037037037037037,184.0,108.0,1.0,502.0,2.125,2.0407407407407407
IND742401AAA,IND742102AAB,Carting,morning,2,2,3.827029789719626,281.5,85.5,1.0,392.0,2.2,2.3479117990654204
IND742401AAA,IND742102AAB,Carting,night,10,10,1.8785612535612537,199.0,108.0,1.0,966.0,2.125,2.0428537511870846
IND743235AAA,IND743270AAA,FTL,night,6,6,2.1,35.5,17.5,1.0,121.0,1.8226866738120757,1.8866820567785199
IND743270AAA,IND712311AAA,FTL,night,5,5,10.0,1136.0,73.0,1.0,5299.0,1.8226866738120757,3.458149339049661
IND743347AAA,IND700053AAA,Carting,night,6,6,3.130701754385965,224.5,77.0,1.0,923.0,2.125,2.357085020242915
IND743395AAA,IND700053AAA,FTL,morning,1,1,5.836363636363636,321.0,55.0,1.0,266.0,1.8750586854460094,2.063692254537325
IND743395AAA,IND700053AAA,FTL,night,3,3,2.4722222222222223,178.0,71.0,1.0,323.0,1.8226866738120757,1.9074087018655732
IND743513AAA,IND743347AAA,Carting,night,12,12,2.0657894736842106,77.0,38.0,1.0,512.0,2.125,2.1027960526315788
IND751002AAB,IND530012AAA,FTL,afternoon,3,3,1.5948275862068966,555.0,328.0,1.0,627.0,1.7676767676767677,1.7451312222676543
IND751002AAB,IND530012AAA,FTL,morning,7,7,1.6837349397590362,559.0,333.0,1.0,1588.0,1.8750586854460094,1.825456232860498
IND751002AAB,IND562132AAA,FTL,afternoon,3,3,2.0964066608238388,2396.0,1144.0,1.0,3792.0,1.7676767676767677,1.8105545798263858
IND751002AAB,IND562132AAA,FTL,evening,10,10,2.1024877435770137,2386.5,1132.0,1.0,12427.0,1.7703025992499675,1.8810309806923162
IND751002AAB,IND712311AAA,FTL,afternoon,4,4,1.842036181599886,577.5,314.5,1.0,1309.0,1.7676767676767677,1.7800700033306207
IND751002AAB,IND712311AAA,FTL,morning,14,14,2.0977927712761724,668.0,316.0,1.0,6009.0,1.8750586854460094,1.9667727207878414
IND751002AAB,IND712311AAA,FTL,night,7,7,1.9680511182108626,621.0,318.0,1.0,3053.0,1.8226866738120757,1.8603737519895391
IND751002AAB,IND754103AAA,FTL,afternoon,7,7,10.0,415.0,41.0,1.0,2746.0,1.7676767676767677,3.90198279087168
IND751002AAB,IND756100AAC,FTL,night,12,12,1.8707865168539324,165.0,85.0,1.0,905.0,1.8226866738120757,1.840724114952772
IND751002AAB,IND760003AAB,FTL,morning,12,12,1.88778073286052,272.0,145.0,1.0,1862.0,1.8750586854460094,1.879829453226451
IND751014AAA,IND751002AAB,Carting,morning,5,5,3.0,21.0,7.0,1.0,143.0,2.2,2.36
IND751015AAA,IND751002AAB,Carting,morning,4,4,2.0,14.0,7.0,1.0,33.0,2.2,2.1666666666666665
IND751015AAA,IND752050AAA,Carting,night,1,1,1.6363636363636365,18.0,11.0,1.0,7.0,2.125,2.1017316017316015
IND751015AAA,IND752055AAA,Carting,night,2,2,2.024891774891775,43.5,21.5,1.0,44.0,2.125,2.1158992522628886
IND751015AAA,IND752056AAA,Carting,night,6,6,2.128571428571429,40.0,17.5,0.8333333333333334,132.0,2.125,2.125824175824176
IND751021AAA,IND751002AAB,Carting,night,1,1,3.2,32.0,10.0,1.0,22.0,2.125,2.1761904761904765
IND752030AAA,IND754022AAA,FTL,night,1,1,1.6818181818181819,37.0,22.0,1.0,15.0,1.8226866738120757,1.8159786503837951
IND752050AAA,IND751002AAB,Carting,night,2,2,2.068478260869565,44.5,21.5,1.0,46.0,2.125,2.119861660079051
IND752050AAA,IND752056AAA,Carting,night,1,1,2.3333333333333335,14.0,6.0,1.0,8.0,2.125,2.134920634920635
IND752055AAA,IND751002AAB,Carting,night,1,1,1.5625,50.0,32.0,1.0,18.0,2.125,2.0982142857142856
IND752055AAA,IND752050AAA,Carting,night,1,1,1.0,16.0,16.0,0.0,0.0,2.125,2.0714285714285716
IND752056AAA,IND751002AAB,Carting,night,1,1,2.1176470588235294,36.0,17.0,1.0,19.0,2.125,2.1246498599439776
IND754022AAA,IND751002AAB,FTL,night,2,2,2.2623076923076924,115.5,51.0,1.0,129.0,1.8226866738120757,1.8626522209480412
IND754103AAA,IND754142AAA,FTL,late_evening,1,1,2.2264150943396226,118.0,53.0,1.0,65.0,1.8333333333333333,1.8520515124288708
IND754142AAA,IND754211AAA,FTL,night,2,2,2.9696296296296296,76.5,26.0,1.0,101.0,1.8226866738120757,1.9269542152500352
IND754160AAA,IND754142AAA,FTL,night,1,1,2.0,56.0,28.0,1.0,28.0,1.8226866738120757,1.8311301655353103
IND754202AAA,IND751002AAB,FTL,morning,1,1,3.3666666666666667,101.0,30.0,1.0,71.0,1.8750586854460094,1.9460876369327076
IND754211AAA,IND754202AAA,FTL,night,1,1,2.606060606060606,86.0,33.0,1.0,53.0,1.8226866738120757,1.8599901943953394
IND756019AAA,IND756029AAA,FTL,afternoon,1,1,1.3157894736842106,25.0,19.0,1.0,6.0,1.7676767676767677,1.7461583251056938
IND756019AAA,IND756032AAA,FTL,morning,1,1,1.542857142857143,54.0,35.0,1.0,19.0,1.8750586854460094,1.8592395643703494
IND756019AAA,IND757001AAA,FTL,morning,1,1,2.6666666666666665,120.0,45.0,1.0,75.0,1.8750586854460094,1.9127543035993742
IND756019AAA,IND757025AAA,FTL,afternoon,5,5,2.0,38.0,19.0,1.0,138.0,1.7676767676767677,1.8141414141414143
IND756019AAA,IND757025AAA,FTL,morning,3,3,2.1052631578947367,39.0,18.0,1.0,61.0,1.8750586854460094,1.9050853557654088
IND756019AAA,IND757041AAA,FTL,morning,1,1,0.9864864864864865,73.0,74.0,0.0,0.0,1.8750586854460094,1.832745723590794
IND756029AAA,IND712311AAA,FTL,afternoon,1,1,1.8389261744966443,274.0,149.0,1.0,125.0,1.7676767676767677,1.7710695965729524
IND756032AAA,IND712311AAA,FTL,afternoon,9,9,2.4285714285714284,323.0,135.0,1.0,2337.0,1.7676767676767677,1.972782007264766
IND756045AAB,IND756019AAA,FTL,morning,1,1,1.6875,27.0,16.0,1.0,11.0,1.8750586854460094,1.86612731947239
IND756100AAC,IND756045AAB,FTL,morning,1,1,1.1627906976744187,50.0,43.0,0.0,7.0,1.8750586854460094,1.841141162218791
IND756100AAC,IND757037AAA,FTL,evening,1,1,1.0476190476190477,198.0,189.0,0.0,9.0,1.7703025992499675,1.7358890967913525
IND756100AAC,IND758001AAA,FTL,afternoon,1,1,2.9220779220779223,675.0,231.0,1.0,444.0,1.7676767676767677,1.82264825121968
IND756100AAC,IND758001AAA,FTL,evening,3,3,1.9937888198757765,234.0,159.0,1.0,349.0,1.7703025992499675,1.799452975853334
IND756100AAC,IND758034AAA,FTL,afternoon,5,5,2.926470588235294,597.0,204.0,1.0,1849.0,1.7676767676767677,1.999435531788473
IND756100AAC,IND758034AAA,FTL,evening,8,8,1.8459674627898928,346.5,185.0,1.0,1320.0,1.7703025992499675,1.7919211316899462
IND757001AAA,IND757041AAA,FTL,night,2,2,1.9634146341463414,83.5,42.5,1.0,82.0,1.8226866738120757,1.8354801247515546
IND757024AAA,IND756019AAA,FTL,night,1,1,1.930232558139535,166.0,86.0,1.0,80.0,1.8226866738120757,1.8278079063990977
IND757025AAA,IND757001AAA,FTL,night,6,6,2.088888888888889,37.0,17.0,1.0,134.0,1.8226866738120757,1.8841179542144175
IND757037AAA,IND756100AAC,FTL,morning,4,4,1.8072576594676042,281.0,175.5,1.0,473.0,1.8750586854460094,1.8637585144496087
IND757037AAA,IND756100AAC,FTL,night,8,8,2.332116067903671,339.0,172.5,1.0,1778.0,1.8226866738120757,1.9682379292668173
IND757037AAA,IND758001AAA,FTL,late_evening,1,1,1.6808510638297873,79.0,47.0,1.0,32.0,1.8333333333333333,1.8260722728807832
IND757041AAA,IND756019AAA,FTL,evening,1,1,1.3559322033898304,80.0,59.0,1.0,21.0,1.7703025992499675,1.7505706756375798
IND757041AAA,IND756019AAA,FTL,night,3,3,1.3220338983050848,78.0,59.0,0.6666666666666666,403.0,1.8226866738120757,1.7573841378763813
IND757041AAA,IND757001AAA,FTL,night,1,1,1.8048780487804879,74.0,41.0,1.0,33.0,1.8226866738120757,1.821838644048667
IND758001AAA,IND757037AAA,FTL,night,3,3,1.8695652173913044,86.0,46.0,1.0,112.0,1.8226866738120757,1.8288012664528448
IND758001AAA,IND758035AAA,FTL,night,3,3,2.1153846153846154,108.0,51.0,1.0,158.0,1.8226866738120757,1.8608646661911028
IND758034AAA,IND756100AAC,FTL,night,1,1,1.6105769230769231,335.0,208.0,1.0,127.0,1.8226866738120757,1.812586209491354
IND758034AAA,IND757037AAA,FTL,night,2,2,1.9757437070938217,184.5,93.5,1.0,182.0,1.8226866738120757,1.836600949564962
IND758034AAA,IND758001AAA,FTL,late_evening,1,1,2.1739130434782608,100.0,46.0,1.0,54.0,1.8333333333333333,1.849551414768806
IND758035AAA,IND758001AAA,FTL,night,1,1,1.7142857142857142,84.0,49.0,1.0,35.0,1.8226866738120757,1.8175247233584397
IND759122AAC,IND767017AAA,Carting,evening,1,1,0.8451612903225807,262.0,310.0,0.0,0.0,1.7540983606557377,1.7108156430208252
IND760003AAB,IND754022AAA,FTL,evening,1,1,2.6538461538461537,207.0,78.0,1.0,129.0,1.7703025992499675,1.812376101849786
IND760003AAB,IND761020AAA,FTL,evening,1,1,2.5,35.0,14.0,1.0,21.0,1.7703025992499675,1.8050500945237786
IND761200AAA,IND532001AAB,FTL,afternoon,1,1,2.3333333333333335,112.0,48.0,1.0,64.0,1.7676767676767677,1.7946127946127948
IND761200AAA,IND532001AAB,FTL,morning,11,11,2.2,110.0,49.0,1.0,673.0,1.8750586854460094,1.9903604422232322
IND762001AAA,IND759122AAC,Carting,morning,1,1,1.116094986807388,423.0,379.0,0.0,44.0,2.2,2.1483854755622565
IND764001AAC,IND764059AAA,Carting,afternoon,1,1,4.0,116.0,29.0,1.0,87.0,2.234668335419274,2.318731748018356
IND764001AAC,IND764059AAA,Carting,morning,2,2,2.9082512315270934,83.0,28.5,1.0,109.0,2.2,2.2643864755933722
IND764001AAC,IND764059AAA,Carting,night,4,4,2.5467980295566504,72.5,28.5,1.0,218.0,2.125,2.195299671592775
IND764020AAC,IND764001AAC,Carting,night,1,1,2.25,27.0,12.0,1.0,15.0,2.125,2.130952380952381
IND764059AAA,IND764071AAB,Carting,afternoon,1,1,2.125,17.0,8.0,1.0,9.0,2.234668335419274,2.229446033732642
IND764059AAA,IND764071AAB,Carting,morning,2,2,2.0625,16.5,8.0,1.0,17.0,2.2,2.1875
IND764071AAB,IND530012AAA,Carting,afternoon,1,1,10.0,2541.0,211.0,1.0,2330.0,2.234668335419274,2.604446033732642
IND764071AAB,IND530012AAA,Carting,morning,1,1,2.3421052631578947,623.0,266.0,1.0,357.0,2.2,2.2067669172932334
IND764071AAB,IND764073AAA,Carting,morning,2,2,1.7253176930596286,55.0,32.0,1.0,46.0,2.2,2.156847063005421
IND767001AAA,IND762001AAA,Carting,night,1,1,2.2758620689655173,264.0,116.0,1.0,148.0,2.125,2.132183908045977
IND767001AAA,IND767017AAA,FTL,night,3,3,1.7941176470588236,61.0,34.0,1.0,90.0,1.8226866738120757,1.8189602790181734
IND767017AAA,IND767001AAA,Carting,night,1,1,2.6774193548387095,83.0,31.0,1.0,52.0,2.125,2.151305683563748
IND767017AAA,IND768004AAD,FTL,night,2,2,2.147267206477733,165.5,77.0,1.0,177.0,1.8226866738120757,1.8521939949634991
IND768004AAD,IND768028AAA,FTL,evening,1,1,2.2777777777777777,82.0,36.0,1.0,46.0,1.7703025992499675,1.7944680839417682
IND768004AAD,IND768028AAA,FTL,late_evening,1,1,2.8,98.0,35.0,1.0,63.0,1.8333333333333333,1.8793650793650791
IND768004AAD,IND768028AAB,FTL,evening,1,1,2.6129032258064515,81.0,31.0,1.0,50.0,1.7703025992499675,1.8104264386098
IND768028AAA,IND767001AAA,FTL,night,1,1,0.5625,126.0,224.0,0.0,0.0,1.8226866738120757,1.7626777845829293
IND768028AAB,IND767001AAA,FTL,late_evening,1,1,0.6681614349775785,149.0,223.0,0.0,0.0,1.8333333333333333,1.7778489572211544
IND768201AAA,IND770001AAA,FTL,night,1,1,4.333333333333333,130.0,30.0,1.0,100.0,1.8226866738120757,1.9422412766464217
IND768216AAA,IND770001AAA,FTL,night,5,5,2.2058823529411766,75.0,35.0,1.0,222.0,1.8226866738120757,1.899325809637896
IND770001AAA,IND770017AAB,FTL,night,6,6,1.5786885245901638,95.5,60.5,1.0,210.0,1.8226866738120757,1.7663794086070193
IND781001AAA,IND781018AAB,Carting,morning,5,5,1.2105263157894737,46.0,36.0,0.6,72.0,2.2,2.002105263157895
IND781001AAA,IND781018AAB,Carting,night,5,5,3.0256410256410255,112.0,37.0,1.0,375.0,2.125,2.305128205128205
IND781003AAA,IND781018AAB,Carting,night,3,3,3.108108108108108,115.0,37.0,1.0,219.0,2.125,2.253231492361927
IND781005AAA,IND781018AAB,Carting,morning,7,7,1.3333333333333333,48.0,36.0,0.7142857142857143,139.0,2.2,1.9753086419753085
IND781005AAA,IND781018AAB,Carting,night,3,3,1.3714285714285714,48.0,35.0,0.6666666666666666,109.0,2.125,2.0267080745341617
IND781014AAA,IND781102AAA,Carting,morning,4,4,2.4558823529411766,40.5,16.5,1.0,100.0,2.2,2.2426470588235294
IND781014AAA,IND781124AAA,Carting,night,8,8,2.346320346320346,47.0,21.0,1.0,261.0,2.125,2.188234384662956
IND781018AAA,IND781018AAB,Carting,morning,1,1,0.8611111111111112,31.0,36.0,0.0,0.0,2.2,2.1362433862433865
IND781018AAA,IND781018AAB,Carting,night,1,1,1.2647058823529411,43.0,34.0,1.0,9.0,2.125,2.0840336134453783
IND781018AAB,IND110037AAM,FTL,evening,4,4,1.9841564061311934,3320.5,1661.0,1.0,6600.0,1.7703025992499675,1.8059449003968384
IND781018AAB,IND110037AAM,FTL,late_evening,13,13,2.0,3366.0,1684.0,1.0,22174.0,1.8333333333333333,1.898989898989899
IND781018AAB,IND712311AAA,FTL,afternoon,4,4,3.34719801998283,2394.5,723.5,1.0,6767.0,1.7676767676767677,2.030930309727778
IND781018AAB,IND712311AAA,FTL,evening,1,1,2.7457865168539324,1955.0,712.0,1.0,1243.0,1.7703025992499675,1.816754214373966
IND781018AAB,IND712311AAA,FTL,morning,1,1,2.272490221642764,1743.0,767.0,1.0,976.0,1.8750586854460094,1.893983996693474
IND781018AAB,IND781003AAA,Carting,late_evening,1,1,0.7755102040816326,38.0,49.0,0.0,0.0,1.8148148148148149,1.7653241190656157
IND781018AAB,IND781003AAA,Carting,morning,5,5,1.9047619047619047,80.0,43.0,0.8,226.0,2.2,2.140952380952381
IND781018AAB,IND781003AAA,Carting,night,1,1,0.9523809523809523,40.0,42.0,0.0,0.0,2.125,2.069160997732426
IND781018AAB,IND781005AAA,Carting,late_evening,2,2,1.1879166666666667,58.5,49.0,0.5,24.0,1.8148148148148149,1.757824074074074
IND781018AAB,IND781005AAA,Carting,night,4,4,1.3222517730496453,63.0,48.0,0.5,74.0,2.125,1.9912086288416075
IND781018AAB,IND781022AAA,Carting,morning,6,6,0.9958425720620843,42.5,41.5,0.3333333333333333,49.0,2.2,1.9221175166297118
IND781018AAB,IND781022AAA,Carting,night,3,3,0.8636363636363636,38.0,43.0,0.0,0.0,2.125,1.9604743083003953
IND781018AAB,IND781102AAA,Carting,morning,1,1,1.108695652173913,51.0,46.0,0.0,5.0,2.2,2.148033126293996
IND781018AAB,IND781354AAA,FTL,morning,5,5,1.9811320754716981,105.0,53.0,1.0,244.0,1.8750586854460094,1.896273363451147
IND781018AAB,IND781354AAA,FTL,night,3,3,1.528301886792453,81.0,54.0,1.0,94.0,1.8226866738120757,1.7842886581138642
IND781018AAB,IND784001AAA,FTL,morning,4,4,1.8767591791807532,299.5,156.5,1.0,566.0,1.8750586854460094,1.875342101068467
IND781018AAB,IND784125AAA,FTL,afternoon,1,1,1.676923076923077,109.0,65.0,1.0,44.0,1.7676767676767677,1.7633551633551634
IND781018AAB,IND784125AAA,FTL,morning,3,3,1.7384615384615385,113.0,65.0,1.0,147.0,1.8750586854460094,1.857241666274122
IND781018AAB,IND784168AAB,FTL,morning,1,1,2.3122171945701355,511.0,221.0,1.0,290.0,1.8750586854460094,1.8958757573090632
IND781018AAB,IND785001AAA,FTL,night,2,2,2.0261745061015133,538.0,266.5,1.0,543.0,1.8226866738120757,1.84118556765657
IND781018AAB,IND785612AAB,FTL,night,2,2,2.5527245603015074,497.0,195.5,1.0,603.0,1.8226866738120757,1.889053754402024
IND781018AAB,IND785621AAA,FTL,night,1,1,1.7403100775193798,449.0,258.0,1.0,191.0,1.8226866738120757,1.818763978750519
IND781018AAB,IND788026AAC,FTL,night,12,12,2.7546081432474243,679.0,246.0,1.0,5571.0,1.8226866738120757,2.1721572248503316
IND781018AAB,IND793001AAA,FTL,afternoon,10,10,2.0457669478288034,201.0,99.0,1.0,990.0,1.7676767676767677,1.860373494394113
IND781022AAA,IND781018AAB,Carting,morning,7,7,1.0588235294117647,36.0,34.0,0.2857142857142857,82.0,2.2,1.9041394335511983
IND781022AAA,IND781018AAB,Carting,night,5,5,0.8571428571428571,30.0,35.0,0.4,149.0,2.125,1.8714285714285714
IND781102AAA,IND781018AAB,Carting,morning,2,2,4.345588235294118,154.5,35.0,1.0,239.0,2.2,2.395053475935829
IND781124AAA,IND781018AAB,Carting,night,6,6,4.938172043010753,150.5,30.0,1.0,765.0,2.125,2.7741935483870965
IND781335AAA,IND000000AET,FTL,afternoon,4,4,1.8389795918367349,91.0,49.5,1.0,175.0,1.7676767676767677,1.7795605717034289
IND781354AAA,IND781335AAA,FTL,afternoon,1,1,2.533333333333333,38.0,15.0,1.0,23.0,1.7676767676767677,1.8041366041366043
IND781354AAA,IND781335AAA,FTL,morning,1,1,3.7333333333333334,56.0,15.0,1.0,41.0,1.8750586854460094,1.963547954393025
IND783129AAA,IND794101AAA,FTL,morning,1,1,2.0,208.0,104.0,1.0,104.0,1.8750586854460094,1.8810082718533425
IND783301AAA,IND783348AAA,FTL,evening,6,6,1.890625,60.5,32.0,1.0,219.0,1.7703025992499675,1.7980693071153597
IND783301AAA,IND783348AAA,FTL,late_evening,4,4,1.984375,63.5,32.0,1.0,120.0,1.8333333333333333,1.8585069444444444
IND783301AAA,IND783348AAA,FTL,night,1,1,2.6666666666666665,88.0,33.0,1.0,55.0,1.8226866738120757,1.862876197281342
IND783348AAA,IND783129AAA,FTL,late_evening,8,8,1.7239583333333335,165.5,96.0,1.0,543.0,1.8333333333333333,1.8020833333333333
IND783348AAA,IND783129AAA,FTL,night,2,2,2.0103092783505154,195.0,97.0,1.0,196.0,1.8226866738120757,1.8397432742246613
IND783370AAB,IND783301AAA,FTL,evening,2,2,2.1739130434782608,100.0,46.0,1.0,108.0,1.7703025992499675,1.806994457816176
IND783370AAC,IND783301AAA,FTL,evening,8,8,2.583786231884058,127.5,46.5,1.0,672.0,1.7703025992499675,2.002726494288279
IND784001AAA,IND784101AAA,Carting,night,1,1,7.6,114.0,15.0,1.0,99.0,2.125,2.3857142857142857
IND784001AAA,IND784168AAB,FTL,evening,1,1,2.0760869565217392,191.0,92.0,1.0,99.0,1.7703025992499675,1.784863759120052
IND784001AAA,IND790114AAA,Carting,night,1,1,2.92,146.0,50.0,1.0,96.0,2.125,2.162857142857143
IND784001AAA,IND791111AAC,FTL,evening,3,3,2.4358974358974357,285.0,118.0,1.0,500.0,1.7703025992499675,1.8571193170735503
IND784101AAA,IND790114AAA,Carting,morning,1,1,1.28125,41.0,32.0,1.0,9.0,2.2,2.15625
IND784110AAA,IND781018AAB,FTL,evening,1,1,2.1802325581395348,375.0,172.0,1.0,203.0,1.7703025992499675,1.7898230734828042
IND784110AAA,IND784001AAA,FTL,evening,2,2,2.8600000000000003,71.5,25.0,1.0,93.0,1.7703025992499675,1.8693659993181522
IND784125AAA,IND784110AAA,FTL,afternoon,3,3,2.5306122448979593,124.0,49.0,1.0,236.0,1.7676767676767677,1.8671900907925754
IND784168AAB,IND784176AAA,FTL,evening,1,1,2.292682926829268,94.0,41.0,1.0,53.0,1.7703025992499675,1.7951778529442197
IND784168AAB,IND784176AAA,FTL,late_evening,3,3,2.8292682926829267,116.0,39.0,1.0,195.0,1.8333333333333333,1.9632378932484977
IND784168AAB,IND784176AAA,FTL,night,2,2,2.6202356202356203,99.0,38.0,1.0,122.0,1.8226866738120757,1.8951911234869436
IND784168AAB,IND791111AAC,FTL,late_evening,2,2,3.4400000000000004,86.0,25.0,1.0,122.0,1.8333333333333333,1.9793939393939395
IND784176AAA,IND781018AAB,FTL,night,4,4,2.2645035542306813,422.0,187.0,1.0,942.0,1.8226866738120757,1.8963228205485099
IND785001AAA,IND785112AAC,Carting,evening,3,3,2.235294117647059,40.0,18.0,1.0,72.0,1.7540983606557377,1.8168630246111273
IND785001AAA,IND785682AAA,FTL,evening,11,11,2.125,85.0,45.0,1.0,629.0,1.7703025992499675,1.8961629672580436
IND785001AAA,IND798601AAA,Carting,evening,1,1,4.25,306.0,72.0,1.0,234.0,1.7540983606557377,1.872950819672131
IND785112AAC,IND785001AAA,Carting,morning,1,1,10.0,215.0,20.0,1.0,195.0,2.2,2.5714285714285716
IND785112AAC,IND785001AAA,Carting,night,1,1,10.0,369.0,19.0,1.0,350.0,2.125,2.5
IND785112AAC,IND785634AAA,Carting,night,2,2,3.2583333333333333,95.5,29.0,1.0,133.0,2.125,2.228030303030303
IND785612AAB,IND781018AAB,FTL,morning,1,1,2.184049079754601,356.0,163.0,1.0,193.0,1.8750586854460094,1.8897725137464187
IND785612AAB,IND785621AAA,FTL,afternoon,1,1,1.6944444444444444,61.0,36.0,1.0,25.0,1.7676767676767677,1.7641895141895143
IND785621AAA,IND785001AAA,FTL,afternoon,1,1,1.5454545454545454,68.0,44.0,1.0,24.0,1.7676767676767677,1.7570947570947573
IND785621AAA,IND785001AAA,FTL,evening,2,2,1.7544296788482834,74.5,42.5,1.0,64.0,1.7703025992499675,1.768859606486178
IND785634AAA,IND785001AAA,Carting,night,3,3,10.0,468.0,16.0,1.0,1415.0,2.125,3.152173913043478
IND785675AAA,IND785612AAB,FTL,night,1,1,2.264957264957265,265.0,117.0,1.0,148.0,1.8226866738120757,1.8437471781523231
IND785682AAA,IND785690AAB,Carting,night,2,2,2.968070652173913,117.5,39.0,1.0,157.0,2.125,2.201642786561265
IND785682AAA,IND786001AAB,FTL,evening,2,2,2.2723118279569894,138.5,61.0,1.0,155.0,1.7703025992499675,1.8159398018596968
IND785682AAA,IND786001AAB,FTL,late_evening,8,8,2.1364819151704397,134.5,62.0,1.0,588.0,1.8333333333333333,1.9199472138582208
IND785690AAB,IND785682AAA,Carting,night,16,16,3.2311594202898553,144.5,49.5,1.0,1878.0,2.125,2.6166264090177136
IND786001AAB,IND785675AAA,FTL,late_evening,1,1,3.3333333333333335,90.0,27.0,1.0,63.0,1.8333333333333333,1.9047619047619047
IND786001AAB,IND785675AAA,FTL,night,2,2,2.561293436293436,79.5,32.5,1.0,94.0,1.8226866738120757,1.889832743128563
IND786001AAB,IND786125AAA,Carting,night,1,1,2.4444444444444446,66.0,27.0,1.0,39.0,2.125,2.14021164021164
IND786001AAB,IND786171AAA,Carting,night,13,13,1.5982905982905984,155.0,94.0,0.9230769230769231,1014.0,2.125,1.9175084175084176
IND786001AAB,IND786184AAA,Carting,late_evening,2,2,2.0769230769230766,27.0,13.0,1.0,28.0,1.8148148148148149,1.8386428386428386
IND786001AAB,IND786184AAA,Carting,night,8,8,2.1153846153846154,27.5,13.0,1.0,242.0,2.125,2.1222527472527473
IND786001AAB,IND786190AAA,Carting,night,1,1,1.6875,81.0,48.0,1.0,33.0,2.125,2.1041666666666665
IND786001AAB,IND786602AAA,Carting,night,13,13,1.625,52.0,33.0,1.0,354.0,2.125,1.928030303030303
IND786001AAB,IND792103AAB,Carting,morning,1,1,2.152941176470588,183.0,85.0,1.0,98.0,2.2,2.1977591036414568
IND786125AAA,IND786190AAA,Carting,night,7,7,3.090909090909091,49.0,15.0,1.0,240.0,2.125,2.3754208754208754
IND786171AAA,IND786181AAC,Carting,morning,3,3,2.75,22.0,8.0,1.0,39.0,2.2,2.2717391304347827
IND786171AAA,IND786181AAC,Carting,night,8,8,2.196428571428571,18.0,8.5,1.0,93.0,2.125,2.145408163265306
IND786181AAC,IND786001AAB,Carting,morning,10,10,1.8053097345132743,204.0,113.5,1.0,1066.0,2.2,2.068436578171091
IND786181AAC,IND786001AAB,Carting,night,4,4,1.5859989780275932,157.5,99.0,1.0,234.0,2.125,2.0351664963379323
IND786181AAC,IND792120AAB,Carting,morning,2,2,6.90078201368524,219.5,32.0,1.0,375.0,2.2,2.627343819425931
IND786181AAC,IND792120AAB,Carting,night,7,7,4.774193548387097,160.0,32.0,1.0,873.0,2.125,2.8118279569892475
IND786181AAC,IND792121AAB,Carting,morning,6,6,3.85978835978836,106.0,27.5,1.0,542.0,2.2,2.5830280830280827
IND786181AAC,IND792121AAB,Carting,night,5,5,3.0344827586206895,88.0,28.0,1.0,332.0,2.125,2.306896551724138
IND786184AAA,IND786125AAA,Carting,night,5,5,2.7333333333333334,41.0,15.0,1.0,142.0,2.125,2.246666666666667
IND786184AAA,IND786190AAA,Carting,night,2,2,1.6857142857142857,52.5,31.5,1.0,42.0,2.125,2.0850649350649353
IND786190AAA,IND786001AAB,Carting,morning,1,1,2.239130434782609,103.0,46.0,1.0,57.0,2.2,2.201863354037267
IND786190AAA,IND792103AAB,Carting,morning,1,1,2.5142857142857142,88.0,35.0,1.0,53.0,2.2,2.214965986394558
IND786190AAA,IND792103AAB,Carting,night,8,8,2.081081081081081,73.0,35.5,1.0,322.0,2.125,2.1124517374517375
IND787001AAA,IND787057AAA,FTL,morning,1,1,2.2666666666666666,102.0,45.0,1.0,57.0,1.8750586854460094,1.8937066845517552
IND787001AAA,IND787057AAA,FTL,night,7,7,2.8260869565217392,135.0,46.0,1.0,621.0,1.8226866738120757,2.0828274878479145
IND787057AAA,IND787059AAB,FTL,morning,10,10,2.12,53.0,24.5,1.0,316.0,1.8750586854460094,1.9567057902973397
IND787059AAB,IND791102AAA,FTL,morning,1,1,2.757142857142857,193.0,70.0,1.0,123.0,1.8750586854460094,1.91706269362205
IND788026AAC,IND781018AAB,FTL,evening,3,3,2.1316872427983538,518.0,243.0,1.0,850.0,1.7703025992499675,1.8174397266693223
IND788026AAC,IND781018AAB,FTL,late_evening,12,12,2.4540057345252153,583.0,242.0,1.0,4279.0,1.8333333333333333,2.066085483780289
IND788026AAC,IND781018AAB,FTL,morning,1,1,2.6818181818181817,649.0,242.0,1.0,407.0,1.8750586854460094,1.9134758043208748
IND788026AAC,IND781018AAB,FTL,night,2,2,2.353305785123967,569.5,242.0,1.0,655.0,1.8226866738120757,1.8709247748404296
IND788026AAC,IND788121AAA,FTL,evening,1,1,4.95,99.0,20.0,1.0,79.0,1.7703025992499675,1.9217167611904453
IND788026AAC,IND788121AAA,FTL,late_evening,1,1,3.15,63.0,20.0,1.0,43.0,1.8333333333333333,1.896031746031746
IND788026AAC,IND788151AAA,FTL,evening,4,4,2.6136363636363633,57.5,22.0,1.0,141.0,1.7703025992499675,1.9108582266477
IND788026AAC,IND788151AAA,FTL,late_evening,6,6,2.409090909090909,53.0,22.0,1.0,224.0,1.8333333333333333,1.966200466200466
IND788026AAC,IND788151AAA,FTL,night,3,3,2.739130434782609,63.0,23.0,1.0,156.0,1.8226866738120757,1.9422228165473627
IND788026AAC,IND799250AAA,FTL,night,1,1,4.2,336.0,80.0,1.0,256.0,1.8226866738120757,1.9358920702972153
IND788121AAA,IND796081AAA,FTL,morning,1,1,3.5686274509803924,182.0,51.0,1.0,131.0,1.8750586854460094,1.955704817138123
IND788121AAA,IND796081AAA,FTL,night,2,2,3.5822704081632653,173.5,48.5,1.0,250.0,1.8226866738120757,1.9826488314803656
IND788151AAA,IND788713AAA,FTL,morning,4,4,2.59375,83.0,32.0,1.0,222.0,1.8750586854460094,1.994840571205008
IND788151AAA,IND788713AAA,FTL,night,8,8,2.7308467741935485,88.0,32.0,1.0,465.0,1.8226866738120757,2.0821609882067826
IND788151AAA,IND788806AAA,FTL,night,1,1,2.611111111111111,47.0,18.0,1.0,29.0,1.8226866738120757,1.8602306946358396
IND788713AAA,IND788026AAC,FTL,morning,1,1,10.0,361.0,30.0,1.0,331.0,1.8750586854460094,2.2619606528057234
IND788713AAA,IND788806AAA,FTL,morning,6,6,2.6923076923076925,35.5,13.0,1.0,141.0,1.8750586854460094,2.063654610106398
IND788713AAA,IND788806AAA,FTL,night,4,4,3.6263736263736264,49.0,13.5,1.0,136.0,1.8226866738120757,2.1233011659056675
IND788806AAA,IND788026AAC,FTL,morning,9,9,3.75,63.0,16.0,1.0,538.0,1.8750586854460094,2.4569370244455238
IND788806AAA,IND788713AAA,FTL,night,1,1,4.230769230769231,55.0,13.0,1.0,42.0,1.8226866738120757,1.9373572717624168
IND790001AAB,IND784001AAA,Carting,afternoon,1,1,7.293103448275862,846.0,116.0,1.0,730.0,2.234668335419274,2.4755461979362545
IND791102AAA,IND784168AAB,FTL,afternoon,1,1,2.766990291262136,570.0,206.0,1.0,364.0,1.7676767676767677,1.8152631259427379
IND791109AAA,IND787001AAA,FTL,morning,1,1,3.6875,118.0,32.0,1.0,86.0,1.8750586854460094,1.9613654147104853
IND791110AAA,IND787001AAA,FTL,night,1,1,3.5294117647058822,120.0,34.0,1.0,86.0,1.8226866738120757,1.9039592971879715
IND791125AAB,IND791102AAA,FTL,morning,4,4,1.9749208860759493,157.0,79.0,1.0,330.0,1.8750586854460094,1.8917023855509996
IND792001AAA,IND786001AAB,Carting,morning,1,1,1.9109589041095891,279.0,146.0,1.0,133.0,2.2,2.186236138290933
IND792001AAA,IND792110AAA,Carting,morning,2,2,1.5697674418604652,67.5,43.0,1.0,49.0,2.2,2.142706131078224
IND792103AAB,IND792001AAA,Carting,morning,9,9,0.5871559633027523,64.0,109.0,0.0,0.0,2.2,1.6994621955077507
IND792103AAB,IND792001AAA,Carting,night,2,2,0.6116055375764113,64.5,105.5,0.0,0.0,2.125,1.9874186852342193
IND792110AAA,IND786001AAB,Carting,morning,2,2,2.4192617695548635,253.5,104.5,1.0,298.0,2.2,2.219932888141351
IND792120AAB,IND786181AAC,Carting,morning,3,3,3.088235294117647,105.0,34.0,1.0,196.0,2.2,2.315856777493606
IND792121AAB,IND786181AAC,Carting,afternoon,1,1,10.0,896.0,31.0,1.0,865.0,2.234668335419274,2.604446033732642
IND792121AAB,IND786181AAC,Carting,morning,9,9,10.0,970.0,29.0,1.0,5204.0,2.2,4.620689655172414
IND792121AAB,IND786181AAC,Carting,night,1,1,3.6538461538461537,95.0,26.0,1.0,69.0,2.125,2.197802197802198
IND792130AAB,IND786001AAB,Carting,morning,10,10,3.0246913580246915,245.0,81.0,1.0,1713.0,2.2,2.4748971193415636
IND793001AAA,IND781018AAB,FTL,evening,1,1,2.546511627906977,438.0,172.0,1.0,266.0,1.7703025992499675,1.8072649339479205
IND793001AAA,IND793150AAA,FTL,evening,2,2,2.3171497584541063,105.5,45.5,1.0,120.0,1.7703025992499675,1.8200159773594349
IND793150AAA,IND781018AAB,FTL,evening,1,1,1.9142857142857144,268.0,140.0,1.0,128.0,1.7703025992499675,1.7771589380611934
IND794101AAA,IND781018AAB,FTL,morning,5,5,2.37888198757764,383.0,161.0,1.0,1140.0,1.8750586854460094,1.9758233458723355
IND794101AAA,IND781018AAB,FTL,night,4,4,2.298933782267116,376.0,163.5,1.0,853.0,1.8226866738120757,1.9020611918879158
IND796009AAA,IND796321AAB,FTL,afternoon,2,2,5.006857483601669,648.5,129.5,1.0,1038.0,1.7676767676767677,2.0621477418517586
IND796009AAA,IND796321AAB,FTL,morning,2,2,5.301806526806526,693.5,131.0,1.0,1125.0,1.8750586854460094,2.1865812164787837
IND796081AAA,IND788026AAC,FTL,morning,1,1,2.6857142857142855,188.0,70.0,1.0,118.0,1.8750586854460094,1.913661333077832
IND796321AAB,IND796009AAA,FTL,night,3,3,4.038461538461538,525.0,130.0,1.0,2629.0,1.8226866738120757,2.1117007865924404
IND798601AAA,IND785001AAA,Carting,night,5,5,3.4347826086956523,298.0,92.0,1.0,1879.0,2.125,2.3869565217391306
IND799250AAA,IND799008AAA,FTL,afternoon,1,1,2.7704918032786887,338.0,122.0,1.0,216.0,1.7676767676767677,1.8154298646101925
IND801103AAA,IND802301AAA,FTL,evening,7,7,2.875,46.0,15.0,1.0,219.0,1.7703025992499675,2.05670562907405
IND801103AAA,IND802301AAA,FTL,late_evening,4,4,2.59375,41.5,16.0,1.0,130.0,1.8333333333333333,1.9600694444444444
IND802101AAA,IND802119AAA,FTL,night,14,14,2.7916666666666665,34.0,13.0,1.0,355.0,1.8226866738120757,2.2216784355757304
IND802101AAA,IND802158AAB,FTL,night,1,1,2.0294117647058822,138.0,68.0,1.0,70.0,1.8226866738120757,1.8325307257594001
IND802119AAA,IND802158AAB,FTL,night,16,16,1.311952861952862,68.5,54.0,0.875,318.0,1.8226866738120757,1.5956938685413142
IND802158AAB,IND821115AAB,FTL,morning,1,1,4.098591549295775,291.0,71.0,1.0,220.0,1.8750586854460094,1.9809412027721889
IND802158AAB,IND821115AAB,FTL,night,10,10,2.417080745341615,165.5,70.0,1.0,925.0,1.8226866738120757,2.020818030988589
IND802212AAA,IND821115AAB,FTL,morning,5,5,10.0,962.0,41.0,1.0,4653.0,1.8750586854460094,3.5000469483568075
IND802212AAA,IND821115AAB,FTL,night,2,2,5.8076923076923075,553.5,40.5,1.0,1026.0,1.8226866738120757,2.1849599132557334
IND802213AAB,IND802212AAA,FTL,night,5,5,3.5,59.0,17.0,1.0,218.0,1.8226866738120757,2.1581493390496607
IND802301AAA,IND804401AAA,FTL,late_evening,10,10,1.547838412473423,122.5,81.0,0.8,468.0,1.8333333333333333,1.738168359713363
IND803101AAA,IND805110AAD,FTL,late_evening,8,8,2.3349802371541504,52.5,22.5,1.0,245.0,1.8333333333333333,1.976661020139281
IND803101AAA,IND805110AAD,FTL,night,1,1,2.3636363636363638,52.0,22.0,1.0,30.0,1.8226866738120757,1.848446182851328
IND803116AAA,IND803108AAB,FTL,night,13,13,2.2941176470588234,78.0,33.0,1.0,586.0,1.8226866738120757,2.0084019056971583
IND803213AAA,IND803212AAB,FTL,late_evening,2,2,2.771526586620926,149.0,54.0,1.0,190.0,1.8333333333333333,1.9186236290867507
IND803213AAA,IND811105AAA,FTL,evening,1,1,2.938775510204082,144.0,49.0,1.0,95.0,1.7703025992499675,1.8259441664382587
IND803213AAA,IND811105AAA,FTL,late_evening,2,2,1.6802721088435375,81.5,48.5,1.0,66.0,1.8333333333333333,1.8194186765615337
IND804420AAA,IND803101AAA,FTL,evening,7,7,2.918918918918919,108.0,37.0,1.0,598.0,1.7703025992499675,2.0680920154604365
IND804420AAA,IND803101AAA,FTL,late_evening,4,4,2.935897435897436,114.5,38.5,1.0,325.0,1.8333333333333333,2.017094017094017
IND804452AAA,IND804420AAA,FTL,evening,6,6,2.962121212121212,34.0,11.5,1.0,152.0,1.7703025992499675,2.0453376637587164
IND805110AAD,IND803116AAA,FTL,night,9,9,2.3333333333333335,49.0,21.0,1.0,267.0,1.8226866738120757,1.981163223318673
IND811105AAA,IND803212AAB,FTL,late_evening,2,2,2.435185185185185,131.5,54.0,1.0,155.0,1.8333333333333333,1.8880471380471382
IND811201AAB,IND811213AAA,FTL,night,2,2,2.1784615384615384,55.5,25.5,1.0,60.0,1.8226866738120757,1.8550298433256633
IND811201AAB,IND813213AAA,FTL,night,2,2,2.144230769230769,111.5,52.0,1.0,119.0,1.8226866738120757,1.8519179552137752
IND811213AAA,IND811201AAB,FTL,night,1,1,2.6,65.0,25.0,1.0,40.0,1.8226866738120757,1.859701594106739
IND811213AAA,IND813213AAA,FTL,night,2,2,1.6139162561576355,46.0,28.5,1.0,35.0,1.8226866738120757,1.8037075449343996
IND811307AAA,IND811201AAB,FTL,night,1,1,2.0172413793103448,117.0,58.0,1.0,59.0,1.8226866738120757,1.8319511835977076
IND811307AAA,IND811213AAA,FTL,night,1,1,1.96875,63.0,32.0,1.0,31.0,1.8226866738120757,1.8296420702972152
IND811399AAA,IND110044AAB,Carting,afternoon,27,27,4.388888888888889,79.0,16.0,1.0,1859.0,2.234668335419274,3.4721992916677764
IND811399AAA,IND110044AAB,Carting,evening,12,12,2.3166666666666664,43.0,16.0,1.0,296.0,1.7540983606557377,1.965061475409836
IND811399AAA,IND110044AAB,Carting,late_evening,1,1,1.4666666666666666,22.0,15.0,1.0,7.0,1.8148148148148149,1.798236331569665
IND811399AAA,IND209304AAA,FTL,late_evening,10,10,1.6218515413634111,526.0,324.0,1.0,2169.0,1.8333333333333333,1.7628394026766927
IND812002AAA,IND813203AAA,FTL,morning,5,5,2.9615384615384617,130.0,55.0,1.0,411.0,1.8750586854460094,2.0923546406645
IND812002AAA,IND813203AAA,FTL,night,13,13,3.24,87.0,25.0,1.0,850.0,1.8226866738120757,2.3810222265527736
IND813102AAA,IND812002AAA,FTL,night,17,17,2.076923076923077,81.0,40.0,1.0,774.0,1.8226866738120757,1.9394979941603738
IND813102AAA,IND813203AAA,FTL,night,1,1,3.515151515151515,232.0,66.0,1.0,166.0,1.8226866738120757,1.9032802376853826
IND814101AAB,IND816107AAA,FTL,night,11,11,1.5411764705882354,131.0,85.0,0.9090909090909091,466.0,1.8226866738120757,1.7227959565391002
IND814112AAA,IND814133AAA,FTL,night,2,2,2.3146103896103893,128.5,55.5,1.0,146.0,1.8226866738120757,1.8674070116119226
IND814112AAA,IND814133AAB,FTL,night,7,7,2.4444444444444446,132.0,54.0,1.0,635.0,1.8226866738120757,1.9838831328649122
IND814133AAA,IND816109AAA,FTL,morning,1,1,1.3928571428571428,156.0,112.0,1.0,44.0,1.8750586854460094,1.8520967072274923
IND814133AAB,IND816109AAA,FTL,morning,9,9,1.5087719298245614,166.0,114.0,0.7777777777777778,547.0,1.8750586854460094,1.7613834854255601
IND814133AAB,IND816109AAA,FTL,night,4,4,1.3014798839889938,151.0,116.5,0.75,142.0,1.8226866738120757,1.7358188755082289
IND815301AAA,IND814112AAA,FTL,night,1,1,2.0172413793103448,117.0,58.0,1.0,59.0,1.8226866738120757,1.8319511835977076
IND815301AAA,IND814133AAB,FTL,night,4,4,2.363086770981508,266.0,111.5,1.0,579.0,1.8226866738120757,1.912753356673648
IND815301AAA,IND815353AAA,FTL,night,3,3,2.1142857142857143,74.0,35.0,1.0,103.0,1.8226866738120757,1.8607213312651592
IND815351AAA,IND814101AAB,FTL,night,12,12,1.0510204081632653,103.5,98.0,0.16666666666666666,109.0,1.8226866738120757,1.5333118241937718
IND815353AAA,IND814112AAA,FTL,night,2,2,1.2894736842105263,49.0,38.0,1.0,22.0,1.8226866738120757,1.7742127656664806
IND815353AAA,IND814133AAB,FTL,night,8,8,1.78415991902834,176.5,96.0,1.0,605.0,1.8226866738120757,1.811679029588151
IND815353AAA,IND826004AAA,FTL,night,1,1,1.1,132.0,120.0,0.0,12.0,1.8226866738120757,1.7882730226781676
IND816107AAA,IND826004AAA,FTL,morning,5,5,1.3253424657534247,387.0,292.0,0.8,422.0,1.8750586854460094,1.7651154415074928
IND816107AAA,IND826004AAA,FTL,night,3,3,1.4013840830449826,405.0,280.0,1.0,355.0,1.8226866738120757,1.76773416197289
IND816109AAA,IND826004AAA,FTL,morning,10,10,1.3228337236533958,442.5,332.0,0.6,1848.0,1.8750586854460094,1.6909836981818052
IND821109AAA,IND802213AAB,FTL,night,11,11,5.290322580645161,170.0,32.0,1.0,1550.0,1.8226866738120757,3.053138124623816
IND821115AAB,IND000000ACB,FTL,night,7,7,1.6027241770715097,1348.0,858.0,1.0,3757.0,1.8226866738120757,1.7656593598422996
IND821115AAB,IND209304AAA,FTL,evening,12,12,1.5407046476761619,631.5,394.5,1.0,2846.0,1.7703025992499675,1.6842033674097905
IND821115AAB,IND802101AAA,FTL,late_evening,6,6,1.9642857142857144,165.0,84.0,1.0,509.0,1.8333333333333333,1.8635531135531134
IND821115AAB,IND821109AAA,FTL,late_evening,6,6,1.7523584905660377,92.0,51.5,1.0,269.0,1.8333333333333333,1.814646831156265
IND821115AAB,IND824101AAA,FTL,late_evening,1,1,2.0714285714285716,58.0,28.0,1.0,30.0,1.8333333333333333,1.8446712018140587
IND821307AAA,IND824101AAA,FTL,night,8,8,2.0476190476190474,39.0,19.5,1.0,148.0,1.8226866738120757,1.8869530663283534
IND824101AAA,IND821115AAB,FTL,night,7,7,1.9375,59.0,28.0,1.0,276.0,1.8226866738120757,1.8524530917126487
IND824101AAA,IND821307AAA,FTL,night,4,4,1.9318181818181819,42.5,22.0,1.0,77.0,1.8226866738120757,1.84087525847976
IND825102AAA,IND827013AAA,Carting,late_evening,1,1,2.2083333333333335,53.0,24.0,1.0,29.0,1.8148148148148149,1.8335537918871254
IND825102AAA,IND827013AAA,FTL,late_evening,2,2,2.0576923076923075,53.5,26.0,1.0,55.0,1.8333333333333333,1.8537296037296036
IND825301AAA,IND825409AAA,FTL,late_evening,1,1,2.763157894736842,105.0,38.0,1.0,67.0,1.8333333333333333,1.877610693400167
IND825301AAA,IND825409AAA,FTL,night,13,13,2.707317073170732,111.0,40.0,1.0,902.0,1.8226866738120757,2.1711774371957886
IND825409AAA,IND000000ACB,FTL,night,14,14,1.534347195515432,1496.5,970.5,1.0,7708.0,1.8226866738120757,1.7039586533369873
IND826001AAC,IND828111AAA,Carting,night,2,2,2.5555555555555554,23.0,9.0,1.0,28.0,2.125,2.1641414141414144
IND826004AAA,IND209304AAA,FTL,morning,3,3,1.363395225464191,997.0,754.0,1.0,766.0,1.8750586854460094,1.808319973274468
IND826004AAA,IND814112AAA,FTL,evening,1,1,1.2112676056338028,172.0,142.0,1.0,30.0,1.7703025992499675,1.7436818852682454
IND826004AAA,IND814112AAA,FTL,late_evening,3,3,1.518796992481203,202.0,140.0,1.0,247.0,1.8333333333333333,1.7923068540917508
IND826004AAA,IND815301AAA,FTL,late_evening,5,5,2.0,110.0,55.0,1.0,287.0,1.8333333333333333,1.8666666666666665
IND826004AAA,IND815351AAA,FTL,late_evening,10,10,1.9419409282700424,127.0,76.0,1.0,645.0,1.8333333333333333,1.869535864978903
IND826004AAA,IND815351AAA,FTL,night,1,1,1.4137931034482758,123.0,87.0,1.0,36.0,1.8226866738120757,1.8032155514137997
IND826004AAA,IND815353AAA,FTL,late_evening,3,3,1.702127659574468,160.0,92.0,1.0,193.0,1.8333333333333333,1.8162195497995681
IND826004AAA,IND815353AAA,FTL,night,1,1,1.3763440860215055,128.0,93.0,1.0,35.0,1.8226866738120757,1.8014322648696677
IND826004AAA,IND821115AAB,FTL,morning,4,4,1.184114833386678,390.5,334.0,0.5,247.0,1.8750586854460094,1.7599013767694542
IND826004AAA,IND828111AAA,Carting,night,2,2,2.409090909090909,26.5,11.0,1.0,31.0,2.125,2.1508264462809916
IND826004AAA,IND828205AAA,Carting,night,1,1,2.4444444444444446,44.0,18.0,1.0,26.0,2.125,2.14021164021164
IND826004AAA,IND828401AAB,Carting,night,3,3,0.4222222222222222,38.0,90.0,0.0,0.0,2.125,1.9028985507246376
IND827013AAA,IND829121AAA,Carting,late_evening,1,1,2.4642857142857144,69.0,28.0,1.0,41.0,1.8148148148148149,1.8457420005039054
IND827013AAA,IND829121AAA,Carting,night,1,1,2.0,54.0,27.0,1.0,27.0,2.125,2.119047619047619
IND827013AAA,IND829121AAA,FTL,night,3,3,1.875,45.0,24.0,1.0,67.0,1.8226866738120757,1.8295101511409355
IND828111AAA,IND826004AAA,Carting,morning,3,3,10.0,111.0,11.0,1.0,323.0,2.2,3.217391304347826
IND828111AAA,IND826004AAA,Carting,night,6,6,8.0,111.0,11.5,1.0,801.0,2.125,3.480769230769231
IND828401AAB,IND826004AAA,Carting,night,7,7,2.857142857142857,60.0,21.0,1.0,289.0,2.125,2.314814814814815
IND829121AAA,IND834002AAB,Carting,night,8,8,5.664234234234234,439.5,74.0,1.0,2833.0,2.125,3.1362097812097813
IND829121AAA,IND834002AAB,FTL,night,3,3,7.409836065573771,452.0,61.0,1.0,1111.0,1.8226866738120757,2.5514452901288185
IND829122AAA,IND825301AAA,FTL,evening,7,7,1.7560975609756098,75.0,41.0,1.0,233.0,1.7703025992499675,1.7666198115492082
IND829122AAA,IND825301AAA,FTL,late_evening,7,7,1.7560975609756098,76.0,41.0,1.0,217.0,1.8333333333333333,1.813309244203553
IND832109AAB,IND834002AAB,FTL,night,22,22,2.5647840531561465,219.5,85.5,1.0,3373.0,1.8226866738120757,2.2114043487065893
IND834002AAB,IND000000ACB,FTL,afternoon,5,5,1.5235602094240839,1671.0,1085.0,1.0,2911.0,1.7676767676767677,1.718853456026231
IND834002AAB,IND000000ACB,FTL,morning,5,5,1.4596273291925466,1669.0,1127.0,1.0,2755.0,1.8750586854460094,1.791972414195317
IND834002AAB,IND781018AAB,FTL,morning,1,1,2.803874092009685,2316.0,826.0,1.0,1490.0,1.8750586854460094,1.9192879905204703
IND834002AAB,IND825102AAA,Carting,afternoon,1,1,2.349514563106796,242.0,103.0,1.0,139.0,2.234668335419274,2.2401372034043936
IND834002AAB,IND825102AAA,FTL,afternoon,2,2,3.0194174757281553,311.0,103.0,1.0,416.0,1.7676767676767677,1.8814713774996212
IND834002AAB,IND826004AAA,Carting,afternoon,6,6,2.3187006145741877,317.5,136.0,1.0,1181.0,2.234668335419274,2.2540603998396387
IND834002AAB,IND826004AAA,Carting,morning,15,15,2.2279411764705883,303.0,136.0,1.0,2546.0,2.2,2.2119747899159665
IND834002AAB,IND827013AAA,Carting,afternoon,16,16,3.1346509783183505,392.0,124.0,1.0,4416.0,2.234668335419274,2.634660621152197
IND834002AAB,IND827013AAA,Carting,evening,1,1,2.7016129032258065,335.0,124.0,1.0,211.0,1.7540983606557377,1.7992181007781218
IND834002AAB,IND829122AAA,FTL,afternoon,12,12,2.4375,78.0,31.0,1.0,527.0,1.7676767676767677,2.01886047979798
IND834002AAB,IND829122AAA,FTL,morning,2,2,1.984375,62.5,31.5,1.0,62.0,1.8750586854460094,1.884996532223645
IND834002AAB,IND832109AAB,FTL,afternoon,4,4,2.2856583072100314,200.0,88.0,1.0,448.0,1.7676767676767677,1.854007024265645
IND834002AAB,IND832109AAB,FTL,evening,10,10,2.3898809523809526,204.5,88.0,1.0,1184.0,1.7703025992499675,1.9768287169602958
IND841101AAA,IND841207AAB,FTL,night,3,3,2.611111111111111,47.0,15.0,1.0,164.0,1.8226866738120757,1.9255246438945588
IND841226AAB,IND841428AAA,Carting,night,1,1,2.4347826086956523,56.0,23.0,1.0,33.0,2.125,2.139751552795031
IND841226AAB,IND841428AAA,FTL,night,1,1,2.9047619047619047,61.0,21.0,1.0,40.0,1.8226866738120757,1.8742140657620676
IND841301AAC,IND841226AAB,Carting,late_evening,1,1,2.0869565217391304,96.0,46.0,1.0,50.0,1.8148148148148149,1.8277739437159728
IND841405AAA,IND841301AAC,Carting,night,1,1,1.75,182.0,104.0,1.0,78.0,2.125,2.107142857142857
IND841424AAA,IND841226AAB,FTL,evening,1,1,2.0681818181818183,91.0,44.0,1.0,47.0,1.7703025992499675,1.7844873239610082
IND841424AAA,IND841226AAB,FTL,late_evening,2,2,2.40169133192389,104.5,43.5,1.0,122.0,1.8333333333333333,1.885002242296111
IND841424AAA,IND841428AAA,FTL,evening,3,3,3.8088235294117645,259.0,68.0,1.0,535.0,1.7703025992499675,2.0361966336188972
IND841424AAA,IND841428AAA,FTL,late_evening,3,3,3.6307692307692307,238.0,66.0,1.0,525.0,1.8333333333333333,2.0677814938684502
IND842001AAA,IND843105AAB,FTL,late_evening,16,16,2.8125,46.0,16.0,1.0,466.0,1.8333333333333333,2.268518518518518
IND842001AAA,IND843105AAB,FTL,night,4,4,2.8125,45.0,16.0,1.0,110.0,1.8226866738120757,1.9876555615100633
IND842001AAA,IND843109AAB,Carting,late_evening,9,9,4.0,37.0,10.0,1.0,265.0,1.8148148148148149,2.492975734355045
IND842001AAA,IND843109AAB,Carting,night,6,6,3.073076923076923,31.5,9.5,1.0,141.0,2.125,2.343786982248521
IND842001AAA,IND843126AAA,Carting,late_evening,2,2,3.6010558069381595,116.5,28.0,1.0,177.0,1.8148148148148149,1.9772003595533008
IND842001AAA,IND843126AAA,Carting,night,1,1,3.176470588235294,54.0,17.0,1.0,37.0,2.125,2.1750700280112047
IND842001AAA,IND843301AAA,FTL,evening,6,6,1.5186610234705655,173.0,114.0,1.0,400.0,1.7703025992499675,1.7122314663777978
IND842001AAA,IND843320AAA,FTL,evening,1,1,3.0927835051546393,300.0,97.0,1.0,203.0,1.7703025992499675,1.8332778804835235
IND842001AAA,IND843329AAB,FTL,evening,9,9,1.3389830508474576,80.0,59.0,1.0,181.0,1.7703025992499675,1.6364448083664298
IND842001AAA,IND843329AAB,FTL,late_evening,4,4,1.2413793103448276,72.0,58.0,0.75,61.0,1.8333333333333333,1.7346743295019156
IND842001AAA,IND845401AAA,FTL,late_evening,4,4,2.2241379310344827,130.5,59.0,0.75,253.0,1.8333333333333333,1.8984674329501914
IND842001AAA,IND845412AAB,FTL,late_evening,14,14,2.3382352941176467,78.5,34.0,1.0,613.0,1.8333333333333333,2.0412341407151096
IND842001AAA,IND845412AAB,FTL,night,1,1,2.0,72.0,36.0,1.0,36.0,1.8226866738120757,1.8311301655353103
IND842001AAA,IND845418AAB,FTL,evening,2,2,1.8037974683544302,142.5,79.0,1.0,127.0,1.7703025992499675,1.7733475873503735
IND842001AAA,IND845418AAB,FTL,late_evening,10,10,1.94375,154.5,79.0,0.9,765.0,1.8333333333333333,1.8701388888888888
IND842001AAA,IND845438AAA,FTL,evening,1,1,2.561797752808989,228.0,89.0,1.0,139.0,1.7703025992499675,1.8079928446575397
IND842001AAA,IND845438AAA,FTL,late_evening,3,3,2.764044943820225,246.0,89.0,1.0,467.0,1.8333333333333333,1.9547304999185802
IND842001AAA,IND845438AAA,FTL,night,1,1,2.096774193548387,195.0,93.0,1.0,102.0,1.8226866738120757,1.8357384604661857
IND842001AAA,IND846004AAA,FTL,evening,8,8,2.295918367346939,112.5,48.5,1.0,594.0,1.7703025992499675,1.9204785329919594
IND842001AAA,IND846004AAA,FTL,late_evening,14,14,2.112244897959184,103.5,49.0,1.0,913.0,1.8333333333333333,1.9481792717086837
IND842001AAA,IND847212AAA,FTL,evening,20,20,2.229166666666667,160.5,71.0,1.0,1973.0,1.7703025992499675,1.9997346329583174
IND842001AAA,IND847212AAA,FTL,late_evening,2,2,1.8309859154929577,130.0,71.0,1.0,118.0,1.8333333333333333,1.8331199317114808
IND842001AAA,IND848101AAA,FTL,late_evening,1,1,4.114285714285714,144.0,35.0,1.0,109.0,1.8333333333333333,1.9419501133786847
IND842001AAA,IND848114AAA,FTL,late_evening,17,17,2.347826086956522,110.0,47.0,1.0,1114.0,1.8333333333333333,2.0697218958088524
IND842001AAA,IND848114AAA,FTL,night,3,3,2.066666666666667,96.0,47.0,1.0,149.0,1.8226866738120757,1.8545101511409356
IND842001AAA,IND854326AAB,FTL,morning,19,19,1.949748743718593,388.0,201.0,1.0,3773.0,1.8750586854460094,1.911446149732653
IND842003AAB,IND480661AAA,FTL,late_evening,2,2,1.9681818181818183,216.5,110.0,1.0,213.0,1.8333333333333333,1.8455922865013774
IND842003AAB,IND480886AAA,FTL,late_evening,6,6,2.253846153846154,146.5,65.5,1.0,525.0,1.8333333333333333,1.9303747534516764
IND842003AAB,IND480886AAA,FTL,night,2,2,2.324465811965812,159.5,68.5,1.0,182.0,1.8226866738120757,1.8683029590987792
IND842003AAB,IND482002AAA,Carting,late_evening,1,1,10.0,226.0,8.0,1.0,218.0,1.8148148148148149,2.2045855379188715
IND842003AAB,IND482002AAA,Carting,night,3,3,10.0,145.0,8.0,1.0,663.0,2.125,3.152173913043478
IND842003AAB,IND483225AAA,FTL,late_evening,2,2,2.9375,66.0,22.5,1.0,87.0,1.8333333333333333,1.933712121212121
IND842003AAB,IND483225AAA,FTL,night,1,1,2.5416666666666665,61.0,24.0,1.0,37.0,1.8226866738120757,1.856923816328961
IND842003AAB,IND483501AAA,FTL,late_evening,6,6,2.5991379310344827,148.0,56.5,1.0,655.0,1.8333333333333333,2.0100574712643677
IND842003AAB,IND483501AAA,FTL,night,5,5,2.6842105263157894,153.0,56.0,1.0,438.0,1.8226866738120757,1.9949914443128185
IND842003AAB,IND484661AAE,FTL,late_evening,2,2,0.9269864469837895,197.0,212.5,0.0,0.0,1.8333333333333333,1.750938161847011
IND842003AAB,IND487001AAA,FTL,evening,1,1,1.7142857142857142,156.0,91.0,1.0,65.0,1.7703025992499675,1.7676351285373841
IND842003AAB,IND487001AAA,FTL,night,1,1,1.7674418604651163,152.0,86.0,1.0,66.0,1.8226866738120757,1.8200559684146018
IND842003AAB,IND487001AAB,FTL,late_evening,5,5,1.6049382716049383,140.0,88.0,1.0,348.0,1.8333333333333333,1.787654320987654
IND843105AAB,IND848101AAA,FTL,late_evening,3,3,3.0952380952380953,65.0,21.0,1.0,108.0,1.8333333333333333,1.9979296066252588
IND843105AAB,IND848101AAA,FTL,night,17,17,2.0526315789473686,39.0,19.0,1.0,479.0,1.8226866738120757,1.9283370356309941
IND843109AAB,IND842001AAA,Carting,night,2,2,2.65,26.5,10.0,1.0,33.0,2.125,2.1727272727272724
IND843109AAB,IND843126AAA,Carting,late_evening,1,1,0.6617647058823529,45.0,68.0,0.0,0.0,1.8148148148148149,1.759907666770412
IND843109AAB,IND843126AAA,Carting,night,9,9,0.6666666666666666,48.0,70.0,0.1111111111111111,261.0,2.125,1.6724137931034482
IND843126AAA,IND842001AAA,Carting,morning,1,1,2.25,36.0,16.0,1.0,20.0,2.2,2.2023809523809526
IND843126AAA,IND842001AAA,Carting,night,10,10,2.6875,43.0,16.5,1.0,694.0,2.125,2.3125
IND843126AAA,IND843109AAB,Carting,night,2,2,1.6818181818181817,55.5,33.0,1.0,45.0,2.125,2.0847107438016526
IND843301AAA,IND843320AAA,FTL,night,20,20,2.6,64.5,25.0,1.0,678.0,1.8226866738120757,2.211343336906038
IND843320AAA,IND847223AAA,FTL,night,8,8,2.425,48.5,20.0,1.0,355.0,1.8226866738120757,1.994776195580054
IND843329AAB,IND843301AAA,FTL,late_evening,11,11,2.9473684210526314,56.0,19.0,1.0,442.0,1.8333333333333333,2.2286361063950197
IND843329AAB,IND843301AAA,FTL,night,2,2,2.7368421052631575,52.0,19.0,1.0,66.0,1.8226866738120757,1.9057917130349014
IND844101AAB,IND841207AAB,FTL,night,1,1,2.611111111111111,47.0,18.0,1.0,29.0,1.8226866738120757,1.8602306946358396
IND844505AAB,IND842001AAA,FTL,morning,1,1,4.38,219.0,50.0,1.0,169.0,1.8750586854460094,1.9943416051866758
IND844505AAB,IND842001AAA,FTL,night,13,13,10.0,613.0,52.0,1.0,7710.0,1.8226866738120757,5.044052529583077
IND845305AAA,IND842001AAA,FTL,morning,3,3,2.6774193548387095,249.0,93.0,1.0,707.0,1.8750586854460094,1.979714424932014
IND845305AAA,IND842001AAA,FTL,night,17,17,4.483870967741935,573.0,123.0,1.0,7181.0,1.8226866738120757,3.0453929710230923
IND845401AAA,IND845305AAA,FTL,night,22,22,2.5714285714285716,90.5,35.0,1.0,1255.0,1.8226866738120757,2.2148848106588117
IND845412AAB,IND845401AAA,FTL,late_evening,6,6,1.845925925925926,50.0,27.0,0.8333333333333334,147.0,1.8333333333333333,1.8362393162393162
IND845412AAB,IND845401AAA,FTL,night,9,9,2.12,57.0,25.0,0.7777777777777778,252.0,1.8226866738120757,1.9149563267669492
IND845418AAB,IND842001AAA,FTL,morning,2,2,2.457804331590739,202.0,84.0,1.0,236.0,1.8750586854460094,1.928035562368258
IND845418AAB,IND845438AAA,FTL,night,12,12,2.1607142857142856,121.0,56.0,1.0,800.0,1.8226866738120757,1.9494470282754044
IND845438AAA,IND845455AAB,FTL,morning,1,1,1.5161290322580645,47.0,31.0,1.0,16.0,1.8750586854460094,1.8579667971989646
IND845438AAA,IND845455AAB,FTL,night,14,14,1.8407939189189189,62.5,32.0,1.0,488.0,1.8226866738120757,1.8301425982678348
IND845455AAB,IND842001AAA,FTL,afternoon,1,1,1.75,273.0,156.0,1.0,117.0,1.7676767676767677,1.7668350168350169
IND845455AAB,IND842001AAA,FTL,morning,12,12,2.375616420098627,291.0,123.0,1.0,2358.0,1.8750586854460094,2.062767835940741
IND845455AAB,IND842001AAA,FTL,night,4,4,2.438457175269427,308.0,125.5,1.0,732.0,1.8226866738120757,1.9253150907216343
IND845455AAB,IND845418AAB,FTL,morning,2,2,2.291208791208791,208.5,91.0,1.0,235.0,1.8750586854460094,1.9128905132426262
IND845455AAB,IND845418AAB,FTL,night,1,1,1.9550561797752808,174.0,89.0,1.0,85.0,1.8226866738120757,1.8289899836198475
IND846004AAA,IND847103AAA,FTL,night,21,21,1.8333333333333333,43.0,23.0,1.0,708.0,1.8226866738120757,1.8281398408839395
IND846004AAA,IND847404AAB,FTL,night,1,1,2.9130434782608696,134.0,46.0,1.0,88.0,1.8226866738120757,1.8746084264048755
IND847103AAA,IND847404AAB,FTL,morning,1,1,2.5757575757575757,85.0,33.0,1.0,52.0,1.8750586854460094,1.90842529927037
IND847103AAA,IND847404AAB,FTL,night,18,18,2.0328663793103448,65.0,32.0,1.0,640.0,1.8226866738120757,1.9222454816796768
IND847212AAA,IND847226AAA,FTL,late_evening,1,1,1.3636363636363635,45.0,33.0,1.0,12.0,1.8333333333333333,1.8109668109668111
IND847212AAA,IND847226AAA,FTL,night,20,20,1.3973684210526316,48.0,35.0,1.0,414.0,1.8226866738120757,1.6100275474323538
IND847223AAA,IND842001AAA,FTL,morning,2,2,6.768509615384616,437.0,64.5,1.0,745.0,1.8750586854460094,2.3199178608949738
IND847223AAA,IND842001AAA,FTL,night,13,13,10.0,674.0,65.0,1.0,7856.0,1.8226866738120757,5.044052529583077
IND847226AAA,IND842001AAA,FTL,night,21,21,9.195121951219512,754.0,82.0,1.0,13906.0,1.8226866738120757,5.598812059801251
IND847404AAB,IND842001AAA,FTL,morning,4,4,7.08042194092827,546.5,76.0,1.0,1807.0,1.8750586854460094,2.742619228026386
IND847404AAB,IND842001AAA,FTL,night,14,14,8.443947368421053,647.5,76.0,1.0,8263.0,1.8226866738120757,4.549088136298126
IND848101AAA,IND844505AAB,FTL,night,16,16,3.052631578947368,58.0,18.5,1.0,670.0,1.8226866738120757,2.369328853872206
IND848114AAA,IND848210AAA,FTL,night,21,21,1.72,41.0,24.0,1.0,408.0,1.8226866738120757,1.7700910603961344
IND848210AAA,IND842001AAA,FTL,night,3,3,4.088235294117647,278.0,68.0,1.0,648.0,1.8226866738120757,2.1181930155910633
IND848210AAA,IND851127AAA,FTL,night,17,17,1.8461538461538463,48.0,26.0,0.9411764705882353,432.0,1.8226866738120757,1.833468888131268
IND851127AAA,IND842001AAA,FTL,night,16,16,4.3556469298245615,416.0,95.0,1.0,4866.0,1.8226866738120757,2.948446787595403
IND851127AAA,IND851112AAB,FTL,morning,2,2,2.1923076923076925,57.0,26.0,1.0,62.0,1.8750586854460094,1.9038995042516171
IND851127AAA,IND851112AAB,FTL,night,2,2,2.3938746438746437,63.5,26.5,1.0,74.0,1.8226866738120757,1.8746128529086727
IND852111AAA,IND852118AAA,FTL,night,1,1,2.1176470588235294,72.0,34.0,1.0,38.0,1.8226866738120757,1.8367324064316688
IND852111AAA,IND854311AAA,FTL,night,1,1,1.9733333333333334,148.0,75.0,1.0,73.0,1.8226866738120757,1.8298603242654692
IND852111AAA,IND854326AAB,FTL,night,17,17,3.43,339.0,98.0,1.0,3914.0,1.8226866738120757,2.5611819858443656
IND852111AAA,IND854335AAA,FTL,morning,1,1,1.5,24.0,16.0,1.0,8.0,1.8750586854460094,1.8571987480438186
IND852113AAA,IND852139AAB,FTL,morning,4,4,2.9791666666666665,71.5,24.0,1.0,240.0,1.8750586854460094,2.059076682316119
IND852113AAA,IND852139AAB,FTL,night,15,15,2.625,63.0,24.0,1.0,710.0,1.8226866738120757,2.166535242178329
IND852113AAA,IND852201AAA,FTL,night,1,1,3.9411764705882355,67.0,17.0,1.0,50.0,1.8226866738120757,1.9235671403252266
IND852118A1B,IND854326AAB,FTL,night,1,1,2.328358208955224,156.0,67.0,1.0,89.0,1.8226866738120757,1.8467662707236543
IND852118AAA,IND852111AAA,FTL,night,1,1,3.8275862068965516,111.0,29.0,1.0,82.0,1.8226866738120757,1.9181580801494316
IND852118AAA,IND854326AAB,FTL,morning,1,1,1.8805970149253732,126.0,67.0,1.0,59.0,1.8750586854460094,1.8753224154212174
IND852131AAA,IND852139AAB,FTL,night,1,1,3.380952380952381,71.0,21.0,1.0,50.0,1.8226866738120757,1.8968898027235188
IND852131AAA,IND852201AAA,FTL,night,8,8,2.8181818181818183,93.0,33.0,1.0,459.0,1.8226866738120757,2.1071138579177164
IND852139AAB,IND854326AAB,FTL,morning,20,20,3.2299543378995432,239.0,73.0,1.0,3173.0,1.8750586854460094,2.5525065116727763
IND852139AAB,IND854326AAB,FTL,night,1,1,3.5866666666666664,269.0,75.0,1.0,194.0,1.8226866738120757,1.9066857210908659
IND852201AAA,IND852113AAA,FTL,night,17,17,3.75,60.0,17.0,1.0,832.0,1.8226866738120757,2.7082090128713925
IND852201AAA,IND852131AAA,FTL,night,1,1,2.375,76.0,32.0,1.0,44.0,1.8226866738120757,1.8489873083924533
IND852201AAA,IND854326AAB,FTL,night,1,1,3.805084745762712,449.0,118.0,1.0,331.0,1.8226866738120757,1.9170865820002014
IND853204AAA,IND851204AAA,FTL,night,11,11,2.088888888888889,94.0,45.0,1.0,626.0,1.8226866738120757,1.9171455243232032
IND854105AAA,IND853204AAA,FTL,night,2,2,2.4398816130225676,127.0,52.0,1.0,150.0,1.8226866738120757,1.8787953046493933
IND854105AAB,IND851204AAA,FTL,night,4,4,2.4402173913043477,226.0,92.5,1.0,545.0,1.8226866738120757,1.925608460060788
IND854105AAB,IND853204AAA,FTL,night,5,5,2.8653846153846154,149.0,52.0,1.0,512.0,1.8226866738120757,2.0312262621265837
IND854311AAA,IND852118A1B,FTL,night,3,3,2.1025641025641026,82.0,39.0,1.0,117.0,1.8226866738120757,1.859192425388427
IND854311AAA,IND854326AAB,FTL,morning,1,1,6.548387096774194,203.0,31.0,1.0,172.0,1.8750586854460094,2.0975981336044947
IND854311AAA,IND854334AAA,FTL,night,8,8,1.7777777777777777,32.0,18.0,1.0,188.0,1.8226866738120757,1.8098555606594193
IND854326AAB,IND000000ACB,FTL,afternoon,5,5,1.628595600676819,1976.0,1237.0,1.0,4062.0,1.7676767676767677,1.7398605342767781
IND854326AAB,IND000000ACB,FTL,evening,13,13,1.6445643793369313,2074.0,1250.0,1.0,10142.0,1.7703025992499675,1.720769361102408
IND854326AAB,IND852113AAA,FTL,evening,1,1,2.06,206.0,100.0,1.0,106.0,1.7703025992499675,1.7840977135713978
IND854326AAB,IND852131AAA,FTL,evening,6,6,2.232176250584385,210.5,93.0,1.0,797.0,1.7703025992499675,1.876888826480987
IND854326AAB,IND852131AAA,FTL,late_evening,4,4,2.305879059350504,218.0,94.5,1.0,516.0,1.8333333333333333,1.912090954336195
IND854326AAB,IND852201AAA,FTL,evening,3,3,2.7142857142857144,342.0,126.0,1.0,685.0,1.7703025992499675,1.8934308316459343
IND854326AAB,IND852201AAA,FTL,late_evening,3,3,2.3307086614173227,296.0,127.0,1.0,544.0,1.8333333333333333,1.898208376126897
IND854326AAB,IND854105AAA,FTL,evening,1,1,3.0,54.0,18.0,1.0,36.0,1.7703025992499675,1.8288596183333024
IND854326AAB,IND854105AAA,FTL,late_evening,1,1,2.375,38.0,16.0,1.0,22.0,1.8333333333333333,1.859126984126984
IND854326AAB,IND854105AAB,FTL,evening,4,4,2.4039473684210524,47.0,20.0,1.0,116.0,1.7703025992499675,1.8759100607784818
IND854326AAB,IND854105AAB,FTL,late_evening,7,7,3.3684210526315788,64.0,20.0,1.0,461.0,1.8333333333333333,2.231319038336582
IND854326AAB,IND854311AAA,FTL,evening,12,12,1.6666666666666665,50.0,30.0,1.0,233.0,1.7703025992499675,1.7314391245312297
IND854326AAB,IND854311AAA,FTL,late_evening,9,9,1.8709677419354838,56.0,30.0,1.0,511.0,1.8333333333333333,1.8450129773822765
IND854326AAB,IND854334AAA,FTL,evening,1,1,3.6382978723404253,171.0,47.0,1.0,124.0,1.7703025992499675,1.8592547551114178
IND854334AAA,IND852118A1B,FTL,night,7,7,1.2857142857142858,27.0,21.0,0.7142857142857143,38.0,1.8226866738120757,1.6834716102311673
IND854334AAA,IND852118AAA,FTL,night,7,7,1.3333333333333333,28.0,21.0,1.0,48.0,1.8226866738120757,1.695817289243513
IND854334AAA,IND854335AAA,FTL,night,2,2,1.391705069124424,41.0,29.5,1.0,23.0,1.8226866738120757,1.7835065279313802
IND854335AAA,IND852111AAA,FTL,night,17,17,2.15,44.0,20.0,1.0,350.0,1.8226866738120757,1.9730738777362569
IND854335AAA,IND852118A1B,FTL,night,1,1,2.2222222222222223,40.0,18.0,1.0,22.0,1.8226866738120757,1.841712176117321
IND854335AAA,IND854326AAB,FTL,morning,1,1,2.426829268292683,199.0,82.0,1.0,117.0,1.8750586854460094,1.9013334751053752
