hub,in_degree,in_volume,out_degree,out_volume,hub_delay_ratio,hub_breach_rate,betweenness,pagerank,clustering
IND000000AAL,1.0,17.0,1.0,18.0,2.6551724137931036,1.0,0.0,0.00038016587350584585,0.0
IND000000AAQ,0.0,0.0,1.0,2.0,6.071428571428571,1.0,0.0,0.00011564321245522476,0.0
IND000000AAS,1.0,8.0,1.0,9.0,2.4615384615384617,1.0,0.0032247471430447918,0.0005787655750844917,0.0
IND000000AAZ,2.0,2.0,2.0,2.0,3.3882512836001206,1.0,0.0016149276821810646,0.0004257163641764048,0.3333333333333333
IND000000ABA,1.0,16.0,1.0,7.0,1.1,0.34782608695652173,0.0004053738488258388,0.0005716572573554313,1.0
IND000000ABD,1.0,13.0,1.0,12.0,1.5319693094629157,0.76,0.00040318461111840854,0.0005623972654468791,0.0
IND000000ABG,0.0,0.0,1.0,11.0,5.470588235294118,1.0,0.0,0.00011564321245522476,0.0
IND000000ACA,13.0,134.0,9.0,128.0,1.9347517730496455,0.9083969465648855,0.012017090649036005,0.0038566317186335924,0.11666666666666667
IND000000ACB,45.0,928.0,49.0,1063.0,1.6721311475409837,0.861878453038674,0.3020144635637871,0.019287415605027516,0.03715846994535519
IND000000ACK,0.0,0.0,1.0,32.0,2.5946969696969697,1.0,0.0,0.00011564321245522476,0.0
IND000000ACN,1.0,11.0,1.0,16.0,2.3684210526315788,1.0,3.648729512383788e-07,0.00021393994304216694,0.0
IND000000ACO,1.0,1.0,0.0,0.0,1.5625,1.0,0.0,0.00033672850091986137,0.0
IND000000ACS,4.0,9.0,0.0,0.0,1.5714285714285714,0.8888888888888888,0.0,0.00040448954750544176,0.5
IND000000ACT,0.0,0.0,3.0,160.0,1.5285714285714285,0.80625,0.0,0.00011564321245522476,1.0
IND000000ADM,1.0,13.0,1.0,1.0,1.5,1.0,0.0,0.00048615462393664257,0.0
IND000000ADV,0.0,0.0,1.0,18.0,1.5510204081632653,1.0,0.0,0.00011564321245522476,0.0
IND000000AEL,1.0,23.0,1.0,17.0,1.8355440923605992,0.975,0.0,0.0004703647318139623,0.0
IND000000AEM,0.0,0.0,2.0,22.0,2.218475073313783,1.0,0.0,0.00011564321245522476,0.0
IND000000AET,1.0,4.0,1.0,8.0,2.4361702127659575,1.0,0.003226936380752222,0.0005448498383873466,0.0
IND000000AFF,1.0,3.0,1.0,3.0,3.638888888888889,1.0,3.648729512383788e-07,0.000213939943042167,0.0
IND000000AFG,0.0,0.0,2.0,4.0,2.1151711378353375,1.0,0.0,0.00011564321245522476,0.0
IND000000AFJ,1.0,1.0,2.0,21.0,1.1394230769230769,0.2727272727272727,7.297459024767576e-07,0.0001490117797888841,1.0
IND000000AFR,0.0,0.0,1.0,8.0,1.9714285714285715,1.0,0.0,0.00011564321245522476,0.0
IND000000AFS,1.0,1.0,0.0,0.0,9.416666666666666,1.0,0.0,0.00021393994304216697,0.0
IND000000AFT,5.0,172.0,8.0,84.0,2.388888888888889,0.99609375,0.0048455127924456705,0.0015940766946270204,0.07142857142857142
IND110005AAA,1.0,2.0,0.0,0.0,2.6538461538461537,1.0,0.0,0.00015174222527994952,0.0
IND110014AAA,1.0,9.0,1.0,11.0,2.5982142857142856,1.0,0.0,0.001824711515157974,0.0
IND110020AAB,1.0,9.0,1.0,4.0,3.4615384615384617,1.0,0.0,0.00027731184695731605,0.0
IND110024AAA,3.0,31.0,1.0,9.0,2.5099715099715096,1.0,0.0004061035947283156,0.0020106685914190905,0.3333333333333333
IND110030AAD,2.0,58.0,1.0,7.0,1.6785714285714286,0.9692307692307692,0.0,0.000610279365930863,1.0
IND110035AAC,1.0,36.0,1.0,3.0,2.1578947368421053,0.8974358974358975,0.0,0.0007623177504635899,0.0
IND110037AAB,1.0,11.0,0.0,0.0,3.8181818181818183,1.0,0.0,0.00016479157774869585,0.0
IND110037AAK,1.0,39.0,1.0,43.0,1.7940613026819923,1.0,0.0,0.0007171275278896059,0.0
IND110037AAM,21.0,189.0,24.0,256.0,1.9364608076009502,0.9685393258426966,0.03361246114103069,0.0054100876382393165,0.07056451612903226
IND110039AAA,1.0,4.0,1.0,3.0,2.1666666666666665,0.7142857142857143,0.0,0.00039872151532206637,0.0
IND110043AAA,3.0,32.0,2.0,38.0,1.9425465838509317,0.9142857142857143,0.001211743071062656,0.0015418005643284274,0.0
IND110043AAC,1.0,9.0,1.0,1.0,1.724972191323693,1.0,0.0,0.0002544472852477743,0.0
IND110044AAB,2.0,50.0,6.0,172.0,1.7376344086021507,0.9819819819819819,0.0027825211261438766,0.0004236006580015766,0.39285714285714285
IND110046AAA,1.0,1.0,0.0,0.0,3.0,1.0,0.0,0.00013369271886758715,0.0
IND110052AAA,1.0,2.0,1.0,10.0,1.6908730158730159,1.0,0.0,0.0001464885619646802,0.0
IND110064AAA,2.0,50.0,3.0,42.0,1.642494929006085,0.8695652173913043,0.0008114774435541545,0.0008918579639048423,0.16666666666666666
IND110064AAB,1.0,11.0,0.0,0.0,2.0,1.0,0.0,0.00016479157774869585,0.0
IND110077AAA,0.0,0.0,1.0,1.0,1.3333333333333333,1.0,0.0,0.00011564321245522476,0.0
IND110078AAA,1.0,33.0,1.0,14.0,1.9285714285714286,0.9361702127659575,0.0,0.0012537354711242492,0.0
IND110083AAA,1.0,3.0,1.0,1.0,3.4333333333333336,1.0,0.0,0.0003279519396053559,0.0
IND110085AAA,1.0,1.0,0.0,0.0,2.076923076923077,1.0,0.0,0.00018641278817193516,0.0
IND110085AAB,4.0,50.0,5.0,18.0,1.97950523654749,0.9411764705882353,0.002426405125735219,0.0014986498387066201,0.06666666666666667
IND110087AAA,1.0,3.0,0.0,0.0,2.0,0.6666666666666666,0.0,0.0003279519396053559,0.0
IND110092AAC,3.0,7.0,2.0,7.0,1.8842034805890227,1.0,0.0008085584599442474,0.00034458231604780166,0.3333333333333333
IND110093AAA,1.0,1.0,1.0,1.0,3.236111111111111,1.0,0.0,0.00015748535083246027,0.0
IND110095AAB,1.0,36.0,1.0,1.0,1.5974025974025974,0.5405405405405406,0.0,0.0006708595036254227,0.0
IND121001AAA,1.0,24.0,1.0,27.0,1.8181818181818181,0.9803921568627451,0.0,0.0005513095172996038,0.0
IND121002AAA,1.0,1.0,1.0,1.0,6.454545454545455,1.0,0.0,0.00013379597515707388,0.0
IND121002AAB,1.0,57.0,1.0,29.0,1.8881064162754302,0.9767441860465116,0.0,0.0009947356734747049,0.0
IND121004AAA,1.0,23.0,1.0,10.0,2.0,1.0,0.0,0.0005331567545977546,0.0
IND121004AAB,9.0,145.0,7.0,169.0,2.007575757575758,0.9968152866242038,0.0062163404702482595,0.003609196348955414,0.05555555555555555
IND121004AAC,1.0,9.0,1.0,6.0,2.1538461538461537,1.0,0.0,0.0002790180767718669,0.0
IND121102AAA,1.0,41.0,1.0,12.0,2.2,1.0,0.0,0.0008599064832310389,0.0
IND122001AAA,2.0,59.0,5.0,26.0,1.6756756756756757,0.8588235294117647,0.0020221258957630953,0.0011765846250605492,0.13333333333333333
IND122001AAD,1.0,3.0,1.0,10.0,1.9545454545454546,0.9230769230769231,0.0004061035947283156,0.00023103901222079254,1.0
IND122001AAJ,1.0,19.0,1.0,13.0,1.7573529411764706,0.59375,0.001212837689916371,0.0007632369630396426,0.0
IND122002AAD,0.0,0.0,1.0,2.0,2.4416475972540046,1.0,0.0,0.00011564321245522476,0.0
IND122004AAA,0.0,0.0,2.0,44.0,1.6846846846846848,0.9545454545454546,0.0,0.00011564321245522476,0.0
IND122015AAC,1.0,2.0,0.0,0.0,2.4684343434343434,1.0,0.0,0.0001464885619646802,0.0
IND122050AAA,2.0,11.0,0.0,0.0,1.9411764705882353,0.9090909090909091,0.0,0.00035049163943143616,1.0
IND122101AAC,1.0,1.0,0.0,0.0,1.375,1.0,0.0,0.00015410847904374735,0.0
IND122413AAE,1.0,43.0,0.0,0.0,1.7027027027027026,0.9534883720930233,0.0,0.00021170592643791826,0.0
IND122503AAA,1.0,2.0,1.0,2.0,2.4416475972540046,1.0,0.0004039143570208853,0.00021393994304216697,0.0
IND123001AAA,2.0,3.0,1.0,13.0,1.8210526315789473,1.0,0.0016156574280835412,0.0003142875649795996,0.3333333333333333
IND123106AAB,1.0,10.0,0.0,0.0,2.0,1.0,0.0,0.0003659274403665426,0.0
IND123401AAB,1.0,13.0,2.0,13.0,1.8516483516483517,1.0,0.001613468190376111,0.00038278764268789,0.0
IND124001AAB,1.0,4.0,1.0,4.0,1.7841697266421868,1.0,0.0012150269276238015,0.00020492255325775757,0.0
IND124103AAA,1.0,13.0,1.0,9.0,1.6785459729151817,1.0,0.0012150269276238015,0.0003161379842666851,1.0
IND124112AAA,1.0,7.0,3.0,8.0,1.8620689655172413,1.0,0.0,0.00022360193573831878,0.8333333333333334
IND124141AAA,1.0,3.0,1.0,10.0,1.65,1.0,0.0012084592145015106,0.0005139261686495085,0.0
IND124507AAA,2.0,11.0,2.0,12.0,2.0851063829787235,1.0,0.0008085584599442474,0.0005335021144756847,0.0
IND125001AAA,7.0,27.0,8.0,46.0,2.0432432432432432,1.0,0.011209626807945473,0.0018578707830425676,0.10606060606060606
IND125005AAA,4.0,9.0,5.0,14.0,1.75,1.0,0.0032097873520440185,0.0007523818937324355,0.14285714285714285
IND125033AAA,2.0,6.0,2.0,5.0,1.9078014184397163,1.0,0.0,0.00024151938465347348,0.8333333333333334
IND125047AAB,2.0,10.0,2.0,11.0,2.1551724137931036,1.0,0.001619306157595925,0.0004929957471792685,0.3333333333333333
IND125050AAA,1.0,1.0,1.0,2.0,1.6666666666666667,1.0,0.0,0.00015373833837362624,1.0
IND125051AAA,3.0,13.0,1.0,4.0,2.1166666666666667,0.7647058823529411,0.0016149276821810646,0.0006616022802478334,0.3333333333333333
IND125104AAA,1.0,10.0,1.0,1.0,1.6630434782608696,1.0,0.0028091568515842785,0.0005240188001549028,0.0
IND125111AAA,1.0,4.0,1.0,2.0,1.085057471264368,0.3333333333333333,0.0016127384444736342,0.0006780051506659271,0.0
IND125121AAA,1.0,2.0,1.0,3.0,4.0344827586206895,1.0,0.001610549206766204,0.0006919475905213077,0.0
IND126102AAA,1.0,4.0,2.0,7.0,2.302325581395349,1.0,0.001212837689916371,0.0002898273827243287,0.3333333333333333
IND126112AAA,0.0,0.0,1.0,16.0,2.308336505519604,0.9375,0.0,0.00011564321245522476,0.0
IND126116AAA,1.0,5.0,1.0,5.0,2.603985507246377,1.0,0.0,0.00029160983768071805,1.0
IND127021AAA,2.0,11.0,1.0,8.0,1.7580645161290323,1.0,0.001212837689916371,0.0004152058485913905,0.3333333333333333
IND127201AAA,1.0,8.0,1.0,3.0,1.9189189189189189,1.0,0.0012106484522089408,0.00046856818375794006,0.0
IND131021AAA,0.0,0.0,1.0,58.0,1.5634920634920635,0.7931034482758621,0.0,0.00011564321245522476,0.0
IND131028AAA,1.0,58.0,0.0,0.0,1.5634920634920635,0.7931034482758621,0.0,0.00021393994304216697,0.0
IND131028AAB,20.0,329.0,20.0,245.0,1.7009754115017273,0.7508710801393729,0.047054745537603804,0.0064333642637112885,0.03870967741935484
IND131028AAE,1.0,3.0,1.0,1.0,2.33300395256917,1.0,0.0,0.00022901241178131598,0.0
IND131301AAA,2.0,7.0,1.0,2.0,2.8666666666666667,1.0,0.0012084592145015106,0.0004338982245740416,0.3333333333333333
IND132001AAA,2.0,7.0,3.0,6.0,1.7733333333333334,0.9230769230769231,0.0004053738488258388,0.0002700867231192789,0.6666666666666666
IND132039AAA,1.0,21.0,0.0,0.0,1.8235294117647058,1.0,0.0,0.000601533421364245,0.0
IND132103AAA,2.0,3.0,2.0,8.0,2.6458333333333335,1.0,0.0008100179517492009,0.00019854516863172344,1.0
IND132103AAB,1.0,3.0,2.0,8.0,2.810810810810811,0.9090909090909091,0.0,0.00023043006978092155,1.0
IND133004AAA,0.0,0.0,1.0,6.0,1.675925925925926,1.0,0.0,0.00011564321245522476,0.0
IND134102AAA,2.0,3.0,1.0,16.0,2.7857142857142856,1.0,7.297459024767576e-07,0.00024685554409886295,0.3333333333333333
IND134109AAA,0.0,0.0,1.0,15.0,10.0,1.0,0.0,0.00011564321245522476,0.0
IND134203AAA,1.0,1.0,2.0,15.0,1.2758749069247952,0.6875,0.0004053738488258388,0.00013873980666632453,1.0
IND135001AAA,2.0,7.0,1.0,12.0,2.2222222222222223,1.0,0.0008085584599442474,0.00023703653725326676,0.3333333333333333
IND136027AAA,1.0,22.0,1.0,21.0,2.0,1.0,0.00040683334063079234,0.0005716355398929162,0.0
IND136118AAA,1.0,17.0,1.0,22.0,1.5333333333333334,1.0,0.0012183107841849468,0.0004950804108659892,0.0
IND136128AAA,1.0,22.0,1.0,22.0,1.7222222222222223,1.0,0.000812936935359108,0.0005364615616913542,0.0
IND140001AAA,1.0,21.0,1.0,19.0,1.7289402173913042,1.0,0.0004053738488258388,0.00038369295451416154,0.0
IND140118AAA,1.0,19.0,1.0,17.0,1.7077081494557222,1.0,0.00040318461111840854,0.0004417822237922871,0.0
IND140301AAA,1.0,21.0,2.0,40.0,1.6666666666666667,1.0,0.0008103828247004393,0.0006006716908883202,0.3333333333333333
IND140401AAA,2.0,8.0,3.0,7.0,1.4814814814814814,0.8,0.00040318461111840854,0.00035774139342662425,0.5
IND140406AAA,1.0,2.0,1.0,7.0,1.4444444444444444,0.6666666666666666,0.00040500897587460047,0.00016686410246833137,1.0
IND140501AAA,1.0,14.0,1.0,14.0,1.2057692307692307,0.5,0.00040318461111840854,0.0002257101257438453,1.0
IND140603AAA,1.0,29.0,0.0,0.0,1.2592592592592593,0.8275862068965517,0.0,0.0007854444445771184,0.0
IND140901AAA,2.0,40.0,2.0,40.0,1.6923076923076923,0.825,0.00040245486521593184,0.0008431928860845011,0.6666666666666666
IND141003AAB,0.0,0.0,3.0,29.0,1.6774193548387097,0.896551724137931,0.0,0.00011564321245522476,1.0
IND141010AAA,0.0,0.0,1.0,1.0,1.8181818181818181,1.0,0.0,0.00011564321245522476,0.0
IND141109AAA,2.0,19.0,1.0,18.0,1.3142857142857143,0.6486486486486487,0.0004039143570208853,0.0002694749198692369,1.0
IND141115AAA,2.0,9.0,1.0,14.0,1.5357142857142858,0.9130434782608695,0.0008067340951880555,0.0005135426677536764,0.3333333333333333
IND142001AAB,2.0,27.0,2.0,30.0,1.6277372262773722,1.0,0.0024212969044178816,0.0007618759133140006,0.8333333333333334
IND142026AAA,1.0,21.0,2.0,19.0,1.5441558441558443,1.0,3.648729512383788e-07,0.00018682360356990705,1.0
IND142401AAA,2.0,15.0,1.0,6.0,1.75,0.8571428571428571,0.0,0.0005532886315678539,1.0
IND143001AAA,3.0,29.0,1.0,19.0,1.9222873900293256,0.875,0.0,0.001052011936708419,1.0
IND144001AAA,1.0,2.0,1.0,16.0,1.8250000000000002,1.0,0.000808193586993009,0.00024684394047231543,1.0
IND144001AAB,5.0,76.0,5.0,58.0,2.0419580419580416,0.9328358208955224,0.003630485864821869,0.002635872186132837,0.26666666666666666
IND144001AAC,0.0,0.0,2.0,27.0,2.0,1.0,0.0,0.00011564321245522476,1.0
IND144040AAA,2.0,17.0,1.0,10.0,1.894736842105263,0.9629629629629629,0.0008060043492855788,0.00039106092586524833,0.6666666666666666
IND144401AAB,1.0,14.0,1.0,17.0,2.0,0.9032258064516129,0.0,0.0006564514713342603,0.0
IND144514AAA,1.0,12.0,2.0,6.0,1.7348484848484849,0.8888888888888888,0.00040500897587460047,0.0004229685525338645,1.0
IND144527AAA,0.0,0.0,1.0,4.0,1.8957219251336899,1.0,0.0,0.00011564321245522476,0.0
IND144601AAA,1.0,3.0,2.0,3.0,2.686422413793103,0.8333333333333334,0.0008103828247004393,0.0002315306965007324,0.6666666666666666
IND145001AAA,1.0,13.0,2.0,8.0,6.085714285714285,0.9523809523809523,1.0946188537151363e-06,0.0007899854569022224,0.6666666666666666
IND147001AAB,2.0,13.0,2.0,13.0,1.7743664173272302,0.9615384615384616,0.0020232205146168106,0.0002668469372443093,0.0
IND147001AAD,2.0,9.0,3.0,7.0,2.061609907120743,1.0,0.0,0.00029370216036408027,0.16666666666666666
IND147101AAA,2.0,10.0,2.0,10.0,1.6156609195402298,1.0,0.0,0.0003735220284589646,1.0
IND147105AAA,2.0,12.0,2.0,8.0,1.7708333333333335,1.0,0.00040318461111840854,0.0004706773468596535,1.0
IND147201AAA,2.0,7.0,1.0,7.0,1.2379032258064515,0.5714285714285714,0.0012172161653312317,0.00025599315236341695,0.3333333333333333
IND147301AAA,2.0,4.0,2.0,2.0,1.6245791245791246,1.0,0.0,0.0002359145738195478,1.0
IND148001AAA,1.0,2.0,0.0,0.0,1.3620689655172415,1.0,0.0,0.0003246872403647248,0.0
IND148023AAA,2.0,8.0,2.0,3.0,1.2258064516129032,0.5454545454545454,0.000812936935359108,0.0003689012257226343,0.16666666666666666
IND148024AAB,1.0,1.0,0.0,0.0,2.0,1.0,0.0,0.00022016522640997478,0.0
IND148028AAA,0.0,0.0,2.0,12.0,1.829100145137881,1.0,0.0,0.00011564321245522476,0.0
IND148101AAA,1.0,8.0,1.0,5.0,1.121212121212121,0.38461538461538464,0.0004053738488258388,0.0003923302722112953,1.0
IND148102AAA,1.0,5.0,1.0,1.0,1.2727272727272727,0.5,0.00040318461111840854,0.00044912394383485267,1.0
IND151001AAA,6.0,48.0,4.0,51.0,1.3546511627906976,0.5454545454545454,0.004838945079323379,0.002075152948170337,0.14285714285714285
IND151103AAA,1.0,5.0,1.0,2.0,1.5185185185185186,0.8571428571428571,0.0,0.00028857262480276884,0.0
IND151302AAA,1.0,17.0,1.0,16.0,0.7619047619047619,0.030303030303030304,0.0008103828247004393,0.0007036032144368746,0.0
IND151505AAA,1.0,16.0,1.0,5.0,0.8095238095238095,0.14285714285714285,0.000808193586993009,0.0007137059447266242,0.0
IND151506AAA,1.0,5.0,1.0,18.0,1.1020408163265305,0.34782608695652173,0.0008060043492855788,0.0007222932654729127,0.0
IND152024AAA,1.0,2.0,1.0,2.0,2.0084485407066053,1.0,0.0004053738488258388,0.00017936739051776883,1.0
IND152026AAA,6.0,35.0,7.0,37.0,1.7478813559322033,0.8333333333333334,0.004436125341156209,0.0013869379931258662,0.19444444444444445
IND152101AAA,1.0,1.0,1.0,2.0,1.1521739130434783,0.3333333333333333,0.0,0.0001475053014864968,0.0
IND152107AAA,2.0,2.0,1.0,1.0,1.9591836734693877,1.0,0.0,0.00022373644245655126,1.0
IND152116AAA,1.0,2.0,2.0,2.0,1.3697368421052631,1.0,0.0,0.00017936739051776883,1.0
IND152123AAA,1.0,2.0,1.0,1.0,1.6753246753246753,1.0,0.00040318461111840854,0.0002681054943953337,1.0
IND160002AAC,32.0,431.0,29.0,370.0,1.8625592417061612,0.9313358302122348,0.05309229826174526,0.010053811597771935,0.03433001107419712
IND160002AAD,1.0,3.0,0.0,0.0,1.7560975609756098,1.0,0.0,0.0001353025585726132,0.0
IND160003AAA,1.0,1.0,1.0,1.0,2.378378378378378,1.0,0.0,0.00013873980666632453,0.0
IND160055AAA,2.0,36.0,1.0,21.0,1.4,0.5964912280701754,0.0,0.0008435456964187677,1.0
IND160102AAC,1.0,25.0,1.0,28.0,1.8857142857142857,1.0,0.0,0.0006930580677327193,0.0
IND160102AAD,0.0,0.0,2.0,15.0,1.5833333333333333,1.0,0.0,0.00011564321245522476,0.0
IND173025AAA,1.0,12.0,1.0,11.0,2.2888888888888888,1.0,0.0008063692222368171,0.00031712426912050594,1.0
IND173212AAA,2.0,19.0,4.0,9.0,2.2626698014629048,1.0,0.0008103828247004393,0.0006512873157955529,0.5
IND173220AAA,1.0,5.0,2.0,3.0,3.249084249084249,1.0,0.0,0.0004231955560253739,1.0
IND174001AAA,2.0,29.0,1.0,15.0,2.5284900284900287,1.0,0.002422391523271597,0.0007380570592677334,0.0
IND174021AAA,0.0,0.0,1.0,12.0,2.086666666666667,1.0,0.0,0.00011564321245522476,0.0
IND174101AAB,0.0,0.0,2.0,12.0,2.5953182374541,1.0,0.0,0.00011564321245522476,0.0
IND174103AAA,4.0,20.0,1.0,6.0,2.75,1.0,0.0008056394763343404,0.000649888302945464,0.5
IND174307AAA,1.0,14.0,1.0,17.0,1.2474226804123711,0.5806451612903226,0.0004061035947283156,0.0004389955314106217,1.0
IND175001AAA,1.0,16.0,1.0,17.0,1.96875,1.0,0.0024180130478567365,0.0007471861683631755,0.0
IND175015AAA,1.0,11.0,1.0,13.0,5.872936910130643,1.0,0.0008078287140417706,0.0002974921640410689,0.0
IND175018AAA,1.0,15.0,1.0,16.0,2.7333333333333334,1.0,0.0024202022855641667,0.0007429917128328364,0.0
IND175101AAA,1.0,17.0,1.0,4.0,1.5578947368421052,1.0,0.002415823810149306,0.000750751455563965,0.0
IND176001AAA,1.0,2.0,0.0,0.0,1.6966101694915254,1.0,0.0,0.00023687584684578756,0.0
IND176001AAB,1.0,1.0,0.0,0.0,1.2413793103448276,1.0,0.0,0.00017625952965050616,0.0
IND176041AAA,2.0,19.0,0.0,0.0,1.163265306122449,0.3684210526315789,0.0,0.0005349826025764835,1.0
IND176048AAA,1.0,12.0,1.0,11.0,2.0434782608695654,1.0,0.0004042792299721237,0.000213939943042167,0.0
IND176061AAA,1.0,3.0,1.0,2.0,1.9081632653061225,1.0,0.0004039143570208853,0.000213939943042167,0.0
IND176110AAB,1.0,7.0,1.0,9.0,1.95,1.0,0.0004042792299721237,0.00021393994304216697,0.0
IND176201AAA,1.0,7.0,1.0,9.0,1.4909688013136289,0.9375,1.0946188537151363e-06,0.0007031948960259911,1.0
IND176215AAA,0.0,0.0,1.0,3.0,1.8695652173913044,1.0,0.0,0.00011564321245522476,0.0
IND176303AAA,2.0,10.0,1.0,10.0,1.335704291044776,0.8,1.0946188537151363e-06,0.0007972948288728849,0.6666666666666666
IND176310AAA,1.0,10.0,1.0,13.0,6.085714285714285,0.9130434782608695,1.0946188537151363e-06,0.0007933438169968556,1.0
IND177001AAA,0.0,0.0,1.0,7.0,1.8095238095238095,1.0,0.0,0.00011564321245522476,0.0
IND177033AAA,1.0,9.0,1.0,18.0,2.2666666666666666,1.0,0.0008078287140417706,0.000297492164041069,0.0
IND177101AAA,1.0,3.0,2.0,3.0,1.553366926248282,1.0,7.297459024767576e-07,0.000213939943042167,0.0
IND177203AAA,0.0,0.0,1.0,3.0,1.5135135135135136,1.0,0.0,0.00011564321245522476,0.0
IND181152AAA,3.0,6.0,1.0,5.0,1.5072463768115942,1.0,0.0,0.0003020252121604055,1.0
IND181152AAB,3.0,11.0,3.0,12.0,2.6451612903225805,1.0,0.0008085584599442474,0.0005616525443870787,0.5
IND181201AAB,1.0,7.0,1.0,8.0,4.387096774193548,1.0,0.0,0.00039412926571383045,0.0
IND184104AAA,2.0,9.0,4.0,12.0,1.5540069686411149,0.9047619047619048,0.001212837689916371,0.0004120850146996949,0.8333333333333334
IND184121AAA,3.0,12.0,4.0,10.0,1.58125,0.9090909090909091,0.0012088240874527489,0.00061906759599162,0.8333333333333334
IND201001AAA,1.0,4.0,1.0,5.0,2.4285714285714284,1.0,0.0,0.00041271406362569684,0.0
IND201001AAC,2.0,12.0,2.0,3.0,1.45,0.6666666666666666,0.0,0.0003210393643648835,1.0
IND201005AAA,1.0,3.0,1.0,1.0,2.6813186813186816,0.75,0.0,0.00033844635083307885,0.0
IND201007AAA,8.0,49.0,5.0,21.0,2.2916666666666665,0.9571428571428572,0.0036330399754805377,0.0018348493748760522,0.17857142857142858
IND201007AAB,1.0,1.0,3.0,17.0,1.5722222222222222,0.9444444444444444,0.002008625596567275,0.00018991092524784278,0.6666666666666666
IND201204AAA,1.0,9.0,1.0,6.0,1.7619047619047619,0.8666666666666667,0.00040464410292336206,0.0003165217292609236,1.0
IND201301AAD,1.0,3.0,1.0,2.0,4.5675675675675675,1.0,0.0,0.0001695327572892552,0.0
IND201301AAF,8.0,88.0,3.0,32.0,1.8775,0.9833333333333333,0.0016357254404016522,0.0016161946545910461,0.1388888888888889
IND201301AAL,2.0,29.0,2.0,16.0,1.4242424242424243,0.7555555555555555,0.0004101171971919378,0.0003317797632190491,0.0
IND201301AAM,1.0,39.0,1.0,27.0,1.4710095937157943,0.6212121212121212,0.0,0.0007171275278896059,0.0
IND201304AAA,2.0,13.0,1.0,18.0,1.875,1.0,0.0,0.0006417271175602551,1.0
IND201306AAA,0.0,0.0,2.0,9.0,2.3846153846153846,1.0,0.0,0.00011564321245522476,1.0
IND201307AAA,1.0,5.0,1.0,28.0,1.263157894736842,0.6666666666666666,0.0,0.00020377221206028685,0.0
IND202001AAB,4.0,35.0,4.0,21.0,1.8938003220611916,0.9464285714285714,0.004140578250653122,0.0011740757995009257,0.26666666666666666
IND202001AAC,0.0,0.0,1.0,4.0,3.050595238095238,1.0,0.0,0.00011564321245522476,0.0
IND203001AAA,0.0,0.0,1.0,5.0,3.6153846153846154,1.0,0.0,0.00011564321245522476,0.0
IND203131AAA,1.0,5.0,1.0,16.0,1.6666666666666667,1.0,2.9189836099070305e-06,0.00021393994304216697,0.0
IND203135AAA,1.0,16.0,2.0,16.0,1.5565638233514822,1.0,5.1082213173373036e-06,0.000297492164041069,0.3333333333333333
IND203205AAA,1.0,19.0,0.0,0.0,1.5873015873015872,0.9473684210526315,0.0,0.0009313164521941904,0.0
IND203390AAA,2.0,19.0,1.0,20.0,1.853448275862069,0.9743589743589743,7.297459024767576e-06,0.00043836059429065407,0.3333333333333333
IND203396AAB,1.0,12.0,1.0,15.0,1.4444444444444444,0.9629629629629629,0.0,0.00030529446703140883,1.0
IND204101AAA,1.0,4.0,2.0,4.0,2.6082289803220036,1.0,0.0,0.00023310757359351674,1.0
IND204215AAA,1.0,4.0,1.0,6.0,3.1396103896103895,1.0,0.00040464410292336206,0.00021393994304216697,0.0
IND205001AAB,3.0,26.0,5.0,21.0,2.2452830188679247,0.9574468085106383,0.006442196827064816,0.0014239486784238047,0.25
IND205135AAA,1.0,8.0,1.0,13.0,2.2,1.0,0.003607498868893851,0.0005767313559448851,1.0
IND206001AAA,1.0,19.0,1.0,20.0,1.3304597701149425,0.6666666666666666,0.00040318461111840854,0.0006134591100742578,0.0
IND206122AAA,1.0,20.0,1.0,19.0,1.5217391304347827,0.7692307692307693,0.0004053738488258388,0.0005856657619046654,0.0
IND207001AAA,1.0,6.0,1.0,6.0,2.0254515599343184,0.75,0.0008085584599442474,0.0002974921640410689,0.0
IND207123AAA,1.0,2.0,1.0,1.0,1.2659574468085106,0.6666666666666666,0.0,0.00021068744384340174,0.0
IND207247AAB,2.0,10.0,1.0,10.0,2.2236516104440636,1.0,0.0024136345724418756,0.0008155291978108375,0.3333333333333333
IND207302AAA,1.0,6.0,1.0,6.0,1.2105911330049262,0.5833333333333334,0.001211743071062656,0.00036851155189013686,0.0
IND208006AAA,1.0,14.0,1.0,3.0,1.7115384615384615,0.8235294117647058,0.0,0.0004446589970698332,0.0
IND208012AAA,1.0,21.0,1.0,13.0,2.135714285714286,0.6764705882352942,0.0,0.0006091668893771373,0.0
IND208017AAA,0.0,0.0,1.0,6.0,10.0,1.0,0.0,0.00011564321245522476,0.0
IND208019AAA,1.0,18.0,1.0,6.0,5.341911764705882,1.0,0.0,0.0005386635069597213,0.0
IND209101AAA,1.0,16.0,1.0,17.0,1.5625,0.5757575757575758,0.001619306157595925,0.0004916612520147772,0.0
IND209111AAA,1.0,17.0,1.0,21.0,1.7680672268907562,0.6842105263157895,0.0016171169198884948,0.0005335552766678397,0.0
IND209206AAB,1.0,18.0,1.0,15.0,0.8275862068965517,0.45454545454545453,0.0004061035947283156,0.0005386635069597213,0.0
IND209304AAA,16.0,172.0,13.0,220.0,1.7941661963882618,0.8239795918367347,0.04199468744982997,0.006082644757580144,0.03463203463203463
IND209625AAA,2.0,11.0,1.0,11.0,1.3912087912087912,0.7727272727272727,0.002424580760979027,0.0007614821134361983,0.3333333333333333
IND209721AAB,1.0,10.0,1.0,10.0,1.9625,0.85,0.0024267699986864574,0.0006920033918173002,1.0
IND209801AAA,1.0,20.0,1.0,5.0,2.4375,0.88,0.0,0.0005856657619046654,0.0
IND210001AAA,1.0,16.0,1.0,10.0,2.5863636363636364,1.0,0.000808193586993009,0.0005335552766678397,0.0
IND210301AAA,1.0,15.0,0.0,0.0,2.357142857142857,1.0,0.0,0.0005735071933710488,0.0
IND210427AAA,1.0,10.0,1.0,9.0,3.769230769230769,1.0,0.0008060043492855788,0.0005691651976229439,0.0
IND210431AAA,1.0,5.0,1.0,5.0,2.283277731442869,1.0,0.001610549206766204,0.0006251617983248497,0.0
IND210501AAB,0.0,0.0,1.0,16.0,2.589681903234429,1.0,0.0,0.00011564321245522476,0.0
IND211002AAB,6.0,52.0,4.0,49.0,3.107142857142857,0.8217821782178217,0.008843790592115826,0.0020659745988711375,0.027777777777777776
IND211008AAA,0.0,0.0,1.0,6.0,9.03125,1.0,0.0,0.00011564321245522476,0.0
IND211010AAB,0.0,0.0,1.0,1.0,4.0,1.0,0.0,0.00011564321245522476,0.0
IND211011AAA,1.0,13.0,1.0,13.0,4.380952380952381,1.0,0.0008103828247004393,0.0005815415658741749,0.0
IND211013AAA,1.0,7.0,0.0,0.0,5.428571428571429,1.0,0.0,0.00036651155660389023,0.0
IND212402AAA,1.0,13.0,1.0,13.0,6.108695652173913,1.0,0.0008060043492855788,0.0006341037243863553,0.0
IND212501AAA,1.0,13.0,1.0,13.0,2.52536231884058,1.0,0.000808193586993009,0.0006099535434483255,0.0
IND212601AAA,1.0,16.0,1.0,16.0,2.1514285714285712,0.875,0.0008103828247004393,0.0004916612520147772,0.0
IND221005A1A,1.0,1.0,0.0,0.0,4.166666666666667,1.0,0.0,0.00023866389085444765,0.0
IND221010AAA,1.0,2.0,1.0,1.0,4.166666666666667,1.0,0.0004061035947283156,0.00014473020988143401,0.0
IND221010AAB,2.0,2.0,3.0,5.0,2.9263157894736844,1.0,0.0024614329290541036,0.000753546402101045,0.1
IND221303AAA,1.0,2.0,1.0,3.0,1.9523809523809523,1.0,0.000406468467679554,0.0002263019169483073,0.0
IND221313AAA,1.0,6.0,6.0,15.0,3.3185840707964602,0.9523809523809523,0.008926251879095699,0.0002566499772900569,0.047619047619047616
IND221401AAA,1.0,1.0,1.0,2.0,3.0,1.0,0.0008122071894566312,0.0001301867111683294,0.0
IND221706AAA,1.0,7.0,1.0,11.0,2.6065275248634263,1.0,0.0012237838784535226,0.0008294939538264452,0.0
IND222001AAA,2.0,2.0,1.0,1.0,2.871794871794872,1.0,4.7433483660989244e-06,0.0005721645143692536,0.0
IND222125AAB,1.0,7.0,1.0,1.0,2.1304945054945055,1.0,0.00040829283243574586,0.00038637460418451496,0.0
IND222136AAA,2.0,2.0,0.0,0.0,6.458333333333333,1.0,0.0,0.0006165265483822098,0.0
IND223101AAB,1.0,7.0,1.0,7.0,2.0735714285714284,1.0,0.0008143964271640615,0.0003185075196815104,0.0
IND224001AAA,0.0,0.0,1.0,13.0,3.3157894736842106,1.0,0.0,0.00011564321245522476,0.0
IND224122AAA,1.0,17.0,0.0,0.0,3.0555555555555554,1.0,0.0,0.000297492164041069,0.0
IND224141AAB,1.0,13.0,1.0,17.0,3.0634920634920633,1.0,3.648729512383788e-07,0.00021393994304216697,0.0
IND226004AAA,0.0,0.0,2.0,7.0,3.5,1.0,0.0,0.00011564321245522476,0.0
IND226004AAC,1.0,1.0,0.0,0.0,1.5953488372093023,1.0,0.0,0.00013360639406656823,0.0
IND226016AAA,1.0,6.0,0.0,0.0,3.675,1.0,0.0,0.0001998975529583181,0.0
IND226024AAA,1.0,1.0,0.0,0.0,2.6923076923076925,1.0,0.0,0.00012968560253907364,0.0
IND231001AAA,1.0,3.0,0.0,0.0,1.625,1.0,0.0,0.00030799984186128976,0.0
IND231205AAA,1.0,4.0,1.0,3.0,2.25,1.0,0.0,0.00032395539921383886,1.0
IND231208AAA,0.0,0.0,1.0,6.0,1.8070652173913042,1.0,0.0,0.00011564321245522476,0.0
IND231216AAA,2.0,6.0,0.0,0.0,2.73003663003663,1.0,0.0,0.0005472394418559528,1.0
IND231217AAA,1.0,6.0,1.0,7.0,2.3076923076923075,1.0,1.824364756191894e-06,0.000213939943042167,0.0
IND231225AAB,1.0,7.0,1.0,7.0,2.0659259259259257,1.0,2.9189836099070305e-06,0.0002974921640410689,0.0
IND232101AAB,2.0,4.0,1.0,7.0,4.166666666666667,1.0,0.004068698279259162,0.00028737659695172237,0.3333333333333333
IND232104AAB,1.0,7.0,3.0,4.0,1.7,0.9090909090909091,0.0036640541763358,0.0003599133198642003,0.16666666666666666
IND232327AAA,1.0,1.0,0.0,0.0,1.4464285714285714,1.0,0.0,0.0001921247929263705,0.0
IND233001AAA,1.0,3.0,2.0,4.0,3.642857142857143,1.0,0.0020396397974225375,0.000499951877526776,0.3333333333333333
IND233221AAC,1.0,2.0,0.0,0.0,1.1818327330932372,0.5,0.0,0.00026860637339751626,0.0
IND241124AAB,1.0,11.0,1.0,4.0,1.4307692307692308,0.8666666666666667,0.002422391523271597,0.0007629030088760616,0.0
IND242001AAA,1.0,4.0,1.0,1.0,2.3125,1.0,0.0024202022855641667,0.0007641107699999472,0.0
IND242221AAA,1.0,5.0,1.0,5.0,1.9382194033356823,1.0,0.0,0.00044082659341124306,1.0
IND242307AAB,1.0,1.0,2.0,10.0,1.8344827586206895,1.0,0.0024180130478567365,0.0007651373669552512,0.3333333333333333
IND243001AAA,0.0,0.0,2.0,15.0,1.8387096774193548,1.0,0.0,0.00011564321245522476,1.0
IND243002AAA,1.0,16.0,1.0,1.0,2.3181818181818183,1.0,0.0,0.0007256770665210365,1.0
IND243201AAA,2.0,3.0,1.0,4.0,1.9285714285714286,1.0,0.0,0.00041492510987430206,1.0
IND243301AAB,1.0,10.0,2.0,12.0,1.1130952380952381,0.45454545454545453,0.0004053738488258388,0.0004674258000033063,0.3333333333333333
IND243503AAB,3.0,15.0,1.0,11.0,2.0625,1.0,0.0008067340951880555,0.000855786334719296,0.6666666666666666
IND244001AAA,1.0,19.0,1.0,16.0,1.824742268041237,0.7714285714285715,0.003618809930382241,0.0005397200812672556,1.0
IND244221AAA,1.0,20.0,1.0,21.0,1.3868613138686132,0.5853658536585366,0.007549221361122058,0.0008781855300374895,0.0
IND244235AAA,1.0,21.0,1.0,20.0,1.077319587628866,0.36585365853658536,0.007184713282834917,0.0005843597516685219,0.0
IND244301AAA,1.0,10.0,1.0,11.0,1.4912280701754386,0.5714285714285714,0.0012150269276238015,0.0004969143712463571,1.0
IND244412AAA,1.0,11.0,2.0,13.0,1.2810595405532115,0.5416666666666666,0.001212837689916371,0.0005380204280146664,0.6666666666666666
IND244501AAA,1.0,10.0,1.0,8.0,0.6169552597337604,0.0,0.0004053738488258388,0.0005207308607037178,1.0
IND244601AAB,2.0,9.0,1.0,9.0,1.0046485260770974,0.2222222222222222,0.00040318461111840854,0.0005987732088782735,0.6666666666666666
IND244713AAA,3.0,18.0,2.0,17.0,1.6521739130434783,0.5428571428571428,0.000808193586993009,0.0007212264887094091,1.0
IND244715AAA,2.0,17.0,2.0,17.0,1.3202764976958525,0.5294117647058824,0.0008103828247004393,0.0006664231020605113,1.0
IND244901AAB,10.0,64.0,7.0,67.0,1.2032085561497325,0.5038167938931297,0.014031189339871856,0.003005313839882752,0.08333333333333333
IND244901AAC,1.0,2.0,1.0,1.0,1.3647058823529412,1.0,0.0,0.00018186186745569848,0.0
IND244921AAB,2.0,6.0,2.0,3.0,1.619047619047619,1.0,0.0012121079440138944,0.0004608613791881411,0.5
IND245101AAA,2.0,16.0,2.0,17.0,2.076923076923077,1.0,0.0,0.001008609740518422,1.0
IND245304AAA,2.0,26.0,2.0,27.0,2.210526315789474,1.0,0.0008085584599442474,0.0016890453585630253,1.0
IND246001AAA,0.0,0.0,1.0,4.0,1.2917256289308177,1.0,0.0,0.00011564321245522476,0.0
IND246149AAA,1.0,18.0,1.0,15.0,2.4761904761904763,1.0,0.0,0.0005974859938771,0.0
IND246174AAA,2.0,20.0,1.0,16.0,1.275950668036999,0.6666666666666666,0.0008125720624078696,0.0010628900560563388,0.3333333333333333
IND246424AAA,1.0,15.0,1.0,16.0,1.372093023255814,0.8709677419354839,3.648729512383788e-07,0.0009818780085384118,1.0
IND246444AAB,1.0,16.0,1.0,15.0,1.3555555555555556,0.7419354838709677,0.000406468467679554,0.0010190997600999442,1.0
IND246701AAA,1.0,10.0,1.0,12.0,1.6990950226244343,1.0,0.0020210312769093804,0.0006676526220036662,0.0
IND246725AAB,1.0,14.0,1.0,10.0,1.0835761460761462,0.4583333333333333,0.0020232205146168106,0.00064942283476281,0.0
IND246761AAA,1.0,11.0,3.0,12.0,1.2291666666666667,0.5217391304347826,0.0008103828247004393,0.0005718884445860544,0.5
IND246763AAA,1.0,12.0,2.0,14.0,2.091282051282051,0.9615384615384616,0.0020188420392019497,0.0006831479411583955,0.3333333333333333
IND247554AAA,1.0,12.0,2.0,14.0,1.343448098663926,0.5,0.00040318461111840854,0.0004036585422475714,0.0
IND247667AAA,1.0,5.0,1.0,14.0,1.8888888888888888,1.0,0.002423486142125312,0.00022724238845839078,1.0
IND247667AAB,1.0,15.0,1.0,2.0,1.8620689655172413,1.0,0.0,0.00045044074046472277,1.0
IND247776AAA,1.0,11.0,1.0,9.0,1.899888765294772,1.0,0.000808193586993009,0.0002708555228037883,0.0
IND248001AAA,3.0,29.0,1.0,12.0,1.6555555555555554,0.7073170731707317,0.0016123735715223959,0.0006362259152227299,0.0
IND248001AAD,2.0,3.0,1.0,9.0,1.6314343551185657,0.9166666666666666,0.0,0.00018697872778592373,0.0
IND248122AAB,1.0,16.0,1.0,15.0,2.2142857142857144,1.0,0.0004039143570208853,0.00021393994304216697,0.0
IND248197AAA,0.0,0.0,1.0,16.0,2.2182539682539684,1.0,0.0,0.00011564321245522476,0.0
IND249201AAA,2.0,22.0,2.0,21.0,2.16,1.0,0.0016196710305471636,0.0006957827244640422,0.0
IND249407AAA,5.0,49.0,3.0,54.0,2.467741935483871,1.0,0.004033305602989039,0.0017006215814888105,0.2
IND250002AAA,3.0,8.0,1.0,5.0,1.9130434782608696,0.9230769230769231,0.00040318461111840854,0.0004979309933205862,0.6666666666666666
IND250002AAC,2.0,3.0,0.0,0.0,5.625,0.6666666666666666,0.0,0.00017388941087854493,1.0
IND250221AAA,0.0,0.0,1.0,1.0,3.125,1.0,0.0,0.00011564321245522476,0.0
IND250609AAA,1.0,1.0,0.0,0.0,2.9545454545454546,1.0,0.0,0.00013796304765585797,0.0
IND250611AAA,1.0,3.0,1.0,11.0,1.9848484848484849,1.0,0.0008103828247004393,0.00018260271805712436,0.0
IND251001AAA,1.0,10.0,1.0,12.0,1.8504159239453357,1.0,0.0004053738488258388,0.0003388415644615568,0.0
IND251201AAA,1.0,1.0,2.0,2.0,3.125,1.0,0.0004039143570208853,0.00021393994304216697,0.3333333333333333
IND251309AAB,1.0,9.0,1.0,10.0,1.8888888888888888,1.0,0.0008060043492855788,0.0003458704068384538,0.0
IND261001AAA,1.0,19.0,1.0,20.0,1.7619047619047619,1.0,1.0946188537151363e-06,0.00021393994304216697,0.0
IND261201AAB,0.0,0.0,1.0,19.0,1.6140350877192982,1.0,0.0,0.00011564321245522476,0.0
IND262001AAA,2.0,5.0,2.0,7.0,1.4982758620689656,0.8333333333333334,0.0016127384444736342,0.0005989069466183861,0.6666666666666666
IND262122AAB,1.0,6.0,1.0,4.0,1.6127495462794919,0.8,0.001610549206766204,0.0005519897021343624,1.0
IND262405AAA,0.0,0.0,1.0,2.0,6.097560975609756,1.0,0.0,0.00011564321245522476,0.0
IND262501AAA,2.0,11.0,1.0,8.0,1.7666666666666666,1.0,0.0012080943415502723,0.0005986130259170881,1.0
IND262701AAA,1.0,20.0,1.0,20.0,2.1101190476190474,1.0,1.4594918049535152e-06,0.000297492164041069,0.0
IND262723AAB,1.0,21.0,0.0,0.0,2.573529411764706,1.0,0.0,0.00042887803156184574,0.0
IND262802AAA,1.0,20.0,1.0,21.0,2.411764705882353,1.0,1.0946188537151363e-06,0.00036851155189013686,0.0
IND263002AAA,1.0,13.0,1.0,13.0,1.2340354767184034,0.6153846153846154,0.001214662054672563,0.0005338520466556971,1.0
IND263139AAA,1.0,7.0,1.0,6.0,1.8205128205128205,0.8461538461538461,0.0,0.0003408325847170176,0.0
IND263153AAB,6.0,48.0,7.0,56.0,1.7977362761743068,0.9519230769230769,0.007245282192740488,0.0021194293859931176,0.14545454545454545
IND263401AAA,3.0,18.0,2.0,16.0,2.0217391304347827,1.0,0.0008060043492855788,0.0007581154688489569,1.0
IND263601AAA,1.0,12.0,3.0,12.0,1.9916666666666667,1.0,0.0012106484522089408,0.0006222401025260064,1.0
IND263645AAA,3.0,15.0,2.0,13.0,1.7063492063492065,0.75,0.001212837689916371,0.0006456627030313232,0.6666666666666666
IND271001AAA,1.0,12.0,2.0,6.0,3.628030303030303,1.0,3.648729512383788e-07,0.0008088147195657649,1.0
IND271201AAA,1.0,5.0,1.0,6.0,2.75,1.0,3.648729512383788e-07,0.0006885536388140422,1.0
IND271210AAA,2.0,7.0,1.0,12.0,3.0,1.0,3.648729512383788e-07,0.0008154958907186582,1.0
IND272001AAA,1.0,3.0,2.0,7.0,1.2984649122807017,0.8,0.00040938745128946103,0.000213939943042167,0.0
IND272153AAC,1.0,3.0,0.0,0.0,3.25,1.0,0.0,0.000213939943042167,0.0
IND272155AAA,0.0,0.0,1.0,3.0,1.2916666666666667,1.0,0.0,0.00011564321245522476,0.0
IND272175AAA,1.0,2.0,0.0,0.0,1.8358585858585856,1.0,0.0,0.00016760005576546596,0.0
IND272207AAB,0.0,0.0,1.0,3.0,3.25,1.0,0.0,0.00011564321245522476,0.0
IND273014AAB,6.0,48.0,6.0,45.0,2.3833333333333333,0.946236559139785,0.006116000408657706,0.002207743690501586,0.0
IND273155AAA,1.0,5.0,2.0,2.0,2.3125,1.0,5.1082213173373036e-06,0.00032415233878040507,0.0
IND273303AAA,1.0,1.0,1.0,1.0,2.128205128205128,1.0,0.0,0.0002534079564369128,0.0
IND273304AAA,2.0,3.0,1.0,14.0,2.342857142857143,0.8235294117647058,0.00040829283243574586,0.0004144436259566898,0.0
IND274001AAA,2.0,17.0,2.0,14.0,2.375,1.0,1.787877461068056e-05,0.0009269021721226952,0.0
IND274301AAB,3.0,15.0,1.0,16.0,2.625,1.0,0.0016302523461330764,0.0008362593878419994,0.3333333333333333
IND274304AAA,2.0,3.0,1.0,6.0,4.076923076923077,1.0,0.000412306434899368,0.0004506477146289498,0.0
IND274304AAB,2.0,10.0,2.0,14.0,2.5882352941176467,1.0,0.0012241487514047609,0.0007732116217400511,0.3333333333333333
IND274402AAA,1.0,2.0,2.0,5.0,2.888888888888889,1.0,0.0,0.00040370272330901157,0.3333333333333333
IND274509AAB,1.0,13.0,3.0,5.0,1.8675000000000002,1.0,1.4230045098296773e-05,0.0008472338554521795,0.0
IND275101AAA,1.0,3.0,1.0,2.0,3.642857142857143,1.0,0.0,0.000434362534378559,1.0
IND275303AAA,1.0,4.0,1.0,4.0,3.269230769230769,1.0,0.0008257074886524513,0.0006180706820089883,0.0
IND275503AAA,2.0,3.0,1.0,4.0,4.153846153846154,1.0,0.0012303515915758133,0.0005910911406514606,0.3333333333333333
IND276128AAA,1.0,2.0,1.0,6.0,1.4962406015037595,1.0,0.0016244143789132623,0.00014473020988143401,0.0
IND276129AAA,1.0,1.0,1.0,1.0,2.6853801169590645,1.0,1.6419282805727045e-05,0.0006604960107937044,0.0
IND276140AAA,1.0,4.0,1.0,1.0,2.1875,1.0,0.00042106338572908914,0.000641003292162888,0.0
IND276305AAA,1.0,6.0,1.0,7.0,1.72,1.0,0.0012197702759899002,0.00023866389085444765,0.0
IND277201AAA,1.0,5.0,1.0,7.0,2.061610486891386,1.0,0.0008205992673351139,0.0008398244016130668,0.0
IND277211AAA,1.0,6.0,1.0,5.0,1.6111111111111112,1.0,0.00041741465621670534,0.0008519778695973288,0.0
IND277303AAC,1.0,18.0,1.0,6.0,1.9247474747474747,1.0,1.4230045098296773e-05,0.000866276067225874,0.0
IND281004AAA,1.0,8.0,0.0,0.0,1.0054347826086958,0.125,0.0,0.0003505719347318087,0.0
IND281121AAB,0.0,0.0,1.0,13.0,1.9253731343283582,1.0,0.0,0.00011564321245522476,0.0
IND281401AAA,0.0,0.0,2.0,12.0,1.2441675503711558,0.5,0.0,0.00011564321245522476,1.0
IND282001AAA,2.0,13.0,2.0,12.0,1.6795774647887325,0.68,0.0,0.00039900608615284694,1.0
IND282001AAC,1.0,1.0,1.0,2.0,1.2355212355212355,0.6666666666666666,0.0,0.00013360639406656823,1.0
IND282001AAF,0.0,0.0,1.0,18.0,2.138888888888889,1.0,0.0,0.00011564321245522476,0.0
IND282002AAD,6.0,30.0,5.0,30.0,1.807565789473684,0.7833333333333333,0.008926251879095699,0.0010364502453377846,0.2777777777777778
IND282005AAA,1.0,3.0,0.0,0.0,10.0,1.0,0.0,0.00017019789793097802,0.0
IND283122AAB,1.0,18.0,2.0,10.0,2.019230769230769,0.7857142857142857,0.0004042792299721237,0.00021393994304216697,0.0
IND283203AAA,2.0,14.0,2.0,14.0,1.780185758513932,0.9642857142857143,0.003605309631186421,0.0006635008829446336,0.6666666666666666
IND284001AAA,0.0,0.0,1.0,6.0,1.7367479674796749,0.8333333333333334,0.0,0.00011564321245522476,0.0
IND284403AAA,1.0,6.0,2.0,3.0,1.5466666666666666,0.7777777777777778,0.0004039143570208853,0.000213939943042167,0.3333333333333333
IND285001AAD,1.0,21.0,1.0,21.0,1.7763392857142857,0.9523809523809523,0.0016149276821810646,0.000569165197622944,0.0
IND285205AAB,1.0,21.0,1.0,5.0,1.6246334310850439,0.9230769230769231,0.0016127384444736342,0.0005994336304347843,0.0
IND301001AAB,5.0,37.0,3.0,18.0,1.683453237410072,0.9090909090909091,0.0032273012537034603,0.0011072634938693612,0.26666666666666666
IND301019AAA,0.0,0.0,2.0,8.0,3.2532074126870993,1.0,0.0,0.00011564321245522476,1.0
IND301705AAA,2.0,7.0,1.0,1.0,3.3478260869565215,1.0,0.0012142971817213247,0.00020478843515015914,0.3333333333333333
IND302004AAA,1.0,26.0,2.0,9.0,2.2941176470588234,0.8857142857142857,6.202840171052439e-06,0.0006228709746466499,0.0
IND302006AAA,1.0,16.0,1.0,13.0,1.9285714285714286,0.896551724137931,0.0,0.0004277833738037941,0.0
IND302006AAC,1.0,22.0,1.0,1.0,2.388888888888889,1.0,0.0,0.0005448359343095076,0.0
IND302014AAA,10.0,96.0,8.0,96.0,1.7739183806398278,1.0,0.040638089817125675,0.0028976610747509703,0.06666666666666667
IND302014AAB,9.0,66.0,12.0,150.0,2.224747474747475,0.9120370370370371,0.0001032590452004612,0.003442722367814914,0.0380952380952381
IND302020AAA,1.0,18.0,1.0,19.0,2.5555555555555554,1.0,0.0,0.0004668008939723653,0.0
IND302022AAD,1.0,20.0,1.0,7.0,1.4754901960784315,1.0,0.0,0.0004240967075497792,0.0
IND302023AAA,1.0,19.0,0.0,0.0,2.44,1.0,0.0,0.00048630965405665084,0.0
IND302026AAA,1.0,19.0,1.0,3.0,4.416666666666666,1.0,0.0,0.00048630965405665084,0.0
IND302033AAB,1.0,1.0,0.0,0.0,2.9,1.0,0.0,0.00017446991561630048,0.0
IND303002AAA,1.0,9.0,1.0,10.0,1.7647058823529411,1.0,0.0008078287140417706,0.0002644287182981882,1.0
IND303008AAB,1.0,5.0,1.0,5.0,1.5517241379310345,0.8,5.473094268575682e-06,0.0002131870128766527,0.0
IND303106AAA,1.0,9.0,2.0,11.0,1.5954545454545455,1.0,0.0004042792299721237,0.00021393994304216697,0.3333333333333333
IND303108AAB,0.0,0.0,1.0,9.0,1.6,1.0,0.0,0.00011564321245522476,0.0
IND303301AAB,1.0,10.0,1.0,12.0,1.45,0.7272727272727273,0.0,0.00031073081329808063,1.0
IND303303AAA,2.0,15.0,1.0,16.0,1.5,0.9032258064516129,2.6270852489163273e-05,0.00043829068401146187,0.3333333333333333
IND303338AAB,2.0,6.0,1.0,6.0,1.0029633620689655,0.3333333333333333,6.567713122290818e-06,0.00034931810282139484,0.0
IND303503AAA,1.0,12.0,1.0,11.0,1.7777777777777777,1.0,2.9189836099070303e-05,0.0005284936260029874,1.0
IND303603AAB,2.0,7.0,2.0,7.0,1.0897752192982457,0.35714285714285715,1.2770553293343258e-05,0.0004320723599377053,0.0
IND303702AAB,1.0,9.0,2.0,12.0,1.7540983606557377,1.0,0.008062962476465695,0.00034655057934946624,0.6666666666666666
IND303901AAA,1.0,10.0,1.0,3.0,2.0,0.9230769230769231,1.1311061488389742e-05,0.00031073081329808063,1.0
IND304001AAA,2.0,4.0,1.0,1.0,2.0,1.0,1.20408073908665e-05,0.00039927316384289076,0.6666666666666666
IND305001AAC,5.0,67.0,4.0,45.0,2.1865079365079367,1.0,0.014252302348322313,0.002222739729814363,0.10714285714285714
IND305404AAA,1.0,8.0,2.0,14.0,1.436063936063936,0.8636363636363636,0.002818643548316476,0.0010128400887081846,0.3333333333333333
IND305601AAC,1.0,13.0,1.0,18.0,1.6470588235294117,0.967741935483871,0.0028164543106090458,0.0009150634253286157,1.0
IND305624AAA,3.0,10.0,1.0,8.0,3.1253694581280786,0.8888888888888888,0.0028208327860239067,0.0010555257367680063,0.0
IND305802AAA,1.0,11.0,1.0,6.0,2.142857142857143,1.0,0.001619306157595925,0.0005774791340945147,0.0
IND305901AAA,1.0,17.0,2.0,7.0,1.8588039867109636,0.9583333333333334,0.002425675379832742,0.0008293896368068548,0.3333333333333333
IND306001AAA,1.0,3.0,0.0,0.0,1.962962962962963,1.0,0.0,0.0005172258841347995,0.0
IND306116AAA,1.0,1.0,1.0,3.0,1.962962962962963,1.0,0.0004075630865332691,0.00047245020197594787,0.0
IND306304AAB,1.0,1.0,1.0,1.0,2.084920634920635,1.0,0.0,0.0002864683441235825,1.0
IND306401AAB,3.0,34.0,4.0,60.0,2.0197669977081745,1.0,0.011731760001167593,0.00117840834950257,0.2
IND306902AAA,1.0,2.0,1.0,1.0,1.5185185185185186,1.0,0.0008143964271640615,0.0004197729288478886,0.0
IND307001AAA,1.0,2.0,1.0,2.0,1.4395604395604396,1.0,0.001220500021892377,0.00035779966634429095,0.0
IND311001AAA,2.0,14.0,1.0,5.0,1.625,1.0,0.002012274326079659,0.0005979657610752217,0.6666666666666666
IND311301AAA,0.0,0.0,1.0,6.0,4.495989304812834,1.0,0.0,0.00011564321245522476,0.0
IND311302AAA,2.0,4.0,1.0,3.0,1.9555555555555555,1.0,0.0008060043492855788,0.0008716166999653766,0.3333333333333333
IND312001AAA,2.0,22.0,2.0,19.0,1.6170212765957446,0.8048780487804879,0.003230585110264606,0.0007907284359593375,0.16666666666666666
IND312403AAA,1.0,7.0,1.0,9.0,1.7732693119459688,0.625,0.0008060043492855788,0.00045084145900958756,0.0
IND312601AAA,1.0,6.0,1.0,6.0,1.2690677966101696,0.5833333333333334,0.0008103828247004393,0.0003278913715811661,0.0
IND312605AAB,2.0,14.0,2.0,19.0,1.7678571428571428,1.0,0.0020184771662507114,0.0008959827695842273,0.3333333333333333
IND313001AAB,4.0,47.0,5.0,53.0,2.0,1.0,0.01015514397886656,0.0013999193771342794,0.14285714285714285
IND313324AAA,1.0,5.0,1.0,14.0,1.8461538461538463,1.0,0.002010085088372229,0.0006239141093691966,1.0
IND321001AAA,2.0,9.0,2.0,13.0,1.3333333333333333,0.7727272727272727,0.00040354948406964695,0.0007221884377990356,0.5
IND321001AAB,1.0,13.0,2.0,8.0,1.7647058823529411,0.9523809523809523,0.0008092882058467241,0.0007953799684139848,0.6666666666666666
IND321022AAA,1.0,9.0,1.0,9.0,1.8540280857354028,0.6666666666666666,0.0,0.0001893657603954314,1.0
IND321401AAB,2.0,12.0,0.0,0.0,1.259485924112607,0.6666666666666666,0.0,0.000756861588150322,1.0
IND321408AAB,0.0,0.0,2.0,5.0,2.129032258064516,1.0,0.0,0.00011564321245522476,1.0
IND321606AAA,2.0,7.0,2.0,9.0,2.306451612903226,1.0,0.00040354948406964695,0.00035114292522295395,0.6666666666666666
IND322001AAC,1.0,1.0,1.0,3.0,1.2759814634403224,0.75,1.2770553293343258e-05,0.0004550254017216961,1.0
IND322201AAA,1.0,15.0,2.0,14.0,1.9285714285714286,1.0,2.8460090196593547e-05,0.0005666574303596505,0.3333333333333333
IND322230AAA,1.0,16.0,1.0,14.0,1.5925925925925926,0.9333333333333333,2.700059839164003e-05,0.0004881902938649837,0.0
IND322241AAA,1.0,14.0,1.0,15.0,1.8571428571428572,1.0,2.773034429411679e-05,0.0005306049622404785,0.0
IND327001AAB,1.0,8.0,1.0,4.0,2.03392167677882,1.0,0.0012139323087700864,0.0002952555098988836,1.0
IND328001AAA,3.0,13.0,3.0,14.0,1.5115384615384615,0.7037037037037037,0.0008070989681392939,0.0003516798131335037,0.5
IND331001A1C,1.0,1.0,0.0,0.0,2.6666666666666665,1.0,0.0,0.00021393994304216697,0.0
IND331022A1B,0.0,0.0,1.0,1.0,2.6666666666666665,1.0,0.0,0.00011564321245522476,0.0
IND331023AAA,1.0,5.0,1.0,3.0,2.7632275132275135,0.75,0.0012106484522089408,0.0006031946267935951,0.0
IND331304AAA,1.0,3.0,1.0,4.0,3.336,0.7142857142857143,0.0012084592145015106,0.0006283586452298164,0.0
IND331507AAA,0.0,0.0,1.0,3.0,2.3179190751445087,1.0,0.0,0.00011564321245522476,0.0
IND331701AAA,1.0,1.0,1.0,2.0,4.333333333333333,1.0,0.00040318461111840854,0.00024312063088452614,1.0
IND332001AAB,3.0,20.0,6.0,34.0,1.6074324324324325,0.9259259259259259,0.009670592699621991,0.0010349639026743873,0.08333333333333333
IND332404AAA,2.0,9.0,1.0,12.0,1.5,0.9523809523809523,0.0,0.00033767824818596576,0.6666666666666666
IND332709AAA,1.0,6.0,0.0,0.0,1.7097560975609756,1.0,0.0,0.0003588073351515222,0.0
IND332713AAA,1.0,2.0,2.0,7.0,1.7,1.0,0.0008143964271640615,0.00033375467821059426,0.0
IND332715AAB,1.0,1.0,0.0,0.0,1.4852941176470589,1.0,0.0,0.000156170566237941,0.0
IND333001AAA,1.0,3.0,1.0,3.0,1.3189655172413794,0.6666666666666666,0.0,0.00019326550515580973,1.0
IND333028AAA,2.0,5.0,2.0,2.0,1.3636363636363635,0.7142857142857143,0.00203234233839777,0.0003316670869713934,0.16666666666666666
IND333031AAA,2.0,15.0,1.0,5.0,1.5121951219512195,1.0,0.001212837689916371,0.0005735898992215718,0.3333333333333333
IND333042AAA,1.0,14.0,1.0,13.0,1.45,0.9259259259259259,0.0012150269276238015,0.000477880578391288,1.0
IND333502AAA,1.0,1.0,0.0,0.0,1.173913043478261,0.0,0.0,0.00025660172441807313,0.0
IND333504AAA,1.0,1.0,1.0,2.0,1.625,1.0,0.001220500021892377,0.00025660172441807313,0.0
IND334001AAB,1.0,10.0,1.0,2.0,1.65,1.0,0.00040500897587460047,0.0003743841881238414,0.0
IND334001AAC,1.0,3.0,2.0,6.0,1.6585365853658536,1.0,0.004394164951763796,0.00019326550515580973,0.3333333333333333
IND334803AAA,2.0,6.0,1.0,3.0,1.836734693877551,1.0,0.00040318461111840854,0.0005433868919488079,0.3333333333333333
IND335001AAA,1.0,6.0,1.0,10.0,1.7192792010421192,1.0,0.0028113460892917087,0.0004804418678819174,0.0
IND335051AAA,1.0,7.0,1.0,10.0,1.6210526315789473,0.7058823529411765,0.001610549206766204,0.0007664360268077565,0.0
IND335501AAA,1.0,1.0,1.0,1.0,2.258928571428571,1.0,0.0004053738488258388,0.00014997343344623186,1.0
IND335513AAA,3.0,20.0,3.0,16.0,1.7435897435897436,0.9722222222222222,0.004838580206372141,0.0011444663699659479,0.06666666666666667
IND335523AAB,3.0,6.0,1.0,1.0,2.0228571428571427,0.8571428571428571,0.00040318461111840854,0.0006205011552262958,0.6666666666666666
IND335524AAA,2.0,7.0,1.0,1.0,1.7392500859993119,0.875,0.0,0.00037865497593492296,0.6666666666666666
IND335701AAA,2.0,11.0,1.0,7.0,1.1722084367245658,0.5,0.0016127384444736342,0.0007656386051205267,0.3333333333333333
IND335703AAA,1.0,9.0,1.0,9.0,1.127016129032258,0.3888888888888889,0.0016149276821810646,0.0006301808247562232,1.0
IND335803AAA,1.0,9.0,1.0,7.0,1.333743842364532,0.75,0.001619306157595925,0.0006628411955952637,1.0
IND335804AAD,2.0,8.0,2.0,11.0,1.2,0.47368421052631576,0.0016171169198884948,0.0007398580046157196,0.3333333333333333
IND341001AAC,2.0,5.0,2.0,9.0,1.6502559470039144,1.0,0.0051983449362931825,0.000632280630405887,0.3333333333333333
IND341030AAA,1.0,2.0,1.0,3.0,1.5,1.0,0.0,0.00023507399819856583,1.0
IND341303AAA,2.0,10.0,1.0,14.0,1.666923076923077,1.0,0.005193966460878322,0.0007334638610257075,0.3333333333333333
IND341306AAA,1.0,14.0,1.0,4.0,1.75,1.0,0.005191777223170892,0.0007390874943271093,0.0
IND341503AAB,1.0,12.0,1.0,12.0,1.7069217289719627,0.75,0.0016127384444736342,0.0006108678199738632,1.0
IND341505AAA,1.0,5.0,2.0,13.0,1.3254153686396677,0.6666666666666666,0.0016149276821810646,0.0006311686174256117,0.3333333333333333
IND341510AAB,2.0,13.0,1.0,14.0,2.3518518518518516,1.0,0.001610549206766204,0.0006761495767263115,0.3333333333333333
IND341512AAA,1.0,6.0,1.0,5.0,2.0,1.0,0.0016171169198884948,0.0006065004764356474,0.0
IND342005AAD,2.0,32.0,4.0,19.0,2.106382978723404,1.0,0.0052417648174905495,0.0008914713880528449,0.2
IND342301AAA,4.0,16.0,1.0,14.0,1.7783882783882783,0.8333333333333334,0.001610549206766204,0.0005592165252639977,0.5
IND342601AAA,1.0,9.0,2.0,9.0,2.0531914893617023,1.0,0.0004053738488258388,0.0004745777450133762,0.6666666666666666
IND342602AAC,2.0,8.0,2.0,4.0,1.6340326340326339,0.9166666666666666,0.0008103828247004393,0.0008038829725568253,0.3333333333333333
IND342902A1B,2.0,7.0,1.0,9.0,1.9720056774757069,1.0,0.0004028197381671702,0.0004244522160248438,0.3333333333333333
IND342902AAA,2.0,8.0,1.0,5.0,2.0273972602739727,1.0,0.0024037830027584394,0.00044951498051911,0.3333333333333333
IND343001AAA,1.0,5.0,1.0,2.0,1.4747474747474747,1.0,0.002030517973641578,0.0001991138038783363,0.0
IND343029AAB,1.0,2.0,1.0,2.0,1.3497509057971016,1.0,0.001625873870718216,0.00028488994575182465,0.0
IND344001AAA,1.0,9.0,3.0,13.0,1.1122669048448937,0.36363636363636365,0.0016171169198884948,0.00032614801105325717,0.6666666666666666
IND344022AAB,1.0,4.0,2.0,10.0,1.4741000877963126,0.9285714285714286,0.001619306157595925,0.0002751696713699587,0.6666666666666666
IND345001AAA,1.0,6.0,2.0,5.0,1.03125,0.45454545454545453,0.0,0.00024359358602227884,1.0
IND345021AAA,2.0,7.0,1.0,10.0,1.3733333333333333,0.7647058823529411,0.00040318461111840854,0.00034526203773390805,1.0
IND360002AAB,3.0,4.0,0.0,0.0,1.6683035714285714,0.75,0.0,0.0006149411363263756,0.3333333333333333
IND360003AAA,0.0,0.0,1.0,2.0,1.7644230769230769,1.0,0.0,0.00011564321245522476,0.0
IND360050AAA,1.0,1.0,0.0,0.0,1.4761904761904763,1.0,0.0,0.000297492164041069,0.0
IND360311AAA,1.0,2.0,1.0,1.0,1.4871794871794872,1.0,3.648729512383788e-07,0.00021393994304216697,0.0
IND360370AAA,1.0,10.0,1.0,1.0,2.1818181818181817,1.0,7.662331976005954e-06,0.0005440684085393246,0.0
IND360410AAA,1.0,1.0,1.0,2.0,2.5714285714285716,1.0,7.662331976005954e-06,0.0005781013597134429,0.0
IND360490AAA,1.0,2.0,1.0,10.0,2.372994652406417,1.0,7.662331976005954e-06,0.0006070293682114438,0.0
IND360510AAB,1.0,10.0,1.0,13.0,1.68,0.9130434782608695,7.662331976005954e-06,0.0006145175013805705,0.0
IND360530AAB,1.0,13.0,1.0,15.0,1.8331801470588234,0.9285714285714286,7.662331976005954e-06,0.0006379830886284814,0.0
IND360575AAA,1.0,11.0,1.0,10.0,1.654320987654321,0.9523809523809523,7.662331976005954e-06,0.0005869109281477346,0.0
IND361001AAA,0.0,0.0,1.0,16.0,1.814968814968815,1.0,0.0,0.00011564321245522476,0.0
IND361305AAC,1.0,16.0,2.0,11.0,1.7586206896551724,1.0,1.0946188537151363e-06,0.00021393994304216697,0.3333333333333333
IND361315AAA,1.0,10.0,1.0,11.0,1.6296296296296295,1.0,1.4594918049535152e-06,0.00028096044116962863,1.0
IND361335AAA,2.0,12.0,1.0,1.0,1.5925925925925926,0.9230769230769231,1.0946188537151363e-06,0.00037099131032085266,0.3333333333333333
IND362001AAA,3.0,36.0,4.0,37.0,1.8846153846153846,0.9863013698630136,4.050089758746005e-05,0.0018649096770728705,0.047619047619047616
IND362150AAA,1.0,11.0,1.0,11.0,1.7761941448382126,1.0,1.6419282805727045e-05,0.0008129480897699737,0.0
IND362220AAA,1.0,14.0,2.0,8.0,1.9565217391304348,1.0,4.013602463622167e-06,0.0007154384869729645,0.6666666666666666
IND362225AAA,1.0,6.0,1.0,6.0,1.96,1.0,0.0,0.0005717352479002711,1.0
IND362265AAA,3.0,10.0,1.0,16.0,2.25,1.0,1.6419282805727045e-05,0.0008393338908687391,0.3333333333333333
IND362560AAA,1.0,17.0,1.0,11.0,1.9807692307692308,1.0,1.6419282805727045e-05,0.0008203586791942139,0.0
IND362720AAA,1.0,16.0,1.0,17.0,2.2857142857142856,1.0,1.6419282805727045e-05,0.0008290770196933202,0.0
IND363001AAA,1.0,13.0,1.0,14.0,1.183673469387755,0.37037037037037035,7.297459024767576e-07,0.00021393994304216697,0.0
IND363310AAB,2.0,9.0,1.0,9.0,1.4410333504767179,0.9444444444444444,0.0020144635637870893,0.0004455954846580725,0.6666666666666666
IND363330AAB,1.0,8.0,1.0,8.0,1.4294885864793678,0.875,0.0020166528014945195,0.0003532386397535735,1.0
IND363421AAB,1.0,14.0,1.0,13.0,1.7297297297297298,0.6296296296296297,7.297459024767576e-07,0.000297492164041069,0.0
IND363520AAC,0.0,0.0,1.0,13.0,1.1914893617021276,0.46153846153846156,0.0,0.00011564321245522476,0.0
IND363621AAB,1.0,6.0,1.0,2.0,1.3076923076923077,0.875,0.0,0.0001998975529583181,1.0
IND363641AAA,0.0,0.0,2.0,7.0,1.2820512820512822,0.8571428571428571,0.0,0.00011564321245522476,1.0
IND364001AAA,1.0,2.0,0.0,0.0,1.9213900134952766,1.0,0.0,0.00021393994304216697,0.0
IND364004AAB,1.0,11.0,1.0,7.0,1.6585769980506821,1.0,0.0012183107841849468,0.0002456699732747363,0.0
IND364270AAA,0.0,0.0,1.0,2.0,1.9213900134952766,1.0,0.0,0.00011564321245522476,0.0
IND364290AAA,1.0,11.0,1.0,1.0,2.4827586206896552,1.0,0.0,0.0016157269779225603,0.0
IND364710AAA,1.0,13.0,0.0,0.0,1.945945945945946,1.0,0.0,0.00036851155189013686,0.0
IND365560AAA,1.0,7.0,1.0,7.0,1.823157894736842,1.0,0.000812936935359108,0.00032446268973876233,0.0
IND365560AAB,2.0,8.0,1.0,11.0,2.2758620689655173,1.0,0.00040683334063079234,0.0017648044299741772,0.0
IND370001AAA,2.0,17.0,3.0,14.0,2.1739130434782608,1.0,0.0008085584599442474,0.0009383944415250748,0.3333333333333333
IND370110AAA,1.0,5.0,2.0,15.0,2.2573529411764706,1.0,0.0,0.00040051295363250267,1.0
IND370201AAA,2.0,13.0,2.0,9.0,1.446825681492109,0.9545454545454546,0.0020188420392019497,0.0003144645361301475,0.3333333333333333
IND370615AAB,2.0,9.0,1.0,3.0,2.000528541226216,1.0,0.0,0.0005941305323780461,1.0
IND380005AAA,1.0,36.0,3.0,10.0,2.037087912087912,1.0,0.0008103828247004393,0.0005411853387736261,1.0
IND380006AAA,0.0,0.0,1.0,18.0,1.9444444444444444,1.0,0.0,0.00011564321245522476,0.0
IND380006AAB,0.0,0.0,1.0,27.0,2.9444444444444446,1.0,0.0,0.00011564321245522476,0.0
IND380015AAB,1.0,35.0,0.0,0.0,2.5,1.0,0.0,0.0005293647241536707,0.0
IND380021AAA,0.0,0.0,1.0,32.0,2.3125,1.0,0.0,0.00011564321245522476,0.0
IND380054AAA,1.0,40.0,1.0,24.0,2.1143790849673203,1.0,0.0,0.0005884677972534486,0.0
IND382345AAA,1.0,34.0,0.0,0.0,2.138095238095238,1.0,0.0,0.000517544109533715,0.0
IND382421AAA,1.0,7.0,2.0,29.0,2.4965277777777777,0.8611111111111112,0.000808193586993009,0.00043764848902555725,1.0
IND382430AAB,17.0,257.0,13.0,280.0,1.9595959595959596,0.9832402234636871,0.03213545543441774,0.003893849521867412,0.03985507246376811
IND382715AAA,1.0,18.0,1.0,18.0,1.7817460317460316,1.0,0.004394894697666273,0.0006472723991560033,1.0
IND382721AAA,2.0,16.0,1.0,15.0,1.981818181818182,0.8387096774193549,0.0,0.00038723151381931726,1.0
IND383001AAA,1.0,11.0,1.0,13.0,1.3176274944567627,0.5416666666666666,0.0008103828247004393,0.0004405277154390339,1.0
IND383255AAB,1.0,12.0,1.0,9.0,1.2282608695652173,0.5714285714285714,0.0008060043492855788,0.0005001767555244699,1.0
IND383315AAC,1.0,13.0,2.0,13.0,1.1869565217391305,0.46153846153846156,0.000808193586993009,0.0004900917705784241,0.6666666666666666
IND384170AAA,1.0,6.0,1.0,12.0,1.2886904761904763,0.6111111111111112,0.0012150269276238015,0.0002928529413554843,0.0
IND384205AAA,6.0,52.0,6.0,50.0,1.540858505564388,0.8725490196078431,0.008450092677729615,0.001737350283335775,0.1111111111111111
IND384265AAB,1.0,12.0,2.0,12.0,1.2251461988304095,0.6666666666666666,0.001212837689916371,0.00036456821260739817,0.3333333333333333
IND384355AAB,1.0,13.0,2.0,13.0,1.57995337995338,1.0,0.0008103828247004393,0.0004995976250724537,1.0
IND385001AAA,2.0,13.0,1.0,14.0,1.5,1.0,0.000808193586993009,0.0005371701500211129,0.6666666666666666
IND385320AAA,1.0,11.0,1.0,16.0,1.0,0.25925925925925924,0.0012106484522089408,0.00039970261144516765,1.0
IND385340AAB,2.0,17.0,1.0,4.0,0.9210526315789473,0.09523809523809523,0.0012084592145015106,0.0004812140139099888,0.3333333333333333
IND385535AAA,1.0,14.0,1.0,17.0,1.875,1.0,0.0008060043492855788,0.0005722378399731959,1.0
IND387001AAA,1.0,11.0,1.0,14.0,1.7826086956521738,1.0,0.0004053738488258388,0.00088812944488701,1.0
IND387620AAB,1.0,1.0,1.0,1.0,1.9759305210918114,1.0,0.0004061035947283156,0.00012746382707518037,0.0
IND388121AAA,1.0,1.0,1.0,11.0,1.6011640798226163,1.0,0.0004053738488258388,0.00018586923358538705,1.0
IND388220AAA,2.0,15.0,1.0,14.0,1.7826086956521738,1.0,0.00040318461111840854,0.0009407792617394421,1.0
IND388320AAA,4.0,54.0,4.0,19.0,1.6923076923076923,0.821917808219178,0.003229125618459652,0.0015697581193799056,0.2
IND388620AAB,1.0,11.0,1.0,13.0,1.712473572938689,1.0,0.00040318461111840854,0.0002736320610028136,1.0
IND389001AAA,1.0,21.0,1.0,21.0,1.71875,0.8571428571428571,0.0008122071894566312,0.0003638761194742923,0.0
IND389151AAA,1.0,21.0,1.0,11.0,1.9074595355383532,0.8125,0.000406468467679554,0.00042493791400839443,0.0
IND389230AAB,1.0,1.0,0.0,0.0,2.2903225806451615,1.0,0.0,0.00022398746546913018,0.0
IND390018AAB,1.0,1.0,1.0,1.0,2.6818181818181817,1.0,0.0,0.00017172343669530796,0.0
IND390020AAA,3.0,8.0,3.0,10.0,2.9548387096774196,1.0,0.0012135674358188478,0.0006597673440009467,0.3333333333333333
IND390022AAA,5.0,28.0,4.0,50.0,1.7160138248847927,0.9358974358974359,0.005774479326298583,0.0010309795784771585,0.26666666666666666
IND391110AAD,1.0,7.0,2.0,5.0,2.417338709677419,1.0,0.0,0.0005082047821358072,1.0
IND394221AAA,1.0,2.0,0.0,0.0,4.0133689839572195,1.0,0.0,0.0001470871013291491,0.0
IND395001AAA,1.0,8.0,1.0,14.0,8.785714285714285,1.0,0.0,0.00036727808639759585,0.0
IND395004AAB,1.0,17.0,1.0,4.0,2.533333333333333,1.0,0.0,0.0006503673195827634,0.0
IND395006AAA,1.0,27.0,1.0,3.0,1.9230769230769231,1.0,0.0,0.0009649109120107273,0.0
IND395009AAA,1.0,4.0,1.0,16.0,9.31875,1.0,0.0,0.0002414606494264103,0.0
IND395010AAB,0.0,0.0,1.0,1.0,1.4375,1.0,0.0,0.00011564321245522476,0.0
IND395023AAA,8.0,81.0,8.0,93.0,1.7762619486835485,1.0,0.011583621582964812,0.0017201656854557003,0.16363636363636364
IND395023AAD,5.0,42.0,5.0,63.0,2.5384615384615383,1.0,1.787877461068056e-05,0.0023313230967151456,0.0
IND396001AAA,1.0,8.0,1.0,5.0,1.625,1.0,6.202840171052439e-06,0.00038266524946513466,0.0
IND396105AAA,1.0,2.0,1.0,2.0,1.2474916387959867,0.5,0.0,0.00016789892701394216,0.0
IND396191AAB,0.0,0.0,1.0,2.0,1.956964656964657,1.0,0.0,0.00011564321245522476,0.0
IND396191AAC,3.0,27.0,5.0,29.0,2.2899159663865545,0.9642857142857143,0.0020213961498606187,0.0008914210130604094,0.1
IND396210AAA,1.0,1.0,0.0,0.0,3.909090909090909,1.0,0.0,0.00014177106973458346,0.0
IND396232AAA,1.0,17.0,1.0,15.0,2.3333333333333335,1.0,0.0,0.0005598167862043224,0.0
IND396321AAA,2.0,15.0,2.0,25.0,1.8777777777777778,1.0,9.12182378095947e-06,0.000981698665441537,0.0
IND396445AAA,1.0,7.0,1.0,7.0,1.875,1.0,6.202840171052439e-06,0.0003358237271547995,0.0
IND396580AAB,1.0,17.0,1.0,8.0,1.9696969696969697,1.0,0.0,0.0006830650411012832,0.0
IND400011AAA,2.0,19.0,2.0,65.0,2.7573529411764706,0.9880952380952381,0.0008078287140417706,0.00023083512552730628,0.0
IND400015AAA,3.0,110.0,2.0,37.0,2.7857142857142856,1.0,0.00040354948406964695,0.0011373703766846721,0.3333333333333333
IND400015AAB,2.0,32.0,2.0,29.0,2.5517241379310347,1.0,0.0,0.00038763822679449046,1.0
IND400016AAA,0.0,0.0,1.0,1.0,1.8,1.0,0.0,0.00011564321245522476,0.0
IND400016AAB,0.0,0.0,2.0,16.0,2.9198717948717947,1.0,0.0,0.00011564321245522476,0.0
IND400037AAA,1.0,2.0,1.0,13.0,3.3333333333333335,1.0,0.0,0.0017605021796023954,0.0
IND400052AAA,1.0,8.0,0.0,0.0,4.007142857142857,1.0,0.0,0.0002370492901999767,0.0
IND400064AAB,0.0,0.0,2.0,21.0,3.076923076923077,1.0,0.0,0.00011564321245522476,0.0
IND400072AAA,1.0,29.0,1.0,1.0,2.509569377990431,1.0,0.0,0.0003621875759972953,0.0
IND400072AAB,11.0,234.0,11.0,300.0,2.6666666666666665,1.0,0.004455098734620605,0.0029815027914948116,0.07692307692307693
IND400072AAC,0.0,0.0,1.0,17.0,3.0454545454545454,1.0,0.0,0.00011564321245522476,0.0
IND400072AAD,3.0,85.0,1.0,99.0,2.6833333333333336,0.9945652173913043,0.0016083599690587737,0.0004473564397275044,0.0
IND400072AAI,0.0,0.0,1.0,1.0,9.416666666666666,1.0,0.0,0.00011564321245522476,0.0
IND400072AAJ,2.0,51.0,1.0,2.0,2.85,1.0,0.0004061035947283156,0.001935128196654866,0.0
IND400078AAB,1.0,1.0,0.0,0.0,2.6666666666666665,1.0,0.0,0.00012414474223253755,0.0
IND400102AAB,1.0,33.0,1.0,20.0,2.3703703703703702,1.0,0.0,0.0003961936951065464,0.0
IND400102AAC,1.0,62.0,2.0,36.0,2.9827586206896552,0.9897959183673469,0.00040573872177707723,0.0006427380586486169,0.0
IND400612AAA,1.0,14.0,1.0,10.0,2.4,1.0,0.0,0.0003432388550325664,0.0
IND400701AAA,1.0,1.0,2.0,18.0,1.8518518518518519,1.0,0.0008111125706029161,0.00013177375043657121,0.3333333333333333
IND400701AAB,2.0,25.0,1.0,26.0,2.526315789473684,1.0,0.0,0.0003280196412838148,1.0
IND400705AAA,1.0,1.0,1.0,12.0,3.375,1.0,0.00040573872177707723,0.00012186586178139634,0.0
IND400706AAA,1.0,2.0,1.0,2.0,4.712121212121212,1.0,0.0,0.00014790428841791767,0.0
IND401104AAA,4.0,185.0,4.0,83.0,2.861904761904762,1.0,0.001616387173986018,0.0015355134764174637,0.2
IND401104AAB,2.0,11.0,2.0,28.0,2.44,1.0,0.0,0.0002091061014709222,1.0
IND401208AAA,1.0,37.0,0.0,0.0,2.5555555555555554,1.0,0.0,0.0006974733188809457,0.0
IND401209AAA,1.0,1.0,1.0,23.0,6.117132867132867,1.0,0.0,0.00013136835046673073,0.0
IND401209AAB,0.0,0.0,3.0,32.0,2.843597262952102,1.0,0.0,0.00011564321245522476,0.3333333333333333
IND401501AAA,1.0,17.0,1.0,17.0,3.4353846153846153,1.0,0.0,0.0007709547496994885,0.0
IND401602AAA,1.0,17.0,1.0,17.0,3.4353846153846153,1.0,0.0,0.0007709547496994885,0.0
IND402107AAA,1.0,13.0,1.0,18.0,2.2857142857142856,1.0,3.648729512383788e-07,0.0007709547496994884,1.0
IND402109AAA,1.0,18.0,1.0,20.0,2.188888888888889,1.0,3.648729512383788e-07,0.0007709547496994885,1.0
IND402301AAA,1.0,20.0,1.0,13.0,2.015625,1.0,3.648729512383788e-07,0.0007709547496994885,1.0
IND403002AAA,1.0,4.0,1.0,1.0,1.3478260869565217,0.8,0.0,0.00045376464445798015,0.0
IND403401AAA,1.0,6.0,1.0,3.0,2.1739130434782608,1.0,0.0,0.0006228253604593578,0.0
IND403507AAA,1.0,5.0,1.0,3.0,1.295238095238095,0.75,0.0,0.000538295002458669,0.0
IND403507AAB,1.0,1.0,1.0,1.0,1.5108695652173911,0.5,0.0,0.00020017357045591362,0.0
IND403601AAA,1.0,6.0,1.0,4.0,1.6047794117647058,1.0,0.0,0.0006228253604593578,0.0
IND403702AAA,1.0,9.0,2.0,9.0,1.8790064102564101,1.0,0.0013365296203861816,0.0003846233510730896,0.6666666666666666
IND403726AAA,4.0,43.0,6.0,43.0,1.8763476440975169,1.0,0.007042047958900711,0.0015119145046492842,0.1388888888888889
IND403726AAB,5.0,12.0,5.0,22.0,1.6449579831932772,0.8823529411764706,7.297459024767576e-06,0.0021878445599056535,0.0
IND410206AAA,2.0,19.0,1.0,13.0,2.0964673913043477,1.0,0.00040245486521593184,0.0002536893269628344,1.0
IND410206AAB,1.0,1.0,1.0,36.0,2.4375,1.0,0.0,0.00013177375043657121,0.0
IND410209AAA,1.0,40.0,0.0,0.0,2.142857142857143,0.975,0.0,0.0007608647317090828,0.0
IND410210AAA,1.0,13.0,0.0,0.0,2.875,1.0,0.0,0.00032534020621272867,0.0
IND410401AAA,1.0,11.0,1.0,9.0,2.0123456790123457,1.0,0.0,0.0002091600400056653,0.0
IND410501AAF,1.0,5.0,1.0,4.0,3.3703703703703702,1.0,0.0,0.00033575644262489565,1.0
IND410503AAA,1.0,3.0,1.0,2.0,2.6808510638297873,1.0,0.0,0.00016232368205239319,1.0
IND410505AAB,2.0,9.0,2.0,7.0,2.314935064935065,1.0,0.000808193586993009,0.0003625394379264921,0.6666666666666666
IND411014AAA,3.0,48.0,3.0,28.0,2.7857142857142856,1.0,0.001616387173986018,0.0014766656093841619,0.0
IND411017AAA,1.0,33.0,1.0,2.0,2.2857142857142856,1.0,0.0,0.0007709547496994885,0.0
IND411021AAA,1.0,41.0,1.0,32.0,2.0,0.7123287671232876,0.0,0.0007536096302831933,0.0
IND411033AAA,23.0,330.0,20.0,403.0,1.8746518105849581,0.9713506139154161,0.05127377147277318,0.007377344803002603,0.06157635467980296
IND411033AAB,0.0,0.0,1.0,1.0,4.388888888888889,1.0,0.0,0.00011564321245522476,0.0
IND411036AAA,1.0,32.0,1.0,33.0,2.1,1.0,0.0,0.000613568221491688,0.0
IND411043AAA,1.0,7.0,1.0,3.0,4.08125,1.0,0.0,0.0004294346544493985,0.0
IND411048AAA,1.0,6.0,1.0,2.0,5.1,1.0,0.0,0.00038460730559308797,0.0
IND411057AAF,1.0,1.0,0.0,0.0,4.388888888888889,1.0,0.0,0.00021393994304216697,0.0
IND412105AAC,1.0,2.0,1.0,33.0,2.2857142857142856,1.0,0.0,0.0007709547496994885,0.0
IND412210AAC,1.0,1.0,1.0,2.0,1.8048780487804879,1.0,0.0,0.00020036685093087394,1.0
IND412803AAB,1.0,7.0,1.0,2.0,1.1333333333333333,0.3333333333333333,0.0004053738488258388,0.0003672923220030541,0.0
IND413002AAA,5.0,51.0,5.0,58.0,1.7714285714285714,1.0,0.004035129967745231,0.0013119276542223465,0.26666666666666666
IND413304AAA,2.0,13.0,2.0,11.0,2.0388679245283017,1.0,0.0016160223010347797,0.0007364521596430307,0.3333333333333333
IND413307AAB,1.0,4.0,1.0,3.0,2.085714285714286,1.0,0.00040318461111840854,0.0005041690441379158,1.0
IND413307AAC,1.0,1.0,1.0,1.0,2.2450021729682748,1.0,0.0,0.00013486973842227883,0.0
IND413401AAA,1.0,21.0,1.0,19.0,1.6148148148148147,1.0,0.00040318461111840854,0.0005496906395088736,1.0
IND413501AAA,2.0,22.0,2.0,22.0,1.5319148936170213,1.0,0.0004053738488258388,0.0005349604142957496,0.6666666666666666
IND413517AAA,2.0,5.0,2.0,3.0,2.8403890160183067,1.0,0.000808193586993009,0.0003601888066379922,0.6666666666666666
IND413531AAA,1.0,4.0,1.0,4.0,2.749482401656315,1.0,0.0004051914123502197,0.0002485967248150581,1.0
IND413709AAA,4.0,14.0,3.0,17.0,1.5354330708661417,0.7419354838709677,0.0008060043492855788,0.0005509139670992182,0.6
IND414001AAA,1.0,3.0,3.0,3.0,1.8195981034093474,1.0,0.0012150269276238015,0.00016232368205239319,0.6666666666666666
IND414203AAB,1.0,1.0,1.0,1.0,1.8110863332271423,1.0,0.0,0.00016163492237007175,1.0
IND414302AAB,2.0,2.0,2.0,3.0,1.8082191780821917,1.0,0.000808193586993009,0.00029902460638463614,0.5
IND414502AAA,1.0,7.0,1.0,7.0,1.8842857142857143,1.0,0.0012106484522089408,0.00041083299674643954,0.0
IND415003AAA,1.0,8.0,2.0,9.0,1.7142857142857142,0.7647058823529411,0.0008103828247004393,0.00038064571192105643,0.3333333333333333
IND415124AAA,1.0,13.0,1.0,16.0,1.1901840490797546,0.4827586206896552,0.0016171169198884948,0.0003265660053151576,0.0
IND415301AAB,1.0,6.0,1.0,4.0,1.5612244897959182,1.0,0.0004053738488258388,0.0004570892137443005,1.0
IND415408AAC,1.0,8.0,1.0,9.0,2.7444444444444445,1.0,0.00040318461111840854,0.0004955050987246435,1.0
IND415409AAB,1.0,4.0,1.0,13.0,1.7391304347826086,0.8823529411764706,0.001619306157595925,0.00024814446218814057,0.0
IND415605AAA,1.0,16.0,1.0,16.0,1.5655487804878048,0.59375,0.0016149276821810646,0.0003932243169731232,0.0
IND415612AAA,1.0,10.0,1.0,8.0,2.7821969696969697,1.0,0.0004053738488258388,0.0004468963367875143,1.0
IND415709AAA,1.0,16.0,2.0,6.0,2.1541501976284585,0.9545454545454546,0.0016127384444736342,0.0004498838818823953,0.0
IND416012AAA,5.0,45.0,5.0,47.0,1.7917874972468981,1.0,0.011679583169140506,0.0018316349227783747,0.1111111111111111
IND416122AAA,1.0,1.0,1.0,1.0,1.48903689732406,0.5,0.0,0.0001793767623885669,0.0
IND416404AAA,2.0,9.0,1.0,6.0,2.380952380952381,1.0,0.0020126391990308973,0.0007049728147527552,0.0
IND416510AAA,2.0,14.0,2.0,20.0,2.325757575757576,1.0,0.0012135674358188478,0.0006747327694827264,0.0
IND416602AAC,1.0,6.0,1.0,7.0,2.575,1.0,0.0008056394763343404,0.0002877000686733347,0.0
IND416606AAA,1.0,14.0,1.0,10.0,2.304924242424242,1.0,0.0,0.0005171092102974813,0.0
IND421004AAA,1.0,27.0,0.0,0.0,3.4,1.0,0.0,0.0005545776659972408,0.0
IND421301AAA,1.0,17.0,1.0,15.0,4.1,1.0,0.0,0.00039200934987056814,0.0
IND421302AAF,1.0,1.0,1.0,12.0,3.0,1.0,0.0,0.00013190004406789203,0.0
IND421302AAG,29.0,583.0,29.0,821.0,2.210526315789474,0.9992877492877493,0.05963884875286425,0.008211477584909437,0.06156156156156156
IND421302AAH,2.0,31.0,0.0,0.0,2.764705882352941,1.0,0.0,0.00027759287875540986,0.0
IND421302AAN,0.0,0.0,1.0,16.0,2.583333333333333,1.0,0.0,0.00011564321245522476,0.0
IND421302AAR,5.0,75.0,4.0,59.0,3.1143790849673203,1.0,0.0016291577272793613,0.0011284153707615387,0.0
IND421302AAS,1.0,2.0,0.0,0.0,4.630434782608695,1.0,0.0,0.00013253839494036407,0.0
IND421401AAC,1.0,10.0,1.0,11.0,2.764705882352941,1.0,0.0004053738488258388,0.00020065851022835253,1.0
IND421502AAA,0.0,0.0,1.0,17.0,3.5,1.0,0.0,0.00011564321245522476,0.0
IND421601AAB,1.0,11.0,1.0,14.0,3.0555555555555554,1.0,0.00040318461111840854,0.0002862029461493349,1.0
IND421802AAA,1.0,2.0,1.0,7.0,1.5753424657534247,0.7777777777777778,0.00040318461111840854,0.00042784168615784185,0.0
IND422011AAD,2.0,39.0,4.0,35.0,1.769627192982456,0.8378378378378378,0.004833836858006042,0.0008181586676724588,0.3
IND422103AAC,1.0,11.0,2.0,11.0,1.6228448275862069,0.5909090909090909,0.0008096530787979625,0.00033420845653345374,0.0
IND422605AAA,1.0,10.0,2.0,10.0,1.9177740863787376,1.0,0.0008070989681392939,0.0003738952015947265,0.3333333333333333
IND423105AAA,2.0,9.0,2.0,8.0,1.5151515151515151,1.0,4.013602463622167e-06,0.00035811432890111563,0.3333333333333333
IND423106AAA,2.0,6.0,1.0,8.0,1.475268817204301,0.9285714285714286,7.297459024767576e-06,0.0002601997032629336,1.0
IND423109AAA,3.0,16.0,3.0,14.0,1.65625,0.7666666666666667,0.0008089233328954858,0.0005452575184922387,0.6
IND423301AAB,1.0,7.0,0.0,0.0,1.5151515151515151,1.0,0.0,0.0003819907445754349,0.0
IND423601AAA,3.0,14.0,2.0,15.0,1.8909090909090909,0.9310344827586207,0.0008070989681392939,0.0005662731589113597,0.5
IND423701AAB,3.0,16.0,1.0,18.0,1.7666666666666666,0.9411764705882353,0.002011179707225944,0.0006164509763454578,0.8333333333333334
IND424006AAA,6.0,27.0,9.0,38.0,2.380952380952381,0.9846153846153847,0.003479246026533561,0.000952296481824601,0.09090909090909091
IND424101AAA,1.0,8.0,1.0,1.0,2.05,1.0,3.648729512383788e-06,0.00028605416183436795,0.0
IND424201AAA,1.0,1.0,1.0,1.0,5.675,1.0,0.0008191397755301604,0.0003128824029068738,0.0
IND424304AAC,3.0,10.0,2.0,11.0,2.1025641025641026,1.0,0.0,0.00036407787821310855,1.0
IND425109AAA,1.0,1.0,1.0,1.0,1.475,1.0,0.000412306434899368,0.00023204610641370144,0.0
IND425201AAA,1.0,9.0,1.0,9.0,2.3714285714285714,1.0,8.392077878482712e-06,0.0007033942650869691,1.0
IND425401AAA,1.0,1.0,1.0,1.0,1.6857142857142857,1.0,5.473094268575682e-06,0.00013694458112761766,0.0
IND425405AAA,2.0,7.0,2.0,15.0,10.0,1.0,0.0004090225783382226,0.00045097757756953953,0.6666666666666666
IND425406AAA,2.0,11.0,3.0,7.0,2.2296703296703297,1.0,7.297459024767576e-07,0.0005588270040234997,0.6666666666666666
IND425409AAA,3.0,12.0,4.0,12.0,2.2940613026819925,1.0,3.283856561145409e-06,0.0005790985387780555,0.6
IND425412AAA,4.0,15.0,4.0,14.0,2.066666666666667,1.0,4.378475414860545e-06,0.0006094815431538437,0.6666666666666666
IND425508AAB,2.0,11.0,1.0,16.0,2.7333333333333334,1.0,4.7433483660989244e-06,0.0008441396828081365,0.6666666666666666
IND431001AAA,1.0,20.0,0.0,0.0,2.7222222222222223,1.0,0.0,0.00046425015657011645,0.0
IND431001AAB,0.0,0.0,1.0,18.0,3.0454545454545454,1.0,0.0,0.00011564321245522476,0.0
IND431103AAA,1.0,1.0,0.0,0.0,1.7727272727272727,1.0,0.0,0.0003587892500144428,0.0
IND431107AAB,1.0,7.0,1.0,6.0,1.7346938775510203,1.0,0.0012084592145015106,0.0004648512596897108,0.0
IND431112AAB,2.0,11.0,1.0,11.0,2.4974916387959865,1.0,0.00040318461111840854,0.000400184940877803,1.0
IND431122AAA,1.0,9.0,1.0,7.0,2.2145833333333336,1.0,0.0012150269276238015,0.00027251633730692603,0.0
IND431127AAA,1.0,7.0,1.0,7.0,2.1553571428571425,1.0,0.001212837689916371,0.0003472820991661219,0.0
IND431131AAB,0.0,0.0,1.0,1.0,6.946153846153846,1.0,0.0,0.00011564321245522476,0.0
IND431136AAC,5.0,49.0,5.0,58.0,2.342857142857143,1.0,0.00564239531795029,0.001189364868156623,0.047619047619047616
IND431203AAA,1.0,15.0,2.0,12.0,2.0869565217391304,1.0,0.0004053738488258388,0.0003770984205413935,1.0
IND431401AAA,1.0,1.0,0.0,0.0,4.333333333333333,1.0,0.0,0.00014888159054518308,0.0
IND431514AAA,1.0,16.0,1.0,16.0,2.0701970443349755,1.0,0.003215990192215071,0.0006377292636891677,0.0
IND431515AAA,1.0,16.0,1.0,14.0,2.5791666666666666,1.0,0.0032138009545076406,0.0006577130865910517,0.0
IND431517AAB,1.0,14.0,1.0,12.0,2.5852272727272725,1.0,0.00321161171680021,0.0006746993360576546,0.0
IND431603AAA,4.0,19.0,4.0,21.0,2.16934046345811,1.0,0.004842593808835763,0.0008211834586930359,0.09523809523809523
IND431708AAA,1.0,15.0,1.0,16.0,2.0689655172413794,1.0,0.003218179429922501,0.0006142188838045997,0.0
IND431717AAA,1.0,2.0,1.0,2.0,3.069736842105263,1.0,0.0,0.00031975020288342907,1.0
IND440014AAA,1.0,1.0,0.0,0.0,2.4242424242424243,1.0,0.0,0.00021393994304216697,0.0
IND441107AAB,1.0,11.0,0.0,0.0,2.8142857142857145,1.0,0.0,0.0002974921640410689,0.0
IND441206AAB,0.0,0.0,2.0,8.0,2.8376068376068377,1.0,0.0,0.00011564321245522476,1.0
IND441603AAA,2.0,4.0,1.0,1.0,2.090909090909091,1.0,0.0,0.0010786855053745636,1.0
IND441614AAA,0.0,0.0,1.0,9.0,2.2962962962962963,1.0,0.0,0.00011564321245522476,0.0
IND441904AAB,0.0,0.0,1.0,12.0,1.8174603174603174,1.0,0.0,0.00011564321245522476,0.0
IND441912AAA,1.0,12.0,1.0,11.0,2.5357142857142856,1.0,3.648729512383788e-07,0.000213939943042167,0.0
IND442001AAA,0.0,0.0,1.0,5.0,3.7142857142857144,1.0,0.0,0.00011564321245522476,0.0
IND442101AAB,1.0,5.0,1.0,12.0,2.357142857142857,1.0,3.648729512383788e-07,0.00021393994304216697,0.0
IND442605AAA,2.0,8.0,1.0,3.0,2.409090909090909,1.0,3.648729512383788e-07,0.0011185355312686774,1.0
IND443201AAA,1.0,2.0,1.0,1.0,2.78125,1.0,0.00040318461111840854,0.00033208690251645533,0.0
IND443301AAA,1.0,5.0,1.0,2.0,2.4358974358974357,1.0,0.0004053738488258388,0.00025463963536614416,0.0
IND444005AAB,3.0,46.0,3.0,26.0,2.2793361990167744,1.0,0.004433571230497541,0.0008503310578079362,0.1
IND444203AAA,2.0,3.0,1.0,5.0,2.628205128205128,1.0,0.001610549206766204,0.000548659434375882,0.6666666666666666
IND444303AAA,1.0,1.0,1.0,2.0,2.6666666666666665,1.0,0.0,0.00029657266723020267,1.0
IND444602AAA,0.0,0.0,1.0,21.0,2.1095890410958904,1.0,0.0,0.00011564321245522476,0.0
IND445001AAB,1.0,12.0,0.0,0.0,2.1921921921921923,1.0,0.0,0.0002974921640410689,0.0
IND445101AAA,0.0,0.0,1.0,1.0,2.4242424242424243,1.0,0.0,0.00011564321245522476,0.0
IND450331AAA,1.0,16.0,1.0,13.0,2.75,1.0,1.0946188537151363e-06,0.0008331619428417929,1.0
IND451666AAA,0.0,0.0,2.0,10.0,2.6564306922956713,1.0,0.0,0.00011564321245522476,1.0
IND452001AAC,2.0,14.0,2.0,11.0,2.5,1.0,1.20408073908665e-05,0.0008451322325427935,0.3333333333333333
IND454001AAA,0.0,0.0,1.0,17.0,1.0884955752212389,0.17647058823529413,0.0,0.00011564321245522476,0.0
IND457001AAA,1.0,17.0,2.0,19.0,1.1012820512820514,0.2777777777777778,0.0004042792299721237,0.00021393994304216697,0.3333333333333333
IND457226AAA,1.0,16.0,1.0,16.0,1.4550179928028788,0.625,0.0008078287140417706,0.0002687791716854094,1.0
IND457661AAA,1.0,11.0,0.0,0.0,2.8484848484848486,1.0,0.0,0.0004768404393623825,0.0
IND458001AAB,1.0,12.0,1.0,11.0,1.7575757575757576,1.0,0.0004053738488258388,0.000596644488758372,1.0
IND458664AAA,1.0,6.0,1.0,7.0,2.142857142857143,0.7692307692307693,0.000808193586993009,0.0003943508782992311,0.0
IND458990AAA,1.0,11.0,1.0,10.0,1.962962962962963,1.0,0.00040318461111840854,0.0006227910278998781,1.0
IND460001AAA,1.0,20.0,1.0,21.0,1.9166666666666667,0.8780487804878049,0.0008136666812615847,0.0004014388105357467,0.0
IND461001AAA,1.0,5.0,1.0,1.0,2.9345098039215687,1.0,0.0016244143789132623,0.0002595140034512677,0.0
IND461111AAA,1.0,1.0,1.0,20.0,1.9333333333333333,1.0,0.001219405403038662,0.00033623011538882325,0.0
IND462001AAA,2.0,4.0,1.0,28.0,4.115384615384615,1.0,0.00040354948406964695,0.00030026241763979274,0.0
IND462011AAA,1.0,30.0,1.0,11.0,2.3636363636363638,1.0,0.0,0.0009788679584314826,0.0
IND462021AAA,0.0,0.0,1.0,1.0,6.7272727272727275,1.0,0.0,0.00011564321245522476,0.0
IND462022AAA,13.0,143.0,9.0,123.0,2.077364471471083,0.9736842105263158,0.04356692499671614,0.004163789951179027,0.0718954248366013
IND462042AAA,1.0,2.0,1.0,17.0,4.5625,1.0,0.0,0.00017319152885364195,0.0
IND464001AAA,0.0,0.0,1.0,1.0,1.3291139240506329,1.0,0.0,0.00011564321245522476,0.0
IND464221AAA,1.0,1.0,1.0,1.0,1.3717938041305797,1.0,0.00040573872177707723,0.00021393994304216697,0.0
IND464668AAA,1.0,7.0,1.0,2.0,1.7032967032967032,1.0,0.006771677102033072,0.0006772670649730883,0.0
IND465001AAA,1.0,13.0,3.0,9.0,1.4519315188762072,0.7727272727272727,0.0016149276821810646,0.0005053854570304244,0.5
IND465333A1B,1.0,2.0,2.0,2.0,0.6974053295932678,0.25,0.0,0.0002111049098943146,1.0
IND465333AAA,2.0,4.0,1.0,3.0,1.4025974025974026,0.5714285714285714,0.0,0.00034855534531894863,1.0
IND465669AAB,1.0,10.0,1.0,11.0,1.9104477611940298,1.0,0.001619306157595925,0.0004033847944473107,0.0
IND465683AAA,1.0,11.0,1.0,13.0,1.5138888888888888,1.0,0.0016171169198884948,0.0004585202877354795,0.0
IND466001AAA,1.0,14.0,1.0,15.0,2.1153846153846154,1.0,0.0004053738488258388,0.000518481427244145,1.0
IND466116AAA,1.0,15.0,1.0,13.0,2.0484902573255988,1.0,0.00040318461111840854,0.0005563524256128045,1.0
IND470004AAA,1.0,1.0,4.0,6.0,2.25,1.0,0.0008107476976516776,0.000297492164041069,0.2
IND470113AAA,2.0,9.0,2.0,3.0,1.9482758620689655,0.9166666666666666,7.297459024767576e-07,0.0003698754190270306,0.5
IND470117AAA,2.0,3.0,1.0,6.0,1.2554744525547445,0.6666666666666666,1.0946188537151363e-06,0.00036738400647636383,0.6666666666666666
IND470227AAB,2.0,7.0,0.0,0.0,1.1897810218978102,0.42857142857142855,0.0,0.0005327176533511324,1.0
IND471001AAA,2.0,12.0,1.0,9.0,2.108910891089109,1.0,0.0011916750587445451,0.0007223490003106349,0.6666666666666666
IND472001AAA,2.0,11.0,2.0,19.0,2.21585328422345,0.9666666666666667,0.001195323788256929,0.0008508724971098836,0.3333333333333333
IND473001AAA,1.0,10.0,1.0,11.0,1.8421052631578947,0.9523809523809523,3.648729512383788e-07,0.00029810435753318724,1.0
IND473226AAA,1.0,17.0,2.0,20.0,1.9135802469135803,0.972972972972973,0.000808193586993009,0.00042932034135990347,0.3333333333333333
IND473331AAA,1.0,11.0,1.0,17.0,2.0522941970310393,1.0,0.0004042792299721237,0.0003690319163584386,1.0
IND473443AAA,1.0,2.0,1.0,7.0,1.896551724137931,1.0,0.0,0.00019993265893352878,1.0
IND473551AAA,1.0,1.0,0.0,0.0,1.4661654135338347,1.0,0.0,0.00014727217324977417,0.0
IND474003AAA,8.0,43.0,6.0,40.0,1.5104166666666667,0.7228915662650602,0.011951413517813097,0.0014884216844492982,0.10606060606060606
IND475661AAB,1.0,1.0,0.0,0.0,2.311688311688312,1.0,0.0,0.00014727217324977417,0.0
IND476001AAA,1.0,3.0,1.0,1.0,1.8194444444444444,1.0,0.0,0.00021053009483887293,1.0
IND476111AAA,2.0,9.0,2.0,8.0,2.188679245283019,1.0,0.0012132025628676095,0.0005476254794246685,0.5
IND477001AAA,1.0,6.0,1.0,1.0,2.056603773584906,1.0,0.0,0.00046475445558846767,1.0
IND477001AAB,1.0,2.0,1.0,11.0,3.9245283018867925,1.0,0.000805274603383102,0.0002320136268329724,1.0
IND480001AAA,2.0,8.0,2.0,12.0,1.5405679513184585,0.85,0.0002014098690835851,0.0006638483322081422,0.6666666666666666
IND480106AAA,1.0,21.0,0.0,0.0,1.4285714285714286,0.9523809523809523,0.0,0.0005039794836542874,0.0
IND480334AAA,1.0,21.0,1.0,21.0,1.4857142857142858,0.8571428571428571,0.00040719821358203075,0.00045686620141063296,0.0
IND480661AAA,3.0,14.0,2.0,8.0,1.549019607843137,0.9090909090909091,0.0006060539720069472,0.0008271558854668196,0.6666666666666666
IND480886AAA,1.0,8.0,2.0,8.0,1.7682539682539682,0.8125,0.00040500897587460047,0.0005842109711233708,0.6666666666666666
IND481001AAA,1.0,9.0,0.0,0.0,2.2962962962962963,1.0,0.0,0.00021393994304216697,0.0
IND481661AAA,2.0,8.0,1.0,9.0,1.3419689119170986,0.7647058823529411,0.0012080943415502723,0.0007370002698365561,0.6666666666666666
IND482002AAA,1.0,4.0,1.0,3.0,10.0,1.0,0.0,0.0003499270917892978,0.0
IND483225AAA,1.0,3.0,1.0,3.0,2.4321236559139785,1.0,0.0,0.0002913561219557795,1.0
IND483501AAA,2.0,14.0,1.0,3.0,2.3225806451612905,1.0,0.000808193586993009,0.0010075765842863622,0.6666666666666666
IND483770AAA,1.0,3.0,1.0,2.0,2.2291666666666665,1.0,0.0008060043492855788,0.0009720833090987414,1.0
IND484001AAA,2.0,3.0,2.0,7.0,1.5484974572353214,0.9,0.0016149276821810646,0.0004019139533809139,0.3333333333333333
IND484224AAA,1.0,3.0,1.0,1.0,1.1944444444444444,0.5,0.0,0.0002620547240439943,1.0
IND484446AAA,2.0,5.0,1.0,3.0,1.3832526230831315,0.75,0.001610549206766204,0.0005336050766776554,0.3333333333333333
IND484551AAA,1.0,1.0,1.0,1.0,2.81,1.0,0.0,0.00018159900555653755,1.0
IND484661AAE,1.0,2.0,2.0,3.0,2.282608695652174,0.6,0.001619306157595925,0.00023278515212226127,0.3333333333333333
IND485001AAC,2.0,29.0,5.0,21.0,2.41050938012264,1.0,0.0028336033393172497,0.0011905871427528784,0.23809523809523808
IND485771AAA,1.0,3.0,2.0,2.0,3.0606060606060606,1.0,0.0,0.00026021450836094604,1.0
IND486001AAA,2.0,3.0,1.0,2.0,2.6231884057971016,1.0,0.0,0.0003226152424457823,1.0
IND486661AAA,1.0,6.0,1.0,5.0,2.5238095238095237,1.0,0.001225243370258476,0.0007458412827211494,0.0
IND486771AAA,3.0,8.0,1.0,6.0,2.6419047619047618,1.0,0.0012274326079659062,0.0007414094944304375,0.5
IND486886AAA,1.0,7.0,1.0,7.0,2.0211640211640214,1.0,3.283856561145409e-06,0.00036851155189013686,0.0
IND486889AAA,1.0,7.0,2.0,7.0,2.4,1.0,2.9189836099070305e-06,0.00042887803156184574,0.3333333333333333
IND487001AAA,1.0,2.0,1.0,4.0,1.5067632850241546,0.8333333333333334,0.0,0.00023278515212226127,0.0
IND487001AAB,1.0,5.0,1.0,4.0,1.6049382716049383,1.0,0.006372506093378286,0.00040849806162281604,0.0
IND487551AAA,2.0,8.0,1.0,7.0,1.6263736263736264,0.9333333333333333,0.006773866339740502,0.000660733944138596,0.0
IND488001AAA,1.0,3.0,1.0,4.0,2.1914893617021276,1.0,0.0,0.00026021450836094604,1.0
IND490023AAA,1.0,1.0,0.0,0.0,10.0,1.0,0.0,0.0003685115518901369,0.0
IND491001AAA,0.0,0.0,1.0,1.0,1.3391304347826087,1.0,0.0,0.00011564321245522476,0.0
IND491995AAB,1.0,12.0,0.0,0.0,0.6439653531315439,0.0,0.0,0.0002974921640410689,0.0
IND492001AAB,0.0,0.0,1.0,8.0,3.0,1.0,0.0,0.00011564321245522476,0.0
IND492007AAA,1.0,8.0,0.0,0.0,3.0,1.0,0.0,0.00021393994304216697,0.0
IND493118AAC,0.0,0.0,1.0,11.0,1.702127659574468,1.0,0.0,0.00011564321245522476,0.0
IND493445AAB,1.0,11.0,1.0,1.0,1.3928571428571428,0.75,7.297459024767576e-07,0.000297492164041069,0.0
IND494334AAB,1.0,1.0,1.0,11.0,1.3766233766233764,0.75,7.297459024767576e-07,0.00021393994304216697,0.0
IND495004AAA,0.0,0.0,1.0,1.0,2.619047619047619,1.0,0.0,0.00011564321245522476,0.0
IND495334AAB,1.0,11.0,1.0,12.0,0.82,0.4782608695652174,3.648729512383788e-07,0.00021393994304216694,0.0
IND495671AAA,1.0,1.0,0.0,0.0,2.619047619047619,1.0,0.0,0.00021393994304216697,0.0
IND495677AAA,0.0,0.0,1.0,7.0,1.8079470198675496,1.0,0.0,0.00011564321245522476,0.0
IND496001AAA,1.0,7.0,0.0,0.0,1.8079470198675496,1.0,0.0,0.00021393994304216697,0.0
IND500008AAC,1.0,19.0,2.0,14.0,2.0,1.0,0.00040573872177707723,0.0006640037581655284,0.0
IND500008AAD,0.0,0.0,1.0,6.0,2.782608695652174,1.0,0.0,0.00011564321245522476,0.0
IND500008AAF,0.0,0.0,1.0,19.0,3.0555555555555554,1.0,0.0,0.00011564321245522476,0.0
IND500010AAA,3.0,27.0,3.0,11.0,1.9075757575757577,0.9736842105263158,0.0020184771662507114,0.000841095646930935,0.3333333333333333
IND500010AAB,1.0,33.0,1.0,39.0,2.1325000000000003,1.0,0.0,0.0010680588971099627,0.0
IND500018AAA,0.0,0.0,1.0,4.0,3.041666666666667,1.0,0.0,0.00011564321245522476,0.0
IND500032AAA,0.0,0.0,1.0,4.0,2.025,1.0,0.0,0.00011564321245522476,0.0
IND500035AAA,1.0,2.0,1.0,1.0,2.5384615384615383,1.0,0.0,0.00017498760313035055,0.0
IND500035AAD,1.0,8.0,0.0,0.0,2.7848484848484847,1.0,0.0,0.00035302077515572797,0.0
IND500039AAB,0.0,0.0,1.0,2.0,2.458333333333333,1.0,0.0,0.00011564321245522476,0.0
IND500039AAC,5.0,46.0,4.0,38.0,2.446360153256705,1.0,0.004838215333420903,0.0013265216739144674,0.047619047619047616
IND500039AAD,1.0,6.0,1.0,8.0,2.1355311355311355,1.0,0.0,0.000288809700574268,0.0
IND500050AAA,2.0,20.0,2.0,26.0,2.0,1.0,0.0012121079440138944,0.0008169916283981987,0.3333333333333333
IND500055AAA,1.0,1.0,2.0,2.0,2.1875,1.0,0.0,0.0001806369669908037,1.0
IND500055AAC,0.0,0.0,1.0,17.0,2.6666666666666665,1.0,0.0,0.00011564321245522476,0.0
IND500080AAB,2.0,28.0,1.0,20.0,1.7951388888888888,0.9791666666666666,0.00040354948406964695,0.0009066058955183399,0.0
IND500084AAB,1.0,1.0,0.0,0.0,2.6,1.0,0.0,0.0001559577263438525,0.0
IND501101AAB,1.0,5.0,2.0,6.0,1.5769230769230769,0.9090909090909091,0.00040318461111840854,0.0004101952962437863,0.6666666666666666
IND501141AAA,1.0,8.0,1.0,5.0,1.6578947368421053,1.0,0.0004053738488258388,0.0003465318632806158,1.0
IND501218AAC,2.0,6.0,0.0,0.0,4.715141612200435,1.0,0.0,0.0002780510022965824,1.0
IND501301AAC,1.0,2.0,1.0,2.0,2.5,1.0,0.0004039143570208853,0.00021393994304216697,0.0
IND501359AAE,30.0,405.0,27.0,329.0,1.8005449591280653,0.9659400544959128,0.08357560897295561,0.01117093619434434,0.042682926829268296
IND501359AAF,3.0,59.0,0.0,0.0,2.642857142857143,1.0,0.0,0.0004940856252149534,0.0
IND501359AAG,0.0,0.0,1.0,11.0,2.8947368421052633,1.0,0.0,0.00011564321245522476,0.0
IND501401AAC,3.0,19.0,1.0,14.0,3.0,1.0,0.00040354948406964695,0.00035570440854884144,0.3333333333333333
IND502110AAA,1.0,19.0,1.0,19.0,1.507132132132132,0.9473684210526315,0.0016127384444736342,0.0006482347011019347,0.0
IND502220AAC,1.0,22.0,1.0,22.0,1.3941871568393411,0.5454545454545454,0.004007764496402353,0.0006964917451075912,0.0
IND502286AAB,1.0,22.0,1.0,22.0,1.8496865203761756,1.0,0.004009953734109783,0.0006833512148850012,0.0
IND502295AAA,1.0,4.0,1.0,2.0,2.025,1.0,0.0004039143570208853,0.00021393994304216697,0.0
IND502313AAA,1.0,19.0,1.0,6.0,1.5555555555555556,0.92,0.001610549206766204,0.0006666427083919268,0.0
IND503111AAC,3.0,10.0,3.0,34.0,1.662878787878788,0.9772727272727273,0.010371878511902155,0.0009109648661482006,0.16666666666666666
IND503122AAA,1.0,20.0,1.0,19.0,1.5945945945945945,1.0,0.0016149276821810646,0.00062657822193724,0.0
IND503185AAA,1.0,20.0,1.0,19.0,1.5970149253731343,1.0,0.001619306157595925,0.0005711256455293765,0.0
IND503187AAA,1.0,19.0,1.0,20.0,1.5925925925925926,1.0,0.0016171169198884948,0.0006011000111552479,0.0
IND504201AAA,1.0,5.0,2.0,6.0,1.44,0.7272727272727273,3.648729512383788e-07,0.0005579402411392944,1.0
IND504208AAB,3.0,14.0,2.0,7.0,1.540983606557377,0.9523809523809523,1.824364756191894e-07,0.0011852677966358806,1.0
IND504215AAA,1.0,1.0,2.0,16.0,2.1724137931034484,1.0,7.297459024767576e-07,0.00044784509727206046,1.0
IND504251AAA,2.0,2.0,2.0,5.0,1.7894736842105263,0.7142857142857143,0.0008103828247004393,0.0003450451821877412,1.0
IND504293AAA,2.0,4.0,2.0,9.0,1.8518518518518519,0.7692307692307693,0.0004028197381671702,0.00035689548293174514,1.0
IND504296AAA,1.0,3.0,3.0,4.0,1.186046511627907,0.42857142857142855,0.0,0.0002916162553709881,1.0
IND505001AAA,0.0,0.0,2.0,10.0,1.4696969696969697,1.0,0.0,0.00011564321245522476,1.0
IND505001AAB,11.0,47.0,8.0,30.0,1.9180327868852458,0.974025974025974,0.011638170089174948,0.0030168209797661215,0.15384615384615385
IND505122AAA,2.0,15.0,1.0,16.0,1.9487179487179487,1.0,0.0008078287140417706,0.0002994580986528077,0.3333333333333333
IND505172AAA,1.0,1.0,0.0,0.0,1.7083333333333333,1.0,0.0,0.00020111980688194037,0.0
IND505184AAC,2.0,8.0,2.0,11.0,1.7377049180327868,0.7368421052631579,0.00040318461111840854,0.0007672806665424126,1.0
IND505209AAA,2.0,9.0,2.0,8.0,2.0,0.8823529411764706,0.0004053738488258388,0.0008325591128169829,1.0
IND505302AAB,2.0,13.0,3.0,10.0,1.4,0.6956521739130435,0.002422391523271597,0.0005460166476903351,0.4
IND505325AAA,1.0,5.0,1.0,6.0,1.3529411764705883,0.6363636363636364,0.0012121079440138944,0.0003477002877236361,1.0
IND505326AAA,0.0,0.0,1.0,1.0,2.8285714285714287,1.0,0.0,0.00011564321245522476,0.0
IND505326AAB,2.0,5.0,3.0,3.0,1.5390037593984962,0.75,0.0008034502386269102,0.00032508064346253336,0.6
IND505327AAA,4.0,9.0,1.0,12.0,1.5,0.9523809523809523,0.0012113781981114176,0.0005595357274471023,0.4
IND505425AAA,3.0,14.0,2.0,2.0,1.775,0.9375,0.0016138330633273495,0.0007816514936866256,0.4
IND505467AAA,1.0,13.0,1.0,13.0,1.6862745098039216,1.0,0.0004042792299721237,0.00020083371229724135,1.0
IND505503AAA,1.0,1.0,1.0,1.0,2.2335526315789473,1.0,0.00040683334063079234,0.0003441824107408636,0.0
IND506001AAC,0.0,0.0,2.0,15.0,1.588235294117647,1.0,0.0,0.00011564321245522476,1.0
IND506002AAA,3.0,48.0,3.0,39.0,1.9491525423728813,0.8620689655172413,0.006851949151305515,0.0014825317494737038,0.0
IND506132AAA,1.0,20.0,1.0,19.0,1.6216216216216217,0.6923076923076923,0.0012150269276238015,0.0007618750006874423,0.0
IND506143AAA,1.0,17.0,1.0,16.0,1.8823529411764706,1.0,0.003604579885283944,0.0006649402324526096,0.0
IND506164AAA,1.0,1.0,0.0,0.0,2.3421052631578947,1.0,0.0,0.00040819826158497143,0.0
IND506167AAB,1.0,16.0,1.0,16.0,1.8823529411764706,1.0,0.0036023906475765137,0.0006808424100400214,0.0
IND506169AAB,1.0,2.0,1.0,1.0,1.3125,0.6666666666666666,0.000812936935359108,0.00026886964504191455,0.0
IND506314AAA,1.0,12.0,1.0,16.0,2.2708333333333335,0.8928571428571429,0.0012084592145015106,0.0007653786488384823,0.0
IND506343AAA,1.0,2.0,1.0,2.0,1.3848214285714286,0.75,0.0012183107841849468,0.00018026639127844652,0.0
IND507002AAA,5.0,49.0,7.0,42.0,2.1363636363636362,0.978021978021978,0.004439409197717355,0.0012705431472256534,0.1388888888888889
IND507111AAA,0.0,0.0,2.0,20.0,1.682459677419355,0.95,0.0,0.00011564321245522476,1.0
IND507117AAB,2.0,20.0,1.0,18.0,1.5575268817204302,0.9736842105263158,0.0008085584599442474,0.0002347384797304842,0.6666666666666666
IND507123AAA,1.0,13.0,1.0,12.0,0.9464285714285714,0.36,0.0012106484522089408,0.0007643946310390144,0.0
IND507159AAA,2.0,15.0,2.0,15.0,1.6664092664092665,0.8333333333333334,2.1892377074302726e-06,0.000535789632731391,1.0
IND507167AAA,1.0,9.0,0.0,0.0,2.84,1.0,0.0,0.0003470635714142038,0.0
IND507303AAA,2.0,19.0,1.0,18.0,1.9230769230769231,0.9459459459459459,0.0008063692222368171,0.000320085756755488,0.6666666666666666
IND508001AAA,2.0,15.0,1.0,14.0,1.8275862068965518,1.0,0.002388093465855189,0.0005456424575500694,0.3333333333333333
IND508116AAA,1.0,13.0,2.0,15.0,1.255357142857143,0.5357142857142857,0.0008103828247004393,0.0005013817518435425,0.6666666666666666
IND508206AAA,3.0,18.0,3.0,18.0,1.780392156862745,0.8611111111111112,0.0002067005268765416,0.0006053052363937824,0.6666666666666666
IND508207AAB,3.0,12.0,3.0,16.0,1.8901515151515151,0.7857142857142857,0.0008220587591400674,0.0005514255570699704,0.3333333333333333
IND508213AAB,1.0,14.0,1.0,14.0,1.865015166835187,1.0,0.0023902827035626197,0.0004756304375025256,1.0
IND508223AAA,2.0,12.0,1.0,14.0,1.4923206395960447,1.0,0.0008060043492855788,0.000580450003639856,0.6666666666666666
IND508248AAB,2.0,16.0,1.0,15.0,2.0,1.0,0.0012106484522089408,0.0006883552914890917,0.3333333333333333
IND508252AAB,1.0,7.0,1.0,6.0,1.68,0.5384615384615384,0.0003995358816060248,0.0003176707819274419,0.0
IND508277AAB,1.0,14.0,1.0,11.0,1.2,0.48,0.000808193586993009,0.0005134060689177994,1.0
IND508377AAB,1.0,15.0,1.0,12.0,1.7560975609756098,1.0,0.0012084592145015106,0.0007007452102210354,0.0
IND509001AAA,1.0,17.0,1.0,19.0,1.5463121783876501,0.9722222222222222,0.0012142971817213247,0.0006062815954591806,0.0
IND509103AAB,2.0,11.0,2.0,10.0,2.2280701754385963,1.0,0.0008027204927244333,0.0004697242450664626,1.0
IND509103AAC,2.0,5.0,1.0,6.0,1.9487179487179487,1.0,0.0,0.000286873223773763,1.0
IND509124AAA,2.0,17.0,4.0,16.0,1.5740740740740742,1.0,0.0008067340951880555,0.0006178985905311153,0.6666666666666666
IND509203AAA,1.0,19.0,1.0,19.0,1.5527272727272727,1.0,0.0012121079440138944,0.0006309825685956081,0.0
IND509216AAC,2.0,10.0,1.0,12.0,1.5673076923076923,0.9545454545454546,0.0008060043492855788,0.0005520354866974361,0.6666666666666666
IND509301AAA,1.0,19.0,2.0,19.0,1.6105939716312057,1.0,0.001209918706306464,0.000651978395761573,0.3333333333333333
IND509324AAA,1.0,9.0,1.0,8.0,2.0,1.0,0.0,0.00038846993041189825,1.0
IND509358AAA,1.0,17.0,2.0,17.0,1.698005698005698,1.0,0.0012150269276238015,0.0006062815954591806,0.3333333333333333
IND515004AAA,6.0,58.0,6.0,59.0,1.7307692307692308,0.9914529914529915,0.012832581695053783,0.0020054460494853786,0.08888888888888889
IND515134AAA,3.0,32.0,2.0,23.0,1.6666666666666667,1.0,0.004035129967745231,0.001221173014195643,0.16666666666666666
IND515201AAA,1.0,15.0,2.0,19.0,2.119023569023569,1.0,0.0008103828247004393,0.0007925978181507428,0.0
IND515301AAA,1.0,14.0,1.0,16.0,2.3625,1.0,0.0004053738488258388,0.0006120597406655071,0.0
IND515401AAB,1.0,17.0,1.0,18.0,2.263157894736842,0.9714285714285714,0.0012150269276238015,0.0006068075415241703,1.0
IND515411AAA,1.0,2.0,1.0,2.0,2.19375,1.0,0.0012150269276238015,0.00017342725116921835,0.0
IND515591AAA,2.0,9.0,1.0,10.0,1.640625,1.0,0.0028168191835602845,0.0005065109220034399,0.3333333333333333
IND515671AAA,1.0,13.0,2.0,14.0,1.6764705882352942,1.0,0.0028277653720974356,0.0004912394640961831,0.3333333333333333
IND515761AAA,2.0,19.0,1.0,19.0,1.799777530589544,1.0,0.0012084592145015106,0.0007165217998631153,0.6666666666666666
IND515801AAA,2.0,20.0,2.0,19.0,2.0543478260869565,1.0,0.001212837689916371,0.0006892136614648334,0.5
IND515865AAB,1.0,18.0,1.0,18.0,1.65625,1.0,0.0012106484522089408,0.0006706415819506662,1.0
IND516001AAA,1.0,2.0,1.0,2.0,1.6478260869565218,1.0,0.0012106484522089408,0.00033924113201194445,0.0
IND516101AAA,1.0,19.0,1.0,18.0,2.375,1.0,3.283856561145409e-06,0.0007238086813411645,0.0
IND516115AAA,1.0,18.0,1.0,17.0,2.4761904761904763,1.0,3.283856561145409e-06,0.0007308805916083975,0.0
IND516227AAA,1.0,2.0,1.0,2.0,1.8740048989589713,1.0,0.0012084592145015106,0.0004039981746653892,0.0
IND516269AAA,1.0,10.0,1.0,15.0,1.640625,1.0,0.002814629945852854,0.0005461774961582112,0.0
IND516360AAB,1.0,2.0,1.0,2.0,1.6181818181818182,1.0,0.001212837689916371,0.00026305637594906963,0.0
IND516390AAA,1.0,15.0,1.0,15.0,1.6887719298245614,1.0,0.0028124407081454236,0.0005798940841897683,0.0
IND517325AAA,0.0,0.0,1.0,1.0,2.15625,1.0,0.0,0.00011564321245522476,0.0
IND517408AAA,1.0,1.0,0.0,0.0,2.15625,1.0,0.0,0.00021393994304216697,0.0
IND517501AAB,2.0,33.0,2.0,35.0,2.2913151364764266,1.0,8.75695082972109e-06,0.0012999749292254142,0.0
IND517583AAA,1.0,19.0,1.0,19.0,2.25,1.0,3.283856561145409e-06,0.0007154887869399728,0.0
IND517644AAA,1.0,16.0,1.0,15.0,2.303030303030303,1.0,3.283856561145409e-06,0.0006207763278108021,0.0
IND518002AAA,10.0,66.0,8.0,74.0,1.6782754010695187,0.9785714285714285,0.010051155187763621,0.0025529246511754905,0.12121212121212122
IND518102AAA,1.0,14.0,1.0,14.0,2.043001892205335,1.0,0.0008060043492855788,0.0005729190973958445,0.0
IND518124AAA,1.0,15.0,2.0,7.0,1.6613636363636362,1.0,0.001212837689916371,0.0006625992009955402,0.6666666666666666
IND518206AAA,2.0,7.0,2.0,5.0,1.65,0.9166666666666666,0.0004053738488258388,0.0006277181934016632,0.6666666666666666
IND518222AAA,1.0,4.0,1.0,5.0,1.2954545454545454,0.6666666666666666,0.00040318461111840854,0.000542491583968425,1.0
IND518401AAA,1.0,13.0,1.0,12.0,1.8214285714285714,1.0,0.0008103828247004393,0.0004968569610429811,0.0
IND518422AAB,1.0,12.0,1.0,14.0,2.072467532467533,1.0,0.000808193586993009,0.0005379716293418253,0.0
IND518501AAA,1.0,18.0,1.0,15.0,1.5964912280701755,1.0,0.0012150269276238015,0.0006434776335767336,1.0
IND520011AAA,1.0,1.0,1.0,8.0,1.9310344827586208,1.0,0.0,0.00014376435089814008,0.0
IND521001AAA,2.0,20.0,2.0,8.0,1.92,1.0,0.00040318461111840854,0.0006740166058267163,0.6666666666666666
IND521105AAA,1.0,3.0,2.0,8.0,2.0588235294117645,1.0,0.001212837689916371,0.0006927952451240487,0.3333333333333333
IND521165AAA,2.0,4.0,1.0,3.0,2.52,1.0,0.0,0.0003573126331301238,1.0
IND521185AAA,2.0,9.0,2.0,8.0,2.0689655172413794,1.0,0.0008085584599442474,0.0002646695382862545,0.0
IND521201AAA,1.0,21.0,1.0,3.0,1.5961538461538463,1.0,0.0012150269276238015,0.0006790023913750085,0.0
IND521225AAB,8.0,61.0,8.0,71.0,1.7397993537247463,0.9848484848484849,0.011632514558430755,0.002240812420352942,0.10256410256410256
IND521301AAA,1.0,19.0,1.0,19.0,1.8430769230769233,1.0,0.0004053738488258388,0.000625349136239791,1.0
IND521333AAA,2.0,18.0,1.0,14.0,2.1460997442455243,1.0,0.0012084592145015106,0.0007354122703285098,0.6666666666666666
IND522647AAA,1.0,14.0,1.0,19.0,1.5576923076923077,0.9696969696969697,0.0012106484522089408,0.00046784697483572707,0.0
IND523002AAA,4.0,35.0,5.0,39.0,1.6296695998671757,0.7972972972972973,0.008004217931316315,0.0017515472390146726,0.1388888888888889
IND523105AAA,2.0,20.0,1.0,19.0,1.2142857142857142,0.5128205128205128,0.000808193586993009,0.0009335339337376478,0.6666666666666666
IND523201AAA,1.0,19.0,1.0,2.0,1.4814814814814814,0.9523809523809523,0.0012084592145015106,0.0005133131410656399,0.0
IND523226AAA,1.0,5.0,1.0,13.0,1.897574517825833,1.0,0.0012150269276238015,0.00030651695004019284,1.0
IND523230AAA,1.0,21.0,1.0,19.0,1.5746268656716418,1.0,0.0008103828247004393,0.0009173129103120908,1.0
IND523316AAB,2.0,14.0,1.0,14.0,1.8461288223812622,1.0,0.001212837689916371,0.0004143573675064196,0.3333333333333333
IND524003AAA,1.0,14.0,1.0,14.0,1.6126892421571055,1.0,0.0,0.0003274406757760297,1.0
IND524101AAB,1.0,14.0,1.0,16.0,1.8728882391163093,1.0,3.283856561145409e-06,0.0006624508398872402,0.0
IND524132AAA,1.0,15.0,1.0,14.0,1.8611111111111112,1.0,3.283856561145409e-06,0.000643303091083428,0.0
IND524201AAA,1.0,19.0,1.0,18.0,1.0289855072463767,0.16216216216216217,0.0008060043492855788,0.0009091470561323872,1.0
IND530012AAA,10.0,67.0,11.0,71.0,2.0357142857142856,1.0,0.017186610622181357,0.002712388614053472,0.054945054945054944
IND530012AAC,0.0,0.0,2.0,5.0,1.7077922077922079,1.0,0.0,0.00011564321245522476,1.0
IND530018AAA,0.0,0.0,1.0,1.0,4.375,1.0,0.0,0.00011564321245522476,0.0
IND530026AAA,0.0,0.0,1.0,4.0,2.232621951219512,1.0,0.0,0.00011564321245522476,0.0
IND530043AAA,1.0,13.0,2.0,13.0,1.8850931677018634,1.0,0.0004053738488258388,0.0005377825671776951,0.0
IND531001AAA,2.0,6.0,2.0,6.0,1.762857142857143,1.0,0.0004053738488258388,0.00033841460788308414,1.0
IND531036AAA,2.0,5.0,1.0,4.0,2.3902439024390243,1.0,0.00040354948406964695,0.0002464122010977416,0.0
IND531116AAA,1.0,5.0,2.0,5.0,2.071428571428571,1.0,0.00040318461111840854,0.0003553535597057686,1.0
IND531162AAA,2.0,8.0,0.0,0.0,2.033333333333333,1.0,0.0,0.00044124574943118936,0.0
IND531163AAA,1.0,12.0,1.0,13.0,1.9130434782608696,1.0,0.00040318461111840854,0.0005375956882408609,0.0
IND532001AAB,5.0,55.0,4.0,64.0,1.975609756097561,1.0,0.00724491731978925,0.0021788876439964547,0.17857142857142858
IND532127AAA,1.0,21.0,1.0,21.0,1.8275862068965518,1.0,0.001619306157595925,0.0007233485944137399,0.0
IND532201AAA,2.0,20.0,2.0,21.0,1.826086956521739,0.975609756097561,0.001212837689916371,0.0007348302704353031,0.6666666666666666
IND532222AAA,1.0,20.0,2.0,12.0,1.626086956521739,0.65625,0.0012106484522089408,0.0007105058123315484,1.0
IND532421AAA,1.0,20.0,1.0,19.0,2.2,1.0,0.0012150269276238015,0.0006944102428919058,1.0
IND532440AAA,1.0,17.0,1.0,17.0,1.5365853658536586,1.0,0.001610549206766204,0.0007110784376227975,1.0
IND533003AAA,2.0,17.0,2.0,21.0,1.826086956521739,0.9736842105263158,0.000808193586993009,0.0006208292884753623,1.0
IND533106AAA,8.0,50.0,8.0,51.0,2.2006802721088436,1.0,0.007032926135119751,0.0017861945807748293,0.15555555555555556
IND533201AAA,3.0,8.0,2.0,11.0,2.0526315789473686,1.0,0.00040318461111840854,0.0007217166179236967,0.6666666666666666
IND533242AAA,2.0,6.0,1.0,2.0,2.3736263736263736,1.0,0.0,0.0003462608739436021,1.0
IND533262AAA,2.0,15.0,2.0,12.0,1.9736842105263157,1.0,0.0012106484522089408,0.0007961837729979075,1.0
IND533308AAB,2.0,15.0,2.0,16.0,1.9333333333333333,0.967741935483871,0.0008103828247004393,0.0005592423612999653,1.0
IND533401AAA,1.0,18.0,2.0,18.0,2.175416133162612,1.0,0.0008060043492855788,0.0005679616940587617,1.0
IND534001AAA,1.0,4.0,2.0,15.0,1.8076923076923077,1.0,0.0,0.0004100811916329795,0.6666666666666666
IND534260AAC,1.0,5.0,1.0,4.0,2.0821917808219177,1.0,0.0,0.0002644927608531478,0.0
IND535001AAA,2.0,15.0,1.0,10.0,2.4210526315789473,1.0,0.0008060043492855788,0.0006375440635711673,0.0
IND535501AAB,1.0,20.0,2.0,18.0,1.5564182194616978,1.0,0.0016127384444736342,0.0007417186195857442,0.3333333333333333
IND535558AAA,1.0,3.0,1.0,20.0,1.5909090909090908,1.0,0.0016149276821810646,0.0007365593025063359,0.0
IND535591AAA,1.0,21.0,1.0,3.0,1.710801393728223,1.0,0.0016171169198884948,0.000730489517707034,0.0
IND560002AAA,3.0,70.0,2.0,40.0,1.81557067271353,0.7454545454545455,0.0,0.0009233855407534096,1.0
IND560027AAA,0.0,0.0,1.0,4.0,1.8680555555555556,0.5,0.0,0.00011564321245522476,0.0
IND560043AAC,4.0,133.0,3.0,79.0,1.6666666666666667,0.8018867924528302,0.0008089233328954858,0.0012237918305790835,0.3
IND560048AAB,4.0,65.0,2.0,43.0,1.5895833333333333,0.7407407407407407,0.0008070989681392939,0.0009041467094976548,0.5
IND560058AAB,3.0,95.0,3.0,80.0,1.4375,0.72,0.0,0.0011449109184265408,0.8333333333333334
IND560058AAD,3.0,60.0,1.0,36.0,1.6978260869565216,0.90625,0.0,0.000987961001694672,1.0
IND560060AAB,3.0,99.0,2.0,34.0,1.4193548387096775,0.7669172932330827,0.0,0.0013121895908815608,1.0
IND560064AAA,1.0,39.0,0.0,0.0,1.588235294117647,1.0,0.0,0.000629171050223641,0.0
IND560064AAD,0.0,0.0,1.0,41.0,2.4,1.0,0.0,0.00011564321245522476,0.0
IND560066AAB,1.0,2.0,0.0,0.0,2.038230884557721,1.0,0.0,0.00014474916233514414,0.0
IND560067AAC,1.0,8.0,1.0,20.0,2.888888888888889,1.0,0.0,0.0002453037839959364,0.0
IND560077AAA,1.0,1.0,1.0,1.0,2.79010989010989,1.0,0.0,0.00012570866811660464,0.0
IND560078AAC,3.0,69.0,2.0,36.0,1.8974358974358974,0.9047619047619048,0.0,0.0009151255950846102,1.0
IND560083AAB,2.0,51.0,2.0,32.0,1.5,0.9518072289156626,0.0,0.0008533574151145891,1.0
IND560085AAA,3.0,53.0,1.0,7.0,1.736231884057971,0.8333333333333334,0.0,0.0007217629145561831,1.0
IND560099AAA,1.0,4.0,0.0,0.0,1.8680555555555556,0.5,0.0,0.00021393994304216697,0.0
IND560099AAB,11.0,354.0,18.0,466.0,1.574537037037037,0.8304878048780487,0.011036312156107243,0.005518238044943513,0.1368421052631579
IND560099AAG,0.0,0.0,1.0,2.0,1.8035714285714286,1.0,0.0,0.00011564321245522476,0.0
IND560099AAH,0.0,0.0,1.0,1.0,1.7647058823529411,1.0,0.0,0.00011564321245522476,0.0
IND560300AAA,4.0,278.0,12.0,331.0,1.6363636363636365,0.7881773399014779,0.005629259891705708,0.0037438351435647266,0.21794871794871795
IND560300AAB,3.0,18.0,4.0,24.0,1.9324751580849142,1.0,8.392077878482712e-06,0.0007375262474369779,0.3
IND561202AAB,1.0,16.0,1.0,14.0,1.8818544366899301,1.0,0.00040318461111840854,0.0006358939920209876,0.0
IND561203AAB,1.0,12.0,1.0,12.0,1.8184803001876173,1.0,0.001220500021892377,0.0008011851559160637,1.0
IND561207AAB,1.0,13.0,2.0,13.0,1.1578947368421053,0.3076923076923077,0.00040829283243574586,0.0008413554391853613,0.6666666666666666
IND562101AAA,2.0,13.0,1.0,13.0,1.392094017094017,0.6153846153846154,0.0008143964271640615,0.0008537790902716064,0.6666666666666666
IND562108AAA,1.0,12.0,1.0,2.0,1.1634615384615383,0.42857142857142855,2.1892377074302726e-06,0.000775783633969232,1.0
IND562114AAA,1.0,20.0,2.0,17.0,2.95,1.0,0.0004039143570208853,0.0003241514288517739,0.0
IND562117AAA,1.0,11.0,1.0,10.0,1.5833333333333333,0.6666666666666666,0.0004039143570208853,0.00021393994304216694,0.0
IND562125AAA,1.0,1.0,1.0,1.0,4.444852941176471,1.0,3.648729512383788e-07,0.00021393994304216697,0.0
IND562132AAA,36.0,665.0,35.0,768.0,1.6372881355932203,0.9134682484298674,0.13434293678940992,0.013149040886925952,0.05357142857142857
IND562132AAC,0.0,0.0,1.0,1.0,1.5176273083379967,1.0,0.0,0.00011564321245522476,0.0
IND562159AAA,0.0,0.0,1.0,11.0,1.9259259259259258,1.0,0.0,0.00011564321245522476,0.0
IND562160AAB,1.0,10.0,0.0,0.0,1.0,0.0,0.0,0.000297492164041069,0.0
IND563101AAB,2.0,19.0,3.0,16.0,1.7719298245614035,0.9428571428571428,0.0012139323087700864,0.0005294037009589466,0.5
IND563116AAA,2.0,17.0,1.0,14.0,1.9444444444444444,1.0,0.0,0.0007299510359499039,1.0
IND563125AAB,3.0,16.0,2.0,15.0,1.951219512195122,1.0,0.0012095538333552257,0.0006028676381190896,0.5
IND563130AAA,2.0,10.0,1.0,10.0,1.787121212121212,0.6,0.0004042792299721237,0.00034383713888886454,0.6666666666666666
IND563131AAA,1.0,14.0,1.0,14.0,1.758985200845666,0.9285714285714286,0.001211743071062656,0.0005093872150434922,1.0
IND563131AAB,3.0,25.0,3.0,24.0,1.7468354430379747,0.8367346938775511,0.0016127384444736342,0.0010379772392315313,0.5
IND570020AAA,4.0,29.0,3.0,24.0,2.6153846153846154,0.8679245283018868,0.002858049827050221,0.0010671300380554487,0.09523809523809523
IND571104AAA,1.0,15.0,2.0,17.0,1.8421052631578947,1.0,0.0012106484522089408,0.0006134379416398814,0.3333333333333333
IND571105AAA,0.0,0.0,2.0,13.0,1.736842105263158,1.0,0.0,0.00011564321245522476,1.0
IND571111AAB,1.0,8.0,1.0,10.0,1.875876577840112,1.0,0.0008191397755301604,0.000503065487727858,0.0
IND571114AAA,2.0,9.0,1.0,8.0,1.9423076923076923,1.0,5.837967219814061e-06,0.0002791350395682082,0.6666666666666666
IND571124AAA,1.0,10.0,1.0,11.0,2.4166666666666665,0.9523809523809523,7.297459024767576e-06,0.0006632399411640921,1.0
IND571213AAA,1.0,12.0,2.0,9.0,1.6515151515151516,1.0,3.283856561145409e-06,0.00020637865607394065,0.6666666666666666
IND571301AAA,1.0,9.0,1.0,8.0,2.4,1.0,0.0012259731161609528,0.0004557909120854222,0.0
IND571313AAB,1.0,10.0,1.0,10.0,1.6189516129032258,0.9,0.000412306434899368,0.0005432488770239298,0.0
IND571401AAA,1.0,9.0,1.0,10.0,1.0217391304347827,0.3157894736842105,3.648729512383788e-07,0.00021393994304216697,0.0
IND571426AAA,2.0,18.0,1.0,15.0,1.7195121951219512,0.9393939393939394,0.001212837689916371,0.0005856408578642298,0.3333333333333333
IND571430AAA,2.0,11.0,1.0,10.0,1.205128205128205,0.5238095238095238,0.00041413079965555994,0.0006442314455398061,0.3333333333333333
IND571432AAB,1.0,12.0,1.0,17.0,1.5945945945945945,0.9310344827586207,0.0012150269276238015,0.0005138941926216625,1.0
IND571438AAB,0.0,0.0,1.0,9.0,1.2903225806451613,0.6666666666666666,0.0,0.00011564321245522476,0.0
IND571440AAA,1.0,10.0,1.0,10.0,1.19375,0.45,5.473094268575682e-06,0.0005774047579255921,0.0
IND571602AAA,1.0,14.0,0.0,0.0,2.336007702182285,1.0,0.0,0.0006447618563244208,0.0
IND572101AAA,3.0,6.0,2.0,13.0,2.0,0.9473684210526315,0.0016266036166206928,0.0008737299279411278,0.3
IND572201AAB,2.0,13.0,4.0,7.0,1.6702806122448979,1.0,0.0012095538333552257,0.0005537720229408014,0.5
IND573103AAA,2.0,6.0,2.0,7.0,1.5384615384615385,0.9230769230769231,0.00040464410292336206,0.00040972640222583046,0.6666666666666666
IND573116AAA,1.0,14.0,3.0,14.0,1.8357723577235774,1.0,0.0020232205146168106,0.0005466189923852326,0.3333333333333333
IND573134AAB,2.0,14.0,2.0,15.0,2.0625,0.9655172413793104,0.0012080943415502723,0.0007009227765007674,0.3333333333333333
IND573142AAA,3.0,19.0,1.0,17.0,1.9058880308880308,1.0,0.002012274326079659,0.0006949372221199305,0.3333333333333333
IND573201AAB,4.0,49.0,5.0,45.0,1.8775,1.0,0.015457842579213918,0.0016297403442729064,0.14285714285714285
IND574104AAA,1.0,9.0,1.0,11.0,2.0,1.0,0.0008078287140417706,0.0002957989816272966,0.0
IND574117AAA,1.0,5.0,2.0,3.0,2.403940886699507,1.0,0.0008224236320913058,0.00035640509064675395,0.6666666666666666
IND574202AAA,1.0,5.0,1.0,6.0,2.0588235294117645,1.0,0.0012080943415502723,0.0004704206165614419,0.0
IND574211AAA,1.0,8.0,2.0,6.0,2.3042763157894735,1.0,0.0012150269276238015,0.0005008622175616715,0.3333333333333333
IND574216AAA,2.0,12.0,2.0,6.0,2.0919661733615222,1.0,0.0008103828247004393,0.00043802782765968234,0.3333333333333333
IND574221AAA,1.0,7.0,1.0,6.0,1.5588235294117647,1.0,0.0012037158661354116,0.0005538188385078728,0.0
IND574227AAA,1.0,2.0,1.0,9.0,1.9230769230769231,1.0,0.0008100179517492009,0.00021194796373183645,0.0
IND574239AAA,1.0,6.0,1.0,7.0,1.5142857142857142,1.0,0.0012059051038428418,0.0005155007365324851,0.0
IND575004AAB,6.0,32.0,7.0,25.0,2.369565217391304,1.0,0.014226761241735627,0.0014162463423029713,0.07692307692307693
IND575014AAA,1.0,2.0,1.0,1.0,2.3684210526315788,1.0,0.0,0.00021194796373183645,1.0
IND576101AAA,2.0,3.0,1.0,3.0,1.6614906832298137,1.0,0.0,0.00036575847279337475,0.6666666666666666
IND576201AAA,2.0,4.0,1.0,4.0,2.0412912912912913,1.0,0.001223419005502284,0.0005275193566795385,0.3333333333333333
IND577002AAA,4.0,29.0,3.0,31.0,1.7796495956873315,1.0,0.0032262066348497454,0.0010611255460766561,0.26666666666666666
IND577101AAA,3.0,10.0,2.0,9.0,1.7358490566037736,0.5789473684210527,0.0008085584599442474,0.0007022595997127421,0.3333333333333333
IND577116AAA,3.0,8.0,1.0,8.0,1.1318840579710145,0.4375,1.0946188537151363e-06,0.0005642984520936398,0.6666666666666666
IND577126AAA,1.0,1.0,1.0,1.0,2.28943661971831,1.0,0.00040318461111840854,0.0002669026618750412,1.0
IND577132AAD,1.0,7.0,1.0,11.0,1.959375,0.9444444444444444,0.0008060043492855788,0.0005799148367098143,1.0
IND577201AAA,3.0,9.0,2.0,11.0,1.4935344827586206,0.65,0.002420567158515405,0.0008063528126802873,0.3
IND577401AAA,1.0,9.0,2.0,8.0,1.4133333333333333,0.5882352941176471,0.0016160223010347797,0.0005576245980355813,0.6666666666666666
IND577432AAA,1.0,1.0,1.0,1.0,2.227777777777778,1.0,0.0004053738488258388,0.0001779522934350705,1.0
IND577501AAA,2.0,12.0,1.0,10.0,1.7867965367965368,1.0,0.0020188420392019497,0.00035219320497181,0.6666666666666666
IND577522AAA,1.0,10.0,1.0,10.0,1.5559954751131222,1.0,0.0024099858429294917,0.0003899271873507748,0.0
IND577535AAC,1.0,10.0,1.0,10.0,1.7295127353266888,1.0,0.0024121750806369224,0.00032268702928884034,0.0
IND577598AAB,1.0,16.0,1.0,17.0,1.8928571428571428,1.0,0.0012084592145015106,0.000606393565767189,1.0
IND577598AAC,1.0,10.0,1.0,11.0,1.7419354838709677,1.0,0.0020210312769093804,0.00026117296185482165,1.0
IND580002AAA,2.0,11.0,1.0,2.0,3.2857142857142856,1.0,0.0,0.00046515744908530313,1.0
IND580028AAA,9.0,67.0,8.0,78.0,1.9484536082474226,1.0,0.013224090371732562,0.0028270273062214572,0.0989010989010989
IND580030AAA,1.0,1.0,0.0,0.0,2.2523364485981308,1.0,0.0,0.0001517672609459265,0.0
IND581110AAE,2.0,21.0,2.0,20.0,1.9090909090909092,1.0,0.000808193586993009,0.000712925673620765,0.6666666666666666
IND581115AAC,1.0,19.0,1.0,20.0,1.9615384615384615,1.0,0.0008103828247004393,0.0006684553921049065,1.0
IND581119AAB,1.0,16.0,1.0,14.0,1.7979035639412997,1.0,0.0,0.0006004326705174056,1.0
IND581303AAA,1.0,13.0,2.0,14.0,1.5432098765432098,0.8148148148148148,0.0008103828247004393,0.0005041700793476961,0.6666666666666666
IND581314AAA,3.0,10.0,2.0,10.0,1.807150900900901,0.95,0.0017400791044558284,0.000659368440949123,0.3333333333333333
IND581320AAA,2.0,5.0,2.0,5.0,2.0412912912912913,1.0,0.001222324386648569,0.0006510778484402018,0.0
IND581325AAA,2.0,14.0,1.0,14.0,1.7123287671232876,0.7142857142857143,0.0008060043492855788,0.0006127896030031373,0.3333333333333333
IND581334AAA,2.0,5.0,3.0,6.0,1.7714285714285714,1.0,0.000546214808003853,0.0006144224668752734,0.3333333333333333
IND581343AAC,1.0,2.0,1.0,6.0,1.8824404761904763,0.875,0.0,0.0002897295780698979,1.0
IND581400AAB,2.0,13.0,1.0,12.0,1.0612244897959184,0.48,0.000808193586993009,0.0005128538094772324,0.6666666666666666
IND581402AAA,1.0,15.0,2.0,10.0,1.475609756097561,1.0,0.00161821153874221,0.0005777534452030162,0.3333333333333333
IND582101AAB,2.0,18.0,1.0,18.0,2.3376262626262623,1.0,0.0012084592145015106,0.0007182610330197539,0.3333333333333333
IND582209AAA,1.0,17.0,1.0,16.0,1.8333333333333333,1.0,0.0012106484522089408,0.0006368261017937023,1.0
IND583101AAA,3.0,21.0,2.0,28.0,2.5217391304347827,1.0,0.0040340353488915156,0.0006820266907459144,0.16666666666666666
IND583119AAA,1.0,9.0,1.0,9.0,3.0655594405594404,1.0,0.0012073645956477955,0.0004164735735678525,1.0
IND583121AAA,1.0,2.0,0.0,0.0,2.3279220779220777,1.0,0.0,0.0003402520853434369,0.0
IND583201AAA,3.0,34.0,3.0,27.0,2.4482758620689653,1.0,0.0020206664039581416,0.0010617542156914329,0.3333333333333333
IND583227AAA,1.0,16.0,2.0,16.0,2.0,1.0,0.0004053738488258388,0.0006504527433221185,1.0
IND583231AAA,1.0,15.0,1.0,15.0,2.232683982683983,1.0,0.00040318461111840854,0.0006339727422901312,1.0
IND584101AAA,2.0,16.0,3.0,17.0,1.5436893203883495,0.9696969696969697,0.0020272341170804327,0.0005918328207936732,0.3333333333333333
IND584123AAA,1.0,2.0,1.0,1.0,1.4857142857142858,1.0,0.0008122071894566312,0.00017482649453460177,0.0
IND584128AAA,1.0,1.0,1.0,2.0,2.227272727272727,1.0,0.000406468467679554,0.00026424573280964714,0.0
IND585104AAA,5.0,61.0,5.0,60.0,1.9166666666666667,1.0,0.006447305048382154,0.0018849210706793282,0.0
IND585211AAA,2.0,21.0,2.0,20.0,1.864864864864865,0.975609756097561,0.00040500897587460047,0.0006817955212020881,0.0
IND585222AAA,2.0,21.0,2.0,22.0,1.5555555555555556,0.9767441860465116,3.648729512383788e-07,0.0007260031332193494,0.0
IND585307AAB,2.0,22.0,2.0,21.0,1.6571428571428573,1.0,0.0004028197381671702,0.0007273575854721508,0.0
IND585314AAA,2.0,20.0,2.0,19.0,1.8421052631578947,1.0,0.0004028197381671702,0.0006550656079907914,0.0
IND585330AAE,1.0,20.0,1.0,21.0,1.8571428571428572,1.0,0.004014332209524643,0.0006497041824811444,0.0
IND585401AAA,1.0,21.0,1.0,22.0,1.878787878787879,1.0,0.004012142971817213,0.0006678917675643094,0.0
IND586101AAA,1.0,8.0,1.0,4.0,1.651558384547849,1.0,0.0016112789526686808,0.0003981455381971959,0.0
IND586101AAB,2.0,5.0,1.0,5.0,1.9094346757421063,1.0,0.0,0.0002951834056822085,0.3333333333333333
IND586128AAA,2.0,18.0,2.0,19.0,1.7974683544303798,1.0,0.00040500897587460047,0.0005973033527616112,0.0
IND586211AAA,2.0,18.0,2.0,19.0,1.7326732673267327,1.0,3.648729512383788e-07,0.0006043818991967443,0.0
IND587103AAB,1.0,19.0,2.0,19.0,1.723908918406072,1.0,0.001212837689916371,0.0006852923804449785,0.3333333333333333
IND590016AAA,2.0,17.0,1.0,5.0,1.9717167721518987,1.0,0.0004053738488258388,0.0007217385460317222,1.0
IND591102AAA,1.0,2.0,1.0,18.0,1.9883720930232558,1.0,0.00040464410292336206,0.00021393994304216697,0.0
IND591115AAB,2.0,6.0,2.0,6.0,1.8434959349593496,1.0,0.0,0.000362823173873633,1.0
IND591123AAC,1.0,18.0,1.0,19.0,1.6559139784946237,1.0,0.0012150269276238015,0.0006701754917525746,0.0
IND591126AAA,0.0,0.0,1.0,2.0,1.550709939148073,1.0,0.0,0.00011564321245522476,0.0
IND591201AAA,1.0,4.0,2.0,11.0,1.5,0.9333333333333333,0.0020213961498606187,0.0004955050987246435,0.3333333333333333
IND591237AAB,1.0,10.0,1.0,4.0,2.1875,0.9285714285714286,0.002023585387568049,0.0004468963367875143,0.0
IND591302AAB,1.0,5.0,2.0,10.0,1.6829268292682926,1.0,0.00040318461111840854,0.0007291209765822558,1.0
IND591304AAA,1.0,10.0,2.0,12.0,1.476923076923077,1.0,0.0020192069121531884,0.0004985335160152065,0.3333333333333333
IND591307AAC,1.0,18.0,3.0,7.0,2.1538461538461537,1.0,0.0008085584599442474,0.000297492164041069,0.16666666666666666
IND600004AAA,1.0,1.0,1.0,3.0,4.723684210526316,1.0,0.0,0.00015056380349116758,0.0
IND600008AAA,0.0,0.0,1.0,14.0,2.137012012012012,1.0,0.0,0.00011564321245522476,0.0
IND600008AAC,3.0,36.0,3.0,18.0,2.8833333333333333,1.0,0.0012139323087700864,0.0007394948689963125,0.16666666666666666
IND600013AAA,1.0,2.0,0.0,0.0,4.55,1.0,0.0,0.00018548439452711036,0.0
IND600016AAA,0.0,0.0,1.0,8.0,2.1573426573426575,1.0,0.0,0.00011564321245522476,0.0
IND600016AAB,0.0,0.0,1.0,22.0,2.0909926470588234,1.0,0.0,0.00011564321245522476,0.0
IND600016AAC,2.0,23.0,2.0,12.0,2.1142857142857143,0.9714285714285714,0.0012113781981114176,0.0014632781851959742,0.0
IND600032AAB,3.0,75.0,4.0,123.0,2.135944700460829,0.9848484848484849,0.00040318461111840854,0.0017023107363887539,0.5
IND600044AAC,3.0,54.0,0.0,0.0,1.7946696696696698,1.0,0.0,0.00041053340421605134,0.0
IND600044AAD,5.0,51.0,5.0,52.0,2.1315789473684212,0.9223300970873787,0.003631215610724346,0.0013670496691839456,0.2
IND600044AAE,1.0,34.0,1.0,29.0,1.5,0.746031746031746,0.0,0.0006300084805200368,0.0
IND600048AAA,2.0,15.0,1.0,1.0,2.5,0.9375,0.0,0.00044418992556032126,1.0
IND600056AAA,1.0,3.0,1.0,7.0,3.125,1.0,0.0004061035947283156,0.0003119137138914458,0.0
IND600056AAB,18.0,241.0,18.0,300.0,1.7777777777777777,0.9537892791127541,0.039897762599063004,0.005339431848422599,0.05928853754940711
IND600056AAD,1.0,1.0,0.0,0.0,1.7551020408163265,1.0,0.0,0.00015731161411271504,0.0
IND600073AAA,0.0,0.0,1.0,1.0,1.9166666666666667,1.0,0.0,0.00011564321245522476,0.0
IND600076AAB,2.0,58.0,2.0,18.0,2.165178571428571,0.9868421052631579,0.0,0.0008517827675438589,1.0
IND600083AAA,0.0,0.0,1.0,2.0,2.0357142857142856,1.0,0.0,0.00011564321245522476,0.0
IND600110AAA,1.0,28.0,2.0,11.0,1.88,1.0,0.00040573872177707723,0.0005392381390968347,0.0
IND600116AAB,4.0,31.0,3.0,16.0,2.375,1.0,0.002828130245048674,0.0012315011854819487,0.1
IND600119AAA,2.0,19.0,1.0,10.0,1.9583333333333333,0.9655172413793104,0.00040354948406964695,0.001354077529007775,0.0
IND602001AAA,1.0,9.0,1.0,3.0,2.713636363636364,1.0,0.0,0.0005686869326019317,1.0
IND602001AAB,0.0,0.0,1.0,11.0,2.185185185185185,1.0,0.0,0.00011564321245522476,0.0
IND602024AAA,1.0,10.0,2.0,13.0,2.6363636363636362,1.0,0.0004053738488258388,0.0007698782172426283,1.0
IND602105AAB,1.0,7.0,0.0,0.0,3.25,1.0,0.0,0.0003807698692629906,0.0
IND603001AAA,1.0,12.0,1.0,13.0,1.868421052631579,0.84,0.0004053738488258388,0.0003837952629490336,1.0
IND603102AAA,1.0,4.0,1.0,12.0,1.9258121158911325,1.0,0.00040318461111840854,0.00032694936730641997,0.0
IND603203AAA,2.0,3.0,2.0,14.0,3.0,1.0,0.00040354948406964695,0.0002586319514578018,0.3333333333333333
IND603301AAA,1.0,13.0,1.0,14.0,1.9705882352941178,0.8518518518518519,0.00040318461111840854,0.00044186918596193943,1.0
IND604303AAA,1.0,4.0,1.0,4.0,1.924342105263158,0.75,0.0004053738488258388,0.0002485954762954886,0.0
IND605010AAB,2.0,23.0,3.0,19.0,1.7109693184903612,0.9523809523809523,0.007241268590276866,0.0007429685332248442,0.0
IND605601AAA,3.0,26.0,3.0,26.0,1.4241783586392467,0.8653846153846154,0.0048367558416159495,0.001061993951258681,0.0
IND606003AAA,1.0,15.0,1.0,14.0,1.9285714285714286,0.9655172413793104,0.0016149276821810646,0.0006486751830579411,0.0
IND606105AAA,1.0,14.0,1.0,14.0,1.4907407407407407,1.0,0.0016127384444736342,0.0006670171180545413,0.0
IND606201AAC,1.0,14.0,1.0,15.0,1.3770491803278688,1.0,0.001610549206766204,0.0006826077628016566,0.0
IND606801AAB,1.0,13.0,1.0,13.0,1.8318293683347004,0.9615384615384616,0.0008060043492855788,0.0004306053143009718,0.0
IND606803AAA,1.0,11.0,1.0,13.0,1.6293478260869565,0.9583333333333334,0.000808193586993009,0.00037054364923025694,0.0
IND607001AAA,1.0,12.0,1.0,11.0,1.8518518518518519,1.0,0.002828859990951151,0.0005145000039760163,0.0
IND607106AAA,1.0,14.0,1.0,14.0,2.2316017316017316,1.0,0.001619306157595925,0.0006017096747621485,0.0
IND607801AAA,1.0,14.0,1.0,15.0,2.272727272727273,0.9655172413793104,0.0016171169198884948,0.0006270964360031149,0.0
IND608001AAA,1.0,11.0,1.0,7.0,2.111111111111111,1.0,0.0028266707532437207,0.0005529682158349259,0.0
IND608301AAA,1.0,10.0,1.0,16.0,1.9608059342421813,1.0,3.648729512383788e-06,0.0004540713479277132,0.0
IND609001AAA,1.0,11.0,1.0,12.0,2.1379310344827585,1.0,7.297459024767576e-07,0.00021393994304216694,0.0
IND609110AAA,1.0,7.0,1.0,8.0,2.0357142857142856,1.0,0.00282448151553629,0.000585666195915,0.0
IND609602AAA,1.0,8.0,1.0,11.0,2.5625,1.0,0.00282229227782886,0.0006134594789830651,0.0
IND610001AAA,2.0,27.0,2.0,27.0,1.7713043478260868,0.9814814814814815,0.003624647897602055,0.0013679669044140948,0.16666666666666666
IND611001AAA,1.0,11.0,1.0,10.0,2.6666666666666665,1.0,0.0028201030401214296,0.0006370837695909207,0.0
IND613104AAA,1.0,10.0,0.0,0.0,1.8837740384615385,1.0,0.0,0.00036851155189013686,0.0
IND614018AAA,1.0,12.0,1.0,10.0,1.8837740384615385,1.0,7.297459024767576e-07,0.0002974921640410689,0.0
IND614602AAA,0.0,0.0,1.0,16.0,1.5,1.0,0.0,0.00011564321245522476,0.0
IND614616AAA,1.0,16.0,1.0,16.0,1.3964285714285714,0.78125,2.1892377074302726e-06,0.000297492164041069,0.0
IND614620AAA,1.0,15.0,1.0,16.0,1.7391304347826086,1.0,9.851569683436227e-06,0.0005764328791405689,0.0
IND614715AAA,1.0,17.0,1.0,17.0,1.3955627705627704,0.6764705882352942,0.0004053738488258388,0.00084775883352145,1.0
IND614804AAA,1.0,16.0,1.0,16.0,1.375,0.78125,1.4594918049535152e-06,0.00021393994304216697,0.0
IND614809AAA,1.0,17.0,1.0,17.0,1.25,0.6470588235294118,0.00040318461111840854,0.0008362382209486222,1.0
IND620012AAA,2.0,2.0,0.0,0.0,3.7447916666666665,0.5,0.0,0.0007238554435057969,0.0
IND620020AAA,0.0,0.0,1.0,25.0,1.9090909090909092,1.0,0.0,0.00011564321245522476,0.0
IND621010AAA,1.0,15.0,1.0,16.0,1.5,1.0,2.1892377074302726e-06,0.00021393994304216697,0.0
IND621112AAA,1.0,25.0,1.0,1.0,1.9090909090909092,1.0,3.648729512383788e-07,0.00021393994304216697,0.0
IND621211AAA,0.0,0.0,1.0,15.0,1.5,1.0,0.0,0.00011564321245522476,0.0
IND621212AAA,2.0,18.0,1.0,16.0,1.5361344537815125,1.0,4.013602463622167e-06,0.0003651777911355667,0.3333333333333333
IND621306AAA,0.0,0.0,1.0,12.0,1.3148474178403755,0.6666666666666666,0.0,0.00011564321245522476,0.0
IND621704AAA,1.0,16.0,1.0,17.0,1.3035714285714286,0.6060606060606061,4.378475414860545e-06,0.00042604433492046104,1.0
IND621802AAA,1.0,17.0,2.0,12.0,1.2222222222222223,0.5517241379310345,4.7433483660989244e-06,0.00047778089713762246,0.3333333333333333
IND622001AAA,1.0,14.0,0.0,0.0,1.3888888888888888,0.8571428571428571,0.0,0.00048018953928279947,0.0
IND622407AAA,1.0,14.0,1.0,14.0,1.3662745098039215,0.9285714285714286,1.4594918049535152e-06,0.00042887803156184574,0.0
IND623315AAB,1.0,15.0,1.0,15.0,1.4349276974416019,0.5333333333333333,5.473094268575682e-06,0.0005421054902180311,0.0
IND623407AAA,1.0,15.0,1.0,15.0,1.6217948717948718,0.5333333333333333,1.0946188537151363e-06,0.0005017203267797532,0.0
IND623503AAA,1.0,7.0,1.0,7.0,0.9859154929577465,0.07142857142857142,1.824364756191894e-05,0.00032332845876745497,0.0
IND623526AAA,1.0,7.0,1.0,8.0,1.0,0.0,1.9703139366872454e-05,0.00039047240240756896,0.0
IND623701AAA,1.0,5.0,1.0,7.0,1.2592879256965945,0.5,1.6054409854488668e-05,0.0002443355838967343,0.0
IND623704AAA,1.0,8.0,1.0,7.0,1.1224489795918366,0.4,2.0432885269349214e-05,0.0004475447545016669,0.0
IND624001AAA,2.0,11.0,3.0,22.0,1.5192307692307692,0.9090909090909091,2.116263117182597e-05,0.00030497233691391726,0.2
IND624101AAA,1.0,15.0,1.0,10.0,0.7647058823529411,0.0,4.013602463622167e-06,0.000798386166493352,0.0
IND624202AAA,1.0,10.0,1.0,11.0,1.3043478260869565,0.5238095238095238,6.202840171052439e-06,0.0007942714539756987,0.0
IND624601AAA,1.0,10.0,2.0,17.0,0.8320610687022901,0.37037037037037035,2.0432885269349214e-05,0.0009103239387184305,0.3333333333333333
IND624619AAA,2.0,12.0,1.0,10.0,1.3928571428571428,0.8181818181818182,1.824364756191894e-05,0.0009349185014866045,0.6666666666666666
IND624703AAA,2.0,3.0,1.0,1.0,1.3033613445378152,0.75,1.20408073908665e-05,0.0008113671127548153,0.3333333333333333
IND625008AAA,5.0,54.0,3.0,19.0,1.576470588235294,0.9863013698630136,5.290657792956493e-05,0.002731557455752404,0.047619047619047616
IND625106AAA,1.0,12.0,1.0,13.0,1.5068493150684932,0.84,2.5541106586686518e-06,0.000213939943042167,0.0
IND625218AAA,1.0,11.0,1.0,1.0,1.5217391304347827,1.0,8.392077878482712e-06,0.000790773948334247,0.0
IND625516AAA,2.0,8.0,1.0,7.0,1.4222222222222223,1.0,2.1892377074302726e-06,0.00040775738706899385,0.3333333333333333
IND625531AAA,1.0,6.0,1.0,7.0,1.3111111111111111,1.0,3.648729512383788e-07,0.0001998975529583181,0.0
IND625532AAA,0.0,0.0,2.0,7.0,1.5454545454545454,1.0,0.0,0.00011564321245522476,0.0
IND626117AAA,1.0,17.0,1.0,9.0,1.6251596424010217,0.8846153846153846,1.20408073908665e-05,0.001798429073652616,0.0
IND626123AAA,1.0,17.0,1.0,17.0,1.6833333333333333,1.0,2.736547134287841e-05,0.0021930645406415673,0.0
IND626138AAA,1.0,9.0,1.0,16.0,1.28,0.84,4.378475414860545e-06,0.0016443079250595734,0.0
IND626607AAB,1.0,7.0,1.0,7.0,1.3539279869067102,0.9285714285714286,2.0432885269349214e-05,0.0004960562537816514,0.0
IND627005AAA,3.0,38.0,4.0,39.0,1.55,0.6883116883116883,1.5689536903250288e-05,0.0010922810603746975,0.09523809523809523
IND627117AAA,1.0,11.0,1.0,11.0,1.7286585365853657,1.0,2.9189836099070305e-06,0.0003775105948783984,1.0
IND627401AAA,1.0,10.0,1.0,13.0,2.108108108108108,0.9565217391304348,2.5541106586686518e-06,0.000416292011278264,1.0
IND627657AAA,1.0,17.0,1.0,16.0,1.1666666666666667,0.3333333333333333,6.202840171052439e-06,0.0005898909026422433,0.0
IND627756AAA,1.0,17.0,1.0,17.0,1.6139162561576355,1.0,1.9703139366872454e-05,0.0019797480720021316,0.0
IND627811AAA,1.0,10.0,1.0,10.0,1.45,0.6,2.1892377074302726e-06,0.0003537044692035645,1.0
IND628204AAA,1.0,17.0,1.0,17.0,1.3666666666666667,0.7941176470588235,5.837967219814061e-06,0.0005579384590435319,0.0
IND628613AAA,1.0,16.0,1.0,14.0,1.1241910925009517,0.2,6.567713122290818e-06,0.0006170504797011491,0.0
IND628801AAA,1.0,17.0,1.0,17.0,1.4330357142857144,0.7647058823529411,5.473094268575682e-06,0.0005203473489274022,0.0
IND629001AAA,2.0,12.0,0.0,0.0,2.0367647058823533,1.0,0.0,0.0004603333437767077,1.0
IND629179AAA,0.0,0.0,1.0,11.0,2.0434782608695654,1.0,0.0,0.00011564321245522476,0.0
IND630002AAA,1.0,16.0,1.0,14.0,1.4270833333333335,1.0,2.1892377074302726e-06,0.00036851155189013686,0.0
IND630561AAA,1.0,16.0,2.0,20.0,1.8928571428571428,1.0,1.4230045098296773e-05,0.000605611159724727,0.0
IND631003AAA,1.0,10.0,1.0,10.0,2.6375,1.0,0.00040318461111840854,0.00031021495418390784,1.0
IND631102AAA,1.0,11.0,1.0,12.0,1.8,1.0,0.00040318461111840854,0.00031666935628081746,0.0
IND631501AAA,1.0,9.0,2.0,11.0,2.63508064516129,1.0,0.0004053738488258388,0.00025179872459002797,1.0
IND632006AAA,4.0,35.0,5.0,44.0,1.8387096774193548,0.9240506329113924,0.0032338689668257514,0.0007820232149652731,0.23809523809523808
IND632301AAA,1.0,14.0,2.0,12.0,2.0146780303030303,1.0,0.0008103828247004393,0.0003271449455935886,0.0
IND632402AAA,1.0,8.0,1.0,11.0,1.8,1.0,0.0004053738488258388,0.00023650134567714692,0.0
IND635001AAA,2.0,8.0,2.0,8.0,1.5951607915893629,0.9375,0.00040500897587460047,0.00028200411942423946,0.6666666666666666
IND635207AAA,1.0,1.0,1.0,1.0,3.3261363636363637,1.0,0.0,0.00015430595161499422,1.0
IND635601AAB,1.0,10.0,2.0,11.0,2.1666666666666665,1.0,0.0004053738488258388,0.0005003413303028604,1.0
IND635802AAB,4.0,17.0,2.0,16.0,1.875,0.9393939393939394,0.0016160223010347797,0.0007241376335954904,0.4
IND636005AAA,0.0,0.0,2.0,5.0,2.0,0.8,0.0,0.00011564321245522476,0.0
IND636005AAC,1.0,1.0,0.0,0.0,5.083333333333333,1.0,0.0,0.0001353025585726132,0.0
IND636016AAA,1.0,4.0,2.0,16.0,1.2702922077922079,0.65,7.297459024767576e-07,0.00019428059692477853,0.3333333333333333
IND636102AAA,1.0,6.0,1.0,5.0,1.11864406779661,0.36363636363636365,0.0,0.00032395741058676347,0.0
IND636352AAA,0.0,0.0,1.0,5.0,1.6,1.0,0.0,0.00011564321245522476,0.0
IND636402AAA,2.0,17.0,0.0,0.0,1.4285714285714286,1.0,0.0,0.00035585584782706753,1.0
IND636705AAB,2.0,9.0,2.0,9.0,1.5174752535744838,0.9444444444444444,0.00040354948406964695,0.0003337916937974759,0.3333333333333333
IND637001AAA,1.0,10.0,0.0,0.0,1.59375,1.0,0.0,0.00021393994304216697,0.0
IND637211AAA,1.0,15.0,1.0,16.0,1.3333333333333333,0.8064516129032258,7.297459024767576e-07,0.0002704605631296596,1.0
IND637301AAA,0.0,0.0,1.0,10.0,1.8529411764705883,1.0,0.0,0.00011564321245522476,0.0
IND637408AAA,0.0,0.0,1.0,10.0,1.59375,1.0,0.0,0.00011564321245522476,0.0
IND638001AAA,1.0,10.0,1.0,3.0,1.894736842105263,1.0,3.648729512383788e-07,0.00021393994304216697,0.0
IND638052AAA,1.0,3.0,0.0,0.0,2.1666666666666665,1.0,0.0,0.0002974921640410689,0.0
IND638401AAA,1.0,12.0,1.0,12.0,1.586993970714901,0.625,1.20408073908665e-05,0.0006345217210461469,0.0
IND638452AAA,1.0,12.0,1.0,3.0,1.0833333333333333,0.3333333333333333,1.1675934439628122e-05,0.0006549866753441895,0.0
IND638501AAB,1.0,3.0,1.0,14.0,1.2804878048780488,0.7058823529411765,1.1311061488389742e-05,0.0006723818864975259,0.0
IND638657AAA,1.0,15.0,1.0,16.0,1.542857142857143,1.0,1.6784155756965425e-05,0.0006236095559877908,0.0
IND638701AAA,1.0,16.0,1.0,17.0,1.7142857142857142,1.0,1.6419282805727045e-05,0.0006457113350446541,0.0
IND639001AAA,0.0,0.0,1.0,9.0,1.7407407407407407,1.0,0.0,0.00011564321245522476,0.0
IND639104AAB,1.0,16.0,1.0,1.0,1.7777777777777777,0.9411764705882353,2.1892377074302726e-06,0.0005016038581937879,0.0
IND641001AAA,2.0,6.0,1.0,3.0,2.9166666666666665,1.0,5.473094268575682e-06,0.00037421622908091474,1.0
IND641006AAD,0.0,0.0,1.0,5.0,3.586206896551724,1.0,0.0,0.00011564321245522476,0.0
IND641008AAA,1.0,2.0,2.0,4.0,2.196078431372549,1.0,6.202840171052439e-06,0.0002021229638870451,0.6666666666666666
IND641011AAA,1.0,1.0,1.0,9.0,3.985294117647059,1.0,0.0,0.00015859434228121126,1.0
IND641062AAD,7.0,71.0,8.0,64.0,1.9295774647887325,0.9703703703703703,9.377234846826336e-05,0.0032557082891995757,0.06060606060606061
IND641607AAA,2.0,29.0,3.0,35.0,1.975,1.0,4.159551644117518e-05,0.0011833763558339104,0.16666666666666666
IND641654AAA,1.0,11.0,1.0,11.0,1.5647321428571428,0.7272727272727273,0.0,0.00043177375322785556,1.0
IND641664AAA,2.0,15.0,1.0,15.0,1.4245495495495497,0.8,1.7149028708203805e-05,0.0005976074629797167,0.3333333333333333
IND642001AAA,2.0,18.0,2.0,18.0,1.4782214156079854,0.9722222222222222,5.837967219814061e-06,0.0009188787967788277,1.0
IND642126AAA,2.0,18.0,1.0,17.0,1.4666666666666666,0.9714285714285714,6.202840171052439e-06,0.0008941125983624528,1.0
IND643001AAA,1.0,10.0,1.0,6.0,0.6738888888888889,0.375,1.6784155756965425e-05,0.0008396121058286438,0.0
IND643212AAA,1.0,6.0,1.0,3.0,2.71875,1.0,1.6419282805727045e-05,0.0008293135024092026,0.0
IND643217AAA,2.0,13.0,1.0,10.0,0.9210526315789473,0.2608695652173913,1.7149028708203805e-05,0.0008517281098515154,0.3333333333333333
IND643231AAA,1.0,15.0,1.0,11.0,2.3888888888888893,0.7307692307692307,1.751390165944218e-05,0.0007642413481938774,1.0
IND670643AAA,1.0,17.0,1.0,5.0,1.5434782608695654,1.0,0.0016255089977669774,0.0005669344860631654,0.0
IND670645AAB,2.0,9.0,1.0,6.0,2.3333333333333335,1.0,0.0004042792299721237,0.00042468479580718186,1.0
IND671315AAA,0.0,0.0,1.0,2.0,8.01923076923077,1.0,0.0,0.00011564321245522476,0.0
IND671323AAD,1.0,3.0,1.0,1.0,1.6516203703703702,1.0,0.0004061035947283156,0.0002601003393701423,0.0
IND673027AAB,1.0,1.0,2.0,3.0,6.356968641114983,1.0,0.0,0.0001402173951019603,0.3333333333333333
IND673104AAA,3.0,16.0,1.0,17.0,1.5,0.8484848484848485,0.0008154910460177766,0.0004885737619667594,0.3333333333333333
IND673121AAA,1.0,11.0,1.0,8.0,2.2222222222222223,1.0,7.297459024767576e-07,0.00033962324921030837,1.0
IND673305AAA,2.0,6.0,1.0,14.0,1.25,0.6,0.00041048207014317614,0.00034725201968414314,0.6666666666666666
IND673506AAA,1.0,17.0,1.0,17.0,1.5683229813664596,0.9705882352941176,0.001220500021892377,0.0005309309101269783,0.0
IND673573AAA,0.0,0.0,1.0,12.0,1.6147540983606556,1.0,0.0,0.00011564321245522476,0.0
IND673592AAA,2.0,18.0,3.0,24.0,1.8495283018867925,1.0,0.001212837689916371,0.0005749220194782786,0.16666666666666666
IND673632AAA,2.0,8.0,4.0,15.0,1.565217391304348,0.6956521739130435,0.0024380810601748472,0.0006712600735491323,0.06666666666666667
IND673639AAA,2.0,4.0,0.0,0.0,1.725,1.0,0.0,0.0004982457710187159,0.0
IND676306AAA,1.0,4.0,1.0,7.0,1.5,0.7272727272727273,1.0216442634674607e-05,0.00026779549579303134,0.0
IND676509AAA,1.0,7.0,2.0,4.0,1.7333333333333334,1.0,8.75695082972109e-06,0.00034326938387930594,0.0
IND678583AAA,1.0,1.0,0.0,0.0,1.21875,1.0,0.0,0.00018858795652957868,0.0
IND678683AAA,1.0,14.0,1.0,13.0,1.7837837837837838,0.7777777777777778,0.0004053738488258388,0.0005255930035195642,0.0
IND679303AAA,1.0,11.0,1.0,14.0,2.2857142857142856,1.0,0.001212837689916371,0.0004804231505307439,0.0
IND679322AAA,1.0,3.0,1.0,1.0,2.00625,1.0,3.283856561145409e-06,0.0003344774446782865,0.0
IND679329AAA,0.0,0.0,1.0,3.0,1.7,1.0,0.0,0.00011564321245522476,0.0
IND679531AAA,1.0,14.0,1.0,15.0,2.217391304347826,1.0,0.0012106484522089408,0.0005240028904063783,0.0
IND679576AAA,1.0,17.0,0.0,0.0,1.4705882352941178,0.8823529411764706,0.0,0.0006015518812073697,0.0
IND680012AAA,1.0,11.0,1.0,11.0,1.4075036075036076,0.9545454545454546,0.0012150269276238015,0.00042915286832411674,0.0
IND68004AAA,2.0,23.0,2.0,24.0,2.0,1.0,0.0008103828247004393,0.0008267894945834943,0.3333333333333333
IND680104AAA,1.0,16.0,1.0,17.0,1.4242424242424243,0.8484848484848485,0.0004061035947283156,0.0005716572573554313,0.0
IND680307AAA,1.0,13.0,2.0,12.0,1.6875,0.88,0.0004042792299721237,0.00021393994304216697,0.3333333333333333
IND680587AAA,1.0,15.0,2.0,14.0,1.7560975609756098,1.0,0.0012084592145015106,0.0005610456693006688,0.3333333333333333
IND680712AAA,1.0,7.0,1.0,9.0,1.6076923076923078,1.0,0.0,0.0002217217675469672,1.0
IND683511AAA,13.0,89.0,7.0,86.0,1.5535714285714286,0.8971428571428571,0.022768801903177312,0.0028836182251040744,0.029411764705882353
IND683511AAB,1.0,1.0,0.0,0.0,1.5968468468468469,1.0,0.0,0.00012570866811660464,0.0
IND683565AAA,1.0,7.0,1.0,13.0,1.888544891640867,0.8,0.00040318461111840854,0.0006015518812073697,1.0
IND683572AAA,0.0,0.0,1.0,13.0,1.375,0.7692307692307693,0.0,0.00011564321245522476,0.0
IND685514AAA,3.0,9.0,1.0,9.0,1.6776370336250577,1.0,5.473094268575682e-06,0.000598480636147011,0.3333333333333333
IND686028AAB,3.0,25.0,2.0,17.0,1.9130434782608696,0.9761904761904762,0.0024482975028095218,0.0015941540783518276,0.0
IND686141AAA,1.0,1.0,0.0,0.0,2.5,1.0,0.0,0.00028169149137214765,0.0
IND686507AAA,1.0,1.0,2.0,16.0,2.3333333333333335,1.0,0.0,0.00013686563621848104,1.0
IND686513AAA,1.0,15.0,2.0,9.0,2.354166666666667,1.0,2.9189836099070305e-06,0.00022470801631682818,1.0
IND686540AAA,2.0,9.0,1.0,2.0,2.1176470588235294,1.0,5.1082213173373036e-06,0.00029269358948538185,0.3333333333333333
IND686632AAA,1.0,1.0,1.0,1.0,4.2976190476190474,1.0,0.0004090225783382226,0.0001953509163728314,0.0
IND688009AAA,1.0,15.0,1.0,16.0,1.8837209302325582,0.8064516129032258,4.378475414860545e-06,0.0012120178472822796,0.0
IND688524AAA,0.0,0.0,1.0,7.0,2.269230769230769,1.0,0.0,0.00011564321245522476,0.0
IND689101AAA,1.0,16.0,2.0,10.0,1.4316770186335404,0.8846153846153846,0.0012237838784535226,0.0013909664751369309,0.3333333333333333
IND689503AAB,1.0,1.0,1.0,1.0,2.098706411698538,1.0,0.0004039143570208853,0.00021393994304216697,0.0
IND689645AAA,1.0,15.0,1.0,15.0,2.0595238095238093,0.6333333333333333,0.0008184100296276837,0.0008763087062151388,1.0
IND689650AAA,1.0,6.0,1.0,3.0,1.6,0.7777777777777778,0.0,0.0008250361147752051,1.0
IND690537AAA,0.0,0.0,1.0,1.0,2.0714285714285716,1.0,0.0,0.00011564321245522476,0.0
IND690548AAA,2.0,7.0,1.0,15.0,1.3351724137931034,0.7272727272727273,0.00041084694309441455,0.0012898525115609505,0.3333333333333333
IND690573AAA,1.0,1.0,0.0,0.0,1.0810810810810811,0.0,0.0,0.00015713456688536603,0.0
IND691001AAB,2.0,32.0,4.0,32.0,1.5260210803689065,0.96875,0.006089729556168542,0.0015620274608993605,0.0
IND691305AAA,1.0,20.0,2.0,16.0,1.8795454545454546,1.0,0.0004163200373629902,0.0009545606196202309,0.3333333333333333
IND691506AAA,1.0,21.0,1.0,20.0,1.5294117647058822,1.0,1.4230045098296773e-05,0.0009869616554881917,0.0
IND691551AAA,2.0,16.0,1.0,20.0,1.8746031746031746,0.6944444444444444,0.001220500021892377,0.000911216645655464,0.3333333333333333
IND691574AAA,2.0,21.0,1.0,21.0,1.404970760233918,0.8571428571428571,9.851569683436227e-06,0.0003804152915094626,0.3333333333333333
IND695012AAA,5.0,9.0,2.0,14.0,1.5633802816901408,1.0,0.004077820103040122,0.0009221471955800985,0.0
IND695012AAB,0.0,0.0,1.0,3.0,3.3,1.0,0.0,0.00011564321245522476,0.0
IND695101AAB,2.0,21.0,2.0,21.0,1.2380952380952381,0.5952380952380952,0.00042069851277785073,0.00032100012311897714,0.3333333333333333
IND695121AAA,1.0,20.0,2.0,18.0,1.3461538461538463,0.5789473684210527,0.00040865770538698427,0.0002362717960938469,0.6666666666666666
IND695541AAA,2.0,14.0,2.0,2.0,1.1576354679802954,0.375,0.0012237838784535226,0.0005605918670527836,0.3333333333333333
IND695572AAB,3.0,19.0,2.0,14.0,1.6153846153846154,0.696969696969697,0.0008176802837252068,0.0005495999325543789,0.6666666666666666
IND695582AAA,0.0,0.0,2.0,20.0,1.2,0.45,0.0,0.00011564321245522476,1.0
IND695609AAA,1.0,3.0,1.0,3.0,1.841651542649728,1.0,0.0008140315542128231,0.0004887899911577645,0.0
IND695614AAA,1.0,21.0,1.0,3.0,1.55,1.0,0.00041194156194812966,0.00043899621023827377,0.0
IND700026AAC,2.0,31.0,2.0,6.0,2.6176470588235294,1.0,0.0,0.001011257889346628,1.0
IND700028AAB,2.0,25.0,1.0,11.0,4.242690058479532,1.0,0.00040354948406964695,0.0008610865572459604,0.0
IND700053AAA,3.0,25.0,4.0,16.0,2.9876543209876543,1.0,0.0036330399754805377,0.001377109159156735,0.2
IND700065AAA,2.0,31.0,2.0,26.0,3.272727272727273,1.0,0.0,0.0012181337511865155,1.0
IND700065AAB,0.0,0.0,1.0,15.0,5.416666666666667,1.0,0.0,0.00011564321245522476,0.0
IND700088AAA,1.0,30.0,1.0,9.0,3.5555555555555554,1.0,0.0,0.000959747491851477,0.0
IND700136AAB,1.0,1.0,1.0,1.0,3.3354978354978355,1.0,0.0,0.00018880213653543428,1.0
IND700136AAG,0.0,0.0,1.0,23.0,4.2631578947368425,1.0,0.0,0.00011564321245522476,0.0
IND700144AAA,1.0,5.0,1.0,4.0,2.95,1.0,0.0004053738488258388,0.0004814378328562723,1.0
IND711303AAA,1.0,18.0,1.0,17.0,1.775,0.5714285714285714,0.0016302523461330764,0.00033674812076269433,1.0
IND711409AAA,1.0,1.0,0.0,0.0,1.1875,0.0,0.0,0.00012792681847230642,0.0
IND712103AAA,2.0,26.0,2.0,24.0,3.0,1.0,2.5541106586686518e-06,0.0005090456388063283,1.0
IND712124AAA,2.0,31.0,2.0,28.0,3.2,1.0,0.0004075630865332691,0.0005021800926753988,1.0
IND712310AAA,2.0,38.0,0.0,0.0,4.559941520467836,1.0,0.0,0.00031223667362910917,0.0
IND712310AAE,5.0,38.0,4.0,50.0,3.1053571428571427,0.9886363636363636,0.003259045200461199,0.0007225650598283048,0.09523809523809523
IND712311AAA,24.0,219.0,22.0,262.0,2.422317596566524,0.9937629937629938,0.08621035655384796,0.008672757694187938,0.0392156862745098
IND712406AAA,1.0,6.0,2.0,4.0,2.1152777777777776,0.8,0.0016167520469372565,0.00042918653428824084,0.0
IND712410AAC,1.0,9.0,1.0,6.0,3.2444444444444445,0.8666666666666667,0.0016189412846446868,0.0003688744962741005,0.0
IND712602AAA,2.0,4.0,2.0,3.0,2.323529411764706,1.0,0.0012095538333552257,0.0006759001665025471,0.3333333333333333
IND712612AAA,1.0,1.0,1.0,3.0,1.7105263157894737,1.0,0.0,0.00020684535099148394,0.0
IND713103AAA,1.0,6.0,1.0,4.0,2.0854237288135593,1.0,0.0,0.00028446406833447524,1.0
IND713128AAB,1.0,17.0,2.0,16.0,2.7714285714285714,1.0,0.001212837689916371,0.00032035591069867937,0.3333333333333333
IND713130AAA,2.0,16.0,2.0,18.0,2.0647805393971446,1.0,0.0012150269276238015,0.0007058196201509739,0.3333333333333333
IND713145AAB,1.0,3.0,2.0,3.0,1.5849056603773586,1.0,0.0012183107841849468,0.00020005364039485,0.0
IND713148AAA,1.0,3.0,1.0,17.0,2.742857142857143,1.0,0.0012150269276238015,0.00024083846852169865,0.0
IND713205AAB,7.0,59.0,11.0,45.0,2.251124437781109,1.0,0.01442890085672169,0.0022093280482317233,0.054945054945054944
IND713303AAA,1.0,5.0,1.0,6.0,4.0,1.0,0.0004053738488258388,0.0003243019725660146,0.0
IND713364AAB,1.0,6.0,1.0,12.0,4.27891156462585,1.0,0.00040318461111840854,0.00039129988913635434,0.0
IND721102AAA,1.0,5.0,1.0,13.0,7.5271739130434785,1.0,0.0024059722404658696,0.0003237306353854897,1.0
IND721133AAA,1.0,2.0,1.0,2.0,2.3596491228070176,1.0,0.0008103828247004393,0.00019887818162733073,0.0
IND721134AAB,1.0,17.0,2.0,17.0,1.3252840909090908,0.5,0.001225243370258476,0.0004018791151035244,0.3333333333333333
IND721139AAC,2.0,20.0,2.0,3.0,1.625,0.8695652173913043,0.0008169505378227301,0.001973680210826904,0.3333333333333333
IND721212AAA,0.0,0.0,1.0,10.0,2.2376294591484465,1.0,0.0,0.00011564321245522476,0.0
IND721253AAC,2.0,7.0,2.0,12.0,2.1630434782608696,1.0,0.0008085584599442474,0.00025465716630549464,1.0
IND721306AAA,4.0,28.0,4.0,21.0,2.1414141414141414,1.0,0.00484113431703081,0.0010281966780082954,0.09523809523809523
IND721401AAA,1.0,2.0,1.0,2.0,2.351255886970173,1.0,0.0008060043492855788,0.0003576294292679265,0.0
IND721434AAB,1.0,2.0,1.0,2.0,2.520408163265306,1.0,0.000808193586993009,0.00028468966683846295,0.0
IND721501AAC,1.0,1.0,2.0,7.0,1.9155172413793102,1.0,0.0,0.00013368142840186443,1.0
IND721507AAA,1.0,13.0,0.0,0.0,2.3404255319148937,1.0,0.0,0.0006566705120739136,0.0
IND721602AAB,2.0,5.0,1.0,4.0,1.3846153846153846,0.6666666666666666,3.648729512383788e-07,0.0018076867132828635,1.0
IND721636AAB,1.0,1.0,1.0,3.0,1.2600054824561404,0.5,0.0,0.0006748526055223213,1.0
IND722101AAA,1.0,2.0,1.0,8.0,2.0294117647058822,1.0,0.0,0.0001991067164995407,1.0
IND722101AAB,1.0,1.0,1.0,1.0,3.5877777777777777,1.0,0.0,0.00015737496447738273,0.0
IND722101AAC,2.0,9.0,0.0,0.0,1.6458333333333333,1.0,0.0,0.0005164497225358483,1.0
IND722122AAA,2.0,9.0,1.0,8.0,1.9444444444444444,1.0,0.00040318461111840854,0.0003266156735019999,1.0
IND722140AAA,1.0,12.0,2.0,10.0,1.2834821428571428,0.5909090909090909,0.000808193586993009,0.00044352746168334936,0.6666666666666666
IND722143AAB,1.0,9.0,1.0,10.0,2.0434782608695654,1.0,0.0004053738488258388,0.0004912289806546464,1.0
IND722151AAA,1.0,9.0,1.0,8.0,1.4929577464788732,0.5882352941176471,0.0008060043492855788,0.0004549417206430059,1.0
IND722154AAA,2.0,5.0,2.0,2.0,2.0714285714285716,1.0,0.00040318461111840854,0.000674471855149469,0.3333333333333333
IND722202AAA,1.0,4.0,2.0,5.0,1.9333333333333333,1.0,0.0,0.0002825702205438566,1.0
IND723101AAA,1.0,15.0,1.0,14.0,1.8461538461538463,1.0,0.002814629945852854,0.0007909006202233541,0.0
IND723130AAA,4.0,24.0,2.0,21.0,1.7619047619047619,0.8,0.004032940730037801,0.00111218867161802,0.2
IND723131AAA,1.0,6.0,1.0,12.0,1.2857862903225805,0.6666666666666666,0.0008103828247004393,0.0003857461755624765,1.0
IND723133AAA,2.0,11.0,1.0,13.0,1.4217914438502675,0.7916666666666666,0.00040318461111840854,0.0005749195980338621,0.6666666666666666
IND723202AAA,1.0,14.0,1.0,14.0,2.0571946169772257,1.0,0.0028124407081454236,0.000787908739645123,0.0
IND731204AAB,1.0,13.0,1.0,13.0,2.5741758241758244,1.0,0.0012106484522089408,0.00033688901328150994,1.0
IND731224AAA,1.0,15.0,1.0,11.0,2.825814536340852,1.0,0.0016171169198884948,0.0007827043950772479,0.0
IND731237AAB,2.0,18.0,1.0,15.0,3.0,1.0,0.001619306157595925,0.0007847778619081431,0.0
IND731301AAA,2.0,16.0,1.0,19.0,2.038961038961039,1.0,0.0012084592145015106,0.0004530555970121234,0.3333333333333333
IND732103AAA,2.0,2.0,1.0,2.0,2.9675925925925926,1.0,0.0016251441248157391,0.00017446734089976944,0.3333333333333333
IND732103AAB,4.0,9.0,3.0,15.0,2.71164015568153,1.0,0.003276194229169403,0.0018273193281316499,0.047619047619047616
IND732123AAC,3.0,4.0,1.0,1.0,1.3888888888888888,0.8,0.0,0.0011149396225120902,0.6666666666666666
IND732138AAA,1.0,2.0,3.0,7.0,2.4029850746268657,1.0,0.0012230541325510458,0.0002639404522200324,0.3333333333333333
IND732139AAA,2.0,7.0,2.0,2.0,0.46511627906976744,0.3333333333333333,6.567713122290818e-06,0.0016486095982330808,0.6666666666666666
IND732202AAA,1.0,8.0,1.0,11.0,3.4285714285714284,1.0,0.0008195046484813988,0.0009440279745408943,0.0
IND732204AAB,1.0,11.0,2.0,8.0,2.6,0.631578947368421,0.00041194156194812966,0.0009180669908143054,0.3333333333333333
IND733102AAA,2.0,11.0,1.0,1.0,1.875,1.0,9.851569683436227e-06,0.00031724645953864886,0.3333333333333333
IND733124AAA,1.0,3.0,0.0,0.0,2.1470588235294117,1.0,0.0,0.00021179294862109577,0.0
IND733128AAA,1.0,6.0,2.0,7.0,2.3,1.0,0.0012292569727220982,0.0007369317840194769,0.3333333333333333
IND733129AAA,1.0,5.0,1.0,4.0,2.090909090909091,1.0,6.567713122290818e-06,0.0007728789622131382,0.0
IND733129AAB,2.0,5.0,1.0,5.0,1.9084249084249083,1.0,0.00041413079965555994,0.0007732185291275573,0.3333333333333333
IND733134AAA,1.0,5.0,1.0,3.0,1.8473684210526315,1.0,0.0,0.000563066081323829,1.0
IND733140AAA,1.0,2.0,2.0,10.0,2.1105072463768115,1.0,3.648729512383788e-07,0.00017974303656580543,0.6666666666666666
IND733201AAA,0.0,0.0,1.0,1.0,1.75,1.0,0.0,0.00011564321245522476,0.0
IND733202AAB,1.0,1.0,1.0,1.0,1.536290322580645,1.0,3.648729512383788e-07,0.00021393994304216697,0.0
IND733202AAC,0.0,0.0,1.0,1.0,2.1538461538461537,1.0,0.0,0.00011564321245522476,0.0
IND733210AAA,2.0,2.0,0.0,0.0,1.7382133995037221,1.0,0.0,0.0003957888946280112,0.0
IND734203AAA,1.0,3.0,0.0,0.0,4.842105263157895,1.0,0.0,0.0002974921640410689,0.0
IND734214AAB,0.0,0.0,1.0,3.0,3.1794871794871793,1.0,0.0,0.00011564321245522476,0.0
IND735224AAA,0.0,0.0,1.0,8.0,1.5104166666666667,1.0,0.0,0.00011564321245522476,0.0
IND736101AAA,1.0,6.0,0.0,0.0,2.0890269151138714,1.0,0.0,0.0002535713976015404,0.0
IND736135AAA,1.0,8.0,2.0,11.0,2.0476190476190474,1.0,1.4594918049535152e-06,0.000297492164041069,0.0
IND736146AAA,1.0,8.0,1.0,8.0,1.5863970588235294,1.0,1.0946188537151363e-06,0.00021393994304216697,0.0
IND736165AAA,1.0,5.0,0.0,0.0,2.6216216216216215,1.0,0.0,0.00023058336674382115,0.0
IND741101AAB,1.0,1.0,1.0,1.0,2.377450980392157,1.0,0.000406468467679554,0.00017232507723376927,0.0
IND741121AAA,0.0,0.0,1.0,1.0,2.789473684210526,1.0,0.0,0.00011564321245522476,0.0
IND741123AAB,2.0,18.0,1.0,18.0,2.381048387096774,1.0,0.001212837689916371,0.0007203079661878348,0.6666666666666666
IND741126AAB,2.0,19.0,1.0,20.0,2.5161290322580645,1.0,0.0012106484522089408,0.0007612353546665553,0.3333333333333333
IND741156AAA,1.0,20.0,2.0,21.0,2.75,1.0,0.0012084592145015106,0.0007626932639218959,0.0
IND741165AAB,1.0,18.0,1.0,15.0,2.7222222222222223,0.6363636363636364,0.001212837689916371,0.0008138295031752667,0.0
IND741201AAC,1.0,1.0,1.0,4.0,10.0,1.0,0.0004039143570208853,0.00021393994304216697,0.0
IND741316AAA,1.0,2.0,0.0,0.0,1.591485507246377,1.0,0.0,0.00022900694201231377,0.0
IND741502AAB,1.0,1.0,0.0,0.0,2.6666666666666665,1.0,0.0,0.0002621195281039334,0.0
IND742101AAC,6.0,34.0,6.0,26.0,2.5907990314769975,1.0,0.009191514514646,0.001163834866411641,0.05454545454545454
IND742102AAB,5.0,53.0,5.0,41.0,2.4318996415770613,1.0,0.0056303545105594235,0.0017662691100599954,0.027777777777777776
IND742121AAA,1.0,16.0,2.0,18.0,3.609848484848485,1.0,0.0012084592145015106,0.0007908560639651469,0.6666666666666666
IND742121AAB,2.0,16.0,2.0,17.0,2.3333333333333335,0.6363636363636364,0.0012106484522089408,0.0008440160643872665,0.3333333333333333
IND742137AAA,1.0,3.0,1.0,6.0,2.3,1.0,0.0016127384444736342,0.0007794438684856694,0.0
IND742147AAA,1.0,11.0,1.0,3.0,2.286363636363636,1.0,0.0016149276821810646,0.0007809419482709884,0.0
IND742148AAA,1.0,14.0,1.0,16.0,3.260416666666667,1.0,0.00040500897587460047,0.00020738682766970415,1.0
IND742149AAA,0.0,0.0,2.0,15.0,3.0588235294117645,1.0,0.0,0.00011564321245522476,1.0
IND742202AAA,1.0,1.0,2.0,3.0,2.9600667693888036,1.0,0.002028693608885386,0.00015369166001099547,0.3333333333333333
IND742223AAA,1.0,16.0,1.0,17.0,2.688888888888889,0.7878787878787878,0.001212837689916371,0.0003693470741001258,0.0
IND742225AAA,2.0,17.0,1.0,16.0,4.315789473684211,1.0,0.0008092882058467241,0.00029847513134693835,0.3333333333333333
IND742226AAA,1.0,17.0,2.0,19.0,1.7819327731092436,0.8055555555555556,0.0016156574280835412,0.00042958822544033633,0.0
IND742303AAB,2.0,19.0,1.0,18.0,2.7222222222222223,1.0,0.0012150269276238015,0.0008213956361411,0.0
IND742401AAA,1.0,6.0,2.0,17.0,2.090909090909091,1.0,0.001610549206766204,0.0007781705006681497,0.0
IND743235AAA,1.0,5.0,1.0,6.0,2.309090909090909,1.0,0.0004053738488258388,0.0002563272590212668,1.0
IND743270AAA,1.0,6.0,1.0,5.0,2.857142857142857,1.0,0.00040318461111840854,0.00033352138262331913,1.0
IND743347AAA,1.0,12.0,1.0,6.0,2.453058321479374,1.0,0.00040318461111840854,0.0004626802849149112,1.0
IND743395AAA,1.0,4.0,1.0,4.0,3.0476190476190474,1.0,0.00040318461111840854,0.0005248653703830972,1.0
IND743513AAA,1.0,4.0,1.0,12.0,2.377980922098569,1.0,0.0004053738488258388,0.0004082789087760628,1.0
IND751002AAB,13.0,85.0,6.0,79.0,1.939209164818921,0.9939024390243902,0.027460703183151625,0.0030787884761807574,0.10833333333333334
IND751014AAA,0.0,0.0,1.0,5.0,3.0,1.0,0.0,0.00011564321245522476,0.0
IND751015AAA,0.0,0.0,4.0,13.0,2.0,0.9230769230769231,0.0,0.00011564321245522476,0.8333333333333334
IND751021AAA,0.0,0.0,1.0,1.0,3.2,1.0,0.0,0.00011564321245522476,0.0
IND752030AAA,0.0,0.0,1.0,1.0,1.6818181818181819,1.0,0.0,0.00011564321245522476,0.0
IND752050AAA,2.0,2.0,2.0,3.0,2.05,0.8,3.648729512383788e-07,0.00017877995863991463,0.8333333333333334
IND752055AAA,1.0,2.0,2.0,2.0,1.7585227272727273,0.75,0.0,0.00013076578639167742,1.0
IND752056AAA,2.0,7.0,1.0,1.0,2.1540616246498603,0.875,0.0,0.0002116652558792258,1.0
IND754022AAA,2.0,2.0,1.0,2.0,2.2623076923076924,1.0,0.0008063692222368171,0.0004320319544653421,0.3333333333333333
IND754103AAA,1.0,7.0,1.0,1.0,9.525,1.0,0.0012139323087700864,0.0003475266483194959,0.0
IND754142AAA,2.0,2.0,1.0,2.0,2.2428371767994406,1.0,0.0016156574280835412,0.0005093375941137638,0.0
IND754160AAA,0.0,0.0,1.0,1.0,2.0,1.0,0.0,0.00011564321245522476,0.0
IND754202AAA,1.0,1.0,1.0,1.0,2.9863636363636363,1.0,0.0016112789526686808,0.000581936354789413,0.0
IND754211AAA,1.0,2.0,1.0,1.0,2.606060606060606,1.0,0.001613468190376111,0.0005485801674519519,0.0
IND756019AAA,3.0,6.0,5.0,12.0,1.9388004895960833,0.8888888888888888,0.006031349883970401,0.0010754009862198864,0.09523809523809523
IND756029AAA,1.0,1.0,1.0,1.0,1.5773578240904276,1.0,0.0,0.00019181744897913663,0.0
IND756032AAA,1.0,1.0,1.0,9.0,2.3114080164439876,1.0,0.004407665250959616,0.00019181744897913663,0.0
IND756045AAB,1.0,1.0,1.0,1.0,1.4251453488372094,0.5,0.004420435804252959,0.00019178717930329843,0.0
IND756100AAC,3.0,25.0,4.0,19.0,1.9848462171668038,0.9545454545454546,0.0060430258184100295,0.0017020416118977931,0.3
IND757001AAA,3.0,8.0,1.0,2.0,2.033333333333333,1.0,0.00040318461111840854,0.000982709473121178,0.6666666666666666
IND757024AAA,0.0,0.0,1.0,1.0,1.930232558139535,1.0,0.0,0.00011564321245522476,0.0
IND757025AAA,1.0,8.0,1.0,6.0,2.085964912280702,1.0,0.00040500897587460047,0.0007250371046465197,1.0
IND757037AAA,3.0,6.0,2.0,13.0,1.8695652173913044,0.9473684210526315,0.0012080943415502723,0.0012158339813382697,1.0
IND757041AAA,2.0,3.0,2.0,5.0,1.580405126085159,0.75,0.0008060043492855788,0.0010271205011321695,1.0
IND758001AAA,4.0,7.0,2.0,6.0,1.9148936170212767,1.0,0.0008085584599442474,0.0013040071056604494,0.5
IND758034AAA,1.0,13.0,3.0,4.0,2.019607843137255,1.0,0.00040464410292336206,0.0011055147814801826,1.0
IND758035AAA,1.0,3.0,1.0,1.0,2.015139116202946,1.0,0.0,0.0006698462323610266,0.0
IND759122AAC,1.0,1.0,1.0,1.0,0.9806281385649843,0.0,1.824364756191894e-06,0.000454450580722146,0.0
IND760003AAB,1.0,12.0,2.0,2.0,1.9468085106382977,1.0,0.0008107476976516776,0.0005131576739368324,0.3333333333333333
IND761020AAA,1.0,1.0,0.0,0.0,2.5,1.0,0.0,0.0003337352238783999,0.0
IND761200AAA,2.0,12.0,1.0,12.0,1.4654841802492808,0.5,0.0012084592145015106,0.0006989887878908227,1.0
IND762001AAA,1.0,1.0,1.0,1.0,1.6959785278864525,0.5,1.824364756191894e-06,0.0003985969038472908,0.0
IND764001AAC,2.0,4.0,1.0,7.0,2.8447204968944098,1.0,0.0016174817928397331,0.00033895813655613423,0.3333333333333333
IND764020AAC,1.0,1.0,1.0,1.0,3.390734265734266,1.0,0.0,0.0001481154705107994,1.0
IND764059AAA,1.0,7.0,1.0,3.0,2.528940886699507,1.0,0.001615292555132303,0.00040375762852796083,0.0
IND764071AAB,1.0,3.0,2.0,4.0,2.125,1.0,0.0016131033174248727,0.0004588371967040147,0.0
IND764073AAA,1.0,2.0,0.0,0.0,1.7253176930596286,1.0,0.0,0.0003106490210544432,0.0
IND767001AAA,3.0,3.0,2.0,4.0,1.7941176470588236,0.7142857142857143,5.837967219814061e-06,0.0013315467830073654,0.0
IND767017AAA,2.0,4.0,2.0,3.0,1.986842105263158,0.8571428571428571,5.837967219814061e-06,0.001350787280248249,0.0
IND768004AAD,1.0,2.0,2.0,3.0,2.3076923076923075,1.0,3.648729512383788e-06,0.0008810893379204953,0.0
IND768028AAA,1.0,2.0,1.0,1.0,2.2777777777777777,0.6666666666666666,1.4594918049535152e-06,0.0006149271706155071,0.0
IND768028AAB,1.0,1.0,1.0,1.0,1.640532330392015,0.5,0.0,0.00036528519153536593,0.0
IND768201AAA,0.0,0.0,1.0,1.0,4.333333333333333,1.0,0.0,0.00011564321245522476,0.0
IND768216AAA,0.0,0.0,1.0,5.0,2.2058823529411766,1.0,0.0,0.00011564321245522476,0.0
IND770001AAA,2.0,6.0,1.0,6.0,1.7190476190476192,1.0,7.297459024767576e-07,0.00031223667362910917,0.0
IND770017AAB,1.0,6.0,0.0,0.0,1.5786885245901638,1.0,0.0,0.000381044385039971,0.0
IND781001AAA,0.0,0.0,1.0,10.0,2.4474474474474475,0.8,0.0,0.00011564321245522476,0.0
IND781003AAA,1.0,7.0,1.0,3.0,1.9718614718614718,0.7,0.0,0.0004152113301755882,0.0
IND781005AAA,1.0,6.0,1.0,10.0,1.3523809523809525,0.625,0.0,0.00037241588478696485,0.0
IND781014AAA,0.0,0.0,2.0,12.0,2.4331550802139037,1.0,0.0,0.00011564321245522476,0.0
IND781018AAA,0.0,0.0,1.0,2.0,1.0629084967320261,0.5,0.0,0.00011564321245522476,0.0
IND781018AAB,17.0,90.0,15.0,90.0,2.0969261153592953,0.8444444444444444,0.04428390034589956,0.004531282452912815,0.03162055335968379
IND781022AAA,1.0,9.0,1.0,12.0,0.90625,0.2857142857142857,0.0,0.0005008022209528349,0.0
IND781102AAA,2.0,5.0,1.0,2.0,2.411764705882353,0.8571428571428571,0.0,0.0001912042347061622,0.0
IND781124AAA,1.0,8.0,1.0,6.0,3.036231884057971,1.0,0.00040354948406964695,0.00018117436617985292,0.0
IND781335AAA,1.0,2.0,1.0,4.0,1.9889795918367348,1.0,0.003229125618459652,0.0005049489716848245,0.0
IND781354AAA,1.0,8.0,1.0,2.0,1.8609364081062194,1.0,0.0032313148561670824,0.00045800677556421155,0.0
IND783129AAA,1.0,10.0,1.0,1.0,1.75,1.0,0.003619904549235956,0.0007416501872182295,0.0
IND783301AAA,2.0,10.0,1.0,11.0,2.1095890410958904,1.0,0.0036242830246508164,0.0007303948016276981,0.0
IND783348AAA,1.0,11.0,1.0,10.0,1.875,1.0,0.003622093786943386,0.0007364787938387954,0.0
IND783370AAB,0.0,0.0,1.0,2.0,2.1739130434782608,1.0,0.0,0.00011564321245522476,0.0
IND783370AAC,1.0,9.0,1.0,8.0,2.4615384615384617,1.0,0.0032225579053373615,0.0006075939512770663,0.0
IND784001AAA,3.0,7.0,4.0,6.0,2.372262773722628,1.0,0.00161821153874221,0.000588806917102649,0.19047619047619047
IND784101AAA,1.0,1.0,1.0,1.0,4.440625,1.0,0.0,0.0001990575257114366,1.0
IND784110AAA,1.0,3.0,2.0,3.0,2.3979591836734695,1.0,0.00040318461111840854,0.0003594444573634957,0.6666666666666666
IND784125AAA,1.0,4.0,1.0,3.0,1.84375,1.0,0.0004053738488258388,0.00028682499400971815,1.0
IND784168AAB,3.0,3.0,2.0,8.0,2.766990291262136,1.0,0.004031116365281609,0.0007412630266474905,0.3
IND784176AAA,1.0,6.0,1.0,4.0,2.35982460948205,1.0,0.004026008143964271,0.0005881983919430111,1.0
IND785001AAA,5.0,15.0,3.0,15.0,2.7447154471544715,1.0,0.008821168469139046,0.0009418857937006577,0.13333333333333333
IND785112AAC,1.0,3.0,2.0,4.0,2.526315789473684,1.0,0.0004053738488258388,0.0002757637973843421,1.0
IND785612AAB,2.0,3.0,2.0,2.0,2.184049079754601,1.0,0.007967730636192478,0.0004074701325129794,0.3333333333333333
IND785621AAA,2.0,2.0,1.0,3.0,1.6944444444444444,1.0,4.269013529489032e-05,0.00033161346416187156,0.6666666666666666
IND785634AAA,1.0,2.0,1.0,3.0,10.0,1.0,0.0,0.0002328428263435735,1.0
IND785675AAA,1.0,3.0,1.0,1.0,2.799145299145299,1.0,0.007571478611147598,0.00024263062268294047,0.0
IND785682AAA,2.0,27.0,2.0,12.0,2.7333333333333334,1.0,0.00800567742312127,0.0009107138847358851,0.0
IND785690AAB,1.0,2.0,1.0,16.0,3.2065217391304346,1.0,0.0,0.000244661012792813,0.0
IND786001AAB,6.0,38.0,7.0,42.0,2.0835074886799028,0.9875,0.012028401710524396,0.002091557344926961,0.10606060606060606
IND786125AAA,2.0,6.0,1.0,7.0,3.0,1.0,0.0,0.0004851826298398167,1.0
IND786171AAA,1.0,13.0,1.0,11.0,2.111832611832612,0.9583333333333334,0.0012139323087700864,0.0006659219901086595,1.0
IND786181AAC,3.0,25.0,3.0,34.0,3.088235294117647,1.0,0.0020188420392019497,0.0015274267221245257,0.16666666666666666
IND786184AAA,1.0,10.0,2.0,7.0,2.3076923076923075,1.0,0.0004053738488258388,0.0005389345798809439,1.0
IND786190AAA,3.0,10.0,2.0,10.0,2.314009661835749,1.0,0.0008060043492855788,0.000701261696818471,0.6666666666666666
IND786602AAA,1.0,13.0,0.0,0.0,1.625,1.0,0.0,0.0006659219901086595,0.0
IND787001AAA,2.0,2.0,1.0,8.0,2.880434782608696,1.0,0.0008100179517492009,0.00031223667362910917,0.0
IND787057AAA,1.0,8.0,1.0,10.0,2.671195652173913,1.0,0.0012139323087700864,0.000381044385039971,0.0
IND787059AAB,1.0,10.0,1.0,1.0,2.4,1.0,0.0016171169198884948,0.00043953093973920474,0.0
IND788026AAC,4.0,23.0,4.0,34.0,2.6857142857142855,1.0,0.004841864062933287,0.0013881705527956669,0.19047619047619047
IND788121AAA,1.0,2.0,1.0,3.0,3.5686274509803924,1.0,0.0004053738488258388,0.00018505174009501185,1.0
IND788151AAA,1.0,13.0,2.0,13.0,2.646464646464646,1.0,0.0008103828247004393,0.0005667986421138408,1.0
IND788713AAA,2.0,13.0,2.0,11.0,2.771712158808933,1.0,0.000808193586993009,0.0006136473887655067,1.0
IND788806AAA,2.0,11.0,2.0,10.0,3.142857142857143,1.0,0.0008060043492855788,0.0006268851968073703,1.0
IND790001AAB,0.0,0.0,1.0,1.0,7.293103448275862,1.0,0.0,0.00011564321245522476,0.0
IND790114AAA,2.0,2.0,0.0,0.0,2.100625,1.0,0.0,0.00036825642256616215,1.0
IND791102AAA,2.0,5.0,1.0,1.0,2.1713024650233175,1.0,0.002423486142125312,0.0005875412418204968,0.0
IND791109AAA,0.0,0.0,1.0,1.0,3.6875,1.0,0.0,0.00011564321245522476,0.0
IND791110AAA,0.0,0.0,1.0,1.0,3.5294117647058822,1.0,0.0,0.00011564321245522476,0.0
IND791111AAC,2.0,5.0,0.0,0.0,2.610169491525424,1.0,0.0,0.0005234045453864558,1.0
IND791125AAB,0.0,0.0,1.0,4.0,1.9749208860759493,1.0,0.0,0.00011564321245522476,0.0
IND792001AAA,1.0,11.0,2.0,3.0,0.6036782195039077,0.21428571428571427,0.000808193586993009,0.0007059151276296219,0.6666666666666666
IND792103AAB,2.0,10.0,1.0,11.0,0.7522935779816514,0.47619047619047616,0.0008103828247004393,0.000694437547263957,0.6666666666666666
IND792110AAA,1.0,2.0,1.0,2.0,1.806163919620682,1.0,0.0,0.0005156617847787005,1.0
IND792120AAB,1.0,9.0,1.0,3.0,4.624596774193549,1.0,0.0,0.00045931422493326716,0.0
IND792121AAB,1.0,11.0,1.0,11.0,4.074074074074074,1.0,0.0,0.0005356855610394989,0.0
IND792130AAB,0.0,0.0,1.0,10.0,3.0246913580246915,1.0,0.0,0.00011564321245522476,0.0
IND793001AAA,1.0,10.0,2.0,3.0,2.0606060606060606,1.0,0.0004053738488258388,0.0005435976663414583,1.0
IND793150AAA,1.0,2.0,1.0,1.0,2.1777777777777776,1.0,0.0,0.0004236818900487342,1.0
IND794101AAA,1.0,1.0,1.0,9.0,2.327477803604771,1.0,0.0036177153115285257,0.0007460458715907495,0.0
IND796009AAA,1.0,3.0,1.0,4.0,4.782945736434108,1.0,0.0,0.0007709547496994885,0.0
IND796081AAA,1.0,3.0,1.0,1.0,3.335334133653461,1.0,0.00040318461111840854,0.00027293719153598977,1.0
IND796321AAB,1.0,4.0,1.0,3.0,4.782945736434108,1.0,0.0,0.0007709547496994885,0.0
IND798601AAA,1.0,1.0,1.0,5.0,3.7584871947587852,1.0,0.0,0.00016901674076493054,0.0
IND799008AAA,1.0,1.0,0.0,0.0,2.7704918032786887,1.0,0.0,0.00024343856728907835,0.0
IND799250AAA,1.0,1.0,1.0,1.0,3.4852459016393444,1.0,0.0004061035947283156,0.0001503474762751183,0.0
IND801103AAA,0.0,0.0,1.0,11.0,2.6666666666666665,1.0,0.0,0.00011564321245522476,0.0
IND802101AAA,1.0,6.0,2.0,15.0,2.5384615384615383,1.0,0.0008103828247004393,0.00039097094859647137,0.6666666666666666
IND802119AAA,1.0,14.0,1.0,16.0,1.958994708994709,0.9333333333333333,0.000808193586993009,0.00042581349834178747,1.0
IND802158AAB,2.0,17.0,1.0,11.0,1.6661375661375661,0.9285714285714286,0.0008060043492855788,0.0004997397064662431,0.6666666666666666
IND802212AAA,1.0,5.0,1.0,7.0,7.1764705882352935,1.0,0.0008060043492855788,0.0004964164534031748,0.0
IND802213AAB,1.0,11.0,1.0,5.0,5.063538611925709,1.0,0.000808193586993009,0.0004479685187622562,0.0
IND802301AAA,1.0,11.0,1.0,10.0,2.4038461538461537,0.9047619047619048,3.648729512383788e-07,0.00021393994304216694,0.0
IND803101AAA,1.0,11.0,1.0,9.0,2.6062653562653564,1.0,2.1892377074302726e-06,0.0002974921640410689,0.0
IND803108AAB,1.0,13.0,0.0,0.0,2.2941176470588234,1.0,0.0,0.0004801895392827995,0.0
IND803116AAA,1.0,9.0,1.0,13.0,2.313725490196078,1.0,1.4594918049535152e-06,0.0004288780315618457,0.0
IND803212AAB,2.0,4.0,0.0,0.0,2.435185185185185,1.0,0.0,0.000303389967876285,1.0
IND803213AAA,0.0,0.0,2.0,5.0,2.109090909090909,1.0,0.0,0.00011564321245522476,1.0
IND804401AAA,1.0,10.0,0.0,0.0,1.547838412473423,0.8,0.0,0.000297492164041069,0.0
IND804420AAA,1.0,6.0,1.0,11.0,2.918918918918919,1.0,1.4594918049535152e-06,0.000213939943042167,0.0
IND804452AAA,0.0,0.0,1.0,6.0,2.962121212121212,1.0,0.0,0.00011564321245522476,0.0
IND805110AAD,1.0,9.0,1.0,9.0,2.3484848484848486,1.0,2.1892377074302726e-06,0.0003685115518901369,0.0
IND811105AAA,1.0,3.0,1.0,2.0,2.259259259259259,1.0,0.0,0.0001746212508073901,1.0
IND811201AAB,2.0,2.0,2.0,4.0,2.1784615384615384,1.0,1.824364756191894e-07,0.00024043489316247593,0.6666666666666666
IND811213AAA,2.0,3.0,2.0,3.0,2.0228365384615383,1.0,1.824364756191894e-07,0.0002669764073427495,0.6666666666666666
IND811307AAA,0.0,0.0,2.0,2.0,1.9929956896551724,1.0,0.0,0.00011564321245522476,1.0
IND811399AAA,1.0,11.0,2.0,50.0,2.1052631578947367,0.9508196721311475,0.00040318461111840854,0.00031323821018000304,0.6666666666666666
IND812002AAA,1.0,17.0,1.0,18.0,2.358974358974359,1.0,3.648729512383788e-07,0.0002084790135651146,1.0
IND813102AAA,0.0,0.0,2.0,18.0,2.1134615384615385,1.0,0.0,0.00011564321245522476,1.0
IND813203AAA,2.0,19.0,0.0,0.0,3.24,1.0,0.0,0.00029831130346262677,1.0
IND813213AAA,2.0,4.0,0.0,0.0,1.7526525198938991,1.0,0.0,0.0003691146728768386,1.0
IND814101AAB,1.0,12.0,1.0,11.0,1.2346938775510203,0.5217391304347826,0.000808193586993009,0.0008422594348179704,0.0
IND814112AAA,3.0,7.0,2.0,9.0,2.0271392081736908,1.0,0.0004053738488258388,0.0005140925220287791,0.5
IND814133AAA,1.0,2.0,1.0,1.0,2.2363636363636363,1.0,0.0,0.000212749577727341,0.0
IND814133AAB,3.0,19.0,1.0,13.0,1.7938194109126027,0.90625,0.0016112789526686808,0.0009741135988905094,0.5
IND815301AAA,1.0,5.0,3.0,8.0,2.036363636363636,1.0,0.0,0.0004516429406775184,0.8333333333333334
IND815351AAA,1.0,11.0,1.0,12.0,1.3571428571428572,0.5652173913043478,0.0008103828247004393,0.0008548426145442707,0.0
IND815353AAA,2.0,7.0,3.0,11.0,1.7235128093790708,0.9444444444444444,0.0008085584599442474,0.0005284041823740386,0.8333333333333334
IND816107AAA,1.0,11.0,1.0,8.0,1.388235294117647,0.8947368421052632,0.0008060043492855788,0.0008315637320506163,0.0
IND816109AAA,2.0,14.0,1.0,10.0,1.375,0.7083333333333334,0.0020126391990308973,0.0011244769125805332,0.0
IND821109AAA,1.0,6.0,1.0,11.0,5.03030303030303,1.0,0.0008103828247004393,0.00039097094859647137,0.0
IND821115AAB,6.0,48.0,5.0,32.0,1.8328489983371605,0.9625,0.006445115810674723,0.001727546579709597,0.1388888888888889
IND821307AAA,1.0,4.0,1.0,8.0,1.9545454545454546,1.0,0.0,0.00022457229467760052,0.0
IND824101AAA,2.0,9.0,2.0,11.0,1.9545454545454546,1.0,0.0008085584599442474,0.0003524176189547317,0.0
IND825102AAA,1.0,3.0,1.0,3.0,2.278923948220065,1.0,0.0,0.00016469492609843612,1.0
IND825301AAA,1.0,14.0,1.0,14.0,2.3,1.0,0.000808193586993009,0.0004085117404935984,0.0
IND825409AAA,1.0,14.0,1.0,14.0,2.05316091954023,1.0,0.0008060043492855788,0.00046287819187481205,0.0
IND826001AAC,0.0,0.0,1.0,2.0,2.5555555555555554,1.0,0.0,0.00011564321245522476,0.0
IND826004AAA,7.0,63.0,9.0,37.0,2.018181818181818,0.87,0.009648335449596451,0.0029251741045230473,0.07692307692307693
IND827013AAA,2.0,20.0,1.0,5.0,2.903225806451613,1.0,0.000808193586993009,0.0005335936102837666,0.6666666666666666
IND828111AAA,2.0,4.0,1.0,9.0,3.9166666666666665,1.0,0.00040354948406964695,0.0003483398343310844,0.0
IND828205AAA,1.0,1.0,0.0,0.0,2.4444444444444446,1.0,0.0,0.0001828431580996835,0.0
IND828401AAB,1.0,3.0,1.0,7.0,2.7070707070707067,0.7,0.0,0.000317243049388601,0.0
IND829121AAA,1.0,5.0,1.0,11.0,5.497567567567568,1.0,0.0008060043492855788,0.0005691977811964664,1.0
IND829122AAA,1.0,14.0,1.0,14.0,1.959375,1.0,0.0008103828247004393,0.0003445512094568778,0.0
IND832109AAB,1.0,14.0,1.0,22.0,2.4137156448202957,1.0,0.0,0.0003445512094568778,0.0
IND834002AAB,5.0,66.0,7.0,80.0,2.3139959432048682,1.0,0.008779572952697871,0.00153887729076724,0.15555555555555556
IND841101AAA,0.0,0.0,1.0,3.0,2.611111111111111,1.0,0.0,0.00011564321245522476,0.0
IND841207AAB,2.0,4.0,0.0,0.0,2.611111111111111,1.0,0.0,0.0003122366736291092,0.0
IND841226AAB,2.0,4.0,1.0,2.0,2.3918099089989893,1.0,7.297459024767576e-07,0.00033025774090338306,0.3333333333333333
IND841301AAC,1.0,1.0,1.0,1.0,1.9184782608695652,1.0,7.297459024767576e-07,0.00021393994304216697,0.0
IND841405AAA,0.0,0.0,1.0,1.0,1.75,1.0,0.0,0.00011564321245522476,0.0
IND841424AAA,0.0,0.0,2.0,9.0,3.5,1.0,0.0,0.00011564321245522476,1.0
IND841428AAA,2.0,8.0,0.0,0.0,3.565384615384615,1.0,0.0,0.00046189344594773236,1.0
IND842001AAA,12.0,158.0,15.0,178.0,2.600378787878788,0.9910714285714286,0.024700074434082054,0.004404548543409055,0.057971014492753624
IND842003AAB,5.0,25.0,8.0,37.0,2.1527972027972027,0.9193548387096774,0.012047739976940029,0.002549559863341052,0.06060606060606061
IND843105AAB,1.0,20.0,1.0,20.0,2.3453947368421053,1.0,0.0008103828247004393,0.0005363023430055977,1.0
IND843109AAB,2.0,17.0,2.0,12.0,2.8461538461538463,0.6896551724137931,0.0004053738488258388,0.000500909910921809,1.0
IND843126AAA,2.0,13.0,2.0,13.0,2.2132352941176467,0.6538461538461539,0.00040318461111840854,0.000533553268940782,1.0
IND843301AAA,2.0,19.0,1.0,20.0,2.56,1.0,0.001212837689916371,0.0005725518518364054,0.6666666666666666
IND843320AAA,2.0,21.0,1.0,8.0,2.64,1.0,0.0012106484522089408,0.0006233452430437572,0.6666666666666666
IND843329AAB,1.0,13.0,1.0,13.0,1.7424242424242424,0.9615384615384616,0.0,0.0003890716473129671,1.0
IND844101AAB,0.0,0.0,1.0,1.0,2.611111111111111,1.0,0.0,0.00011564321245522476,0.0
IND844505AAB,1.0,16.0,1.0,14.0,4.347894736842106,1.0,0.0008060043492855788,0.000619296398912238,1.0
IND845305AAA,1.0,22.0,1.0,20.0,2.7884920634920634,1.0,0.0008060043492855788,0.0005969488826017273,1.0
IND845401AAA,2.0,19.0,1.0,22.0,2.3947368421052633,0.9024390243902439,0.000808193586993009,0.0005662419648781569,0.6666666666666666
IND845412AAB,1.0,15.0,1.0,15.0,2.1225,0.9,0.0,0.0004311375603680044,1.0
IND845418AAB,2.0,15.0,2.0,14.0,2.142857142857143,0.9655172413793104,0.0,0.0004415799462784742,1.0
IND845438AAA,2.0,17.0,1.0,15.0,2.125,1.0,0.0004053738488258388,0.0005425305273814662,1.0
IND845455AAB,1.0,15.0,2.0,20.0,2.186991869918699,1.0,0.00040318461111840854,0.0005767941607295356,1.0
IND846004AAA,1.0,22.0,2.0,22.0,2.0,1.0,0.0008103828247004393,0.0005783682560606348,0.6666666666666666
IND847103AAA,1.0,21.0,1.0,19.0,1.957427536231884,1.0,0.000808193586993009,0.000584910183849951,1.0
IND847212AAA,1.0,22.0,1.0,21.0,1.8028169014084507,1.0,0.0004053738488258388,0.0005783682560606348,1.0
IND847223AAA,1.0,8.0,1.0,15.0,9.84375,1.0,0.0012084592145015106,0.0006454866690424929,1.0
IND847226AAA,1.0,21.0,1.0,21.0,5.4324324324324325,1.0,0.00040318461111840854,0.0006072562301068428,1.0
IND847404AAB,2.0,20.0,1.0,18.0,2.835832083958021,1.0,0.0008060043492855788,0.0006351629149846513,0.6666666666666666
IND848101AAA,2.0,21.0,1.0,16.0,2.4,1.0,0.000808193586993009,0.0005925331605375727,0.6666666666666666
IND848114AAA,1.0,20.0,1.0,21.0,2.0425531914893615,1.0,0.0012153918005750398,0.0005363023430055977,1.0
IND848210AAA,1.0,21.0,2.0,20.0,1.8148148148148149,0.975609756097561,0.0012132025628676095,0.000571500204010054,0.6666666666666666
IND851112AAB,1.0,4.0,0.0,0.0,2.269230769230769,1.0,0.0,0.0002054970711301711,0.0
IND851127AAA,1.0,17.0,2.0,20.0,2.5185185185185186,0.972972972972973,0.0012110133251601793,0.0005285521098525508,0.3333333333333333
IND851204AAA,2.0,15.0,0.0,0.0,2.2045454545454546,1.0,0.0,0.0006173772421085812,1.0
IND852111AAA,2.0,18.0,4.0,20.0,2.508080808080808,1.0,0.000805274603383102,0.00038851318187310745,0.5
IND852113AAA,2.0,18.0,2.0,20.0,3.343137254901961,1.0,0.0012102835792577025,0.0005619745238139775,0.6666666666666666
IND852118A1B,3.0,11.0,1.0,1.0,1.3333333333333335,0.8333333333333334,0.0,0.00043523697169686623,0.8333333333333334
IND852118AAA,2.0,8.0,2.0,2.0,1.3636363636363635,1.0,0.0,0.00031306415620248123,0.6666666666666666
IND852131AAA,2.0,11.0,2.0,9.0,2.512074303405573,1.0,0.0,0.000369964985565393,0.6666666666666666
IND852139AAB,2.0,20.0,1.0,21.0,3.0675675675675675,1.0,0.0012080943415502723,0.0006043787779606788,0.6666666666666666
IND852201AAA,3.0,15.0,3.0,19.0,3.322916666666667,1.0,0.001212837689916371,0.0005567061292660076,0.6666666666666666
IND853204AAA,2.0,7.0,1.0,11.0,2.2790849673202613,1.0,3.648729512383788e-07,0.00042671916844745904,0.3333333333333333
IND854105AAA,1.0,2.0,1.0,2.0,2.470518867924528,1.0,0.0,0.0001615265122364568,0.0
IND854105AAB,1.0,11.0,2.0,9.0,2.671153846153846,1.0,0.0008122071894566312,0.000368001361252001,0.3333333333333333
IND854311AAA,2.0,22.0,3.0,12.0,1.7759856630824373,1.0,0.002022855641665572,0.0006139296703877692,0.6666666666666666
IND854326AAB,8.0,62.0,8.0,70.0,2.3019471083987213,1.0,0.018996380460323717,0.0018893123439328663,0.15384615384615385
IND854334AAA,2.0,9.0,3.0,16.0,1.3636363636363635,0.92,0.0012139323087700864,0.0004864783422322819,0.6
IND854335AAA,2.0,3.0,3.0,19.0,2.0999999999999996,1.0,0.0008070989681392939,0.00018384334654701805,0.6666666666666666
